trID;time;oldVer;newVer;#oldT;#newT;#oldA;#newA;tIns;tDel;aIns;aDel;aTypeAlt;keyAlt;aTabIns;aTabDel
1;1169169353;1168995197.sql;1169169353.sql;35;35;307;307;0;0;0;0;0;0;0;0
2;1170114031;1169169353.sql;1170114031.sql;35;35;307;307;0;0;0;0;0;0;0;0
3;1170352158;1170114031.sql;1170352158.sql;35;35;307;307;0;0;0;0;0;0;0;0
4;1171760248;1170352158.sql;1171760248.sql;35;35;307;307;0;0;0;0;0;0;0;0
5;1172050166;1171760248.sql;1172050166.sql;35;35;307;307;0;0;0;0;0;0;0;0
6;1172050314;1172050166.sql;1172050314.sql;35;35;307;307;0;0;0;0;0;0;0;0
7;1172088171;1172050314.sql;1172088171.sql;35;35;307;307;0;0;0;0;0;0;0;0
8;1172185833;1172088171.sql;1172185833.sql;35;35;307;307;0;0;0;0;0;0;0;0
9;1172193123;1172185833.sql;1172193123.sql;35;35;307;307;0;0;0;0;0;0;0;0
10;1172295206;1172193123.sql;1172295206.sql;35;35;307;307;0;0;0;0;0;0;0;0
11;1172404068;1172295206.sql;1172404068.sql;35;35;307;307;0;0;0;0;0;0;0;0
12;1174408674;1172404068.sql;1174408674.sql;35;35;307;307;0;0;0;0;0;0;0;0
13;1174869153;1174408674.sql;1174869153.sql;35;35;307;307;0;0;0;0;0;0;0;0
14;1176049034;1174869153.sql;1176049034.sql;35;35;307;307;0;0;0;0;0;0;0;0
15;1176061868;1176049034.sql;1176061868.sql;35;35;307;307;0;0;0;0;0;0;0;0
16;1176193659;1176061868.sql;1176193659.sql;35;35;307;316;0;0;9;0;0;0;0;0
17;1176313472;1176193659.sql;1176313472.sql;35;35;316;316;0;0;0;0;0;0;0;0
18;1178048305;1176313472.sql;1178048305.sql;35;35;316;316;0;0;0;0;0;0;0;0
19;1178050311;1178048305.sql;1178050311.sql;35;35;316;316;0;0;0;0;0;0;0;0
20;1178187264;1178050311.sql;1178187264.sql;35;35;316;316;0;0;0;0;0;0;0;0
21;1178231840;1178187264.sql;1178231840.sql;35;35;316;316;0;0;0;0;0;0;0;0
22;1179438713;1178231840.sql;1179438713.sql;35;34;316;313;0;1;0;0;0;0;0;3
23;1180997615;1179438713.sql;1180997615.sql;34;34;313;313;0;0;1;1;0;0;0;0
24;1183048677;1180997615.sql;1183048677.sql;34;34;313;313;0;0;0;0;0;0;0;0
25;1185716459;1183048677.sql;1185716459.sql;34;34;313;313;0;0;0;0;1;0;0;0
26;1185875518;1185716459.sql;1185875518.sql;34;35;313;316;1;0;0;0;0;0;3;0
27;1187553438;1185875518.sql;1187553438.sql;35;35;316;316;0;0;0;0;0;0;0;0
28;1187958982;1187553438.sql;1187958982.sql;35;35;316;316;0;0;0;0;0;0;0;0
29;1188243744;1187958982.sql;1188243744.sql;35;35;316;316;0;0;0;0;0;0;0;0
30;1188245085;1188243744.sql;1188245085.sql;35;35;316;316;0;0;0;0;0;0;0;0
31;1189272021;1188245085.sql;1189272021.sql;35;35;316;316;0;0;0;0;0;0;0;0
32;1189663846;1189272021.sql;1189663846.sql;35;36;316;321;1;0;0;0;0;0;5;0
33;1189688654;1189663846.sql;1189688654.sql;36;36;321;321;0;0;0;0;0;0;0;0
34;1193361511;1189688654.sql;1193361511.sql;36;36;321;321;0;0;0;0;0;0;0;0
35;1194889075;1193361511.sql;1194889075.sql;36;36;321;321;0;0;0;0;0;0;0;0
36;1195880367;1194889075.sql;1195880367.sql;36;36;321;321;0;0;0;0;0;0;0;0
37;1197216188;1195880367.sql;1197216188.sql;36;36;321;321;0;0;0;0;0;0;0;0
38;1197290706;1197216188.sql;1197290706.sql;36;36;321;321;0;0;0;0;0;0;0;0
39;1197660761;1197290706.sql;1197660761.sql;36;36;321;321;0;0;0;0;0;0;0;0
40;1198319196;1197660761.sql;1198319196.sql;36;36;321;321;0;0;0;0;0;0;0;0
41;1199576081;1198319196.sql;1199576081.sql;36;36;321;321;0;0;0;0;0;0;0;0
42;1205923026;1199576081.sql;1205923026.sql;36;36;321;321;0;0;0;0;0;0;0;0
43;1224181036;1205923026.sql;1224181036.sql;36;51;321;405;16;1;1;1;2;0;86;2
44;1224636823;1224181036.sql;1224636823.sql;51;50;405;389;1;2;0;0;0;0;17;33
45;1224771210;1224636823.sql;1224771210.sql;50;55;389;419;6;1;2;2;0;0;35;5
46;1225266711;1224771210.sql;1225266711.sql;55;57;419;434;2;0;0;0;0;0;15;0
47;1226477780;1225266711.sql;1226477780.sql;57;57;434;439;2;2;1;2;0;0;16;10
48;1226883633;1226477780.sql;1226883633.sql;57;57;439;439;2;2;0;0;0;0;16;16
49;1226883991;1226883633.sql;1226883991.sql;57;57;439;439;2;2;0;0;0;0;16;16
50;1226945072;1226883991.sql;1226945072.sql;57;58;439;460;1;0;0;0;0;0;21;0
51;1226974718;1226945072.sql;1226974718.sql;58;57;460;439;0;1;0;0;0;0;0;21
52;1227288841;1226974718.sql;1227288841.sql;57;57;439;439;0;0;0;0;0;0;0;0
53;1227611026;1227288841.sql;1227611026.sql;57;57;439;439;0;0;0;0;1;0;0;0
54;1227611173;1227611026.sql;1227611173.sql;57;57;439;439;0;0;0;0;1;0;0;0
55;1229601301;1227611173.sql;1229601301.sql;57;57;439;441;0;0;2;0;0;0;0;0
56;1229774405;1229601301.sql;1229774405.sql;57;57;441;441;0;0;0;0;0;0;0;0
57;1229912877;1229774405.sql;1229912877.sql;57;57;441;441;0;0;0;0;0;0;0;0
58;1229932201;1229912877.sql;1229932201.sql;57;58;441;462;1;0;0;0;0;0;21;0
59;1229943527;1229932201.sql;1229943527.sql;58;58;462;462;0;0;0;0;0;0;0;0
60;1229950576;1229943527.sql;1229950576.sql;58;58;462;462;0;0;0;0;0;0;0;0
61;1232717376;1229950576.sql;1232717376.sql;58;58;462;462;0;0;0;0;0;0;0;0
62;1232859767;1232717376.sql;1232859767.sql;58;57;462;441;0;1;0;0;0;0;0;21
63;1232861818;1232859767.sql;1232861818.sql;57;70;441;509;13;0;0;0;0;0;68;0
64;1232862326;1232861818.sql;1232862326.sql;70;70;509;509;0;0;0;0;0;0;0;0
65;1232869956;1232862326.sql;1232869956.sql;70;66;509;490;0;4;0;0;0;0;0;19
66;1232870152;1232869956.sql;1232870152.sql;66;66;490;490;0;0;0;0;0;0;0;0
67;1233060422;1232870152.sql;1233060422.sql;66;66;490;490;0;0;0;0;0;0;0;0
68;1233616394;1233060422.sql;1233616394.sql;66;67;490;512;1;0;1;0;0;0;21;0
69;1233631411;1233616394.sql;1233631411.sql;67;68;512;512;2;1;0;0;0;0;21;21
70;1233723138;1233631411.sql;1233723138.sql;68;69;512;533;1;0;0;0;2;0;21;0
71;1233791769;1233723138.sql;1233791769.sql;69;69;533;533;0;0;0;0;0;0;0;0
72;1233798483;1233791769.sql;1233798483.sql;69;69;533;533;0;0;0;0;0;0;0;0
73;1233800308;1233798483.sql;1233800308.sql;69;69;533;533;0;0;0;0;0;0;0;0
74;1235195717;1233800308.sql;1235195717.sql;69;69;533;533;0;0;0;0;0;0;0;0
75;1235301479;1235195717.sql;1235301479.sql;69;69;533;533;0;0;0;0;0;0;0;0
76;1237856067;1235301479.sql;1237856067.sql;69;69;533;531;0;0;5;7;0;0;0;0
77;1238176375;1237856067.sql;1238176375.sql;69;69;531;531;0;0;0;0;0;0;0;0
78;1238283931;1238176375.sql;1238283931.sql;69;69;531;531;0;0;0;0;0;0;0;0
79;1238544774;1238283931.sql;1238544774.sql;69;69;531;531;0;0;0;0;0;0;0;0
80;1238582478;1238544774.sql;1238582478.sql;69;69;531;531;0;0;0;0;0;0;0;0
81;1238622220;1238582478.sql;1238622220.sql;69;68;531;517;0;1;1;0;0;0;0;15
82;1239151324;1238622220.sql;1239151324.sql;68;51;517;435;0;17;0;0;0;0;0;82
83;1239285530;1239151324.sql;1239285530.sql;51;51;435;435;0;0;0;0;0;0;0;0
84;1239380459;1239285530.sql;1239380459.sql;51;52;435;442;1;0;1;0;0;0;6;0
85;1239380702;1239380459.sql;1239380702.sql;52;52;442;442;0;0;0;0;0;0;0;0
86;1239386073;1239380702.sql;1239386073.sql;52;52;442;442;0;0;0;0;0;0;0;0
87;1239481325;1239386073.sql;1239481325.sql;52;50;442;394;3;5;5;26;0;0;24;51
88;1239493163;1239481325.sql;1239493163.sql;50;50;394;394;0;0;0;0;0;0;0;0
89;1239659518;1239493163.sql;1239659518.sql;50;50;394;394;0;0;0;0;0;0;0;0
90;1239664664;1239659518.sql;1239664664.sql;50;50;394;394;0;0;0;0;0;0;0;0
91;1239725354;1239664664.sql;1239725354.sql;50;50;394;394;0;0;0;0;0;0;0;0
92;1239727133;1239725354.sql;1239727133.sql;50;50;394;394;0;0;0;0;0;0;0;0
93;1240473229;1239727133.sql;1240473229.sql;50;47;394;384;0;3;0;0;0;0;0;10
94;1243464431;1240473229.sql;1243464431.sql;47;38;384;342;6;15;34;10;7;0;57;123
95;1243467852;1243464431.sql;1243467852.sql;38;38;342;342;0;0;0;0;0;0;0;0
96;1243483525;1243467852.sql;1243483525.sql;38;38;342;340;0;0;0;2;0;0;0;0
97;1243521349;1243483525.sql;1243521349.sql;38;38;340;343;1;1;0;0;0;0;6;3
98;1243532141;1243521349.sql;1243532141.sql;38;38;343;344;0;0;1;0;0;0;0;0
99;1243580565;1243532141.sql;1243580565.sql;38;39;344;352;1;0;0;0;0;0;8;0
100;1243610603;1243580565.sql;1243610603.sql;39;39;352;352;0;0;0;0;0;0;0;0
101;1243776878;1243610603.sql;1243776878.sql;39;39;352;352;0;0;0;0;0;0;0;0
102;1244992859;1243776878.sql;1244992859.sql;39;38;352;335;0;1;6;8;0;0;0;15
103;1245453835;1244992859.sql;1245453835.sql;38;38;335;350;0;0;28;13;120;0;0;0
104;1245454771;1245453835.sql;1245454771.sql;38;38;350;350;0;0;0;0;0;0;0;0
105;1245468749;1245454771.sql;1245468749.sql;38;38;350;350;0;0;0;0;0;0;0;0
106;1245585677;1245468749.sql;1245585677.sql;38;43;350;382;6;1;0;0;0;0;44;12
107;1245602749;1245585677.sql;1245602749.sql;43;43;382;382;0;0;0;0;0;0;0;0
108;1245637450;1245602749.sql;1245637450.sql;43;43;382;382;0;0;0;0;0;0;0;0
109;1245638122;1245637450.sql;1245638122.sql;43;43;382;382;0;0;0;0;0;0;0;0
110;1245667283;1245638122.sql;1245667283.sql;43;43;382;381;0;0;0;1;0;0;0;0
111;1245667612;1245667283.sql;1245667612.sql;43;43;381;381;0;0;0;0;0;0;0;0
112;1245674327;1245667612.sql;1245674327.sql;43;43;381;381;0;0;0;0;0;0;0;0
113;1245760298;1245674327.sql;1245760298.sql;43;43;381;381;0;0;0;0;0;0;0;0
114;1246105006;1245760298.sql;1246105006.sql;43;43;381;381;0;0;0;0;0;0;0;0
115;1246106294;1246105006.sql;1246106294.sql;43;43;381;381;0;0;0;0;0;0;0;0
116;1246118986;1246106294.sql;1246118986.sql;43;43;381;381;0;0;0;0;0;0;0;0
117;1246667594;1246118986.sql;1246667594.sql;43;43;381;381;0;0;0;0;0;0;0;0
118;1246680307;1246667594.sql;1246680307.sql;43;43;381;381;0;0;0;0;0;0;0;0
119;1246700333;1246680307.sql;1246700333.sql;43;43;381;381;0;0;0;0;0;0;0;0
120;1246716050;1246700333.sql;1246716050.sql;43;43;381;381;0;0;0;0;0;0;0;0
121;1246768661;1246716050.sql;1246768661.sql;43;43;381;381;0;0;0;0;0;0;0;0
122;1247427861;1246768661.sql;1247427861.sql;43;43;381;381;0;0;0;0;0;0;0;0
123;1247428971;1247427861.sql;1247428971.sql;43;43;381;381;0;0;0;0;0;0;0;0
124;1249429243;1247428971.sql;1249429243.sql;43;43;381;381;0;0;0;0;0;0;0;0
125;1250110634;1249429243.sql;1250110634.sql;43;43;381;381;0;0;0;0;0;0;0;0
126;1250201029;1250110634.sql;1250201029.sql;43;43;381;381;0;0;0;0;0;0;0;0
127;1250970381;1250201029.sql;1250970381.sql;43;44;381;383;1;0;0;0;0;0;2;0
128;1251676825;1250970381.sql;1251676825.sql;44;43;383;381;0;1;0;0;0;0;0;2
129;1252594330;1251676825.sql;1252594330.sql;43;43;381;381;0;0;0;0;0;0;0;0
130;1252864571;1252594330.sql;1252864571.sql;43;44;381;385;1;0;0;0;0;0;4;0
131;1253270828;1252864571.sql;1253270828.sql;44;44;385;389;0;0;6;2;3;0;0;0
132;1253406180;1253270828.sql;1253406180.sql;44;44;389;389;0;0;0;0;0;0;0;0
133;1254114919;1253406180.sql;1254114919.sql;44;45;389;395;1;0;0;0;0;0;6;0
134;1254117887;1254114919.sql;1254117887.sql;45;45;395;395;0;0;0;0;2;0;0;0
135;1254124955;1254117887.sql;1254124955.sql;45;45;395;395;0;0;0;0;0;0;0;0
136;1254520462;1254124955.sql;1254520462.sql;45;36;395;347;2;11;1;2;3;0;14;61
137;1254522756;1254520462.sql;1254522756.sql;36;36;347;347;0;0;0;0;0;0;0;0
138;1254662203;1254522756.sql;1254662203.sql;36;36;347;347;0;0;0;0;0;0;0;0
139;1254664707;1254662203.sql;1254664707.sql;36;36;347;347;0;0;0;0;0;0;0;0
140;1254664895;1254664707.sql;1254664895.sql;36;36;347;347;0;0;0;0;0;0;0;0
141;1255407050;1254664895.sql;1255407050.sql;36;36;347;347;0;0;0;0;0;0;0;0
142;1255418782;1255407050.sql;1255418782.sql;36;36;347;347;0;0;0;0;0;0;0;0
143;1255430389;1255418782.sql;1255430389.sql;36;36;347;347;0;0;0;0;0;0;0;0
144;1255430586;1255430389.sql;1255430586.sql;36;36;347;347;0;0;0;0;0;0;0;0
145;1255506427;1255430586.sql;1255506427.sql;36;36;347;349;0;0;2;0;5;0;0;0
146;1255569265;1255506427.sql;1255569265.sql;36;36;349;349;0;0;0;0;0;0;0;0
147;1255815342;1255569265.sql;1255815342.sql;36;36;349;349;0;0;0;0;0;0;0;0
148;1255819909;1255815342.sql;1255819909.sql;36;36;349;349;0;0;0;0;0;0;0;0
149;1255820626;1255819909.sql;1255820626.sql;36;36;349;349;0;0;0;0;0;0;0;0
150;1255822006;1255820626.sql;1255822006.sql;36;36;349;349;0;0;0;0;0;0;0;0
151;1255891564;1255822006.sql;1255891564.sql;36;36;349;349;0;0;0;0;0;0;0;0
152;1255909744;1255891564.sql;1255909744.sql;36;36;349;349;0;0;0;0;0;0;0;0
153;1256117247;1255909744.sql;1256117247.sql;36;36;349;350;0;0;1;0;0;0;0;0
154;1256280717;1256117247.sql;1256280717.sql;36;36;350;350;0;0;0;0;0;0;0;0
155;1256351515;1256280717.sql;1256351515.sql;36;36;350;350;0;0;0;0;0;0;0;0
156;1256796791;1256351515.sql;1256796791.sql;36;36;350;350;1;1;1;1;0;0;6;6
157;1256801835;1256796791.sql;1256801835.sql;36;36;350;350;0;0;0;0;0;0;0;0
158;1256807141;1256801835.sql;1256807141.sql;36;36;350;350;0;0;0;0;1;0;0;0
159;1256812987;1256807141.sql;1256812987.sql;36;36;350;350;0;0;0;0;3;0;0;0
160;1258667470;1256812987.sql;1258667470.sql;36;36;350;350;0;0;0;0;0;0;0;0
161;1258843714;1258667470.sql;1258843714.sql;36;36;350;350;0;0;0;0;0;0;0;0
162;1259033975;1258843714.sql;1259033975.sql;36;36;350;348;0;0;0;2;0;0;0;0
163;1259034484;1259033975.sql;1259034484.sql;36;36;348;348;0;0;0;0;5;0;0;0
164;1259037507;1259034484.sql;1259037507.sql;36;36;348;347;0;0;0;1;0;0;0;0
165;1259041016;1259037507.sql;1259041016.sql;36;36;347;348;0;0;1;0;0;0;0;0
166;1259191082;1259041016.sql;1259191082.sql;36;36;348;348;0;0;0;0;1;0;0;0
167;1260361588;1259191082.sql;1260361588.sql;36;36;348;348;0;0;0;0;0;0;0;0
168;1260558683;1260361588.sql;1260558683.sql;36;36;348;348;0;0;0;0;0;0;0;0
169;1260632650;1260558683.sql;1260632650.sql;36;36;348;358;3;3;0;0;0;0;45;35
170;1260789329;1260632650.sql;1260789329.sql;36;36;358;358;0;0;0;0;0;0;0;0
171;1261145472;1260789329.sql;1261145472.sql;36;36;358;358;0;0;0;0;0;0;0;0
172;1261312083;1261145472.sql;1261312083.sql;36;36;358;358;0;0;0;0;0;0;0;0
173;1261523944;1261312083.sql;1261523944.sql;36;36;358;358;0;0;0;0;4;0;0;0
174;1261893119;1261523944.sql;1261893119.sql;36;36;358;358;0;0;0;0;0;0;0;0
175;1262090908;1261893119.sql;1262090908.sql;36;36;358;358;0;0;0;0;0;0;0;0
176;1262123999;1262090908.sql;1262123999.sql;36;36;358;358;0;0;0;0;0;0;0;0
177;1262706558;1262123999.sql;1262706558.sql;36;36;358;359;0;0;1;0;0;0;0;0
178;1262736559;1262706558.sql;1262736559.sql;36;36;359;363;0;0;4;0;0;0;0;0
179;1262761168;1262736559.sql;1262761168.sql;36;35;363;350;0;1;0;0;0;0;0;13
180;1263189509;1262761168.sql;1263189509.sql;35;33;350;343;0;2;0;0;0;0;0;7
181;1263321007;1263189509.sql;1263321007.sql;33;33;343;344;0;0;1;0;0;0;0;0
182;1263600463;1263321007.sql;1263600463.sql;33;38;344;394;5;0;0;0;0;0;50;0
183;1263961043;1263600463.sql;1263961043.sql;38;38;394;394;0;0;0;0;0;0;0;0
184;1264517085;1263961043.sql;1264517085.sql;38;38;394;394;0;0;0;0;0;0;0;0
185;1264964587;1264517085.sql;1264964587.sql;38;38;394;394;0;0;0;0;0;0;0;0
186;1264966305;1264964587.sql;1264966305.sql;38;38;394;394;0;0;0;0;0;0;0;0
187;1264996116;1264966305.sql;1264996116.sql;38;38;394;394;0;0;0;0;0;0;0;0
188;1265013885;1264996116.sql;1265013885.sql;38;38;394;394;0;0;0;0;1;0;0;0
189;1265015044;1265013885.sql;1265015044.sql;38;38;394;394;0;0;0;0;1;0;0;0
190;1265027173;1265015044.sql;1265027173.sql;38;38;394;394;0;0;0;0;0;0;0;0
191;1265099802;1265027173.sql;1265099802.sql;38;38;394;394;0;0;0;0;0;0;0;0
192;1265608183;1265099802.sql;1265608183.sql;38;38;394;394;0;0;0;0;0;0;0;0
193;1265728672;1265608183.sql;1265728672.sql;38;38;394;394;0;0;0;0;0;0;0;0
194;1265802554;1265728672.sql;1265802554.sql;38;38;394;396;0;0;2;0;0;0;0;0
195;1265807595;1265802554.sql;1265807595.sql;38;38;396;396;0;0;0;0;0;0;0;0
196;1266121739;1265807595.sql;1266121739.sql;38;38;396;396;0;0;0;0;0;0;0;0
197;1266140271;1266121739.sql;1266140271.sql;38;38;396;396;0;0;0;0;0;0;0;0
198;1266145701;1266140271.sql;1266145701.sql;38;38;396;396;0;0;0;0;0;0;0;0
199;1266438331;1266145701.sql;1266438331.sql;38;38;396;399;0;0;3;0;0;0;0;0
200;1266495648;1266438331.sql;1266495648.sql;38;38;399;399;0;0;0;0;0;0;0;0
201;1266554687;1266495648.sql;1266554687.sql;38;38;399;399;0;0;0;0;0;0;0;0
202;1266595668;1266554687.sql;1266595668.sql;38;38;399;399;0;0;0;0;0;0;0;0
203;1266910914;1266595668.sql;1266910914.sql;38;38;399;399;0;0;0;0;0;0;0;0
204;1267090820;1266910914.sql;1267090820.sql;38;38;399;399;0;0;0;0;0;0;0;0
205;1267212197;1267090820.sql;1267212197.sql;38;38;399;399;0;0;0;0;0;0;0;0
206;1267789586;1267212197.sql;1267789586.sql;38;38;399;399;0;0;0;0;0;0;0;0
207;1267949800;1267789586.sql;1267949800.sql;38;38;399;400;0;0;1;0;0;0;0;0
208;1269635869;1267949800.sql;1269635869.sql;38;38;400;400;0;0;0;0;0;0;0;0
209;1269681649;1269635869.sql;1269681649.sql;38;38;400;400;0;0;0;0;0;0;0;0
210;1270745169;1269681649.sql;1270745169.sql;38;38;400;400;0;0;0;0;0;0;0;0
211;1270881220;1270745169.sql;1270881220.sql;38;38;400;400;0;0;0;0;0;0;0;0
212;1271070717;1270881220.sql;1271070717.sql;38;38;400;400;0;0;0;0;0;0;0;0
213;1271139532;1271070717.sql;1271139532.sql;38;38;400;400;0;0;0;0;0;0;0;0
214;1271626421;1271139532.sql;1271626421.sql;38;38;400;438;0;0;38;0;0;0;0;0
215;1271672521;1271626421.sql;1271672521.sql;38;38;438;438;0;0;0;0;0;0;0;0
216;1271785551;1271672521.sql;1271785551.sql;38;38;438;438;0;0;0;0;0;0;0;0
217;1271875648;1271785551.sql;1271875648.sql;38;38;438;438;0;0;0;0;0;0;0;0
218;1271994766;1271875648.sql;1271994766.sql;38;38;438;438;0;0;0;0;0;0;0;0
219;1272246384;1271994766.sql;1272246384.sql;38;38;438;438;0;0;0;0;0;0;0;0
220;1272346099;1272246384.sql;1272346099.sql;38;38;438;439;0;0;1;0;0;0;0;0
221;1272370243;1272346099.sql;1272370243.sql;38;38;439;439;0;0;0;0;0;0;0;0
222;1272467351;1272370243.sql;1272467351.sql;38;38;439;439;0;0;0;0;0;0;0;0
223;1272508957;1272467351.sql;1272508957.sql;38;38;439;439;0;0;0;0;0;0;0;0
224;1272513939;1272508957.sql;1272513939.sql;38;38;439;441;0;0;2;0;0;0;0;0
225;1272916847;1272513939.sql;1272916847.sql;38;38;441;441;0;0;0;0;0;0;0;0
226;1273002084;1272916847.sql;1273002084.sql;38;33;441;391;0;5;0;0;0;0;0;50
227;1273022881;1273002084.sql;1273022881.sql;33;33;391;394;0;0;3;0;4;0;0;0
228;1273224024;1273022881.sql;1273224024.sql;33;33;394;394;0;0;0;0;0;0;0;0
229;1273328587;1273224024.sql;1273328587.sql;33;33;394;394;0;0;2;2;0;0;0;0
230;1273342457;1273328587.sql;1273342457.sql;33;33;394;394;0;0;0;0;0;0;0;0
231;1273343410;1273342457.sql;1273343410.sql;33;33;394;394;0;0;0;0;0;0;0;0
232;1273525560;1273343410.sql;1273525560.sql;33;33;394;394;0;0;0;0;0;0;0;0
233;1273627910;1273525560.sql;1273627910.sql;33;33;394;394;0;0;0;0;0;0;0;0
234;1273628231;1273627910.sql;1273628231.sql;33;33;394;394;0;0;0;0;0;0;0;0
235;1273644793;1273628231.sql;1273644793.sql;33;33;394;394;0;0;0;0;0;0;0;0
236;1273944080;1273644793.sql;1273944080.sql;33;33;394;394;0;0;0;0;0;0;0;0
237;1273948388;1273944080.sql;1273948388.sql;33;33;394;394;0;0;0;0;0;0;0;0
238;1274047989;1273948388.sql;1274047989.sql;33;33;394;394;0;0;0;0;0;0;0;0
239;1274057280;1274047989.sql;1274057280.sql;33;33;394;394;0;0;0;0;0;0;0;0
240;1274066222;1274057280.sql;1274066222.sql;33;33;394;394;0;0;0;0;0;0;0;0
241;1274071982;1274066222.sql;1274071982.sql;33;33;394;394;0;0;0;0;0;0;0;0
242;1274332175;1274071982.sql;1274332175.sql;33;33;394;394;0;0;0;0;0;0;0;0
243;1274335495;1274332175.sql;1274335495.sql;33;33;394;394;0;0;0;0;0;0;0;0
244;1274521042;1274335495.sql;1274521042.sql;33;33;394;394;0;0;0;0;0;0;0;0
245;1274670075;1274521042.sql;1274670075.sql;33;33;394;394;0;0;0;0;0;0;0;0
246;1275038553;1274670075.sql;1275038553.sql;33;33;394;394;0;0;1;1;1;0;0;0
247;1275113759;1275038553.sql;1275113759.sql;33;33;394;394;0;0;0;0;2;0;0;0
248;1275182443;1275113759.sql;1275182443.sql;33;33;394;394;0;0;0;0;0;0;0;0
249;1275467790;1275182443.sql;1275467790.sql;33;33;394;394;0;0;0;0;0;0;0;0
250;1277029371;1275467790.sql;1277029371.sql;33;33;394;394;0;0;0;0;0;0;0;0
251;1277110987;1277029371.sql;1277110987.sql;33;33;394;394;0;0;0;0;0;0;0;0
252;1277457966;1277110987.sql;1277457966.sql;33;33;394;394;0;0;0;0;0;0;0;0
253;1277733981;1277457966.sql;1277733981.sql;33;33;394;394;0;0;0;0;0;0;0;0
254;1277886296;1277733981.sql;1277886296.sql;33;33;394;394;0;0;0;0;0;0;0;0
255;1277896049;1277886296.sql;1277896049.sql;33;33;394;394;0;0;0;0;0;0;0;0
256;1278327989;1277896049.sql;1278327989.sql;33;33;394;394;0;0;0;0;0;0;0;0
257;1278849533;1278327989.sql;1278849533.sql;33;33;394;394;0;0;0;0;0;0;0;0
258;1279059321;1278849533.sql;1279059321.sql;33;33;394;394;0;0;0;0;0;0;0;0
259;1281720464;1279059321.sql;1281720464.sql;33;33;394;394;0;0;0;0;0;0;0;0
260;1281956230;1281720464.sql;1281956230.sql;33;33;394;394;0;0;0;0;0;0;0;0
261;1282283416;1281956230.sql;1282283416.sql;33;33;394;394;0;0;0;0;0;0;0;0
262;1282610947;1282283416.sql;1282610947.sql;33;33;394;394;0;0;0;0;0;0;0;0
263;1282825663;1282610947.sql;1282825663.sql;33;33;394;394;0;0;0;0;0;0;0;0
264;1283867724;1282825663.sql;1283867724.sql;33;33;394;394;0;0;0;0;0;0;0;0
265;1284118507;1283867724.sql;1284118507.sql;33;33;394;394;0;0;0;0;0;0;0;0
266;1284266658;1284118507.sql;1284266658.sql;33;33;394;394;0;0;0;0;0;0;0;0
267;1284604738;1284266658.sql;1284604738.sql;33;33;394;394;0;0;0;0;0;0;0;0
268;1285409917;1284604738.sql;1285409917.sql;33;33;394;394;0;0;0;0;0;0;0;0
269;1286525918;1285409917.sql;1286525918.sql;33;33;394;394;0;0;0;0;0;0;0;0
270;1286749838;1286525918.sql;1286749838.sql;33;33;394;394;0;0;0;0;0;0;0;0
271;1287165097;1286749838.sql;1287165097.sql;33;33;394;394;0;0;0;0;0;0;0;0
272;1287527805;1287165097.sql;1287527805.sql;33;33;394;394;0;0;0;0;1;0;0;0
273;1287736213;1287527805.sql;1287736213.sql;33;33;394;394;0;0;0;0;0;0;0;0
274;1287737318;1287736213.sql;1287737318.sql;33;33;394;394;0;0;0;0;0;0;0;0
275;1288304726;1287737318.sql;1288304726.sql;33;33;394;394;0;0;0;0;0;0;0;0
276;1288392438;1288304726.sql;1288392438.sql;33;33;394;394;0;0;0;0;0;0;0;0
277;1288477946;1288392438.sql;1288477946.sql;33;33;394;395;0;0;1;0;9;0;0;0
278;1288610331;1288477946.sql;1288610331.sql;33;33;395;395;0;0;0;0;0;0;0;0
279;1288943849;1288610331.sql;1288943849.sql;33;33;395;395;0;0;0;0;0;0;0;0
280;1289126611;1288943849.sql;1289126611.sql;33;33;395;395;0;0;0;0;0;0;0;0
281;1289152547;1289126611.sql;1289152547.sql;33;33;395;395;0;0;0;0;0;0;0;0
282;1289214700;1289152547.sql;1289214700.sql;33;33;395;395;0;0;0;0;0;0;0;0
283;1289215393;1289214700.sql;1289215393.sql;33;33;395;395;0;0;0;0;0;0;0;0
284;1289249746;1289215393.sql;1289249746.sql;33;33;395;395;0;0;0;0;0;0;0;0
285;1289318848;1289249746.sql;1289318848.sql;33;33;395;395;0;0;0;0;1;0;0;0
286;1289845933;1289318848.sql;1289845933.sql;33;33;395;395;0;0;0;0;0;0;0;0
287;1290002335;1289845933.sql;1290002335.sql;33;33;395;395;0;0;0;0;0;0;0;0
288;1290209494;1290002335.sql;1290209494.sql;33;33;395;395;0;0;0;0;0;0;0;0
289;1290219723;1290209494.sql;1290219723.sql;33;33;395;395;0;0;0;0;0;0;0;0
290;1290267466;1290219723.sql;1290267466.sql;33;33;395;395;0;0;0;0;0;0;0;0
291;1291414180;1290267466.sql;1291414180.sql;33;33;395;395;0;0;0;0;0;0;0;0
292;1291657392;1291414180.sql;1291657392.sql;33;33;395;395;0;0;0;0;0;0;0;0
293;1292078380;1291657392.sql;1292078380.sql;33;33;395;395;0;0;0;0;0;0;0;0
294;1292078522;1292078380.sql;1292078522.sql;33;33;395;395;0;0;0;0;0;0;0;0
295;1292255912;1292078522.sql;1292255912.sql;33;33;395;395;0;0;0;0;0;0;0;0
296;1292569621;1292255912.sql;1292569621.sql;33;33;395;395;0;0;0;0;0;0;0;0
297;1292659801;1292569621.sql;1292659801.sql;33;33;395;395;0;0;0;0;0;0;0;0
298;1293624753;1292659801.sql;1293624753.sql;33;33;395;395;0;0;0;0;0;0;0;0
299;1293794973;1293624753.sql;1293794973.sql;33;33;395;395;0;0;0;0;0;0;0;0
300;1293967076;1293794973.sql;1293967076.sql;33;33;395;395;0;0;0;0;0;0;0;0
301;1294185167;1293967076.sql;1294185167.sql;33;33;395;395;0;0;0;0;1;0;0;0
302;1294509900;1294185167.sql;1294509900.sql;33;33;395;395;0;0;0;0;4;0;0;0
303;1294540825;1294509900.sql;1294540825.sql;33;33;395;395;0;0;0;0;0;0;0;0
304;1294597216;1294540825.sql;1294597216.sql;33;33;395;395;0;0;0;0;0;0;0;0
305;1294634697;1294597216.sql;1294634697.sql;33;33;395;395;0;0;0;0;0;0;0;0
306;1294635717;1294634697.sql;1294635717.sql;33;33;395;395;0;0;0;0;0;0;0;0
307;1294636235;1294635717.sql;1294636235.sql;33;33;395;395;0;0;0;0;0;0;0;0
308;1294681160;1294636235.sql;1294681160.sql;33;33;395;395;0;0;0;0;0;0;0;0
309;1294911543;1294681160.sql;1294911543.sql;33;33;395;395;0;0;0;0;0;0;0;0
310;1296173791;1294911543.sql;1296173791.sql;33;33;395;395;0;0;0;0;0;0;0;0
311;1296515139;1296173791.sql;1296515139.sql;33;33;395;395;0;0;0;0;0;0;0;0
312;1299756304;1296515139.sql;1299756304.sql;33;33;395;395;0;0;0;0;0;0;0;0
313;1306856562;1299756304.sql;1306856562.sql;33;33;395;395;0;0;0;0;0;0;0;0
314;1307345014;1306856562.sql;1307345014.sql;33;33;395;395;0;0;0;0;0;0;0;0
315;1307719557;1307345014.sql;1307719557.sql;33;33;395;396;0;0;1;0;0;0;0;0
316;1307777357;1307719557.sql;1307777357.sql;33;33;396;395;0;0;0;1;0;0;0;0
317;1308388534;1307777357.sql;1308388534.sql;33;33;395;395;0;0;0;0;0;0;0;0
318;1308747263;1308388534.sql;1308747263.sql;33;33;395;396;0;0;1;0;0;0;0;0
319;1308903107;1308747263.sql;1308903107.sql;33;33;396;395;0;0;0;1;0;0;0;0
320;1309510127;1308903107.sql;1309510127.sql;33;33;395;395;0;0;0;0;0;0;0;0
321;1309941623;1309510127.sql;1309941623.sql;33;34;395;399;1;0;0;0;0;0;4;0
322;1309943121;1309941623.sql;1309943121.sql;34;34;399;400;0;0;1;0;0;0;0;0
323;1309956417;1309943121.sql;1309956417.sql;34;34;400;400;0;0;0;0;0;0;0;0
324;1310047231;1309956417.sql;1310047231.sql;34;34;400;400;0;0;0;0;0;0;0;0
325;1310941406;1310047231.sql;1310941406.sql;34;34;400;400;0;0;0;0;0;0;0;0
326;1313997356;1310941406.sql;1313997356.sql;34;34;400;400;0;0;0;0;0;0;0;0
327;1315411599;1313997356.sql;1315411599.sql;34;34;400;400;0;0;0;0;3;0;0;0
328;1315971599;1315411599.sql;1315971599.sql;34;34;400;400;0;0;0;0;0;0;0;0
329;1316039541;1315971599.sql;1316039541.sql;34;34;400;400;0;0;0;0;0;0;0;0
330;1316275627;1316039541.sql;1316275627.sql;34;34;400;400;0;0;0;0;0;0;0;0
331;1316565506;1316275627.sql;1316565506.sql;34;34;400;400;0;0;0;0;8;0;0;0
332;1316626192;1316565506.sql;1316626192.sql;34;34;400;400;0;0;0;0;2;0;0;0
333;1316712880;1316626192.sql;1316712880.sql;34;34;400;400;0;0;0;0;0;0;0;0
334;1316713384;1316712880.sql;1316713384.sql;34;34;400;400;0;0;0;0;0;0;0;0
335;1316984648;1316713384.sql;1316984648.sql;34;34;400;400;0;0;0;0;0;0;0;0
336;1316999217;1316984648.sql;1316999217.sql;34;34;400;400;0;0;0;0;0;0;0;0
337;1317657031;1316999217.sql;1317657031.sql;34;34;400;400;0;0;0;0;0;0;0;0
338;1318711106;1317657031.sql;1318711106.sql;34;34;400;407;0;0;7;0;0;0;0;0
339;1319086010;1318711106.sql;1319086010.sql;34;34;407;408;0;0;1;0;0;0;0;0
340;1320249360;1319086010.sql;1320249360.sql;34;34;408;408;0;0;0;0;0;0;0;0
341;1320251082;1320249360.sql;1320251082.sql;34;34;408;408;0;0;0;0;0;0;0;0
342;1320932418;1320251082.sql;1320932418.sql;34;34;408;408;0;0;0;0;0;0;0;0
343;1321225229;1320932418.sql;1321225229.sql;34;34;408;408;0;0;0;0;0;0;0;0
344;1322142596;1321225229.sql;1322142596.sql;34;34;408;408;0;0;0;0;1;0;0;0
345;1322898294;1322142596.sql;1322898294.sql;34;34;408;408;0;0;0;0;0;0;0;0
346;1323082657;1322898294.sql;1323082657.sql;34;35;408;421;1;0;0;0;0;0;13;0
347;1323098926;1323082657.sql;1323098926.sql;35;35;421;421;0;0;0;0;0;0;0;0
348;1323346839;1323098926.sql;1323346839.sql;35;35;421;423;0;0;2;0;0;0;0;0
349;1323370907;1323346839.sql;1323370907.sql;35;35;423;423;0;0;0;0;0;0;0;0
350;1324058189;1323370907.sql;1324058189.sql;35;35;423;413;1;1;0;0;0;0;5;15
351;1324071467;1324058189.sql;1324071467.sql;35;35;413;413;0;0;0;0;0;0;0;0
352;1324084390;1324071467.sql;1324084390.sql;35;35;413;414;0;0;1;0;0;0;0;0
353;1324161915;1324084390.sql;1324161915.sql;35;36;414;429;1;0;0;0;0;0;15;0
354;1324181995;1324161915.sql;1324181995.sql;36;36;429;429;0;0;0;0;0;0;0;0
355;1324404922;1324181995.sql;1324404922.sql;36;36;429;429;0;0;0;0;0;0;0;0
356;1324443097;1324404922.sql;1324443097.sql;36;36;429;429;0;0;0;0;0;0;0;0
357;1324448357;1324443097.sql;1324448357.sql;36;36;429;429;0;0;0;0;0;0;0;0
358;1324494328;1324448357.sql;1324494328.sql;36;61;429;547;25;0;0;0;0;0;118;0
359;1324580845;1324494328.sql;1324580845.sql;61;61;547;547;0;0;0;0;0;0;0;0
360;1324717510;1324580845.sql;1324717510.sql;61;61;547;547;0;0;0;0;0;0;0;0
361;1324747270;1324717510.sql;1324747270.sql;61;61;547;547;0;0;0;0;0;0;0;0
362;1325089826;1324747270.sql;1325089826.sql;61;61;547;547;0;0;0;0;0;0;0;0
363;1325875975;1325089826.sql;1325875975.sql;61;61;547;547;0;0;0;0;0;0;0;0
364;1326016263;1325875975.sql;1326016263.sql;61;61;547;547;0;0;0;0;0;0;0;0
365;1326238644;1326016263.sql;1326238644.sql;61;61;547;548;0;0;1;0;0;0;0;0
366;1326245963;1326238644.sql;1326245963.sql;61;61;548;548;0;0;0;0;0;0;0;0
367;1326347122;1326245963.sql;1326347122.sql;61;61;548;548;0;0;0;0;0;0;0;0
368;1326444271;1326347122.sql;1326444271.sql;61;61;548;548;0;0;0;0;0;0;0;0
369;1326540671;1326444271.sql;1326540671.sql;61;61;548;548;0;0;0;0;0;0;0;0
370;1327821111;1326540671.sql;1327821111.sql;61;61;548;548;0;0;0;0;0;0;0;0
371;1327924332;1327821111.sql;1327924332.sql;61;61;548;548;0;0;0;0;0;0;0;0
372;1328090743;1327924332.sql;1328090743.sql;61;61;548;548;0;0;0;0;0;0;0;0
373;1328129114;1328090743.sql;1328129114.sql;61;61;548;548;0;0;0;0;0;0;0;0
374;1329402042;1328129114.sql;1329402042.sql;61;61;548;549;0;0;1;0;0;0;0;0
375;1330793862;1329402042.sql;1330793862.sql;61;61;549;549;0;0;0;0;0;0;0;0
376;1330975744;1330793862.sql;1330975744.sql;61;61;549;548;0;0;0;1;0;0;0;0
377;1331081675;1330975744.sql;1331081675.sql;61;61;548;549;0;0;1;0;0;0;0;0
378;1331761784;1331081675.sql;1331761784.sql;61;61;549;548;0;0;0;1;0;0;0;0
379;1331826391;1331761784.sql;1331826391.sql;61;61;548;549;0;0;1;0;0;0;0;0
380;1332169787;1331826391.sql;1332169787.sql;61;61;549;549;0;0;0;0;0;0;0;0
381;1332958855;1332169787.sql;1332958855.sql;61;61;549;549;0;0;0;0;0;0;0;0
382;1333042386;1332958855.sql;1333042386.sql;61;61;549;549;0;0;0;0;0;0;0;0
383;1338196248;1333042386.sql;1338196248.sql;61;61;549;549;0;0;0;0;0;0;0;0
384;1338914374;1338196248.sql;1338914374.sql;61;61;549;550;0;0;1;0;0;0;0;0
385;1339261084;1338914374.sql;1339261084.sql;61;61;550;553;0;0;3;0;0;0;0;0
386;1340037419;1339261084.sql;1340037419.sql;61;61;553;553;0;0;0;0;0;0;0;0
387;1340132895;1340037419.sql;1340132895.sql;61;61;553;553;0;0;0;0;0;0;0;0
388;1340212589;1340132895.sql;1340212589.sql;61;61;553;553;0;0;0;0;0;0;0;0
389;1340904936;1340212589.sql;1340904936.sql;61;61;553;553;0;0;0;0;0;0;0;0
390;1343777809;1340904936.sql;1343777809.sql;61;61;553;556;0;0;14;11;81;0;0;0
391;1345027849;1343777809.sql;1345027849.sql;61;61;556;556;0;0;0;0;0;0;0;0
392;1345126245;1345027849.sql;1345126245.sql;61;61;556;556;0;0;0;0;0;0;0;0
393;1345163658;1345126245.sql;1345163658.sql;61;61;556;556;0;0;0;0;0;0;0;0
394;1346491521;1345163658.sql;1346491521.sql;61;61;556;559;0;0;3;0;0;0;0;0
395;1346500359;1346491521.sql;1346500359.sql;61;61;559;559;0;0;0;0;0;0;0;0
396;1346508801;1346500359.sql;1346508801.sql;61;61;559;559;0;0;0;0;0;0;0;0
397;1346512654;1346508801.sql;1346512654.sql;61;61;559;559;0;0;0;0;0;0;0;0
398;1346520404;1346512654.sql;1346520404.sql;61;61;559;559;0;0;0;0;0;0;0;0
399;1346832470;1346520404.sql;1346832470.sql;61;61;559;556;0;0;0;3;0;0;0;0
400;1346860382;1346832470.sql;1346860382.sql;61;61;556;557;0;0;1;0;0;0;0;0
401;1346892241;1346860382.sql;1346892241.sql;61;61;557;557;0;0;0;0;0;0;0;0
402;1346900539;1346892241.sql;1346900539.sql;61;61;557;557;0;0;0;0;0;0;0;0
403;1347180900;1346900539.sql;1347180900.sql;61;60;557;551;0;1;0;1;0;0;0;5
404;1347271343;1347180900.sql;1347271343.sql;60;60;551;551;0;0;0;0;0;0;0;0
405;1348325055;1347271343.sql;1348325055.sql;60;60;551;551;0;0;0;0;0;0;0;0
406;1348570165;1348325055.sql;1348570165.sql;60;60;551;551;0;0;0;0;0;0;0;0
407;1348573261;1348570165.sql;1348573261.sql;60;60;551;551;0;0;0;0;0;0;0;0
408;1348594781;1348573261.sql;1348594781.sql;60;60;551;551;0;0;0;0;0;0;0;0
409;1348680956;1348594781.sql;1348680956.sql;60;60;551;551;0;0;0;0;0;0;0;0
410;1348771959;1348680956.sql;1348771959.sql;60;60;551;551;0;0;0;0;0;0;0;0
411;1349800786;1348771959.sql;1349800786.sql;60;60;551;551;0;0;0;0;0;0;0;0
412;1352308231;1349800786.sql;1352308231.sql;60;60;551;551;0;0;0;0;0;0;0;0
413;1352405881;1352308231.sql;1352405881.sql;60;60;551;551;0;0;0;0;0;0;0;0
414;1352597030;1352405881.sql;1352597030.sql;60;60;551;551;0;0;0;0;0;0;0;0
415;1358528637;1352597030.sql;1358528637.sql;60;60;551;551;0;0;0;0;0;0;0;0
416;1359490504;1358528637.sql;1359490504.sql;60;60;551;551;0;0;0;0;1;0;0;0
417;1359759283;1359490504.sql;1359759283.sql;60;60;551;551;0;0;0;0;0;0;0;0
418;1362541430;1359759283.sql;1362541430.sql;60;64;551;630;4;0;0;0;0;0;79;0
419;1362595152;1362541430.sql;1362595152.sql;64;64;630;630;0;0;0;0;0;0;0;0
420;1362603788;1362595152.sql;1362603788.sql;64;64;630;630;0;0;0;0;0;0;0;0
421;1362706696;1362603788.sql;1362706696.sql;64;64;630;630;0;0;0;0;0;0;0;0
422;1363531876;1362706696.sql;1363531876.sql;64;64;630;630;0;0;0;0;0;0;0;0
423;1364583369;1363531876.sql;1364583369.sql;64;64;630;630;0;0;0;0;0;0;0;0
424;1364779153;1364583369.sql;1364779153.sql;64;65;630;635;2;1;1;0;1;0;38;34
425;1365281052;1364779153.sql;1365281052.sql;65;64;635;630;1;2;0;1;1;0;34;38
426;1365741079;1365281052.sql;1365741079.sql;64;65;630;635;2;1;1;0;1;0;38;34
427;1365771410;1365741079.sql;1365771410.sql;65;65;635;635;0;0;0;0;0;0;0;0
428;1365772101;1365771410.sql;1365772101.sql;65;65;635;635;0;0;0;0;0;0;0;0
429;1365788763;1365772101.sql;1365788763.sql;65;65;635;635;0;0;0;0;0;0;0;0
430;1365872620;1365788763.sql;1365872620.sql;65;65;635;635;0;0;0;0;0;0;0;0
431;1366052927;1365872620.sql;1366052927.sql;65;65;635;635;0;0;0;0;0;0;0;0
432;1366150929;1366052927.sql;1366150929.sql;65;65;635;635;0;0;0;0;0;0;0;0
433;1366480342;1366150929.sql;1366480342.sql;65;65;635;635;0;0;0;0;0;0;0;0
434;1366556692;1366480342.sql;1366556692.sql;65;65;635;635;0;0;0;0;0;0;0;0
435;1366740049;1366556692.sql;1366740049.sql;65;65;635;635;0;0;0;0;0;0;0;0
436;1367015703;1366740049.sql;1367015703.sql;65;65;635;635;0;0;0;0;0;0;0;0
437;1367034184;1367015703.sql;1367034184.sql;65;65;635;635;0;0;0;0;0;0;0;0
438;1367777131;1367034184.sql;1367777131.sql;65;65;635;635;0;0;0;0;0;0;0;0
439;1367962999;1367777131.sql;1367962999.sql;65;65;635;635;0;0;0;0;0;0;0;0
440;1371211602;1367962999.sql;1371211602.sql;65;65;635;635;0;0;0;0;0;0;0;0
441;1372033971;1371211602.sql;1372033971.sql;65;65;635;635;0;0;0;0;0;0;0;0
442;1372381147;1372033971.sql;1372381147.sql;65;65;635;635;0;0;0;0;0;0;0;0
443;1372775606;1372381147.sql;1372775606.sql;65;65;635;635;0;0;0;0;0;0;0;0
444;1374449044;1372775606.sql;1374449044.sql;65;65;635;635;0;0;0;0;0;0;0;0
445;1374619749;1374449044.sql;1374619749.sql;65;65;635;635;0;0;0;0;0;0;0;0
446;1375320226;1374619749.sql;1375320226.sql;65;65;635;635;0;0;0;0;0;0;0;0
447;1376534903;1375320226.sql;1376534903.sql;65;68;635;672;3;0;4;0;1;0;33;0
448;1376673646;1376534903.sql;1376673646.sql;68;65;672;635;0;3;0;4;1;0;0;33
449;1378100175;1376673646.sql;1378100175.sql;65;66;635;648;1;0;2;0;0;0;11;0
450;1378247525;1378100175.sql;1378247525.sql;66;66;648;648;0;0;0;0;0;0;0;0
451;1378249710;1378247525.sql;1378249710.sql;66;66;648;648;0;0;0;0;0;0;0;0
452;1378359673;1378249710.sql;1378359673.sql;66;66;648;648;0;0;0;0;0;0;0;0
453;1378403984;1378359673.sql;1378403984.sql;66;66;648;650;0;0;2;0;1;0;0;0
454;1378417173;1378403984.sql;1378417173.sql;66;66;650;648;0;0;0;2;1;0;0;0
455;1378423178;1378417173.sql;1378423178.sql;66;66;648;648;0;0;0;0;0;0;0;0
456;1378461156;1378423178.sql;1378461156.sql;66;66;648;648;0;0;0;0;0;0;0;0
457;1378589256;1378461156.sql;1378589256.sql;66;66;648;650;0;0;2;0;1;0;0;0
458;1379024256;1378589256.sql;1379024256.sql;66;66;650;650;0;0;0;0;0;0;0;0
459;1379259721;1379024256.sql;1379259721.sql;66;66;650;650;0;0;0;0;0;0;0;0
460;1379865746;1379259721.sql;1379865746.sql;66;66;650;650;0;0;0;0;0;0;0;0
461;1380033148;1379865746.sql;1380033148.sql;66;66;650;650;0;0;0;0;0;0;0;0
462;1380154628;1380033148.sql;1380154628.sql;66;67;650;665;1;0;0;0;0;0;15;0
463;1380394038;1380154628.sql;1380394038.sql;67;67;665;665;0;0;0;0;0;0;0;0
464;1380770749;1380394038.sql;1380770749.sql;67;68;665;672;1;0;0;0;0;0;7;0
465;1380816085;1380770749.sql;1380816085.sql;68;68;672;672;0;0;0;0;0;0;0;0
466;1380846450;1380816085.sql;1380846450.sql;68;68;672;672;0;0;0;0;0;0;0;0
467;1380922709;1380846450.sql;1380922709.sql;68;68;672;672;0;0;0;0;0;0;0;0
468;1381063290;1380922709.sql;1381063290.sql;68;68;672;672;0;0;0;0;0;0;0;0
469;1381160986;1381063290.sql;1381160986.sql;68;68;672;672;0;0;0;0;0;0;0;0
470;1381161321;1381160986.sql;1381161321.sql;68;68;672;672;0;0;0;0;0;0;0;0
471;1381171793;1381161321.sql;1381171793.sql;68;68;672;672;0;0;0;0;0;0;0;0
472;1381192763;1381171793.sql;1381192763.sql;68;68;672;674;0;0;2;0;0;0;0;0
473;1381290863;1381192763.sql;1381290863.sql;68;68;674;672;0;0;0;2;0;0;0;0
474;1381292235;1381290863.sql;1381292235.sql;68;68;672;672;0;0;0;0;0;0;0;0
475;1381292356;1381292235.sql;1381292356.sql;68;68;672;672;0;0;0;0;0;0;0;0
476;1381459580;1381292356.sql;1381459580.sql;68;68;672;672;0;0;0;0;0;0;0;0
477;1381810746;1381459580.sql;1381810746.sql;68;68;672;672;0;0;0;0;0;0;0;0
478;1382482485;1381810746.sql;1382482485.sql;68;68;672;674;0;0;2;0;0;0;0;0
479;1382571652;1382482485.sql;1382571652.sql;68;68;674;674;0;0;0;0;0;0;0;0
480;1382571871;1382571652.sql;1382571871.sql;68;68;674;674;0;0;0;0;0;0;0;0
481;1382707295;1382571871.sql;1382707295.sql;68;68;674;674;0;0;0;0;0;0;0;0
482;1383088357;1382707295.sql;1383088357.sql;68;68;674;674;0;0;0;0;0;0;0;0
483;1383334548;1383088357.sql;1383334548.sql;68;68;674;674;0;0;0;0;0;0;0;0
484;1385095079;1383334548.sql;1385095079.sql;68;68;674;675;0;0;1;0;1;0;0;0
485;1386350370;1385095079.sql;1386350370.sql;68;68;675;674;0;0;0;1;1;0;0;0
486;1387737911;1386350370.sql;1387737911.sql;68;68;674;675;0;0;1;0;1;0;0;0
487;1387739920;1387737911.sql;1387739920.sql;68;68;675;676;0;0;2;1;1;0;0;0
488;1387743692;1387739920.sql;1387743692.sql;68;68;676;676;0;0;0;0;0;0;0;0
489;1388268201;1387743692.sql;1388268201.sql;68;68;676;676;0;0;0;0;0;0;0;0
490;1389268938;1388268201.sql;1389268938.sql;68;68;676;676;0;0;0;0;0;0;0;0
491;1389952915;1389268938.sql;1389952915.sql;68;68;676;676;0;0;0;0;0;0;0;0
492;1390040315;1389952915.sql;1390040315.sql;68;68;676;676;0;0;0;0;1;0;0;0
493;1390526806;1390040315.sql;1390526806.sql;68;68;676;676;0;0;0;0;1;0;0;0
494;1390981827;1390526806.sql;1390981827.sql;68;68;676;676;0;0;0;0;0;0;0;0
495;1391120806;1390981827.sql;1391120806.sql;68;68;676;676;0;0;0;0;0;0;0;0
496;1391418738;1391120806.sql;1391418738.sql;68;68;676;676;0;0;0;0;1;0;0;0
497;1392607288;1391418738.sql;1392607288.sql;68;68;676;677;0;0;1;0;1;0;0;0
498;1396818999;1392607288.sql;1396818999.sql;68;68;677;677;0;0;0;0;0;0;0;0
499;1397043688;1396818999.sql;1397043688.sql;68;68;677;677;0;0;0;0;1;0;0;0
500;1399319117;1397043688.sql;1399319117.sql;68;68;677;677;0;0;0;0;1;0;0;0
501;1402742928;1399319117.sql;1402742928.sql;68;68;677;677;0;0;0;0;0;0;0;0
502;1403280638;1402742928.sql;1403280638.sql;68;68;677;677;0;0;0;0;0;0;0;0
503;1407085038;1403280638.sql;1407085038.sql;68;68;677;677;0;0;0;0;1;0;0;0
504;1407086913;1407085038.sql;1407086913.sql;68;68;677;677;0;0;0;0;0;0;0;0
505;1408251235;1407086913.sql;1408251235.sql;68;68;677;677;0;0;0;0;0;0;0;0
506;1409598713;1408251235.sql;1409598713.sql;68;68;677;677;0;0;0;0;0;0;0;0
507;1410886358;1409598713.sql;1410886358.sql;68;68;677;678;0;0;1;0;0;0;0;0
508;1411043960;1410886358.sql;1411043960.sql;68;68;678;677;0;0;0;1;0;0;0;0
509;1411481891;1411043960.sql;1411481891.sql;68;68;677;677;0;0;0;0;0;0;0;0
510;1411485678;1411481891.sql;1411485678.sql;68;68;677;677;0;0;0;0;0;0;0;0
511;1412092364;1411485678.sql;1412092364.sql;68;68;677;677;0;0;0;0;0;0;0;0
512;1412122772;1412092364.sql;1412122772.sql;68;68;677;677;0;0;0;0;0;0;0;0
513;1412415324;1412122772.sql;1412415324.sql;68;68;677;677;0;0;0;0;0;0;0;0
514;1412622436;1412415324.sql;1412622436.sql;68;67;677;647;0;1;0;0;0;0;0;30
515;1412771388;1412622436.sql;1412771388.sql;67;67;647;647;0;0;0;0;0;0;0;0
516;1413399936;1412771388.sql;1413399936.sql;67;68;647;677;1;0;0;0;0;0;30;0
517;1413544815;1413399936.sql;1413544815.sql;68;67;677;647;0;1;0;0;0;0;0;30
518;1413623977;1413544815.sql;1413623977.sql;67;67;647;647;0;0;0;0;0;0;0;0
519;1413885719;1413623977.sql;1413885719.sql;67;68;647;677;1;0;0;0;0;0;30;0
520;1414364219;1413885719.sql;1414364219.sql;68;67;677;648;0;1;1;0;0;0;0;30
521;1415356246;1414364219.sql;1415356246.sql;67;67;648;648;0;0;0;0;0;0;0;0
522;1417932103;1415356246.sql;1417932103.sql;67;67;648;648;0;0;0;0;0;0;0;0
523;1418934461;1417932103.sql;1418934461.sql;67;67;648;648;0;0;0;0;0;0;0;0
524;1421500894;1418934461.sql;1421500894.sql;67;67;648;648;0;0;0;0;0;0;0;0
525;1421502916;1421500894.sql;1421502916.sql;67;67;648;648;0;0;0;0;0;0;0;0
526;1421541897;1421502916.sql;1421541897.sql;67;67;648;648;0;0;0;0;0;0;0;0
527;1421798352;1421541897.sql;1421798352.sql;67;67;648;648;0;0;0;0;0;0;0;0
528;1422343158;1421798352.sql;1422343158.sql;67;67;648;648;0;0;0;0;0;0;0;0
529;1422407484;1422343158.sql;1422407484.sql;67;67;648;648;0;0;0;0;0;0;0;0
530;1424963667;1422407484.sql;1424963667.sql;67;67;648;648;0;0;0;0;0;0;0;0
531;1426719416;1424963667.sql;1426719416.sql;67;67;648;648;0;0;0;0;0;0;0;0
532;1429340983;1426719416.sql;1429340983.sql;67;67;648;648;0;0;0;0;10;0;0;0
533;1430562242;1429340983.sql;1430562242.sql;67;67;648;648;0;0;0;0;10;0;0;0
534;1432558624;1430562242.sql;1432558624.sql;67;67;648;648;0;0;0;0;0;0;0;0
535;1435938063;1432558624.sql;1435938063.sql;67;67;648;648;0;0;0;0;0;0;0;0
536;1435943517;1435938063.sql;1435943517.sql;67;67;648;648;0;0;0;0;0;0;0;0
537;1436511878;1435943517.sql;1436511878.sql;67;67;648;648;0;0;0;0;10;0;0;0
538;1437744638;1436511878.sql;1437744638.sql;67;67;648;648;0;0;0;0;10;0;0;0
539;1441756361;1437744638.sql;1441756361.sql;67;67;648;648;0;0;0;0;10;0;0;0
540;1444525022;1441756361.sql;1444525022.sql;67;67;648;648;0;0;0;0;10;0;0;0
541;1444570113;1444525022.sql;1444570113.sql;67;67;648;648;0;0;0;0;10;0;0;0
542;1446196677;1444570113.sql;1446196677.sql;67;67;648;648;0;0;0;0;0;0;0;0
543;1446647292;1446196677.sql;1446647292.sql;67;67;648;648;0;0;0;0;0;0;0;0
544;1446762498;1446647292.sql;1446762498.sql;67;67;648;648;0;0;0;0;0;0;0;0
545;1446848940;1446762498.sql;1446848940.sql;67;67;648;648;0;0;0;0;0;0;0;0
546;1447235351;1446848940.sql;1447235351.sql;67;67;648;648;0;0;0;0;8;0;0;0
547;1455565042;1447235351.sql;1455565042.sql;67;67;648;648;0;0;0;0;10;0;0;0
548;1455624223;1455565042.sql;1455624223.sql;67;67;648;648;0;0;0;0;2;0;0;0
549;1456437731;1455624223.sql;1456437731.sql;67;67;648;648;0;0;0;0;0;0;0;0
550;1456689970;1456437731.sql;1456689970.sql;67;67;648;648;0;0;0;0;0;0;0;0
551;1456743037;1456689970.sql;1456743037.sql;67;67;648;648;0;0;0;0;0;0;0;0
552;1456769646;1456743037.sql;1456769646.sql;67;68;648;649;1;0;0;0;0;0;1;0
553;1456775233;1456769646.sql;1456775233.sql;68;68;649;649;0;0;0;0;0;0;0;0
554;1456792410;1456775233.sql;1456792410.sql;68;68;649;649;0;0;0;0;0;0;0;0
555;1456837370;1456792410.sql;1456837370.sql;68;68;649;649;0;0;0;0;3;0;0;0
556;1457110933;1456837370.sql;1457110933.sql;68;68;649;649;0;0;0;0;0;0;0;0
557;1457800392;1457110933.sql;1457800392.sql;68;68;649;650;0;0;1;0;0;0;0;0
558;1457869081;1457800392.sql;1457869081.sql;68;68;650;649;0;0;0;1;0;0;0;0
559;1458069794;1457869081.sql;1458069794.sql;68;68;649;650;0;0;1;0;0;0;0;0
560;1458299514;1458069794.sql;1458299514.sql;68;68;650;650;0;0;0;0;10;0;0;0
561;1458864364;1458299514.sql;1458864364.sql;68;68;650;650;0;0;0;0;0;0;0;0
562;1458954871;1458864364.sql;1458954871.sql;68;68;650;650;0;0;0;0;1;0;0;0
563;1459545131;1458954871.sql;1459545131.sql;68;68;650;650;0;0;0;0;0;0;0;0
564;1460210811;1459545131.sql;1460210811.sql;68;68;650;651;0;0;1;0;0;0;0;0
565;1460501528;1460210811.sql;1460501528.sql;68;68;651;650;0;0;0;1;0;0;0;0
566;1460729320;1460501528.sql;1460729320.sql;68;68;650;650;0;0;0;0;0;0;0;0
567;1462630709;1460729320.sql;1462630709.sql;68;68;650;650;0;0;0;0;0;0;0;0
568;1462632218;1462630709.sql;1462632218.sql;68;68;650;651;0;0;1;0;0;0;0;0
569;1462632638;1462632218.sql;1462632638.sql;68;68;651;651;0;0;0;0;0;0;0;0
570;1462637212;1462632638.sql;1462637212.sql;68;68;651;651;0;0;0;0;0;0;0;0
571;1462638222;1462637212.sql;1462638222.sql;68;68;651;651;0;0;0;0;0;0;0;0
572;1462640988;1462638222.sql;1462640988.sql;68;68;651;651;0;0;0;0;0;0;0;0
573;1462716957;1462640988.sql;1462716957.sql;68;68;651;651;0;0;0;0;0;0;0;0
574;1462717243;1462716957.sql;1462717243.sql;68;68;651;651;0;0;0;0;0;0;0;0
575;1463001022;1462717243.sql;1463001022.sql;68;68;651;651;0;0;0;0;0;0;0;0
576;1465035176;1463001022.sql;1465035176.sql;68;68;651;651;0;0;0;0;0;0;0;0
577;1465115002;1465035176.sql;1465115002.sql;68;68;651;652;0;0;1;0;0;0;0;0
578;1468657665;1465115002.sql;1468657665.sql;68;68;652;652;0;0;0;0;0;0;0;0
579;1470516642;1468657665.sql;1470516642.sql;68;68;652;652;0;0;0;0;0;0;0;0
580;1471378231;1470516642.sql;1471378231.sql;68;68;652;652;0;0;0;0;1;0;0;0
581;1471701954;1471378231.sql;1471701954.sql;68;68;652;652;0;0;0;0;0;0;0;0
582;1472320526;1471701954.sql;1472320526.sql;68;68;652;652;0;0;0;0;0;0;0;0
583;1472323413;1472320526.sql;1472323413.sql;68;68;652;652;0;0;0;0;0;0;0;0
584;1472416237;1472323413.sql;1472416237.sql;68;68;652;652;0;0;0;0;0;0;0;0
585;1472416477;1472416237.sql;1472416477.sql;68;68;652;652;0;0;0;0;0;0;0;0
586;1475514754;1472416477.sql;1475514754.sql;68;68;652;652;0;0;0;0;0;0;0;0
587;1475584758;1475514754.sql;1475584758.sql;68;68;652;652;0;0;0;0;0;0;0;0
588;1476215091;1475584758.sql;1476215091.sql;68;68;652;652;0;0;0;0;0;0;0;0
589;1477748552;1476215091.sql;1477748552.sql;68;70;652;689;2;0;0;0;0;0;37;0
590;1477995444;1477748552.sql;1477995444.sql;70;70;689;687;0;0;0;2;0;0;0;0
591;1478008884;1477995444.sql;1478008884.sql;70;70;687;687;0;0;0;0;0;0;0;0
592;1478114460;1478008884.sql;1478114460.sql;70;70;687;687;0;0;0;0;0;0;0;0
593;1478264656;1478114460.sql;1478264656.sql;70;70;687;687;0;0;0;0;0;0;0;0
594;1478337700;1478264656.sql;1478337700.sql;70;70;687;687;0;0;0;0;0;0;0;0
595;1479245987;1478337700.sql;1479245987.sql;70;70;687;687;0;0;0;0;0;0;0;0
596;1479246363;1479245987.sql;1479246363.sql;70;70;687;687;0;0;0;0;0;0;0;0
597;1480071232;1479246363.sql;1480071232.sql;70;70;687;687;0;0;0;0;0;0;0;0
598;1481277244;1480071232.sql;1481277244.sql;70;71;687;706;1;0;3;1;0;0;17;0
599;1481277319;1481277244.sql;1481277319.sql;71;70;706;687;0;1;1;3;0;0;0;17
600;1481277694;1481277319.sql;1481277694.sql;70;71;687;706;1;0;3;1;0;0;17;0
601;1481290160;1481277694.sql;1481290160.sql;71;71;706;705;0;0;0;1;0;0;0;0
602;1481322677;1481290160.sql;1481322677.sql;71;71;705;705;0;0;0;0;0;0;0;0
603;1481322811;1481322677.sql;1481322811.sql;71;71;705;705;0;0;0;0;0;0;0;0
604;1481487610;1481322811.sql;1481487610.sql;71;71;705;705;0;0;0;0;0;0;0;0
605;1481995646;1481487610.sql;1481995646.sql;71;71;705;705;0;0;0;0;0;0;0;0
606;1482064600;1481995646.sql;1482064600.sql;71;71;705;705;0;0;0;0;0;0;0;0
607;1482092268;1482064600.sql;1482092268.sql;71;71;705;705;0;0;1;1;0;0;0;0
608;1482165172;1482092268.sql;1482165172.sql;71;72;705;706;1;0;0;1;0;0;2;0
609;1483348191;1482165172.sql;1483348191.sql;72;72;706;706;0;0;0;0;0;0;0;0
610;1483458778;1483348191.sql;1483458778.sql;72;72;706;706;0;0;0;0;0;0;0;0
611;1483991203;1483458778.sql;1483991203.sql;72;72;706;706;0;0;0;0;0;0;0;0
612;1484056700;1483991203.sql;1484056700.sql;72;72;706;706;0;0;0;0;0;0;0;0
613;1484056715;1484056700.sql;1484056715.sql;72;72;706;706;0;0;0;0;0;0;0;0
614;1484649700;1484056715.sql;1484649700.sql;72;72;706;707;0;0;1;0;0;0;0;0
615;1484653585;1484649700.sql;1484653585.sql;72;72;707;707;0;0;0;0;0;0;0;0
616;1484657974;1484653585.sql;1484657974.sql;72;72;707;707;0;0;0;0;0;0;0;0
617;1485197813;1484657974.sql;1485197813.sql;72;72;707;702;0;0;0;5;0;0;0;0
618;1485541118;1485197813.sql;1485541118.sql;72;72;702;702;0;0;0;0;0;0;0;0
619;1486061454;1485541118.sql;1486061454.sql;72;72;702;702;0;0;0;0;0;0;0;0
620;1486240570;1486061454.sql;1486240570.sql;72;72;702;702;0;0;0;0;0;0;0;0
621;1486242059;1486240570.sql;1486242059.sql;72;72;702;702;0;0;0;0;0;0;0;0
622;1486838600;1486242059.sql;1486838600.sql;72;72;702;702;0;0;0;0;0;0;0;0
623;1487533926;1486838600.sql;1487533926.sql;72;72;702;702;0;0;0;0;1;0;0;0
624;1487759982;1487533926.sql;1487759982.sql;72;72;702;702;0;0;0;0;0;0;0;0
625;1488507202;1487759982.sql;1488507202.sql;72;72;702;702;0;0;0;0;2;0;0;0
626;1488614143;1488507202.sql;1488614143.sql;72;72;702;702;0;0;0;0;2;0;0;0
627;1489145318;1488614143.sql;1489145318.sql;72;72;702;702;0;0;0;0;0;0;0;0
628;1489920964;1489145318.sql;1489920964.sql;72;72;702;702;0;0;0;0;2;0;0;0
629;1490004052;1489920964.sql;1490004052.sql;72;72;702;702;0;0;0;0;1;0;0;0
630;1490600152;1490004052.sql;1490600152.sql;72;72;702;701;0;0;0;1;0;0;0;0
631;1491376869;1490600152.sql;1491376869.sql;72;72;701;701;0;0;1;1;0;0;0;0
632;1491465234;1491376869.sql;1491465234.sql;72;72;701;701;0;0;0;0;0;0;0;0
633;1491500122;1491465234.sql;1491500122.sql;72;72;701;701;0;0;0;0;0;0;0;0
634;1491646253;1491500122.sql;1491646253.sql;72;72;701;701;0;0;0;0;0;0;0;0
635;1491937786;1491646253.sql;1491937786.sql;72;72;701;701;0;0;0;0;0;0;0;0
636;1492628071;1491937786.sql;1492628071.sql;72;72;701;701;0;0;0;0;0;0;0;0
637;1495481097;1492628071.sql;1495481097.sql;72;72;701;701;0;0;0;0;0;0;0;0
638;1496775254;1495481097.sql;1496775254.sql;72;72;701;701;0;0;0;0;0;0;0;0
639;1497365714;1496775254.sql;1497365714.sql;72;72;701;701;0;0;0;0;1;0;0;0
640;1500466095;1497365714.sql;1500466095.sql;72;72;701;701;0;0;0;0;0;0;0;0
641;1501339595;1500466095.sql;1501339595.sql;72;72;701;702;0;0;1;0;0;0;0;0
642;1501945840;1501339595.sql;1501945840.sql;72;72;702;702;0;0;0;0;0;0;0;0
643;1502729536;1501945840.sql;1502729536.sql;72;72;702;702;0;0;0;0;0;0;0;0
644;1504611670;1502729536.sql;1504611670.sql;72;72;702;702;0;0;0;0;0;0;0;0
645;1508083166;1504611670.sql;1508083166.sql;72;72;702;702;0;0;0;0;0;0;0;0
646;1516143236;1508083166.sql;1516143236.sql;72;72;702;702;0;0;0;0;0;0;0;0
647;1517962521;1516143236.sql;1517962521.sql;72;72;702;702;0;0;0;0;0;0;0;0
648;1519593765;1517962521.sql;1519593765.sql;72;72;702;702;0;0;0;0;0;0;0;0
649;1519683585;1519593765.sql;1519683585.sql;72;72;702;702;0;0;0;0;0;0;0;0
650;1525309247;1519683585.sql;1525309247.sql;72;72;702;702;0;0;0;0;0;0;0;0
651;1525514512;1525309247.sql;1525514512.sql;72;72;702;702;0;0;0;0;0;0;0;0
652;1525518651;1525514512.sql;1525518651.sql;72;75;702;715;3;0;0;0;0;0;13;0
653;1525551463;1525518651.sql;1525551463.sql;75;72;715;702;0;3;0;0;0;0;0;13
654;1525551504;1525551463.sql;1525551504.sql;72;72;702;702;0;0;0;0;0;0;0;0
655;1525594757;1525551504.sql;1525594757.sql;72;75;702;715;3;0;0;0;0;0;13;0
656;1525594934;1525594757.sql;1525594934.sql;75;75;715;715;0;0;0;0;0;0;0;0
657;1525913160;1525594934.sql;1525913160.sql;75;73;715;712;1;3;0;0;0;0;10;13
658;1525914271;1525913160.sql;1525914271.sql;73;73;712;712;0;0;0;0;0;0;0;0
659;1526285331;1525914271.sql;1526285331.sql;73;75;712;718;3;1;0;0;0;0;16;10
660;1526544466;1526285331.sql;1526544466.sql;75;75;718;718;0;0;0;0;0;0;0;0
661;1526585490;1526544466.sql;1526585490.sql;75;73;718;712;1;3;0;0;0;0;10;16
662;1526586534;1526585490.sql;1526586534.sql;73;75;712;718;3;1;0;0;0;0;16;10
663;1526586936;1526586534.sql;1526586936.sql;75;76;718;728;1;0;0;0;0;0;10;0
664;1526611666;1526586936.sql;1526611666.sql;76;72;728;702;0;4;0;0;0;0;0;26
665;1526640914;1526611666.sql;1526640914.sql;72;76;702;728;4;0;0;0;0;0;26;0
666;1526769026;1526640914.sql;1526769026.sql;76;72;728;702;0;4;0;0;0;0;0;26
667;1526769234;1526769026.sql;1526769234.sql;72;73;702;712;1;0;0;0;0;0;10;0
668;1526769295;1526769234.sql;1526769295.sql;73;73;712;712;0;0;0;0;0;0;0;0
669;1526796072;1526769295.sql;1526796072.sql;73;76;712;728;3;0;0;0;0;0;16;0
670;1526810734;1526796072.sql;1526810734.sql;76;76;728;728;0;0;0;0;0;0;0;0
671;1526887806;1526810734.sql;1526887806.sql;76;76;728;728;3;3;0;0;0;0;16;16
672;1526896808;1526887806.sql;1526896808.sql;76;76;728;728;3;3;0;0;0;0;16;16
673;1526929044;1526896808.sql;1526929044.sql;76;76;728;728;3;3;0;0;0;0;16;16
674;1526997372;1526929044.sql;1526997372.sql;76;72;728;702;0;4;0;0;0;0;0;26
675;1527124574;1526997372.sql;1527124574.sql;72;73;702;712;1;0;0;0;0;0;10;0
676;1527153521;1527124574.sql;1527153521.sql;73;74;712;717;1;0;0;0;0;0;5;0
677;1527160348;1527153521.sql;1527160348.sql;74;74;717;717;0;0;0;0;1;0;0;0
678;1527452345;1527160348.sql;1527452345.sql;74;73;717;712;0;1;0;0;0;0;0;5
679;1527553218;1527452345.sql;1527553218.sql;73;74;712;717;1;0;0;0;0;0;5;0
680;1527733475;1527553218.sql;1527733475.sql;74;76;717;728;3;1;0;0;0;0;16;5
681;1527733605;1527733475.sql;1527733605.sql;76;76;728;728;0;0;0;0;0;0;0;0
682;1527734489;1527733605.sql;1527734489.sql;76;76;728;728;0;0;0;0;0;0;0;0
683;1527735912;1527734489.sql;1527735912.sql;76;76;728;728;0;0;0;0;0;0;0;0
684;1527736888;1527735912.sql;1527736888.sql;76;77;728;733;1;0;0;0;0;0;5;0
685;1527812283;1527736888.sql;1527812283.sql;77;77;733;733;0;0;0;0;0;0;0;0
686;1527953378;1527812283.sql;1527953378.sql;77;72;733;703;0;5;1;0;0;0;0;31
687;1527954853;1527953378.sql;1527954853.sql;72;77;703;734;5;0;0;0;0;0;31;0
688;1527954878;1527954853.sql;1527954878.sql;77;77;734;734;0;0;0;0;0;0;0;0
689;1528230475;1527954878.sql;1528230475.sql;77;77;734;734;0;0;0;0;0;0;0;0
690;1528254687;1528230475.sql;1528254687.sql;77;77;734;734;0;0;0;0;0;0;0;0
691;1528255976;1528254687.sql;1528255976.sql;77;77;734;735;0;0;1;0;0;0;0;0
692;1528820768;1528255976.sql;1528820768.sql;77;77;735;735;0;0;0;0;0;0;0;0
693;1528843120;1528820768.sql;1528843120.sql;77;77;735;735;0;0;0;0;0;0;0;0
694;1528978110;1528843120.sql;1528978110.sql;77;77;735;735;0;0;0;0;0;0;0;0
695;1529023731;1528978110.sql;1529023731.sql;77;77;735;735;0;0;0;0;0;0;0;0
696;1529028094;1529023731.sql;1529028094.sql;77;77;735;735;0;0;0;0;0;0;0;0
697;1529028472;1529028094.sql;1529028472.sql;77;77;735;735;0;0;0;0;0;0;0;0
698;1529028968;1529028472.sql;1529028968.sql;77;77;735;735;0;0;0;0;0;0;0;0
699;1529113346;1529028968.sql;1529113346.sql;77;77;735;735;0;0;0;0;0;0;0;0
700;1529128010;1529113346.sql;1529128010.sql;77;77;735;735;0;0;0;0;0;0;0;0
701;1529189845;1529128010.sql;1529189845.sql;77;77;735;735;0;0;0;0;0;0;0;0
702;1529250809;1529189845.sql;1529250809.sql;77;77;735;735;0;0;0;0;0;0;0;0
703;1530188812;1529250809.sql;1530188812.sql;77;77;735;735;0;0;0;0;0;0;0;0
704;1530223309;1530188812.sql;1530223309.sql;77;77;735;735;0;0;0;0;0;0;0;0
705;1530223465;1530223309.sql;1530223465.sql;77;77;735;737;0;0;2;0;0;0;0;0
706;1530314005;1530223465.sql;1530314005.sql;77;77;737;737;0;0;0;0;0;0;0;0
707;1530727801;1530314005.sql;1530727801.sql;77;77;737;737;0;0;0;0;1;0;0;0
708;1531091461;1530727801.sql;1531091461.sql;77;77;737;737;0;0;0;0;0;0;0;0
709;1531177074;1531091461.sql;1531177074.sql;77;77;737;737;0;0;0;0;0;0;0;0
710;1531397561;1531177074.sql;1531397561.sql;77;77;737;737;0;0;0;0;0;0;0;0
711;1531952696;1531397561.sql;1531952696.sql;77;77;737;737;1;1;0;0;0;0;7;7
712;1532793307;1531952696.sql;1532793307.sql;77;77;737;737;0;0;0;0;0;0;0;0
713;1532793386;1532793307.sql;1532793386.sql;77;77;737;737;0;0;0;0;0;0;0;0
714;1534978953;1532793386.sql;1534978953.sql;77;77;737;736;0;0;0;1;0;0;0;0
715;1535497971;1534978953.sql;1535497971.sql;77;77;736;736;0;0;0;0;3;0;0;0
716;1535498953;1535497971.sql;1535498953.sql;77;77;736;736;0;0;0;0;0;0;0;0
717;1535499394;1535498953.sql;1535499394.sql;77;77;736;737;0;0;1;0;0;0;0;0
718;1539777628;1535499394.sql;1539777628.sql;77;78;737;740;1;0;0;0;0;0;3;0
719;1540323887;1539777628.sql;1540323887.sql;78;78;740;738;0;0;0;2;0;0;0;0
720;1540343710;1540323887.sql;1540343710.sql;78;78;738;738;0;0;0;0;0;0;0;0
721;1540418172;1540343710.sql;1540418172.sql;78;78;738;738;0;0;0;0;0;0;0;0
722;1540419465;1540418172.sql;1540419465.sql;78;78;738;738;0;0;0;0;0;0;0;0
723;1547886209;1540419465.sql;1547886209.sql;78;78;738;738;0;0;0;0;0;0;0;0
724;1549729654;1547886209.sql;1549729654.sql;78;78;738;738;0;0;0;0;0;0;0;0
725;1551991741;1549729654.sql;1551991741.sql;78;78;738;738;0;0;0;0;0;0;0;0
