<?xml version="1.0" encoding="UTF-8" standalone="yes"?>
<transitions>
    <transition oldVersion="1424015304.sql" newVersion="1424024588.sql">
        <insertion type="NewTable">
            <table>
                <name>follow</name>
                <primaryKey>
                    <mode>0</mode>
                </primaryKey>
                <foreignKey/>
            </table>
            <attribute>
                <name>followDate</name>
                <type>DATETIME</type>
                <isKey>false</isKey>
            </attribute>
            <attribute>
                <name>id</name>
                <type>INT(11)</type>
                <isKey>false</isKey>
            </attribute>
            <attribute>
                <name>status</name>
                <type>TEXT</type>
                <isKey>false</isKey>
            </attribute>
            <attribute>
                <name>unfollowDate</name>
                <type>DATETIME</type>
                <isKey>false</isKey>
            </attribute>
            <attribute>
                <name>userId</name>
                <type>BIGINT(20)</type>
                <isKey>false</isKey>
            </attribute>
            <attribute>
                <name>userName</name>
                <type>VARCHAR(100)</type>
                <isKey>false</isKey>
            </attribute>
        </insertion>
    </transition>
    <transition oldVersion="1424024588.sql" newVersion="1424034220.sql">
        <insertion type="NewTable">
            <table>
                <name>reply</name>
                <primaryKey>
                    <mode>0</mode>
                </primaryKey>
                <foreignKey/>
            </table>
            <attribute>
                <name>answer</name>
                <type>TEXT</type>
                <isKey>false</isKey>
            </attribute>
            <attribute>
                <name>id</name>
                <type>INT</type>
                <isKey>false</isKey>
            </attribute>
            <attribute>
                <name>replyDate</name>
                <type>DATETIME</type>
                <isKey>false</isKey>
            </attribute>
            <attribute>
                <name>status</name>
                <type>TEXT</type>
                <isKey>false</isKey>
            </attribute>
            <attribute>
                <name>tweetId</name>
                <type>BIGINT</type>
                <isKey>false</isKey>
            </attribute>
            <attribute>
                <name>userId</name>
                <type>BIGINT</type>
                <isKey>false</isKey>
            </attribute>
            <attribute>
                <name>userName</name>
                <type>VARCHAR(100)</type>
                <isKey>false</isKey>
            </attribute>
        </insertion>
    </transition>
    <transition oldVersion="1424034220.sql" newVersion="1424383631.sql">
        <insertion type="UpdateTable">
            <table>
                <name>follow</name>
                <primaryKey>
                    <mode>0</mode>
                </primaryKey>
                <foreignKey/>
            </table>
            <attribute>
                <name>lastAction</name>
                <type>DATETIME</type>
                <isKey>false</isKey>
            </attribute>
        </insertion>
    </transition>
    <transition oldVersion="1424383631.sql" newVersion="1426346613.sql">
        <insertion type="NewTable">
            <table>
                <name>favorite</name>
                <primaryKey>
                    <mode>0</mode>
                </primaryKey>
                <foreignKey/>
            </table>
            <attribute>
                <name>favDate</name>
                <type>DATETIME</type>
                <isKey>false</isKey>
            </attribute>
            <attribute>
                <name>idfavorite</name>
                <type>INT</type>
                <isKey>false</isKey>
            </attribute>
            <attribute>
                <name>status</name>
                <type>TEXT</type>
                <isKey>false</isKey>
            </attribute>
            <attribute>
                <name>tweetId</name>
                <type>INT</type>
                <isKey>false</isKey>
            </attribute>
            <attribute>
                <name>unfavDate</name>
                <type>DATETIME</type>
                <isKey>false</isKey>
            </attribute>
            <attribute>
                <name>userId</name>
                <type>INT</type>
                <isKey>false</isKey>
            </attribute>
            <attribute>
                <name>userName</name>
                <type>VARCHAR(100)</type>
                <isKey>false</isKey>
            </attribute>
        </insertion>
    </transition>
    <transition oldVersion="1426346613.sql" newVersion="1426348402.sql">
        <insertion type="UpdateTable">
            <table>
                <name>favorite</name>
                <primaryKey>
                    <mode>0</mode>
                </primaryKey>
                <foreignKey/>
            </table>
            <attribute>
                <name>lastAction</name>
                <type>DATETIME</type>
                <isKey>false</isKey>
            </attribute>
        </insertion>
    </transition>
    <transition oldVersion="1426348402.sql" newVersion="1426349789.sql">
        <insertion type="UpdateTable">
            <table>
                <name>favorite</name>
                <primaryKey>
                    <mode>0</mode>
                </primaryKey>
                <foreignKey/>
            </table>
            <attribute>
                <name>id</name>
                <type>INT</type>
                <isKey>false</isKey>
            </attribute>
        </insertion>
        <deletion type="UpdateTable">
            <table>
                <name>favorite</name>
                <primaryKey>
                    <mode>0</mode>
                </primaryKey>
                <foreignKey/>
            </table>
            <attribute>
                <name>idfavorite</name>
                <type>INT</type>
                <isKey>false</isKey>
            </attribute>
        </deletion>
    </transition>
    <transition oldVersion="1426349789.sql" newVersion="1426350352.sql">
        <update type="TypeChange">
            <table>
                <name>favorite</name>
                <primaryKey>
                    <mode>0</mode>
                </primaryKey>
                <foreignKey/>
            </table>
            <attribute>
                <name>tweetId</name>
                <type>BIGINT</type>
                <isKey>false</isKey>
            </attribute>
            <attribute>
                <name>userId</name>
                <type>BIGINT</type>
                <isKey>false</isKey>
            </attribute>
        </update>
    </transition>
    <transition oldVersion="1426350352.sql" newVersion="1426350834.sql"/>
    <transition oldVersion="1426350834.sql" newVersion="1551358767.sql">
        <update type="TypeChange">
            <table>
                <name>favorite</name>
                <primaryKey>
                    <mode>0</mode>
                </primaryKey>
                <foreignKey/>
            </table>
            <attribute>
                <name>id</name>
                <type>INT(11)</type>
                <isKey>false</isKey>
            </attribute>
            <attribute>
                <name>tweetId</name>
                <type>BIGINT(20)</type>
                <isKey>false</isKey>
            </attribute>
            <attribute>
                <name>userId</name>
                <type>BIGINT(20)</type>
                <isKey>false</isKey>
            </attribute>
        </update>
        <update type="TypeChange">
            <table>
                <name>reply</name>
                <primaryKey>
                    <mode>0</mode>
                </primaryKey>
                <foreignKey/>
            </table>
            <attribute>
                <name>id</name>
                <type>INT(11)</type>
                <isKey>false</isKey>
            </attribute>
            <attribute>
                <name>tweetId</name>
                <type>BIGINT(20)</type>
                <isKey>false</isKey>
            </attribute>
            <attribute>
                <name>userId</name>
                <type>BIGINT(20)</type>
                <isKey>false</isKey>
            </attribute>
        </update>
    </transition>
</transitions>
