[{"commit_id": null, "commit_url": null, "url": "https://api.github.com/repos/opencart/opencart/issues/events/528417757", "created_at": "2016-01-27T17:02:01Z", "actor": {"following_url": "https://api.github.com/users/qahar/following{/other_user}", "events_url": "https://api.github.com/users/qahar/events{/privacy}", "organizations_url": "https://api.github.com/users/qahar/orgs", "url": "https://api.github.com/users/qahar", "gists_url": "https://api.github.com/users/qahar/gists{/gist_id}", "html_url": "https://github.com/qahar", "subscriptions_url": "https://api.github.com/users/qahar/subscriptions", "avatar_url": "https://avatars.githubusercontent.com/u/707089?v=3", "repos_url": "https://api.github.com/users/qahar/repos", "received_events_url": "https://api.github.com/users/qahar/received_events", "gravatar_id": "", "starred_url": "https://api.github.com/users/qahar/starred{/owner}{/repo}", "site_admin": false, "login": "qahar", "type": "User", "id": 707089, "followers_url": "https://api.github.com/users/qahar/followers"}, "event": "head_ref_deleted", "issue": {"labels": [], "number": 3871, "assignee": null, "repository_url": "https://api.github.com/repos/opencart/opencart", "closed_at": "2016-01-27T06:46:50Z", "id": 128799506, "title": "Add back page specific class", "pull_request": {"url": "https://api.github.com/repos/opencart/opencart/pulls/3871", "diff_url": "https://github.com/opencart/opencart/pull/3871.diff", "html_url": "https://github.com/opencart/opencart/pull/3871", "patch_url": "https://github.com/opencart/opencart/pull/3871.patch"}, "comments": 0, "state": "closed", "body": "", "labels_url": "https://api.github.com/repos/opencart/opencart/issues/3871/labels{/name}", "events_url": "https://api.github.com/repos/opencart/opencart/issues/3871/events", "comments_url": "https://api.github.com/repos/opencart/opencart/issues/3871/comments", "html_url": "https://github.com/opencart/opencart/pull/3871", "updated_at": "2016-01-27T17:02:01Z", "user": {"following_url": "https://api.github.com/users/qahar/following{/other_user}", "events_url": "https://api.github.com/users/qahar/events{/privacy}", "organizations_url": "https://api.github.com/users/qahar/orgs", "url": "https://api.github.com/users/qahar", "gists_url": "https://api.github.com/users/qahar/gists{/gist_id}", "html_url": "https://github.com/qahar", "subscriptions_url": "https://api.github.com/users/qahar/subscriptions", "avatar_url": "https://avatars.githubusercontent.com/u/707089?v=3", "repos_url": "https://api.github.com/users/qahar/repos", "received_events_url": "https://api.github.com/users/qahar/received_events", "gravatar_id": "", "starred_url": "https://api.github.com/users/qahar/starred{/owner}{/repo}", "site_admin": false, "login": "qahar", "type": "User", "id": 707089, "followers_url": "https://api.github.com/users/qahar/followers"}, "milestone": null, "locked": false, "url": "https://api.github.com/repos/opencart/opencart/issues/3871", "created_at": "2016-01-26T11:56:04Z", "assignees": []}, "id": 528417757}, {"commit_id": null, "commit_url": null, "url": "https://api.github.com/repos/opencart/opencart/issues/events/527743886", "created_at": "2016-01-27T08:46:39Z", "actor": {"following_url": "https://api.github.com/users/property/following{/other_user}", "events_url": "https://api.github.com/users/property/events{/privacy}", "organizations_url": "https://api.github.com/users/property/orgs", "url": "https://api.github.com/users/property", "gists_url": "https://api.github.com/users/property/gists{/gist_id}", "html_url": "https://github.com/property", "subscriptions_url": "https://api.github.com/users/property/subscriptions", "avatar_url": "https://avatars.githubusercontent.com/u/263036?v=3", "repos_url": "https://api.github.com/users/property/repos", "received_events_url": "https://api.github.com/users/property/received_events", "gravatar_id": "", "starred_url": "https://api.github.com/users/property/starred{/owner}{/repo}", "site_admin": false, "login": "property", "type": "User", "id": 263036, "followers_url": "https://api.github.com/users/property/followers"}, "event": "subscribed", "issue": {"body": "Sorry but dont know hot to contact with main contributors else.\n1. Are there right tests for OpenCart v2.1+ ?\n   Because the tests in https://github.com/openbaypro/opencart-test-suite.git not correspond to version 2.1+.\n2. You are not using type hinting, even @property declaration in class header. Why ? That much improve code understanding and navigation.\n\nthank a lot\n", "labels": [], "locked": false, "title": "Some Questions", "url": "https://api.github.com/repos/opencart/opencart/issues/3876", "labels_url": "https://api.github.com/repos/opencart/opencart/issues/3876/labels{/name}", "created_at": "2016-01-27T08:46:39Z", "events_url": "https://api.github.com/repos/opencart/opencart/issues/3876/events", "comments_url": "https://api.github.com/repos/opencart/opencart/issues/3876/comments", "html_url": "https://github.com/opencart/opencart/issues/3876", "comments": 1, "number": 3876, "updated_at": "2016-02-22T22:31:04Z", "assignee": null, "state": "closed", "user": {"following_url": "https://api.github.com/users/lexand/following{/other_user}", "events_url": "https://api.github.com/users/lexand/events{/privacy}", "organizations_url": "https://api.github.com/users/lexand/orgs", "url": "https://api.github.com/users/lexand", "gists_url": "https://api.github.com/users/lexand/gists{/gist_id}", "html_url": "https://github.com/lexand", "subscriptions_url": "https://api.github.com/users/lexand/subscriptions", "avatar_url": "https://avatars.githubusercontent.com/u/927515?v=3", "repos_url": "https://api.github.com/users/lexand/repos", "received_events_url": "https://api.github.com/users/lexand/received_events", "gravatar_id": "", "starred_url": "https://api.github.com/users/lexand/starred{/owner}{/repo}", "site_admin": false, "login": "lexand", "type": "User", "id": 927515, "followers_url": "https://api.github.com/users/lexand/followers"}, "milestone": null, "repository_url": "https://api.github.com/repos/opencart/opencart", "closed_at": "2016-02-22T22:31:01Z", "assignees": [], "id": 129073163}, "id": 527743886}, {"commit_id": null, "commit_url": null, "url": "https://api.github.com/repos/opencart/opencart/issues/events/527743885", "created_at": "2016-01-27T08:46:39Z", "actor": {"following_url": "https://api.github.com/users/property/following{/other_user}", "events_url": "https://api.github.com/users/property/events{/privacy}", "organizations_url": "https://api.github.com/users/property/orgs", "url": "https://api.github.com/users/property", "gists_url": "https://api.github.com/users/property/gists{/gist_id}", "html_url": "https://github.com/property", "subscriptions_url": "https://api.github.com/users/property/subscriptions", "avatar_url": "https://avatars.githubusercontent.com/u/263036?v=3", "repos_url": "https://api.github.com/users/property/repos", "received_events_url": "https://api.github.com/users/property/received_events", "gravatar_id": "", "starred_url": "https://api.github.com/users/property/starred{/owner}{/repo}", "site_admin": false, "login": "property", "type": "User", "id": 263036, "followers_url": "https://api.github.com/users/property/followers"}, "event": "mentioned", "issue": {"body": "Sorry but dont know hot to contact with main contributors else.\n1. Are there right tests for OpenCart v2.1+ ?\n   Because the tests in https://github.com/openbaypro/opencart-test-suite.git not correspond to version 2.1+.\n2. You are not using type hinting, even @property declaration in class header. Why ? That much improve code understanding and navigation.\n\nthank a lot\n", "labels": [], "locked": false, "title": "Some Questions", "url": "https://api.github.com/repos/opencart/opencart/issues/3876", "labels_url": "https://api.github.com/repos/opencart/opencart/issues/3876/labels{/name}", "created_at": "2016-01-27T08:46:39Z", "events_url": "https://api.github.com/repos/opencart/opencart/issues/3876/events", "comments_url": "https://api.github.com/repos/opencart/opencart/issues/3876/comments", "html_url": "https://github.com/opencart/opencart/issues/3876", "comments": 1, "number": 3876, "updated_at": "2016-02-22T22:31:04Z", "assignee": null, "state": "closed", "user": {"following_url": "https://api.github.com/users/lexand/following{/other_user}", "events_url": "https://api.github.com/users/lexand/events{/privacy}", "organizations_url": "https://api.github.com/users/lexand/orgs", "url": "https://api.github.com/users/lexand", "gists_url": "https://api.github.com/users/lexand/gists{/gist_id}", "html_url": "https://github.com/lexand", "subscriptions_url": "https://api.github.com/users/lexand/subscriptions", "avatar_url": "https://avatars.githubusercontent.com/u/927515?v=3", "repos_url": "https://api.github.com/users/lexand/repos", "received_events_url": "https://api.github.com/users/lexand/received_events", "gravatar_id": "", "starred_url": "https://api.github.com/users/lexand/starred{/owner}{/repo}", "site_admin": false, "login": "lexand", "type": "User", "id": 927515, "followers_url": "https://api.github.com/users/lexand/followers"}, "milestone": null, "repository_url": "https://api.github.com/repos/opencart/opencart", "closed_at": "2016-02-22T22:31:01Z", "assignees": [], "id": 129073163}, "id": 527743885}, {"commit_id": null, "commit_url": null, "url": "https://api.github.com/repos/opencart/opencart/issues/events/527643795", "created_at": "2016-01-27T06:55:26Z", "actor": {"following_url": "https://api.github.com/users/danielkerr/following{/other_user}", "events_url": "https://api.github.com/users/danielkerr/events{/privacy}", "organizations_url": "https://api.github.com/users/danielkerr/orgs", "url": "https://api.github.com/users/danielkerr", "gists_url": "https://api.github.com/users/danielkerr/gists{/gist_id}", "html_url": "https://github.com/danielkerr", "subscriptions_url": "https://api.github.com/users/danielkerr/subscriptions", "avatar_url": "https://avatars.githubusercontent.com/u/5079756?v=3", "repos_url": "https://api.github.com/users/danielkerr/repos", "received_events_url": "https://api.github.com/users/danielkerr/received_events", "gravatar_id": "", "starred_url": "https://api.github.com/users/danielkerr/starred{/owner}{/repo}", "site_admin": false, "login": "danielkerr", "type": "User", "id": 5079756, "followers_url": "https://api.github.com/users/danielkerr/followers"}, "event": "closed", "issue": {"labels": [], "number": 2566, "assignee": null, "repository_url": "https://api.github.com/repos/opencart/opencart", "closed_at": "2016-01-27T06:55:26Z", "id": 54557875, "title": "display prices redundant condition", "pull_request": {"url": "https://api.github.com/repos/opencart/opencart/pulls/2566", "diff_url": "https://github.com/opencart/opencart/pull/2566.diff", "html_url": "https://github.com/opencart/opencart/pull/2566", "patch_url": "https://github.com/opencart/opencart/pull/2566.patch"}, "comments": 1, "state": "closed", "body": "if \n$this->customer->isLogged() === true \nthen prices are automatically visible, \nno need to check $this->config->get('config_customer_price')\n", "labels_url": "https://api.github.com/repos/opencart/opencart/issues/2566/labels{/name}", "events_url": "https://api.github.com/repos/opencart/opencart/issues/2566/events", "comments_url": "https://api.github.com/repos/opencart/opencart/issues/2566/comments", "html_url": "https://github.com/opencart/opencart/pull/2566", "updated_at": "2016-01-27T06:55:31Z", "user": {"following_url": "https://api.github.com/users/pine3ree/following{/other_user}", "events_url": "https://api.github.com/users/pine3ree/events{/privacy}", "organizations_url": "https://api.github.com/users/pine3ree/orgs", "url": "https://api.github.com/users/pine3ree", "gists_url": "https://api.github.com/users/pine3ree/gists{/gist_id}", "html_url": "https://github.com/pine3ree", "subscriptions_url": "https://api.github.com/users/pine3ree/subscriptions", "avatar_url": "https://avatars.githubusercontent.com/u/3229979?v=3", "repos_url": "https://api.github.com/users/pine3ree/repos", "received_events_url": "https://api.github.com/users/pine3ree/received_events", "gravatar_id": "", "starred_url": "https://api.github.com/users/pine3ree/starred{/owner}{/repo}", "site_admin": false, "login": "pine3ree", "type": "User", "id": 3229979, "followers_url": "https://api.github.com/users/pine3ree/followers"}, "milestone": null, "locked": false, "url": "https://api.github.com/repos/opencart/opencart/issues/2566", "created_at": "2015-01-16T09:56:20Z", "assignees": []}, "id": 527643795}, {"commit_id": null, "commit_url": null, "url": "https://api.github.com/repos/opencart/opencart/issues/events/527632900", "created_at": "2016-01-27T06:46:50Z", "actor": {"following_url": "https://api.github.com/users/danielkerr/following{/other_user}", "events_url": "https://api.github.com/users/danielkerr/events{/privacy}", "organizations_url": "https://api.github.com/users/danielkerr/orgs", "url": "https://api.github.com/users/danielkerr", "gists_url": "https://api.github.com/users/danielkerr/gists{/gist_id}", "html_url": "https://github.com/danielkerr", "subscriptions_url": "https://api.github.com/users/danielkerr/subscriptions", "avatar_url": "https://avatars.githubusercontent.com/u/5079756?v=3", "repos_url": "https://api.github.com/users/danielkerr/repos", "received_events_url": "https://api.github.com/users/danielkerr/received_events", "gravatar_id": "", "starred_url": "https://api.github.com/users/danielkerr/starred{/owner}{/repo}", "site_admin": false, "login": "danielkerr", "type": "User", "id": 5079756, "followers_url": "https://api.github.com/users/danielkerr/followers"}, "event": "closed", "issue": {"labels": [], "number": 3871, "assignee": null, "repository_url": "https://api.github.com/repos/opencart/opencart", "closed_at": "2016-01-27T06:46:50Z", "id": 128799506, "title": "Add back page specific class", "pull_request": {"url": "https://api.github.com/repos/opencart/opencart/pulls/3871", "diff_url": "https://github.com/opencart/opencart/pull/3871.diff", "html_url": "https://github.com/opencart/opencart/pull/3871", "patch_url": "https://github.com/opencart/opencart/pull/3871.patch"}, "comments": 0, "state": "closed", "body": "", "labels_url": "https://api.github.com/repos/opencart/opencart/issues/3871/labels{/name}", "events_url": "https://api.github.com/repos/opencart/opencart/issues/3871/events", "comments_url": "https://api.github.com/repos/opencart/opencart/issues/3871/comments", "html_url": "https://github.com/opencart/opencart/pull/3871", "updated_at": "2016-01-27T17:02:01Z", "user": {"following_url": "https://api.github.com/users/qahar/following{/other_user}", "events_url": "https://api.github.com/users/qahar/events{/privacy}", "organizations_url": "https://api.github.com/users/qahar/orgs", "url": "https://api.github.com/users/qahar", "gists_url": "https://api.github.com/users/qahar/gists{/gist_id}", "html_url": "https://github.com/qahar", "subscriptions_url": "https://api.github.com/users/qahar/subscriptions", "avatar_url": "https://avatars.githubusercontent.com/u/707089?v=3", "repos_url": "https://api.github.com/users/qahar/repos", "received_events_url": "https://api.github.com/users/qahar/received_events", "gravatar_id": "", "starred_url": "https://api.github.com/users/qahar/starred{/owner}{/repo}", "site_admin": false, "login": "qahar", "type": "User", "id": 707089, "followers_url": "https://api.github.com/users/qahar/followers"}, "milestone": null, "locked": false, "url": "https://api.github.com/repos/opencart/opencart/issues/3871", "created_at": "2016-01-26T11:56:04Z", "assignees": []}, "id": 527632900}, {"commit_id": "b138158370114778ed672e42f470d74b34f0ae87", "commit_url": "https://api.github.com/repos/opencart/opencart/commits/b138158370114778ed672e42f470d74b34f0ae87", "url": "https://api.github.com/repos/opencart/opencart/issues/events/527632899", "created_at": "2016-01-27T06:46:50Z", "actor": {"following_url": "https://api.github.com/users/danielkerr/following{/other_user}", "events_url": "https://api.github.com/users/danielkerr/events{/privacy}", "organizations_url": "https://api.github.com/users/danielkerr/orgs", "url": "https://api.github.com/users/danielkerr", "gists_url": "https://api.github.com/users/danielkerr/gists{/gist_id}", "html_url": "https://github.com/danielkerr", "subscriptions_url": "https://api.github.com/users/danielkerr/subscriptions", "avatar_url": "https://avatars.githubusercontent.com/u/5079756?v=3", "repos_url": "https://api.github.com/users/danielkerr/repos", "received_events_url": "https://api.github.com/users/danielkerr/received_events", "gravatar_id": "", "starred_url": "https://api.github.com/users/danielkerr/starred{/owner}{/repo}", "site_admin": false, "login": "danielkerr", "type": "User", "id": 5079756, "followers_url": "https://api.github.com/users/danielkerr/followers"}, "event": "merged", "issue": {"labels": [], "number": 3871, "assignee": null, "repository_url": "https://api.github.com/repos/opencart/opencart", "closed_at": "2016-01-27T06:46:50Z", "id": 128799506, "title": "Add back page specific class", "pull_request": {"url": "https://api.github.com/repos/opencart/opencart/pulls/3871", "diff_url": "https://github.com/opencart/opencart/pull/3871.diff", "html_url": "https://github.com/opencart/opencart/pull/3871", "patch_url": "https://github.com/opencart/opencart/pull/3871.patch"}, "comments": 0, "state": "closed", "body": "", "labels_url": "https://api.github.com/repos/opencart/opencart/issues/3871/labels{/name}", "events_url": "https://api.github.com/repos/opencart/opencart/issues/3871/events", "comments_url": "https://api.github.com/repos/opencart/opencart/issues/3871/comments", "html_url": "https://github.com/opencart/opencart/pull/3871", "updated_at": "2016-01-27T17:02:01Z", "user": {"following_url": "https://api.github.com/users/qahar/following{/other_user}", "events_url": "https://api.github.com/users/qahar/events{/privacy}", "organizations_url": "https://api.github.com/users/qahar/orgs", "url": "https://api.github.com/users/qahar", "gists_url": "https://api.github.com/users/qahar/gists{/gist_id}", "html_url": "https://github.com/qahar", "subscriptions_url": "https://api.github.com/users/qahar/subscriptions", "avatar_url": "https://avatars.githubusercontent.com/u/707089?v=3", "repos_url": "https://api.github.com/users/qahar/repos", "received_events_url": "https://api.github.com/users/qahar/received_events", "gravatar_id": "", "starred_url": "https://api.github.com/users/qahar/starred{/owner}{/repo}", "site_admin": false, "login": "qahar", "type": "User", "id": 707089, "followers_url": "https://api.github.com/users/qahar/followers"}, "milestone": null, "locked": false, "url": "https://api.github.com/repos/opencart/opencart/issues/3871", "created_at": "2016-01-26T11:56:04Z", "assignees": []}, "id": 527632899}, {"commit_id": "b138158370114778ed672e42f470d74b34f0ae87", "commit_url": "https://api.github.com/repos/opencart/opencart/commits/b138158370114778ed672e42f470d74b34f0ae87", "url": "https://api.github.com/repos/opencart/opencart/issues/events/527632898", "created_at": "2016-01-27T06:46:50Z", "actor": {"following_url": "https://api.github.com/users/danielkerr/following{/other_user}", "events_url": "https://api.github.com/users/danielkerr/events{/privacy}", "organizations_url": "https://api.github.com/users/danielkerr/orgs", "url": "https://api.github.com/users/danielkerr", "gists_url": "https://api.github.com/users/danielkerr/gists{/gist_id}", "html_url": "https://github.com/danielkerr", "subscriptions_url": "https://api.github.com/users/danielkerr/subscriptions", "avatar_url": "https://avatars.githubusercontent.com/u/5079756?v=3", "repos_url": "https://api.github.com/users/danielkerr/repos", "received_events_url": "https://api.github.com/users/danielkerr/received_events", "gravatar_id": "", "starred_url": "https://api.github.com/users/danielkerr/starred{/owner}{/repo}", "site_admin": false, "login": "danielkerr", "type": "User", "id": 5079756, "followers_url": "https://api.github.com/users/danielkerr/followers"}, "event": "referenced", "issue": {"labels": [], "number": 3871, "assignee": null, "repository_url": "https://api.github.com/repos/opencart/opencart", "closed_at": "2016-01-27T06:46:50Z", "id": 128799506, "title": "Add back page specific class", "pull_request": {"url": "https://api.github.com/repos/opencart/opencart/pulls/3871", "diff_url": "https://github.com/opencart/opencart/pull/3871.diff", "html_url": "https://github.com/opencart/opencart/pull/3871", "patch_url": "https://github.com/opencart/opencart/pull/3871.patch"}, "comments": 0, "state": "closed", "body": "", "labels_url": "https://api.github.com/repos/opencart/opencart/issues/3871/labels{/name}", "events_url": "https://api.github.com/repos/opencart/opencart/issues/3871/events", "comments_url": "https://api.github.com/repos/opencart/opencart/issues/3871/comments", "html_url": "https://github.com/opencart/opencart/pull/3871", "updated_at": "2016-01-27T17:02:01Z", "user": {"following_url": "https://api.github.com/users/qahar/following{/other_user}", "events_url": "https://api.github.com/users/qahar/events{/privacy}", "organizations_url": "https://api.github.com/users/qahar/orgs", "url": "https://api.github.com/users/qahar", "gists_url": "https://api.github.com/users/qahar/gists{/gist_id}", "html_url": "https://github.com/qahar", "subscriptions_url": "https://api.github.com/users/qahar/subscriptions", "avatar_url": "https://avatars.githubusercontent.com/u/707089?v=3", "repos_url": "https://api.github.com/users/qahar/repos", "received_events_url": "https://api.github.com/users/qahar/received_events", "gravatar_id": "", "starred_url": "https://api.github.com/users/qahar/starred{/owner}{/repo}", "site_admin": false, "login": "qahar", "type": "User", "id": 707089, "followers_url": "https://api.github.com/users/qahar/followers"}, "milestone": null, "locked": false, "url": "https://api.github.com/repos/opencart/opencart/issues/3871", "created_at": "2016-01-26T11:56:04Z", "assignees": []}, "id": 527632898}, {"commit_id": null, "commit_url": null, "url": "https://api.github.com/repos/opencart/opencart/issues/events/527323914", "created_at": "2016-01-27T00:16:41Z", "actor": {"following_url": "https://api.github.com/users/qahar/following{/other_user}", "events_url": "https://api.github.com/users/qahar/events{/privacy}", "organizations_url": "https://api.github.com/users/qahar/orgs", "url": "https://api.github.com/users/qahar", "gists_url": "https://api.github.com/users/qahar/gists{/gist_id}", "html_url": "https://github.com/qahar", "subscriptions_url": "https://api.github.com/users/qahar/subscriptions", "avatar_url": "https://avatars.githubusercontent.com/u/707089?v=3", "repos_url": "https://api.github.com/users/qahar/repos", "received_events_url": "https://api.github.com/users/qahar/received_events", "gravatar_id": "", "starred_url": "https://api.github.com/users/qahar/starred{/owner}{/repo}", "site_admin": false, "login": "qahar", "type": "User", "id": 707089, "followers_url": "https://api.github.com/users/qahar/followers"}, "event": "head_ref_deleted", "issue": {"labels": [], "number": 3866, "assignee": null, "repository_url": "https://api.github.com/repos/opencart/opencart", "closed_at": "2016-01-26T16:56:25Z", "id": 128638507, "title": "Module order by position and sort_order in layout", "pull_request": {"url": "https://api.github.com/repos/opencart/opencart/pulls/3866", "diff_url": "https://github.com/opencart/opencart/pull/3866.diff", "html_url": "https://github.com/opencart/opencart/pull/3866", "patch_url": "https://github.com/opencart/opencart/pull/3866.patch"}, "comments": 0, "state": "closed", "body": "Small tweak to show module list by position and sort_order in Layout\n", "labels_url": "https://api.github.com/repos/opencart/opencart/issues/3866/labels{/name}", "events_url": "https://api.github.com/repos/opencart/opencart/issues/3866/events", "comments_url": "https://api.github.com/repos/opencart/opencart/issues/3866/comments", "html_url": "https://github.com/opencart/opencart/pull/3866", "updated_at": "2016-01-27T00:16:41Z", "user": {"following_url": "https://api.github.com/users/qahar/following{/other_user}", "events_url": "https://api.github.com/users/qahar/events{/privacy}", "organizations_url": "https://api.github.com/users/qahar/orgs", "url": "https://api.github.com/users/qahar", "gists_url": "https://api.github.com/users/qahar/gists{/gist_id}", "html_url": "https://github.com/qahar", "subscriptions_url": "https://api.github.com/users/qahar/subscriptions", "avatar_url": "https://avatars.githubusercontent.com/u/707089?v=3", "repos_url": "https://api.github.com/users/qahar/repos", "received_events_url": "https://api.github.com/users/qahar/received_events", "gravatar_id": "", "starred_url": "https://api.github.com/users/qahar/starred{/owner}{/repo}", "site_admin": false, "login": "qahar", "type": "User", "id": 707089, "followers_url": "https://api.github.com/users/qahar/followers"}, "milestone": null, "locked": false, "url": "https://api.github.com/repos/opencart/opencart/issues/3866", "created_at": "2016-01-25T21:08:05Z", "assignees": []}, "id": 527323914}, {"commit_id": null, "commit_url": null, "url": "https://api.github.com/repos/opencart/opencart/issues/events/527323646", "created_at": "2016-01-27T00:16:20Z", "actor": {"following_url": "https://api.github.com/users/qahar/following{/other_user}", "events_url": "https://api.github.com/users/qahar/events{/privacy}", "organizations_url": "https://api.github.com/users/qahar/orgs", "url": "https://api.github.com/users/qahar", "gists_url": "https://api.github.com/users/qahar/gists{/gist_id}", "html_url": "https://github.com/qahar", "subscriptions_url": "https://api.github.com/users/qahar/subscriptions", "avatar_url": "https://avatars.githubusercontent.com/u/707089?v=3", "repos_url": "https://api.github.com/users/qahar/repos", "received_events_url": "https://api.github.com/users/qahar/received_events", "gravatar_id": "", "starred_url": "https://api.github.com/users/qahar/starred{/owner}{/repo}", "site_admin": false, "login": "qahar", "type": "User", "id": 707089, "followers_url": "https://api.github.com/users/qahar/followers"}, "event": "head_ref_deleted", "issue": {"labels": [], "number": 3868, "assignee": null, "repository_url": "https://api.github.com/repos/opencart/opencart", "closed_at": "2016-01-26T17:24:55Z", "id": 128652517, "title": "fix missing model setting/setting", "pull_request": {"url": "https://api.github.com/repos/opencart/opencart/pulls/3868", "diff_url": "https://github.com/opencart/opencart/pull/3868.diff", "html_url": "https://github.com/opencart/opencart/pull/3868", "patch_url": "https://github.com/opencart/opencart/pull/3868.patch"}, "comments": 0, "state": "closed", "body": "", "labels_url": "https://api.github.com/repos/opencart/opencart/issues/3868/labels{/name}", "events_url": "https://api.github.com/repos/opencart/opencart/issues/3868/events", "comments_url": "https://api.github.com/repos/opencart/opencart/issues/3868/comments", "html_url": "https://github.com/opencart/opencart/pull/3868", "updated_at": "2016-01-27T00:16:20Z", "user": {"following_url": "https://api.github.com/users/qahar/following{/other_user}", "events_url": "https://api.github.com/users/qahar/events{/privacy}", "organizations_url": "https://api.github.com/users/qahar/orgs", "url": "https://api.github.com/users/qahar", "gists_url": "https://api.github.com/users/qahar/gists{/gist_id}", "html_url": "https://github.com/qahar", "subscriptions_url": "https://api.github.com/users/qahar/subscriptions", "avatar_url": "https://avatars.githubusercontent.com/u/707089?v=3", "repos_url": "https://api.github.com/users/qahar/repos", "received_events_url": "https://api.github.com/users/qahar/received_events", "gravatar_id": "", "starred_url": "https://api.github.com/users/qahar/starred{/owner}{/repo}", "site_admin": false, "login": "qahar", "type": "User", "id": 707089, "followers_url": "https://api.github.com/users/qahar/followers"}, "milestone": null, "locked": false, "url": "https://api.github.com/repos/opencart/opencart/issues/3868", "created_at": "2016-01-25T22:03:37Z", "assignees": []}, "id": 527323646}, {"commit_id": null, "commit_url": null, "url": "https://api.github.com/repos/opencart/opencart/issues/events/527233578", "created_at": "2016-01-26T22:44:19Z", "actor": {"following_url": "https://api.github.com/users/danielkerr/following{/other_user}", "events_url": "https://api.github.com/users/danielkerr/events{/privacy}", "organizations_url": "https://api.github.com/users/danielkerr/orgs", "url": "https://api.github.com/users/danielkerr", "gists_url": "https://api.github.com/users/danielkerr/gists{/gist_id}", "html_url": "https://github.com/danielkerr", "subscriptions_url": "https://api.github.com/users/danielkerr/subscriptions", "avatar_url": "https://avatars.githubusercontent.com/u/5079756?v=3", "repos_url": "https://api.github.com/users/danielkerr/repos", "received_events_url": "https://api.github.com/users/danielkerr/received_events", "gravatar_id": "", "starred_url": "https://api.github.com/users/danielkerr/starred{/owner}{/repo}", "site_admin": false, "login": "danielkerr", "type": "User", "id": 5079756, "followers_url": "https://api.github.com/users/danielkerr/followers"}, "event": "closed", "issue": {"labels": [], "number": 3870, "assignee": null, "repository_url": "https://api.github.com/repos/opencart/opencart", "closed_at": "2016-01-26T22:44:19Z", "id": 128738614, "title": "product edit tab-image content", "pull_request": {"url": "https://api.github.com/repos/opencart/opencart/pulls/3870", "diff_url": "https://github.com/opencart/opencart/pull/3870.diff", "html_url": "https://github.com/opencart/opencart/pull/3870", "patch_url": "https://github.com/opencart/opencart/pull/3870.patch"}, "comments": 0, "state": "closed", "body": "re-styling image tab content and add new additional images language\nstring for not confusing the back-end user(admin/staff) between product\nimage and product additional image\n![clipboard01](https://cloud.githubusercontent.com/assets/15631453/12573970/5ce0b414-c43a-11e5-9efb-ee406df52ea6.jpg)\n", "labels_url": "https://api.github.com/repos/opencart/opencart/issues/3870/labels{/name}", "events_url": "https://api.github.com/repos/opencart/opencart/issues/3870/events", "comments_url": "https://api.github.com/repos/opencart/opencart/issues/3870/comments", "html_url": "https://github.com/opencart/opencart/pull/3870", "updated_at": "2016-03-04T11:10:42Z", "user": {"following_url": "https://api.github.com/users/ocextension/following{/other_user}", "events_url": "https://api.github.com/users/ocextension/events{/privacy}", "organizations_url": "https://api.github.com/users/ocextension/orgs", "url": "https://api.github.com/users/ocextension", "gists_url": "https://api.github.com/users/ocextension/gists{/gist_id}", "html_url": "https://github.com/ocextension", "subscriptions_url": "https://api.github.com/users/ocextension/subscriptions", "avatar_url": "https://avatars.githubusercontent.com/u/15631453?v=3", "repos_url": "https://api.github.com/users/ocextension/repos", "received_events_url": "https://api.github.com/users/ocextension/received_events", "gravatar_id": "", "starred_url": "https://api.github.com/users/ocextension/starred{/owner}{/repo}", "site_admin": false, "login": "ocextension", "type": "User", "id": 15631453, "followers_url": "https://api.github.com/users/ocextension/followers"}, "milestone": null, "locked": false, "url": "https://api.github.com/repos/opencart/opencart/issues/3870", "created_at": "2016-01-26T06:37:58Z", "assignees": []}, "id": 527233578}, {"commit_id": "fe60fb3867344818fbe641d55f89d0fe25e0143f", "commit_url": "https://api.github.com/repos/opencart/opencart/commits/fe60fb3867344818fbe641d55f89d0fe25e0143f", "url": "https://api.github.com/repos/opencart/opencart/issues/events/527233574", "created_at": "2016-01-26T22:44:19Z", "actor": {"following_url": "https://api.github.com/users/danielkerr/following{/other_user}", "events_url": "https://api.github.com/users/danielkerr/events{/privacy}", "organizations_url": "https://api.github.com/users/danielkerr/orgs", "url": "https://api.github.com/users/danielkerr", "gists_url": "https://api.github.com/users/danielkerr/gists{/gist_id}", "html_url": "https://github.com/danielkerr", "subscriptions_url": "https://api.github.com/users/danielkerr/subscriptions", "avatar_url": "https://avatars.githubusercontent.com/u/5079756?v=3", "repos_url": "https://api.github.com/users/danielkerr/repos", "received_events_url": "https://api.github.com/users/danielkerr/received_events", "gravatar_id": "", "starred_url": "https://api.github.com/users/danielkerr/starred{/owner}{/repo}", "site_admin": false, "login": "danielkerr", "type": "User", "id": 5079756, "followers_url": "https://api.github.com/users/danielkerr/followers"}, "event": "merged", "issue": {"labels": [], "number": 3870, "assignee": null, "repository_url": "https://api.github.com/repos/opencart/opencart", "closed_at": "2016-01-26T22:44:19Z", "id": 128738614, "title": "product edit tab-image content", "pull_request": {"url": "https://api.github.com/repos/opencart/opencart/pulls/3870", "diff_url": "https://github.com/opencart/opencart/pull/3870.diff", "html_url": "https://github.com/opencart/opencart/pull/3870", "patch_url": "https://github.com/opencart/opencart/pull/3870.patch"}, "comments": 0, "state": "closed", "body": "re-styling image tab content and add new additional images language\nstring for not confusing the back-end user(admin/staff) between product\nimage and product additional image\n![clipboard01](https://cloud.githubusercontent.com/assets/15631453/12573970/5ce0b414-c43a-11e5-9efb-ee406df52ea6.jpg)\n", "labels_url": "https://api.github.com/repos/opencart/opencart/issues/3870/labels{/name}", "events_url": "https://api.github.com/repos/opencart/opencart/issues/3870/events", "comments_url": "https://api.github.com/repos/opencart/opencart/issues/3870/comments", "html_url": "https://github.com/opencart/opencart/pull/3870", "updated_at": "2016-03-04T11:10:42Z", "user": {"following_url": "https://api.github.com/users/ocextension/following{/other_user}", "events_url": "https://api.github.com/users/ocextension/events{/privacy}", "organizations_url": "https://api.github.com/users/ocextension/orgs", "url": "https://api.github.com/users/ocextension", "gists_url": "https://api.github.com/users/ocextension/gists{/gist_id}", "html_url": "https://github.com/ocextension", "subscriptions_url": "https://api.github.com/users/ocextension/subscriptions", "avatar_url": "https://avatars.githubusercontent.com/u/15631453?v=3", "repos_url": "https://api.github.com/users/ocextension/repos", "received_events_url": "https://api.github.com/users/ocextension/received_events", "gravatar_id": "", "starred_url": "https://api.github.com/users/ocextension/starred{/owner}{/repo}", "site_admin": false, "login": "ocextension", "type": "User", "id": 15631453, "followers_url": "https://api.github.com/users/ocextension/followers"}, "milestone": null, "locked": false, "url": "https://api.github.com/repos/opencart/opencart/issues/3870", "created_at": "2016-01-26T06:37:58Z", "assignees": []}, "id": 527233574}, {"commit_id": "fe60fb3867344818fbe641d55f89d0fe25e0143f", "commit_url": "https://api.github.com/repos/opencart/opencart/commits/fe60fb3867344818fbe641d55f89d0fe25e0143f", "url": "https://api.github.com/repos/opencart/opencart/issues/events/527233573", "created_at": "2016-01-26T22:44:19Z", "actor": {"following_url": "https://api.github.com/users/danielkerr/following{/other_user}", "events_url": "https://api.github.com/users/danielkerr/events{/privacy}", "organizations_url": "https://api.github.com/users/danielkerr/orgs", "url": "https://api.github.com/users/danielkerr", "gists_url": "https://api.github.com/users/danielkerr/gists{/gist_id}", "html_url": "https://github.com/danielkerr", "subscriptions_url": "https://api.github.com/users/danielkerr/subscriptions", "avatar_url": "https://avatars.githubusercontent.com/u/5079756?v=3", "repos_url": "https://api.github.com/users/danielkerr/repos", "received_events_url": "https://api.github.com/users/danielkerr/received_events", "gravatar_id": "", "starred_url": "https://api.github.com/users/danielkerr/starred{/owner}{/repo}", "site_admin": false, "login": "danielkerr", "type": "User", "id": 5079756, "followers_url": "https://api.github.com/users/danielkerr/followers"}, "event": "referenced", "issue": {"labels": [], "number": 3870, "assignee": null, "repository_url": "https://api.github.com/repos/opencart/opencart", "closed_at": "2016-01-26T22:44:19Z", "id": 128738614, "title": "product edit tab-image content", "pull_request": {"url": "https://api.github.com/repos/opencart/opencart/pulls/3870", "diff_url": "https://github.com/opencart/opencart/pull/3870.diff", "html_url": "https://github.com/opencart/opencart/pull/3870", "patch_url": "https://github.com/opencart/opencart/pull/3870.patch"}, "comments": 0, "state": "closed", "body": "re-styling image tab content and add new additional images language\nstring for not confusing the back-end user(admin/staff) between product\nimage and product additional image\n![clipboard01](https://cloud.githubusercontent.com/assets/15631453/12573970/5ce0b414-c43a-11e5-9efb-ee406df52ea6.jpg)\n", "labels_url": "https://api.github.com/repos/opencart/opencart/issues/3870/labels{/name}", "events_url": "https://api.github.com/repos/opencart/opencart/issues/3870/events", "comments_url": "https://api.github.com/repos/opencart/opencart/issues/3870/comments", "html_url": "https://github.com/opencart/opencart/pull/3870", "updated_at": "2016-03-04T11:10:42Z", "user": {"following_url": "https://api.github.com/users/ocextension/following{/other_user}", "events_url": "https://api.github.com/users/ocextension/events{/privacy}", "organizations_url": "https://api.github.com/users/ocextension/orgs", "url": "https://api.github.com/users/ocextension", "gists_url": "https://api.github.com/users/ocextension/gists{/gist_id}", "html_url": "https://github.com/ocextension", "subscriptions_url": "https://api.github.com/users/ocextension/subscriptions", "avatar_url": "https://avatars.githubusercontent.com/u/15631453?v=3", "repos_url": "https://api.github.com/users/ocextension/repos", "received_events_url": "https://api.github.com/users/ocextension/received_events", "gravatar_id": "", "starred_url": "https://api.github.com/users/ocextension/starred{/owner}{/repo}", "site_admin": false, "login": "ocextension", "type": "User", "id": 15631453, "followers_url": "https://api.github.com/users/ocextension/followers"}, "milestone": null, "locked": false, "url": "https://api.github.com/repos/opencart/opencart/issues/3870", "created_at": "2016-01-26T06:37:58Z", "assignees": []}, "id": 527233573}, {"commit_id": null, "commit_url": null, "url": "https://api.github.com/repos/opencart/opencart/issues/events/527149010", "created_at": "2016-01-26T21:38:52Z", "actor": {"following_url": "https://api.github.com/users/danielkerr/following{/other_user}", "events_url": "https://api.github.com/users/danielkerr/events{/privacy}", "organizations_url": "https://api.github.com/users/danielkerr/orgs", "url": "https://api.github.com/users/danielkerr", "gists_url": "https://api.github.com/users/danielkerr/gists{/gist_id}", "html_url": "https://github.com/danielkerr", "subscriptions_url": "https://api.github.com/users/danielkerr/subscriptions", "avatar_url": "https://avatars.githubusercontent.com/u/5079756?v=3", "repos_url": "https://api.github.com/users/danielkerr/repos", "received_events_url": "https://api.github.com/users/danielkerr/received_events", "gravatar_id": "", "starred_url": "https://api.github.com/users/danielkerr/starred{/owner}{/repo}", "site_admin": false, "login": "danielkerr", "type": "User", "id": 5079756, "followers_url": "https://api.github.com/users/danielkerr/followers"}, "event": "closed", "issue": {"body": "Using version 2.1.0.2. I'm getting a syntax error as follows when uploading an image:\n![image](https://cloud.githubusercontent.com/assets/7443010/12591527/13a2511a-c460-11e5-9254-12af2fccd340.png)\n\nThe error log shows: 2016-01-26 14:09:01 - PHP Warning:  move_uploaded_file(): UPLOADED FILE:'/tmp/phpM7aZTJ' to '/home/vol14_8/byethost7.com/b7_17232751/htdocs/image/catalog/logo2.png' in /home/vol14_8/byethost7.com/b7_17232751/htdocs/admin/controller/common/filemanager.php on line 275\n\nThe images are uploaded correctly when I refresh though.\n", "labels": [], "locked": false, "title": "Image upload syntax error", "url": "https://api.github.com/repos/opencart/opencart/issues/3873", "labels_url": "https://api.github.com/repos/opencart/opencart/issues/3873/labels{/name}", "created_at": "2016-01-26T19:10:02Z", "events_url": "https://api.github.com/repos/opencart/opencart/issues/3873/events", "comments_url": "https://api.github.com/repos/opencart/opencart/issues/3873/comments", "html_url": "https://github.com/opencart/opencart/issues/3873", "comments": 1, "number": 3873, "updated_at": "2016-01-26T21:38:56Z", "assignee": null, "state": "closed", "user": {"following_url": "https://api.github.com/users/zacchaeusluke/following{/other_user}", "events_url": "https://api.github.com/users/zacchaeusluke/events{/privacy}", "organizations_url": "https://api.github.com/users/zacchaeusluke/orgs", "url": "https://api.github.com/users/zacchaeusluke", "gists_url": "https://api.github.com/users/zacchaeusluke/gists{/gist_id}", "html_url": "https://github.com/zacchaeusluke", "subscriptions_url": "https://api.github.com/users/zacchaeusluke/subscriptions", "avatar_url": "https://avatars.githubusercontent.com/u/7443010?v=3", "repos_url": "https://api.github.com/users/zacchaeusluke/repos", "received_events_url": "https://api.github.com/users/zacchaeusluke/received_events", "gravatar_id": "", "starred_url": "https://api.github.com/users/zacchaeusluke/starred{/owner}{/repo}", "site_admin": false, "login": "zacchaeusluke", "type": "User", "id": 7443010, "followers_url": "https://api.github.com/users/zacchaeusluke/followers"}, "milestone": null, "repository_url": "https://api.github.com/repos/opencart/opencart", "closed_at": "2016-01-26T21:38:52Z", "assignees": [], "id": 128913713}, "id": 527149010}, {"commit_id": null, "commit_url": null, "url": "https://api.github.com/repos/opencart/opencart/issues/events/526809852", "created_at": "2016-01-26T17:25:09Z", "actor": {"following_url": "https://api.github.com/users/danielkerr/following{/other_user}", "events_url": "https://api.github.com/users/danielkerr/events{/privacy}", "organizations_url": "https://api.github.com/users/danielkerr/orgs", "url": "https://api.github.com/users/danielkerr", "gists_url": "https://api.github.com/users/danielkerr/gists{/gist_id}", "html_url": "https://github.com/danielkerr", "subscriptions_url": "https://api.github.com/users/danielkerr/subscriptions", "avatar_url": "https://avatars.githubusercontent.com/u/5079756?v=3", "repos_url": "https://api.github.com/users/danielkerr/repos", "received_events_url": "https://api.github.com/users/danielkerr/received_events", "gravatar_id": "", "starred_url": "https://api.github.com/users/danielkerr/starred{/owner}{/repo}", "site_admin": false, "login": "danielkerr", "type": "User", "id": 5079756, "followers_url": "https://api.github.com/users/danielkerr/followers"}, "event": "closed", "issue": {"labels": [], "number": 3858, "assignee": null, "repository_url": "https://api.github.com/repos/opencart/opencart", "closed_at": "2016-01-26T17:25:09Z", "id": 128428207, "title": "Change image size products related.", "pull_request": {"url": "https://api.github.com/repos/opencart/opencart/pulls/3858", "diff_url": "https://github.com/opencart/opencart/pull/3858.diff", "html_url": "https://github.com/opencart/opencart/pull/3858", "patch_url": "https://github.com/opencart/opencart/pull/3858.patch"}, "comments": 0, "state": "closed", "body": "", "labels_url": "https://api.github.com/repos/opencart/opencart/issues/3858/labels{/name}", "events_url": "https://api.github.com/repos/opencart/opencart/issues/3858/events", "comments_url": "https://api.github.com/repos/opencart/opencart/issues/3858/comments", "html_url": "https://github.com/opencart/opencart/pull/3858", "updated_at": "2016-01-26T17:25:14Z", "user": {"following_url": "https://api.github.com/users/valdeir2000/following{/other_user}", "events_url": "https://api.github.com/users/valdeir2000/events{/privacy}", "organizations_url": "https://api.github.com/users/valdeir2000/orgs", "url": "https://api.github.com/users/valdeir2000", "gists_url": "https://api.github.com/users/valdeir2000/gists{/gist_id}", "html_url": "https://github.com/valdeir2000", "subscriptions_url": "https://api.github.com/users/valdeir2000/subscriptions", "avatar_url": "https://avatars.githubusercontent.com/u/606481?v=3", "repos_url": "https://api.github.com/users/valdeir2000/repos", "received_events_url": "https://api.github.com/users/valdeir2000/received_events", "gravatar_id": "", "starred_url": "https://api.github.com/users/valdeir2000/starred{/owner}{/repo}", "site_admin": false, "login": "valdeir2000", "type": "User", "id": 606481, "followers_url": "https://api.github.com/users/valdeir2000/followers"}, "milestone": null, "locked": false, "url": "https://api.github.com/repos/opencart/opencart/issues/3858", "created_at": "2016-01-24T22:00:23Z", "assignees": []}, "id": 526809852}, {"commit_id": "8fbe09d08095f0535ed989a713de936d5db74c23", "commit_url": "https://api.github.com/repos/opencart/opencart/commits/8fbe09d08095f0535ed989a713de936d5db74c23", "url": "https://api.github.com/repos/opencart/opencart/issues/events/526809851", "created_at": "2016-01-26T17:25:09Z", "actor": {"following_url": "https://api.github.com/users/danielkerr/following{/other_user}", "events_url": "https://api.github.com/users/danielkerr/events{/privacy}", "organizations_url": "https://api.github.com/users/danielkerr/orgs", "url": "https://api.github.com/users/danielkerr", "gists_url": "https://api.github.com/users/danielkerr/gists{/gist_id}", "html_url": "https://github.com/danielkerr", "subscriptions_url": "https://api.github.com/users/danielkerr/subscriptions", "avatar_url": "https://avatars.githubusercontent.com/u/5079756?v=3", "repos_url": "https://api.github.com/users/danielkerr/repos", "received_events_url": "https://api.github.com/users/danielkerr/received_events", "gravatar_id": "", "starred_url": "https://api.github.com/users/danielkerr/starred{/owner}{/repo}", "site_admin": false, "login": "danielkerr", "type": "User", "id": 5079756, "followers_url": "https://api.github.com/users/danielkerr/followers"}, "event": "merged", "issue": {"labels": [], "number": 3858, "assignee": null, "repository_url": "https://api.github.com/repos/opencart/opencart", "closed_at": "2016-01-26T17:25:09Z", "id": 128428207, "title": "Change image size products related.", "pull_request": {"url": "https://api.github.com/repos/opencart/opencart/pulls/3858", "diff_url": "https://github.com/opencart/opencart/pull/3858.diff", "html_url": "https://github.com/opencart/opencart/pull/3858", "patch_url": "https://github.com/opencart/opencart/pull/3858.patch"}, "comments": 0, "state": "closed", "body": "", "labels_url": "https://api.github.com/repos/opencart/opencart/issues/3858/labels{/name}", "events_url": "https://api.github.com/repos/opencart/opencart/issues/3858/events", "comments_url": "https://api.github.com/repos/opencart/opencart/issues/3858/comments", "html_url": "https://github.com/opencart/opencart/pull/3858", "updated_at": "2016-01-26T17:25:14Z", "user": {"following_url": "https://api.github.com/users/valdeir2000/following{/other_user}", "events_url": "https://api.github.com/users/valdeir2000/events{/privacy}", "organizations_url": "https://api.github.com/users/valdeir2000/orgs", "url": "https://api.github.com/users/valdeir2000", "gists_url": "https://api.github.com/users/valdeir2000/gists{/gist_id}", "html_url": "https://github.com/valdeir2000", "subscriptions_url": "https://api.github.com/users/valdeir2000/subscriptions", "avatar_url": "https://avatars.githubusercontent.com/u/606481?v=3", "repos_url": "https://api.github.com/users/valdeir2000/repos", "received_events_url": "https://api.github.com/users/valdeir2000/received_events", "gravatar_id": "", "starred_url": "https://api.github.com/users/valdeir2000/starred{/owner}{/repo}", "site_admin": false, "login": "valdeir2000", "type": "User", "id": 606481, "followers_url": "https://api.github.com/users/valdeir2000/followers"}, "milestone": null, "locked": false, "url": "https://api.github.com/repos/opencart/opencart/issues/3858", "created_at": "2016-01-24T22:00:23Z", "assignees": []}, "id": 526809851}, {"commit_id": "8fbe09d08095f0535ed989a713de936d5db74c23", "commit_url": "https://api.github.com/repos/opencart/opencart/commits/8fbe09d08095f0535ed989a713de936d5db74c23", "url": "https://api.github.com/repos/opencart/opencart/issues/events/526809850", "created_at": "2016-01-26T17:25:09Z", "actor": {"following_url": "https://api.github.com/users/danielkerr/following{/other_user}", "events_url": "https://api.github.com/users/danielkerr/events{/privacy}", "organizations_url": "https://api.github.com/users/danielkerr/orgs", "url": "https://api.github.com/users/danielkerr", "gists_url": "https://api.github.com/users/danielkerr/gists{/gist_id}", "html_url": "https://github.com/danielkerr", "subscriptions_url": "https://api.github.com/users/danielkerr/subscriptions", "avatar_url": "https://avatars.githubusercontent.com/u/5079756?v=3", "repos_url": "https://api.github.com/users/danielkerr/repos", "received_events_url": "https://api.github.com/users/danielkerr/received_events", "gravatar_id": "", "starred_url": "https://api.github.com/users/danielkerr/starred{/owner}{/repo}", "site_admin": false, "login": "danielkerr", "type": "User", "id": 5079756, "followers_url": "https://api.github.com/users/danielkerr/followers"}, "event": "referenced", "issue": {"labels": [], "number": 3858, "assignee": null, "repository_url": "https://api.github.com/repos/opencart/opencart", "closed_at": "2016-01-26T17:25:09Z", "id": 128428207, "title": "Change image size products related.", "pull_request": {"url": "https://api.github.com/repos/opencart/opencart/pulls/3858", "diff_url": "https://github.com/opencart/opencart/pull/3858.diff", "html_url": "https://github.com/opencart/opencart/pull/3858", "patch_url": "https://github.com/opencart/opencart/pull/3858.patch"}, "comments": 0, "state": "closed", "body": "", "labels_url": "https://api.github.com/repos/opencart/opencart/issues/3858/labels{/name}", "events_url": "https://api.github.com/repos/opencart/opencart/issues/3858/events", "comments_url": "https://api.github.com/repos/opencart/opencart/issues/3858/comments", "html_url": "https://github.com/opencart/opencart/pull/3858", "updated_at": "2016-01-26T17:25:14Z", "user": {"following_url": "https://api.github.com/users/valdeir2000/following{/other_user}", "events_url": "https://api.github.com/users/valdeir2000/events{/privacy}", "organizations_url": "https://api.github.com/users/valdeir2000/orgs", "url": "https://api.github.com/users/valdeir2000", "gists_url": "https://api.github.com/users/valdeir2000/gists{/gist_id}", "html_url": "https://github.com/valdeir2000", "subscriptions_url": "https://api.github.com/users/valdeir2000/subscriptions", "avatar_url": "https://avatars.githubusercontent.com/u/606481?v=3", "repos_url": "https://api.github.com/users/valdeir2000/repos", "received_events_url": "https://api.github.com/users/valdeir2000/received_events", "gravatar_id": "", "starred_url": "https://api.github.com/users/valdeir2000/starred{/owner}{/repo}", "site_admin": false, "login": "valdeir2000", "type": "User", "id": 606481, "followers_url": "https://api.github.com/users/valdeir2000/followers"}, "milestone": null, "locked": false, "url": "https://api.github.com/repos/opencart/opencart/issues/3858", "created_at": "2016-01-24T22:00:23Z", "assignees": []}, "id": 526809850}, {"commit_id": null, "commit_url": null, "url": "https://api.github.com/repos/opencart/opencart/issues/events/526809582", "created_at": "2016-01-26T17:24:55Z", "actor": {"following_url": "https://api.github.com/users/danielkerr/following{/other_user}", "events_url": "https://api.github.com/users/danielkerr/events{/privacy}", "organizations_url": "https://api.github.com/users/danielkerr/orgs", "url": "https://api.github.com/users/danielkerr", "gists_url": "https://api.github.com/users/danielkerr/gists{/gist_id}", "html_url": "https://github.com/danielkerr", "subscriptions_url": "https://api.github.com/users/danielkerr/subscriptions", "avatar_url": "https://avatars.githubusercontent.com/u/5079756?v=3", "repos_url": "https://api.github.com/users/danielkerr/repos", "received_events_url": "https://api.github.com/users/danielkerr/received_events", "gravatar_id": "", "starred_url": "https://api.github.com/users/danielkerr/starred{/owner}{/repo}", "site_admin": false, "login": "danielkerr", "type": "User", "id": 5079756, "followers_url": "https://api.github.com/users/danielkerr/followers"}, "event": "closed", "issue": {"labels": [], "number": 3868, "assignee": null, "repository_url": "https://api.github.com/repos/opencart/opencart", "closed_at": "2016-01-26T17:24:55Z", "id": 128652517, "title": "fix missing model setting/setting", "pull_request": {"url": "https://api.github.com/repos/opencart/opencart/pulls/3868", "diff_url": "https://github.com/opencart/opencart/pull/3868.diff", "html_url": "https://github.com/opencart/opencart/pull/3868", "patch_url": "https://github.com/opencart/opencart/pull/3868.patch"}, "comments": 0, "state": "closed", "body": "", "labels_url": "https://api.github.com/repos/opencart/opencart/issues/3868/labels{/name}", "events_url": "https://api.github.com/repos/opencart/opencart/issues/3868/events", "comments_url": "https://api.github.com/repos/opencart/opencart/issues/3868/comments", "html_url": "https://github.com/opencart/opencart/pull/3868", "updated_at": "2016-01-27T00:16:20Z", "user": {"following_url": "https://api.github.com/users/qahar/following{/other_user}", "events_url": "https://api.github.com/users/qahar/events{/privacy}", "organizations_url": "https://api.github.com/users/qahar/orgs", "url": "https://api.github.com/users/qahar", "gists_url": "https://api.github.com/users/qahar/gists{/gist_id}", "html_url": "https://github.com/qahar", "subscriptions_url": "https://api.github.com/users/qahar/subscriptions", "avatar_url": "https://avatars.githubusercontent.com/u/707089?v=3", "repos_url": "https://api.github.com/users/qahar/repos", "received_events_url": "https://api.github.com/users/qahar/received_events", "gravatar_id": "", "starred_url": "https://api.github.com/users/qahar/starred{/owner}{/repo}", "site_admin": false, "login": "qahar", "type": "User", "id": 707089, "followers_url": "https://api.github.com/users/qahar/followers"}, "milestone": null, "locked": false, "url": "https://api.github.com/repos/opencart/opencart/issues/3868", "created_at": "2016-01-25T22:03:37Z", "assignees": []}, "id": 526809582}, {"commit_id": "bdeb3798a57bd1beacca7895a4638587ce7dd8df", "commit_url": "https://api.github.com/repos/opencart/opencart/commits/bdeb3798a57bd1beacca7895a4638587ce7dd8df", "url": "https://api.github.com/repos/opencart/opencart/issues/events/526809580", "created_at": "2016-01-26T17:24:55Z", "actor": {"following_url": "https://api.github.com/users/danielkerr/following{/other_user}", "events_url": "https://api.github.com/users/danielkerr/events{/privacy}", "organizations_url": "https://api.github.com/users/danielkerr/orgs", "url": "https://api.github.com/users/danielkerr", "gists_url": "https://api.github.com/users/danielkerr/gists{/gist_id}", "html_url": "https://github.com/danielkerr", "subscriptions_url": "https://api.github.com/users/danielkerr/subscriptions", "avatar_url": "https://avatars.githubusercontent.com/u/5079756?v=3", "repos_url": "https://api.github.com/users/danielkerr/repos", "received_events_url": "https://api.github.com/users/danielkerr/received_events", "gravatar_id": "", "starred_url": "https://api.github.com/users/danielkerr/starred{/owner}{/repo}", "site_admin": false, "login": "danielkerr", "type": "User", "id": 5079756, "followers_url": "https://api.github.com/users/danielkerr/followers"}, "event": "merged", "issue": {"labels": [], "number": 3868, "assignee": null, "repository_url": "https://api.github.com/repos/opencart/opencart", "closed_at": "2016-01-26T17:24:55Z", "id": 128652517, "title": "fix missing model setting/setting", "pull_request": {"url": "https://api.github.com/repos/opencart/opencart/pulls/3868", "diff_url": "https://github.com/opencart/opencart/pull/3868.diff", "html_url": "https://github.com/opencart/opencart/pull/3868", "patch_url": "https://github.com/opencart/opencart/pull/3868.patch"}, "comments": 0, "state": "closed", "body": "", "labels_url": "https://api.github.com/repos/opencart/opencart/issues/3868/labels{/name}", "events_url": "https://api.github.com/repos/opencart/opencart/issues/3868/events", "comments_url": "https://api.github.com/repos/opencart/opencart/issues/3868/comments", "html_url": "https://github.com/opencart/opencart/pull/3868", "updated_at": "2016-01-27T00:16:20Z", "user": {"following_url": "https://api.github.com/users/qahar/following{/other_user}", "events_url": "https://api.github.com/users/qahar/events{/privacy}", "organizations_url": "https://api.github.com/users/qahar/orgs", "url": "https://api.github.com/users/qahar", "gists_url": "https://api.github.com/users/qahar/gists{/gist_id}", "html_url": "https://github.com/qahar", "subscriptions_url": "https://api.github.com/users/qahar/subscriptions", "avatar_url": "https://avatars.githubusercontent.com/u/707089?v=3", "repos_url": "https://api.github.com/users/qahar/repos", "received_events_url": "https://api.github.com/users/qahar/received_events", "gravatar_id": "", "starred_url": "https://api.github.com/users/qahar/starred{/owner}{/repo}", "site_admin": false, "login": "qahar", "type": "User", "id": 707089, "followers_url": "https://api.github.com/users/qahar/followers"}, "milestone": null, "locked": false, "url": "https://api.github.com/repos/opencart/opencart/issues/3868", "created_at": "2016-01-25T22:03:37Z", "assignees": []}, "id": 526809580}, {"commit_id": "bdeb3798a57bd1beacca7895a4638587ce7dd8df", "commit_url": "https://api.github.com/repos/opencart/opencart/commits/bdeb3798a57bd1beacca7895a4638587ce7dd8df", "url": "https://api.github.com/repos/opencart/opencart/issues/events/526809577", "created_at": "2016-01-26T17:24:55Z", "actor": {"following_url": "https://api.github.com/users/danielkerr/following{/other_user}", "events_url": "https://api.github.com/users/danielkerr/events{/privacy}", "organizations_url": "https://api.github.com/users/danielkerr/orgs", "url": "https://api.github.com/users/danielkerr", "gists_url": "https://api.github.com/users/danielkerr/gists{/gist_id}", "html_url": "https://github.com/danielkerr", "subscriptions_url": "https://api.github.com/users/danielkerr/subscriptions", "avatar_url": "https://avatars.githubusercontent.com/u/5079756?v=3", "repos_url": "https://api.github.com/users/danielkerr/repos", "received_events_url": "https://api.github.com/users/danielkerr/received_events", "gravatar_id": "", "starred_url": "https://api.github.com/users/danielkerr/starred{/owner}{/repo}", "site_admin": false, "login": "danielkerr", "type": "User", "id": 5079756, "followers_url": "https://api.github.com/users/danielkerr/followers"}, "event": "referenced", "issue": {"labels": [], "number": 3868, "assignee": null, "repository_url": "https://api.github.com/repos/opencart/opencart", "closed_at": "2016-01-26T17:24:55Z", "id": 128652517, "title": "fix missing model setting/setting", "pull_request": {"url": "https://api.github.com/repos/opencart/opencart/pulls/3868", "diff_url": "https://github.com/opencart/opencart/pull/3868.diff", "html_url": "https://github.com/opencart/opencart/pull/3868", "patch_url": "https://github.com/opencart/opencart/pull/3868.patch"}, "comments": 0, "state": "closed", "body": "", "labels_url": "https://api.github.com/repos/opencart/opencart/issues/3868/labels{/name}", "events_url": "https://api.github.com/repos/opencart/opencart/issues/3868/events", "comments_url": "https://api.github.com/repos/opencart/opencart/issues/3868/comments", "html_url": "https://github.com/opencart/opencart/pull/3868", "updated_at": "2016-01-27T00:16:20Z", "user": {"following_url": "https://api.github.com/users/qahar/following{/other_user}", "events_url": "https://api.github.com/users/qahar/events{/privacy}", "organizations_url": "https://api.github.com/users/qahar/orgs", "url": "https://api.github.com/users/qahar", "gists_url": "https://api.github.com/users/qahar/gists{/gist_id}", "html_url": "https://github.com/qahar", "subscriptions_url": "https://api.github.com/users/qahar/subscriptions", "avatar_url": "https://avatars.githubusercontent.com/u/707089?v=3", "repos_url": "https://api.github.com/users/qahar/repos", "received_events_url": "https://api.github.com/users/qahar/received_events", "gravatar_id": "", "starred_url": "https://api.github.com/users/qahar/starred{/owner}{/repo}", "site_admin": false, "login": "qahar", "type": "User", "id": 707089, "followers_url": "https://api.github.com/users/qahar/followers"}, "milestone": null, "locked": false, "url": "https://api.github.com/repos/opencart/opencart/issues/3868", "created_at": "2016-01-25T22:03:37Z", "assignees": []}, "id": 526809577}, {"commit_id": null, "commit_url": null, "url": "https://api.github.com/repos/opencart/opencart/issues/events/526805806", "created_at": "2016-01-26T17:21:54Z", "actor": {"following_url": "https://api.github.com/users/danielkerr/following{/other_user}", "events_url": "https://api.github.com/users/danielkerr/events{/privacy}", "organizations_url": "https://api.github.com/users/danielkerr/orgs", "url": "https://api.github.com/users/danielkerr", "gists_url": "https://api.github.com/users/danielkerr/gists{/gist_id}", "html_url": "https://github.com/danielkerr", "subscriptions_url": "https://api.github.com/users/danielkerr/subscriptions", "avatar_url": "https://avatars.githubusercontent.com/u/5079756?v=3", "repos_url": "https://api.github.com/users/danielkerr/repos", "received_events_url": "https://api.github.com/users/danielkerr/received_events", "gravatar_id": "", "starred_url": "https://api.github.com/users/danielkerr/starred{/owner}{/repo}", "site_admin": false, "login": "danielkerr", "type": "User", "id": 5079756, "followers_url": "https://api.github.com/users/danielkerr/followers"}, "event": "subscribed", "issue": {"body": "Opencart version 2.1.0.1\nTested on live site and also two local WAMP setups.\nAlso tested latest Opencart version 2.1.0.2 on local WAMP setup.\n\nThis issue occurs when an admin user edits an order. Specifically on step 2. Products. When the admin goes to that page, all the products on that order are immediately put back in the customers cart. It does not matter if the customer cart was empty or had products in it. Either way it replaces all the cart contents with the products from the old order.\nThe admin does not need to save or modify the order in any way for this to happen. Just loading step 2 on the page /admin/index.php?route=sale/order/edit causes this to occur.\n\nThere are other issues with order editing, but this is worst by far.\n", "labels": [], "locked": false, "title": "Very bizarre issue when editing orders", "url": "https://api.github.com/repos/opencart/opencart/issues/3838", "labels_url": "https://api.github.com/repos/opencart/opencart/issues/3838/labels{/name}", "created_at": "2016-01-20T16:16:37Z", "events_url": "https://api.github.com/repos/opencart/opencart/issues/3838/events", "comments_url": "https://api.github.com/repos/opencart/opencart/issues/3838/comments", "html_url": "https://github.com/opencart/opencart/issues/3838", "comments": 10, "number": 3838, "updated_at": "2016-02-17T22:07:52Z", "assignee": null, "state": "closed", "user": {"following_url": "https://api.github.com/users/wscull/following{/other_user}", "events_url": "https://api.github.com/users/wscull/events{/privacy}", "organizations_url": "https://api.github.com/users/wscull/orgs", "url": "https://api.github.com/users/wscull", "gists_url": "https://api.github.com/users/wscull/gists{/gist_id}", "html_url": "https://github.com/wscull", "subscriptions_url": "https://api.github.com/users/wscull/subscriptions", "avatar_url": "https://avatars.githubusercontent.com/u/16801654?v=3", "repos_url": "https://api.github.com/users/wscull/repos", "received_events_url": "https://api.github.com/users/wscull/received_events", "gravatar_id": "", "starred_url": "https://api.github.com/users/wscull/starred{/owner}{/repo}", "site_admin": false, "login": "wscull", "type": "User", "id": 16801654, "followers_url": "https://api.github.com/users/wscull/followers"}, "milestone": null, "repository_url": "https://api.github.com/repos/opencart/opencart", "closed_at": "2016-01-20T17:08:49Z", "assignees": [], "id": 127718354}, "id": 526805806}, {"commit_id": null, "commit_url": null, "url": "https://api.github.com/repos/opencart/opencart/issues/events/526805805", "created_at": "2016-01-26T17:21:54Z", "actor": {"following_url": "https://api.github.com/users/danielkerr/following{/other_user}", "events_url": "https://api.github.com/users/danielkerr/events{/privacy}", "organizations_url": "https://api.github.com/users/danielkerr/orgs", "url": "https://api.github.com/users/danielkerr", "gists_url": "https://api.github.com/users/danielkerr/gists{/gist_id}", "html_url": "https://github.com/danielkerr", "subscriptions_url": "https://api.github.com/users/danielkerr/subscriptions", "avatar_url": "https://avatars.githubusercontent.com/u/5079756?v=3", "repos_url": "https://api.github.com/users/danielkerr/repos", "received_events_url": "https://api.github.com/users/danielkerr/received_events", "gravatar_id": "", "starred_url": "https://api.github.com/users/danielkerr/starred{/owner}{/repo}", "site_admin": false, "login": "danielkerr", "type": "User", "id": 5079756, "followers_url": "https://api.github.com/users/danielkerr/followers"}, "event": "mentioned", "issue": {"body": "Opencart version 2.1.0.1\nTested on live site and also two local WAMP setups.\nAlso tested latest Opencart version 2.1.0.2 on local WAMP setup.\n\nThis issue occurs when an admin user edits an order. Specifically on step 2. Products. When the admin goes to that page, all the products on that order are immediately put back in the customers cart. It does not matter if the customer cart was empty or had products in it. Either way it replaces all the cart contents with the products from the old order.\nThe admin does not need to save or modify the order in any way for this to happen. Just loading step 2 on the page /admin/index.php?route=sale/order/edit causes this to occur.\n\nThere are other issues with order editing, but this is worst by far.\n", "labels": [], "locked": false, "title": "Very bizarre issue when editing orders", "url": "https://api.github.com/repos/opencart/opencart/issues/3838", "labels_url": "https://api.github.com/repos/opencart/opencart/issues/3838/labels{/name}", "created_at": "2016-01-20T16:16:37Z", "events_url": "https://api.github.com/repos/opencart/opencart/issues/3838/events", "comments_url": "https://api.github.com/repos/opencart/opencart/issues/3838/comments", "html_url": "https://github.com/opencart/opencart/issues/3838", "comments": 10, "number": 3838, "updated_at": "2016-02-17T22:07:52Z", "assignee": null, "state": "closed", "user": {"following_url": "https://api.github.com/users/wscull/following{/other_user}", "events_url": "https://api.github.com/users/wscull/events{/privacy}", "organizations_url": "https://api.github.com/users/wscull/orgs", "url": "https://api.github.com/users/wscull", "gists_url": "https://api.github.com/users/wscull/gists{/gist_id}", "html_url": "https://github.com/wscull", "subscriptions_url": "https://api.github.com/users/wscull/subscriptions", "avatar_url": "https://avatars.githubusercontent.com/u/16801654?v=3", "repos_url": "https://api.github.com/users/wscull/repos", "received_events_url": "https://api.github.com/users/wscull/received_events", "gravatar_id": "", "starred_url": "https://api.github.com/users/wscull/starred{/owner}{/repo}", "site_admin": false, "login": "wscull", "type": "User", "id": 16801654, "followers_url": "https://api.github.com/users/wscull/followers"}, "milestone": null, "repository_url": "https://api.github.com/repos/opencart/opencart", "closed_at": "2016-01-20T17:08:49Z", "assignees": [], "id": 127718354}, "id": 526805805}, {"commit_id": null, "commit_url": null, "url": "https://api.github.com/repos/opencart/opencart/issues/events/526769849", "created_at": "2016-01-26T16:56:25Z", "actor": {"following_url": "https://api.github.com/users/danielkerr/following{/other_user}", "events_url": "https://api.github.com/users/danielkerr/events{/privacy}", "organizations_url": "https://api.github.com/users/danielkerr/orgs", "url": "https://api.github.com/users/danielkerr", "gists_url": "https://api.github.com/users/danielkerr/gists{/gist_id}", "html_url": "https://github.com/danielkerr", "subscriptions_url": "https://api.github.com/users/danielkerr/subscriptions", "avatar_url": "https://avatars.githubusercontent.com/u/5079756?v=3", "repos_url": "https://api.github.com/users/danielkerr/repos", "received_events_url": "https://api.github.com/users/danielkerr/received_events", "gravatar_id": "", "starred_url": "https://api.github.com/users/danielkerr/starred{/owner}{/repo}", "site_admin": false, "login": "danielkerr", "type": "User", "id": 5079756, "followers_url": "https://api.github.com/users/danielkerr/followers"}, "event": "closed", "issue": {"labels": [], "number": 3866, "assignee": null, "repository_url": "https://api.github.com/repos/opencart/opencart", "closed_at": "2016-01-26T16:56:25Z", "id": 128638507, "title": "Module order by position and sort_order in layout", "pull_request": {"url": "https://api.github.com/repos/opencart/opencart/pulls/3866", "diff_url": "https://github.com/opencart/opencart/pull/3866.diff", "html_url": "https://github.com/opencart/opencart/pull/3866", "patch_url": "https://github.com/opencart/opencart/pull/3866.patch"}, "comments": 0, "state": "closed", "body": "Small tweak to show module list by position and sort_order in Layout\n", "labels_url": "https://api.github.com/repos/opencart/opencart/issues/3866/labels{/name}", "events_url": "https://api.github.com/repos/opencart/opencart/issues/3866/events", "comments_url": "https://api.github.com/repos/opencart/opencart/issues/3866/comments", "html_url": "https://github.com/opencart/opencart/pull/3866", "updated_at": "2016-01-27T00:16:41Z", "user": {"following_url": "https://api.github.com/users/qahar/following{/other_user}", "events_url": "https://api.github.com/users/qahar/events{/privacy}", "organizations_url": "https://api.github.com/users/qahar/orgs", "url": "https://api.github.com/users/qahar", "gists_url": "https://api.github.com/users/qahar/gists{/gist_id}", "html_url": "https://github.com/qahar", "subscriptions_url": "https://api.github.com/users/qahar/subscriptions", "avatar_url": "https://avatars.githubusercontent.com/u/707089?v=3", "repos_url": "https://api.github.com/users/qahar/repos", "received_events_url": "https://api.github.com/users/qahar/received_events", "gravatar_id": "", "starred_url": "https://api.github.com/users/qahar/starred{/owner}{/repo}", "site_admin": false, "login": "qahar", "type": "User", "id": 707089, "followers_url": "https://api.github.com/users/qahar/followers"}, "milestone": null, "locked": false, "url": "https://api.github.com/repos/opencart/opencart/issues/3866", "created_at": "2016-01-25T21:08:05Z", "assignees": []}, "id": 526769849}, {"commit_id": "a9e74ae4e43e03c37f334504694a5ae7c20a366f", "commit_url": "https://api.github.com/repos/opencart/opencart/commits/a9e74ae4e43e03c37f334504694a5ae7c20a366f", "url": "https://api.github.com/repos/opencart/opencart/issues/events/526769848", "created_at": "2016-01-26T16:56:25Z", "actor": {"following_url": "https://api.github.com/users/danielkerr/following{/other_user}", "events_url": "https://api.github.com/users/danielkerr/events{/privacy}", "organizations_url": "https://api.github.com/users/danielkerr/orgs", "url": "https://api.github.com/users/danielkerr", "gists_url": "https://api.github.com/users/danielkerr/gists{/gist_id}", "html_url": "https://github.com/danielkerr", "subscriptions_url": "https://api.github.com/users/danielkerr/subscriptions", "avatar_url": "https://avatars.githubusercontent.com/u/5079756?v=3", "repos_url": "https://api.github.com/users/danielkerr/repos", "received_events_url": "https://api.github.com/users/danielkerr/received_events", "gravatar_id": "", "starred_url": "https://api.github.com/users/danielkerr/starred{/owner}{/repo}", "site_admin": false, "login": "danielkerr", "type": "User", "id": 5079756, "followers_url": "https://api.github.com/users/danielkerr/followers"}, "event": "merged", "issue": {"labels": [], "number": 3866, "assignee": null, "repository_url": "https://api.github.com/repos/opencart/opencart", "closed_at": "2016-01-26T16:56:25Z", "id": 128638507, "title": "Module order by position and sort_order in layout", "pull_request": {"url": "https://api.github.com/repos/opencart/opencart/pulls/3866", "diff_url": "https://github.com/opencart/opencart/pull/3866.diff", "html_url": "https://github.com/opencart/opencart/pull/3866", "patch_url": "https://github.com/opencart/opencart/pull/3866.patch"}, "comments": 0, "state": "closed", "body": "Small tweak to show module list by position and sort_order in Layout\n", "labels_url": "https://api.github.com/repos/opencart/opencart/issues/3866/labels{/name}", "events_url": "https://api.github.com/repos/opencart/opencart/issues/3866/events", "comments_url": "https://api.github.com/repos/opencart/opencart/issues/3866/comments", "html_url": "https://github.com/opencart/opencart/pull/3866", "updated_at": "2016-01-27T00:16:41Z", "user": {"following_url": "https://api.github.com/users/qahar/following{/other_user}", "events_url": "https://api.github.com/users/qahar/events{/privacy}", "organizations_url": "https://api.github.com/users/qahar/orgs", "url": "https://api.github.com/users/qahar", "gists_url": "https://api.github.com/users/qahar/gists{/gist_id}", "html_url": "https://github.com/qahar", "subscriptions_url": "https://api.github.com/users/qahar/subscriptions", "avatar_url": "https://avatars.githubusercontent.com/u/707089?v=3", "repos_url": "https://api.github.com/users/qahar/repos", "received_events_url": "https://api.github.com/users/qahar/received_events", "gravatar_id": "", "starred_url": "https://api.github.com/users/qahar/starred{/owner}{/repo}", "site_admin": false, "login": "qahar", "type": "User", "id": 707089, "followers_url": "https://api.github.com/users/qahar/followers"}, "milestone": null, "locked": false, "url": "https://api.github.com/repos/opencart/opencart/issues/3866", "created_at": "2016-01-25T21:08:05Z", "assignees": []}, "id": 526769848}, {"commit_id": "a9e74ae4e43e03c37f334504694a5ae7c20a366f", "commit_url": "https://api.github.com/repos/opencart/opencart/commits/a9e74ae4e43e03c37f334504694a5ae7c20a366f", "url": "https://api.github.com/repos/opencart/opencart/issues/events/526769847", "created_at": "2016-01-26T16:56:25Z", "actor": {"following_url": "https://api.github.com/users/danielkerr/following{/other_user}", "events_url": "https://api.github.com/users/danielkerr/events{/privacy}", "organizations_url": "https://api.github.com/users/danielkerr/orgs", "url": "https://api.github.com/users/danielkerr", "gists_url": "https://api.github.com/users/danielkerr/gists{/gist_id}", "html_url": "https://github.com/danielkerr", "subscriptions_url": "https://api.github.com/users/danielkerr/subscriptions", "avatar_url": "https://avatars.githubusercontent.com/u/5079756?v=3", "repos_url": "https://api.github.com/users/danielkerr/repos", "received_events_url": "https://api.github.com/users/danielkerr/received_events", "gravatar_id": "", "starred_url": "https://api.github.com/users/danielkerr/starred{/owner}{/repo}", "site_admin": false, "login": "danielkerr", "type": "User", "id": 5079756, "followers_url": "https://api.github.com/users/danielkerr/followers"}, "event": "referenced", "issue": {"labels": [], "number": 3866, "assignee": null, "repository_url": "https://api.github.com/repos/opencart/opencart", "closed_at": "2016-01-26T16:56:25Z", "id": 128638507, "title": "Module order by position and sort_order in layout", "pull_request": {"url": "https://api.github.com/repos/opencart/opencart/pulls/3866", "diff_url": "https://github.com/opencart/opencart/pull/3866.diff", "html_url": "https://github.com/opencart/opencart/pull/3866", "patch_url": "https://github.com/opencart/opencart/pull/3866.patch"}, "comments": 0, "state": "closed", "body": "Small tweak to show module list by position and sort_order in Layout\n", "labels_url": "https://api.github.com/repos/opencart/opencart/issues/3866/labels{/name}", "events_url": "https://api.github.com/repos/opencart/opencart/issues/3866/events", "comments_url": "https://api.github.com/repos/opencart/opencart/issues/3866/comments", "html_url": "https://github.com/opencart/opencart/pull/3866", "updated_at": "2016-01-27T00:16:41Z", "user": {"following_url": "https://api.github.com/users/qahar/following{/other_user}", "events_url": "https://api.github.com/users/qahar/events{/privacy}", "organizations_url": "https://api.github.com/users/qahar/orgs", "url": "https://api.github.com/users/qahar", "gists_url": "https://api.github.com/users/qahar/gists{/gist_id}", "html_url": "https://github.com/qahar", "subscriptions_url": "https://api.github.com/users/qahar/subscriptions", "avatar_url": "https://avatars.githubusercontent.com/u/707089?v=3", "repos_url": "https://api.github.com/users/qahar/repos", "received_events_url": "https://api.github.com/users/qahar/received_events", "gravatar_id": "", "starred_url": "https://api.github.com/users/qahar/starred{/owner}{/repo}", "site_admin": false, "login": "qahar", "type": "User", "id": 707089, "followers_url": "https://api.github.com/users/qahar/followers"}, "milestone": null, "locked": false, "url": "https://api.github.com/repos/opencart/opencart/issues/3866", "created_at": "2016-01-25T21:08:05Z", "assignees": []}, "id": 526769847}, {"commit_id": null, "commit_url": null, "url": "https://api.github.com/repos/opencart/opencart/issues/events/526702379", "created_at": "2016-01-26T16:09:39Z", "actor": {"following_url": "https://api.github.com/users/qahar/following{/other_user}", "events_url": "https://api.github.com/users/qahar/events{/privacy}", "organizations_url": "https://api.github.com/users/qahar/orgs", "url": "https://api.github.com/users/qahar", "gists_url": "https://api.github.com/users/qahar/gists{/gist_id}", "html_url": "https://github.com/qahar", "subscriptions_url": "https://api.github.com/users/qahar/subscriptions", "avatar_url": "https://avatars.githubusercontent.com/u/707089?v=3", "repos_url": "https://api.github.com/users/qahar/repos", "received_events_url": "https://api.github.com/users/qahar/received_events", "gravatar_id": "", "starred_url": "https://api.github.com/users/qahar/starred{/owner}{/repo}", "site_admin": false, "login": "qahar", "type": "User", "id": 707089, "followers_url": "https://api.github.com/users/qahar/followers"}, "event": "head_ref_deleted", "issue": {"labels": [], "number": 3867, "assignee": null, "repository_url": "https://api.github.com/repos/opencart/opencart", "closed_at": "2016-01-26T07:14:40Z", "id": 128639907, "title": "remove alert inside summernote", "pull_request": {"url": "https://api.github.com/repos/opencart/opencart/pulls/3867", "diff_url": "https://github.com/opencart/opencart/pull/3867.diff", "html_url": "https://github.com/opencart/opencart/pull/3867", "patch_url": "https://github.com/opencart/opencart/pull/3867.patch"}, "comments": 2, "state": "closed", "body": "Fix js alert wherever summernote used\n", "labels_url": "https://api.github.com/repos/opencart/opencart/issues/3867/labels{/name}", "events_url": "https://api.github.com/repos/opencart/opencart/issues/3867/events", "comments_url": "https://api.github.com/repos/opencart/opencart/issues/3867/comments", "html_url": "https://github.com/opencart/opencart/pull/3867", "updated_at": "2016-01-26T16:09:39Z", "user": {"following_url": "https://api.github.com/users/qahar/following{/other_user}", "events_url": "https://api.github.com/users/qahar/events{/privacy}", "organizations_url": "https://api.github.com/users/qahar/orgs", "url": "https://api.github.com/users/qahar", "gists_url": "https://api.github.com/users/qahar/gists{/gist_id}", "html_url": "https://github.com/qahar", "subscriptions_url": "https://api.github.com/users/qahar/subscriptions", "avatar_url": "https://avatars.githubusercontent.com/u/707089?v=3", "repos_url": "https://api.github.com/users/qahar/repos", "received_events_url": "https://api.github.com/users/qahar/received_events", "gravatar_id": "", "starred_url": "https://api.github.com/users/qahar/starred{/owner}{/repo}", "site_admin": false, "login": "qahar", "type": "User", "id": 707089, "followers_url": "https://api.github.com/users/qahar/followers"}, "milestone": null, "locked": false, "url": "https://api.github.com/repos/opencart/opencart/issues/3867", "created_at": "2016-01-25T21:15:02Z", "assignees": []}, "id": 526702379}, {"commit_id": null, "commit_url": null, "url": "https://api.github.com/repos/opencart/opencart/issues/events/526590514", "created_at": "2016-01-26T14:58:29Z", "actor": {"following_url": "https://api.github.com/users/danielkerr/following{/other_user}", "events_url": "https://api.github.com/users/danielkerr/events{/privacy}", "organizations_url": "https://api.github.com/users/danielkerr/orgs", "url": "https://api.github.com/users/danielkerr", "gists_url": "https://api.github.com/users/danielkerr/gists{/gist_id}", "html_url": "https://github.com/danielkerr", "subscriptions_url": "https://api.github.com/users/danielkerr/subscriptions", "avatar_url": "https://avatars.githubusercontent.com/u/5079756?v=3", "repos_url": "https://api.github.com/users/danielkerr/repos", "received_events_url": "https://api.github.com/users/danielkerr/received_events", "gravatar_id": "", "starred_url": "https://api.github.com/users/danielkerr/starred{/owner}{/repo}", "site_admin": false, "login": "danielkerr", "type": "User", "id": 5079756, "followers_url": "https://api.github.com/users/danielkerr/followers"}, "event": "subscribed", "issue": {"body": "While this won't be an issue once an extension is updated, my guess is that it's going to cause a LOT of confusion for store owners when they update and suddenly none of their extensions will load any language text. This can be fixed by first attempting to load any \"english\" language files, before the new \"en-gb\" files are loaded. It should maintain backwards compatibility while still preferring the new \"en-gb\" files:\n\nIN:\n/system/library/language.php\n\nBEFORE:\n$file = DIR_LANGUAGE . $this->default . '/' . $filename . '.php';\n\nADD:\n$file = DIR_LANGUAGE . 'english/' . $filename . '.php';\nif (file_exists($file)) {\n    require($file);\n}\n", "labels": [], "locked": false, "title": "[2.2.0.0_a1] Consider falling back to the \"english\" language files if the \"en-gb\" files do not exist", "url": "https://api.github.com/repos/opencart/opencart/issues/3865", "labels_url": "https://api.github.com/repos/opencart/opencart/issues/3865/labels{/name}", "created_at": "2016-01-25T19:35:41Z", "events_url": "https://api.github.com/repos/opencart/opencart/issues/3865/events", "comments_url": "https://api.github.com/repos/opencart/opencart/issues/3865/comments", "html_url": "https://github.com/opencart/opencart/issues/3865", "comments": 5, "number": 3865, "updated_at": "2016-01-26T14:58:29Z", "assignee": null, "state": "closed", "user": {"following_url": "https://api.github.com/users/ClearThinking/following{/other_user}", "events_url": "https://api.github.com/users/ClearThinking/events{/privacy}", "organizations_url": "https://api.github.com/users/ClearThinking/orgs", "url": "https://api.github.com/users/ClearThinking", "gists_url": "https://api.github.com/users/ClearThinking/gists{/gist_id}", "html_url": "https://github.com/ClearThinking", "subscriptions_url": "https://api.github.com/users/ClearThinking/subscriptions", "avatar_url": "https://avatars.githubusercontent.com/u/3035285?v=3", "repos_url": "https://api.github.com/users/ClearThinking/repos", "received_events_url": "https://api.github.com/users/ClearThinking/received_events", "gravatar_id": "", "starred_url": "https://api.github.com/users/ClearThinking/starred{/owner}{/repo}", "site_admin": false, "login": "ClearThinking", "type": "User", "id": 3035285, "followers_url": "https://api.github.com/users/ClearThinking/followers"}, "milestone": null, "repository_url": "https://api.github.com/repos/opencart/opencart", "closed_at": "2016-01-26T14:23:57Z", "assignees": [], "id": 128618544}, "id": 526590514}, {"commit_id": null, "commit_url": null, "url": "https://api.github.com/repos/opencart/opencart/issues/events/526590513", "created_at": "2016-01-26T14:58:29Z", "actor": {"following_url": "https://api.github.com/users/danielkerr/following{/other_user}", "events_url": "https://api.github.com/users/danielkerr/events{/privacy}", "organizations_url": "https://api.github.com/users/danielkerr/orgs", "url": "https://api.github.com/users/danielkerr", "gists_url": "https://api.github.com/users/danielkerr/gists{/gist_id}", "html_url": "https://github.com/danielkerr", "subscriptions_url": "https://api.github.com/users/danielkerr/subscriptions", "avatar_url": "https://avatars.githubusercontent.com/u/5079756?v=3", "repos_url": "https://api.github.com/users/danielkerr/repos", "received_events_url": "https://api.github.com/users/danielkerr/received_events", "gravatar_id": "", "starred_url": "https://api.github.com/users/danielkerr/starred{/owner}{/repo}", "site_admin": false, "login": "danielkerr", "type": "User", "id": 5079756, "followers_url": "https://api.github.com/users/danielkerr/followers"}, "event": "mentioned", "issue": {"body": "While this won't be an issue once an extension is updated, my guess is that it's going to cause a LOT of confusion for store owners when they update and suddenly none of their extensions will load any language text. This can be fixed by first attempting to load any \"english\" language files, before the new \"en-gb\" files are loaded. It should maintain backwards compatibility while still preferring the new \"en-gb\" files:\n\nIN:\n/system/library/language.php\n\nBEFORE:\n$file = DIR_LANGUAGE . $this->default . '/' . $filename . '.php';\n\nADD:\n$file = DIR_LANGUAGE . 'english/' . $filename . '.php';\nif (file_exists($file)) {\n    require($file);\n}\n", "labels": [], "locked": false, "title": "[2.2.0.0_a1] Consider falling back to the \"english\" language files if the \"en-gb\" files do not exist", "url": "https://api.github.com/repos/opencart/opencart/issues/3865", "labels_url": "https://api.github.com/repos/opencart/opencart/issues/3865/labels{/name}", "created_at": "2016-01-25T19:35:41Z", "events_url": "https://api.github.com/repos/opencart/opencart/issues/3865/events", "comments_url": "https://api.github.com/repos/opencart/opencart/issues/3865/comments", "html_url": "https://github.com/opencart/opencart/issues/3865", "comments": 5, "number": 3865, "updated_at": "2016-01-26T14:58:29Z", "assignee": null, "state": "closed", "user": {"following_url": "https://api.github.com/users/ClearThinking/following{/other_user}", "events_url": "https://api.github.com/users/ClearThinking/events{/privacy}", "organizations_url": "https://api.github.com/users/ClearThinking/orgs", "url": "https://api.github.com/users/ClearThinking", "gists_url": "https://api.github.com/users/ClearThinking/gists{/gist_id}", "html_url": "https://github.com/ClearThinking", "subscriptions_url": "https://api.github.com/users/ClearThinking/subscriptions", "avatar_url": "https://avatars.githubusercontent.com/u/3035285?v=3", "repos_url": "https://api.github.com/users/ClearThinking/repos", "received_events_url": "https://api.github.com/users/ClearThinking/received_events", "gravatar_id": "", "starred_url": "https://api.github.com/users/ClearThinking/starred{/owner}{/repo}", "site_admin": false, "login": "ClearThinking", "type": "User", "id": 3035285, "followers_url": "https://api.github.com/users/ClearThinking/followers"}, "milestone": null, "repository_url": "https://api.github.com/repos/opencart/opencart", "closed_at": "2016-01-26T14:23:57Z", "assignees": [], "id": 128618544}, "id": 526590513}, {"commit_id": null, "commit_url": null, "url": "https://api.github.com/repos/opencart/opencart/issues/events/526589964", "created_at": "2016-01-26T14:58:08Z", "actor": {"following_url": "https://api.github.com/users/danielkerr/following{/other_user}", "events_url": "https://api.github.com/users/danielkerr/events{/privacy}", "organizations_url": "https://api.github.com/users/danielkerr/orgs", "url": "https://api.github.com/users/danielkerr", "gists_url": "https://api.github.com/users/danielkerr/gists{/gist_id}", "html_url": "https://github.com/danielkerr", "subscriptions_url": "https://api.github.com/users/danielkerr/subscriptions", "avatar_url": "https://avatars.githubusercontent.com/u/5079756?v=3", "repos_url": "https://api.github.com/users/danielkerr/repos", "received_events_url": "https://api.github.com/users/danielkerr/received_events", "gravatar_id": "", "starred_url": "https://api.github.com/users/danielkerr/starred{/owner}{/repo}", "site_admin": false, "login": "danielkerr", "type": "User", "id": 5079756, "followers_url": "https://api.github.com/users/danielkerr/followers"}, "event": "subscribed", "issue": {"body": "$this->load->language() can no longer be used to get the language variables, which breaks compatibility with any extension that uses that. This is easily fixed by making this edit, which shouldn't affect any language functionality, I believe:\n\nIN:\n/system/engine/loader.php\n\nREPLACE:\n$this->registry->get('language')->load($route);\n$this->registry->get('event')->trigger('language/' . $route . '/after', $route);\n\nWITH:\n$data = $this->registry->get('language')->load($route);\n$this->registry->get('event')->trigger('language/' . $route . '/after', $route);\nreturn $data;\n", "labels": [], "locked": false, "title": "[2.2.0.0_a1] $this->load->language() doesn't return data any more", "url": "https://api.github.com/repos/opencart/opencart/issues/3864", "labels_url": "https://api.github.com/repos/opencart/opencart/issues/3864/labels{/name}", "created_at": "2016-01-25T19:27:04Z", "events_url": "https://api.github.com/repos/opencart/opencart/issues/3864/events", "comments_url": "https://api.github.com/repos/opencart/opencart/issues/3864/comments", "html_url": "https://github.com/opencart/opencart/issues/3864", "comments": 4, "number": 3864, "updated_at": "2016-01-26T14:58:08Z", "assignee": null, "state": "closed", "user": {"following_url": "https://api.github.com/users/ClearThinking/following{/other_user}", "events_url": "https://api.github.com/users/ClearThinking/events{/privacy}", "organizations_url": "https://api.github.com/users/ClearThinking/orgs", "url": "https://api.github.com/users/ClearThinking", "gists_url": "https://api.github.com/users/ClearThinking/gists{/gist_id}", "html_url": "https://github.com/ClearThinking", "subscriptions_url": "https://api.github.com/users/ClearThinking/subscriptions", "avatar_url": "https://avatars.githubusercontent.com/u/3035285?v=3", "repos_url": "https://api.github.com/users/ClearThinking/repos", "received_events_url": "https://api.github.com/users/ClearThinking/received_events", "gravatar_id": "", "starred_url": "https://api.github.com/users/ClearThinking/starred{/owner}{/repo}", "site_admin": false, "login": "ClearThinking", "type": "User", "id": 3035285, "followers_url": "https://api.github.com/users/ClearThinking/followers"}, "milestone": null, "repository_url": "https://api.github.com/repos/opencart/opencart", "closed_at": "2016-01-26T14:03:37Z", "assignees": [], "id": 128616699}, "id": 526589964}, {"commit_id": null, "commit_url": null, "url": "https://api.github.com/repos/opencart/opencart/issues/events/526589963", "created_at": "2016-01-26T14:58:08Z", "actor": {"following_url": "https://api.github.com/users/danielkerr/following{/other_user}", "events_url": "https://api.github.com/users/danielkerr/events{/privacy}", "organizations_url": "https://api.github.com/users/danielkerr/orgs", "url": "https://api.github.com/users/danielkerr", "gists_url": "https://api.github.com/users/danielkerr/gists{/gist_id}", "html_url": "https://github.com/danielkerr", "subscriptions_url": "https://api.github.com/users/danielkerr/subscriptions", "avatar_url": "https://avatars.githubusercontent.com/u/5079756?v=3", "repos_url": "https://api.github.com/users/danielkerr/repos", "received_events_url": "https://api.github.com/users/danielkerr/received_events", "gravatar_id": "", "starred_url": "https://api.github.com/users/danielkerr/starred{/owner}{/repo}", "site_admin": false, "login": "danielkerr", "type": "User", "id": 5079756, "followers_url": "https://api.github.com/users/danielkerr/followers"}, "event": "mentioned", "issue": {"body": "$this->load->language() can no longer be used to get the language variables, which breaks compatibility with any extension that uses that. This is easily fixed by making this edit, which shouldn't affect any language functionality, I believe:\n\nIN:\n/system/engine/loader.php\n\nREPLACE:\n$this->registry->get('language')->load($route);\n$this->registry->get('event')->trigger('language/' . $route . '/after', $route);\n\nWITH:\n$data = $this->registry->get('language')->load($route);\n$this->registry->get('event')->trigger('language/' . $route . '/after', $route);\nreturn $data;\n", "labels": [], "locked": false, "title": "[2.2.0.0_a1] $this->load->language() doesn't return data any more", "url": "https://api.github.com/repos/opencart/opencart/issues/3864", "labels_url": "https://api.github.com/repos/opencart/opencart/issues/3864/labels{/name}", "created_at": "2016-01-25T19:27:04Z", "events_url": "https://api.github.com/repos/opencart/opencart/issues/3864/events", "comments_url": "https://api.github.com/repos/opencart/opencart/issues/3864/comments", "html_url": "https://github.com/opencart/opencart/issues/3864", "comments": 4, "number": 3864, "updated_at": "2016-01-26T14:58:08Z", "assignee": null, "state": "closed", "user": {"following_url": "https://api.github.com/users/ClearThinking/following{/other_user}", "events_url": "https://api.github.com/users/ClearThinking/events{/privacy}", "organizations_url": "https://api.github.com/users/ClearThinking/orgs", "url": "https://api.github.com/users/ClearThinking", "gists_url": "https://api.github.com/users/ClearThinking/gists{/gist_id}", "html_url": "https://github.com/ClearThinking", "subscriptions_url": "https://api.github.com/users/ClearThinking/subscriptions", "avatar_url": "https://avatars.githubusercontent.com/u/3035285?v=3", "repos_url": "https://api.github.com/users/ClearThinking/repos", "received_events_url": "https://api.github.com/users/ClearThinking/received_events", "gravatar_id": "", "starred_url": "https://api.github.com/users/ClearThinking/starred{/owner}{/repo}", "site_admin": false, "login": "ClearThinking", "type": "User", "id": 3035285, "followers_url": "https://api.github.com/users/ClearThinking/followers"}, "milestone": null, "repository_url": "https://api.github.com/repos/opencart/opencart", "closed_at": "2016-01-26T14:03:37Z", "assignees": [], "id": 128616699}, "id": 526589963}, {"commit_id": null, "commit_url": null, "url": "https://api.github.com/repos/opencart/opencart/issues/events/526587650", "created_at": "2016-01-26T14:56:14Z", "actor": {"following_url": "https://api.github.com/users/danielkerr/following{/other_user}", "events_url": "https://api.github.com/users/danielkerr/events{/privacy}", "organizations_url": "https://api.github.com/users/danielkerr/orgs", "url": "https://api.github.com/users/danielkerr", "gists_url": "https://api.github.com/users/danielkerr/gists{/gist_id}", "html_url": "https://github.com/danielkerr", "subscriptions_url": "https://api.github.com/users/danielkerr/subscriptions", "avatar_url": "https://avatars.githubusercontent.com/u/5079756?v=3", "repos_url": "https://api.github.com/users/danielkerr/repos", "received_events_url": "https://api.github.com/users/danielkerr/received_events", "gravatar_id": "", "starred_url": "https://api.github.com/users/danielkerr/starred{/owner}{/repo}", "site_admin": false, "login": "danielkerr", "type": "User", "id": 5079756, "followers_url": "https://api.github.com/users/danielkerr/followers"}, "event": "closed", "issue": {"labels": [], "number": 3856, "assignee": null, "repository_url": "https://api.github.com/repos/opencart/opencart", "closed_at": "2016-01-26T14:56:14Z", "id": 128427367, "title": "Remove Alert", "pull_request": {"url": "https://api.github.com/repos/opencart/opencart/pulls/3856", "diff_url": "https://github.com/opencart/opencart/pull/3856.diff", "html_url": "https://github.com/opencart/opencart/pull/3856", "patch_url": "https://github.com/opencart/opencart/pull/3856.patch"}, "comments": 2, "state": "closed", "body": "", "labels_url": "https://api.github.com/repos/opencart/opencart/issues/3856/labels{/name}", "events_url": "https://api.github.com/repos/opencart/opencart/issues/3856/events", "comments_url": "https://api.github.com/repos/opencart/opencart/issues/3856/comments", "html_url": "https://github.com/opencart/opencart/pull/3856", "updated_at": "2016-01-26T14:56:19Z", "user": {"following_url": "https://api.github.com/users/valdeir2000/following{/other_user}", "events_url": "https://api.github.com/users/valdeir2000/events{/privacy}", "organizations_url": "https://api.github.com/users/valdeir2000/orgs", "url": "https://api.github.com/users/valdeir2000", "gists_url": "https://api.github.com/users/valdeir2000/gists{/gist_id}", "html_url": "https://github.com/valdeir2000", "subscriptions_url": "https://api.github.com/users/valdeir2000/subscriptions", "avatar_url": "https://avatars.githubusercontent.com/u/606481?v=3", "repos_url": "https://api.github.com/users/valdeir2000/repos", "received_events_url": "https://api.github.com/users/valdeir2000/received_events", "gravatar_id": "", "starred_url": "https://api.github.com/users/valdeir2000/starred{/owner}{/repo}", "site_admin": false, "login": "valdeir2000", "type": "User", "id": 606481, "followers_url": "https://api.github.com/users/valdeir2000/followers"}, "milestone": null, "locked": false, "url": "https://api.github.com/repos/opencart/opencart/issues/3856", "created_at": "2016-01-24T21:47:51Z", "assignees": []}, "id": 526587650}]