[{"commit_id": null, "commit_url": null, "url": "https://api.github.com/repos/opencart/opencart/issues/events/656729982", "created_at": "2016-05-11T06:40:49Z", "actor": {"following_url": "https://api.github.com/users/danielkerr/following{/other_user}", "events_url": "https://api.github.com/users/danielkerr/events{/privacy}", "organizations_url": "https://api.github.com/users/danielkerr/orgs", "url": "https://api.github.com/users/danielkerr", "gists_url": "https://api.github.com/users/danielkerr/gists{/gist_id}", "html_url": "https://github.com/danielkerr", "subscriptions_url": "https://api.github.com/users/danielkerr/subscriptions", "avatar_url": "https://avatars.githubusercontent.com/u/5079756?v=3", "repos_url": "https://api.github.com/users/danielkerr/repos", "received_events_url": "https://api.github.com/users/danielkerr/received_events", "gravatar_id": "", "starred_url": "https://api.github.com/users/danielkerr/starred{/owner}{/repo}", "site_admin": false, "login": "danielkerr", "type": "User", "id": 5079756, "followers_url": "https://api.github.com/users/danielkerr/followers"}, "event": "closed", "issue": {"body": "Fresh installation of OC 2.2.0.0 and I get an SSL error when viewing orders.\n\n> [Exception... \"<no message>\"  nsresult: \"0x805e0006 (<unknown>)\"  location: \"JS frame :: https://www.MYWEBSITE.com/shop/admin/view/javascript/jquery/jquery-2.1.1.min.js :: .send :: line 4\"  data: no]\n> \n> [Exception... \"<no message>\"  nsresult: \"0x805e0006 (<unknown>)\"  location: \"JS frame :: https://www.MYWEBSITE.com/shop/admin/view/javascript/jquery/jquery-2.1.1.min.js :: .send :: line 4\"  data: no]\n> \n> undefined\n\nWhat I've done:\n- Installed fresh OC 2.2.0.0 - No mods, no updates, just pure download from the website and install.\n- Edited \"config.php\" and \"admin/config.php\"\n- Enabled SSL in store settings/server\n- Create new order on front end and using guest check out\n- Go into Admin panel, Sales -> Orders -> View Orders - At this point a popup with the error above comes up.\n\nI've tried the following:\n- Using Softaculous installer in Cpanel\n- Installing manually from downloading from OC website\n- Enabled SSL in store settings/server\n- Disabled SSL in store settings/server\n- Disable ALL SSL https protocols from settings, config.php and admin/config.php (no error above but I get this API error: *\\* Warning: You do not have permission to access the API!**)\n\nWhat I think it is:\n- While all is SSL enabled and in HTTPS protocol, on the order details page, when viewing source code, I found 3 instances of HTTPSS, rather than HTTPS.\n- While all SSL and HTTPS is disabled, on the same order detail page, now with the API issue, source code shows \"HTTPS\" in the same instances where \"HTTPSS\" was.\n\nSomething is causing the extra \"S\" when SSL is not enabled, and when it is, enabling SSL mode adds another \"S\", resulting in HTTPSS.\n\nPlease address this issue ASAP. My store is on hold from being released to do business.\n", "labels": [], "locked": false, "title": "2.2.0.0 - SSL Issue, cannot edit orders", "url": "https://api.github.com/repos/opencart/opencart/issues/4347", "labels_url": "https://api.github.com/repos/opencart/opencart/issues/4347/labels{/name}", "created_at": "2016-05-09T04:52:06Z", "events_url": "https://api.github.com/repos/opencart/opencart/issues/4347/events", "comments_url": "https://api.github.com/repos/opencart/opencart/issues/4347/comments", "html_url": "https://github.com/opencart/opencart/issues/4347", "comments": 19, "number": 4347, "updated_at": "2016-11-07T07:16:20Z", "assignee": null, "state": "closed", "user": {"following_url": "https://api.github.com/users/xcentriq/following{/other_user}", "events_url": "https://api.github.com/users/xcentriq/events{/privacy}", "organizations_url": "https://api.github.com/users/xcentriq/orgs", "url": "https://api.github.com/users/xcentriq", "gists_url": "https://api.github.com/users/xcentriq/gists{/gist_id}", "html_url": "https://github.com/xcentriq", "subscriptions_url": "https://api.github.com/users/xcentriq/subscriptions", "avatar_url": "https://avatars.githubusercontent.com/u/19259009?v=3", "repos_url": "https://api.github.com/users/xcentriq/repos", "received_events_url": "https://api.github.com/users/xcentriq/received_events", "gravatar_id": "", "starred_url": "https://api.github.com/users/xcentriq/starred{/owner}{/repo}", "site_admin": false, "login": "xcentriq", "type": "User", "id": 19259009, "followers_url": "https://api.github.com/users/xcentriq/followers"}, "milestone": null, "repository_url": "https://api.github.com/repos/opencart/opencart", "closed_at": "2016-05-11T06:40:49Z", "assignees": [], "id": 153702951}, "id": 656729982}, {"commit_id": null, "commit_url": null, "url": "https://api.github.com/repos/opencart/opencart/issues/events/656722413", "created_at": "2016-05-11T06:29:43Z", "actor": {"following_url": "https://api.github.com/users/danielkerr/following{/other_user}", "events_url": "https://api.github.com/users/danielkerr/events{/privacy}", "organizations_url": "https://api.github.com/users/danielkerr/orgs", "url": "https://api.github.com/users/danielkerr", "gists_url": "https://api.github.com/users/danielkerr/gists{/gist_id}", "html_url": "https://github.com/danielkerr", "subscriptions_url": "https://api.github.com/users/danielkerr/subscriptions", "avatar_url": "https://avatars.githubusercontent.com/u/5079756?v=3", "repos_url": "https://api.github.com/users/danielkerr/repos", "received_events_url": "https://api.github.com/users/danielkerr/received_events", "gravatar_id": "", "starred_url": "https://api.github.com/users/danielkerr/starred{/owner}{/repo}", "site_admin": false, "login": "danielkerr", "type": "User", "id": 5079756, "followers_url": "https://api.github.com/users/danielkerr/followers"}, "event": "closed", "issue": {"body": "There are tons of not optimized sql-requests in category pages and in other product-list pages.\nWhen you need list of products **you use getProduct($product_id) for each single product in the page**.\nIt terribly slows down the script. For example, if category shows 40 (or 60 or 100) products per page you will have at least 40 (or 60 or 100) sql-requests in this page. To say it is very poor would be would be an understatement.\n\nYou may discover getProductsByIds method that will get all these 40 (or 60 or 100) products in one sql-request by given ids. All normal scripts do it in such a way.\n\nSee getProduct() in foreach cycle:\nhttps://github.com/opencart/opencart/blob/master/upload/catalog/model/catalog/product.php#L193\nhttps://github.com/opencart/opencart/blob/master/upload/catalog/model/catalog/product.php#L243\nhttps://github.com/opencart/opencart/blob/master/upload/catalog/model/catalog/product.php#L256\nhttps://github.com/opencart/opencart/blob/master/upload/catalog/model/catalog/product.php#L290\nhttps://github.com/opencart/opencart/blob/master/upload/catalog/model/catalog/product.php#L384\nAnd other places all over the script. These are just examples\n", "labels": [], "locked": false, "title": "Heap of useless sql-requests in category pages", "url": "https://api.github.com/repos/opencart/opencart/issues/4354", "labels_url": "https://api.github.com/repos/opencart/opencart/issues/4354/labels{/name}", "created_at": "2016-05-10T19:42:16Z", "events_url": "https://api.github.com/repos/opencart/opencart/issues/4354/events", "comments_url": "https://api.github.com/repos/opencart/opencart/issues/4354/comments", "html_url": "https://github.com/opencart/opencart/issues/4354", "comments": 2, "number": 4354, "updated_at": "2016-05-11T13:13:30Z", "assignee": null, "state": "closed", "user": {"following_url": "https://api.github.com/users/guiltar/following{/other_user}", "events_url": "https://api.github.com/users/guiltar/events{/privacy}", "organizations_url": "https://api.github.com/users/guiltar/orgs", "url": "https://api.github.com/users/guiltar", "gists_url": "https://api.github.com/users/guiltar/gists{/gist_id}", "html_url": "https://github.com/guiltar", "subscriptions_url": "https://api.github.com/users/guiltar/subscriptions", "avatar_url": "https://avatars.githubusercontent.com/u/1562290?v=3", "repos_url": "https://api.github.com/users/guiltar/repos", "received_events_url": "https://api.github.com/users/guiltar/received_events", "gravatar_id": "", "starred_url": "https://api.github.com/users/guiltar/starred{/owner}{/repo}", "site_admin": false, "login": "guiltar", "type": "User", "id": 1562290, "followers_url": "https://api.github.com/users/guiltar/followers"}, "milestone": null, "repository_url": "https://api.github.com/repos/opencart/opencart", "closed_at": "2016-05-11T06:29:43Z", "assignees": [], "id": 154089850}, "id": 656722413}, {"commit_id": null, "commit_url": null, "url": "https://api.github.com/repos/opencart/opencart/issues/events/656721329", "created_at": "2016-05-11T06:28:04Z", "actor": {"following_url": "https://api.github.com/users/danielkerr/following{/other_user}", "events_url": "https://api.github.com/users/danielkerr/events{/privacy}", "organizations_url": "https://api.github.com/users/danielkerr/orgs", "url": "https://api.github.com/users/danielkerr", "gists_url": "https://api.github.com/users/danielkerr/gists{/gist_id}", "html_url": "https://github.com/danielkerr", "subscriptions_url": "https://api.github.com/users/danielkerr/subscriptions", "avatar_url": "https://avatars.githubusercontent.com/u/5079756?v=3", "repos_url": "https://api.github.com/users/danielkerr/repos", "received_events_url": "https://api.github.com/users/danielkerr/received_events", "gravatar_id": "", "starred_url": "https://api.github.com/users/danielkerr/starred{/owner}{/repo}", "site_admin": false, "login": "danielkerr", "type": "User", "id": 5079756, "followers_url": "https://api.github.com/users/danielkerr/followers"}, "event": "closed", "issue": {"labels": [], "number": 4352, "assignee": null, "repository_url": "https://api.github.com/repos/opencart/opencart", "closed_at": "2016-05-11T06:28:04Z", "id": 154027900, "title": "Fix for redirect after save", "pull_request": {"url": "https://api.github.com/repos/opencart/opencart/pulls/4352", "diff_url": "https://github.com/opencart/opencart/pull/4352.diff", "html_url": "https://github.com/opencart/opencart/pull/4352", "patch_url": "https://github.com/opencart/opencart/pull/4352.patch"}, "comments": 0, "state": "closed", "body": "", "labels_url": "https://api.github.com/repos/opencart/opencart/issues/4352/labels{/name}", "events_url": "https://api.github.com/repos/opencart/opencart/issues/4352/events", "comments_url": "https://api.github.com/repos/opencart/opencart/issues/4352/comments", "html_url": "https://github.com/opencart/opencart/pull/4352", "updated_at": "2016-05-11T06:28:04Z", "user": {"following_url": "https://api.github.com/users/qphoria/following{/other_user}", "events_url": "https://api.github.com/users/qphoria/events{/privacy}", "organizations_url": "https://api.github.com/users/qphoria/orgs", "url": "https://api.github.com/users/qphoria", "gists_url": "https://api.github.com/users/qphoria/gists{/gist_id}", "html_url": "https://github.com/qphoria", "subscriptions_url": "https://api.github.com/users/qphoria/subscriptions", "avatar_url": "https://avatars.githubusercontent.com/u/569693?v=3", "repos_url": "https://api.github.com/users/qphoria/repos", "received_events_url": "https://api.github.com/users/qphoria/received_events", "gravatar_id": "", "starred_url": "https://api.github.com/users/qphoria/starred{/owner}{/repo}", "site_admin": false, "login": "qphoria", "type": "User", "id": 569693, "followers_url": "https://api.github.com/users/qphoria/followers"}, "milestone": null, "locked": false, "url": "https://api.github.com/repos/opencart/opencart/issues/4352", "created_at": "2016-05-10T14:58:11Z", "assignees": []}, "id": 656721329}, {"commit_id": "d515ba98e5209dbd301a34c343e4fd0e747514b3", "commit_url": "https://api.github.com/repos/opencart/opencart/commits/d515ba98e5209dbd301a34c343e4fd0e747514b3", "url": "https://api.github.com/repos/opencart/opencart/issues/events/656721328", "created_at": "2016-05-11T06:28:04Z", "actor": {"following_url": "https://api.github.com/users/danielkerr/following{/other_user}", "events_url": "https://api.github.com/users/danielkerr/events{/privacy}", "organizations_url": "https://api.github.com/users/danielkerr/orgs", "url": "https://api.github.com/users/danielkerr", "gists_url": "https://api.github.com/users/danielkerr/gists{/gist_id}", "html_url": "https://github.com/danielkerr", "subscriptions_url": "https://api.github.com/users/danielkerr/subscriptions", "avatar_url": "https://avatars.githubusercontent.com/u/5079756?v=3", "repos_url": "https://api.github.com/users/danielkerr/repos", "received_events_url": "https://api.github.com/users/danielkerr/received_events", "gravatar_id": "", "starred_url": "https://api.github.com/users/danielkerr/starred{/owner}{/repo}", "site_admin": false, "login": "danielkerr", "type": "User", "id": 5079756, "followers_url": "https://api.github.com/users/danielkerr/followers"}, "event": "merged", "issue": {"labels": [], "number": 4352, "assignee": null, "repository_url": "https://api.github.com/repos/opencart/opencart", "closed_at": "2016-05-11T06:28:04Z", "id": 154027900, "title": "Fix for redirect after save", "pull_request": {"url": "https://api.github.com/repos/opencart/opencart/pulls/4352", "diff_url": "https://github.com/opencart/opencart/pull/4352.diff", "html_url": "https://github.com/opencart/opencart/pull/4352", "patch_url": "https://github.com/opencart/opencart/pull/4352.patch"}, "comments": 0, "state": "closed", "body": "", "labels_url": "https://api.github.com/repos/opencart/opencart/issues/4352/labels{/name}", "events_url": "https://api.github.com/repos/opencart/opencart/issues/4352/events", "comments_url": "https://api.github.com/repos/opencart/opencart/issues/4352/comments", "html_url": "https://github.com/opencart/opencart/pull/4352", "updated_at": "2016-05-11T06:28:04Z", "user": {"following_url": "https://api.github.com/users/qphoria/following{/other_user}", "events_url": "https://api.github.com/users/qphoria/events{/privacy}", "organizations_url": "https://api.github.com/users/qphoria/orgs", "url": "https://api.github.com/users/qphoria", "gists_url": "https://api.github.com/users/qphoria/gists{/gist_id}", "html_url": "https://github.com/qphoria", "subscriptions_url": "https://api.github.com/users/qphoria/subscriptions", "avatar_url": "https://avatars.githubusercontent.com/u/569693?v=3", "repos_url": "https://api.github.com/users/qphoria/repos", "received_events_url": "https://api.github.com/users/qphoria/received_events", "gravatar_id": "", "starred_url": "https://api.github.com/users/qphoria/starred{/owner}{/repo}", "site_admin": false, "login": "qphoria", "type": "User", "id": 569693, "followers_url": "https://api.github.com/users/qphoria/followers"}, "milestone": null, "locked": false, "url": "https://api.github.com/repos/opencart/opencart/issues/4352", "created_at": "2016-05-10T14:58:11Z", "assignees": []}, "id": 656721328}, {"commit_id": "d515ba98e5209dbd301a34c343e4fd0e747514b3", "commit_url": "https://api.github.com/repos/opencart/opencart/commits/d515ba98e5209dbd301a34c343e4fd0e747514b3", "url": "https://api.github.com/repos/opencart/opencart/issues/events/656721327", "created_at": "2016-05-11T06:28:04Z", "actor": {"following_url": "https://api.github.com/users/danielkerr/following{/other_user}", "events_url": "https://api.github.com/users/danielkerr/events{/privacy}", "organizations_url": "https://api.github.com/users/danielkerr/orgs", "url": "https://api.github.com/users/danielkerr", "gists_url": "https://api.github.com/users/danielkerr/gists{/gist_id}", "html_url": "https://github.com/danielkerr", "subscriptions_url": "https://api.github.com/users/danielkerr/subscriptions", "avatar_url": "https://avatars.githubusercontent.com/u/5079756?v=3", "repos_url": "https://api.github.com/users/danielkerr/repos", "received_events_url": "https://api.github.com/users/danielkerr/received_events", "gravatar_id": "", "starred_url": "https://api.github.com/users/danielkerr/starred{/owner}{/repo}", "site_admin": false, "login": "danielkerr", "type": "User", "id": 5079756, "followers_url": "https://api.github.com/users/danielkerr/followers"}, "event": "referenced", "issue": {"labels": [], "number": 4352, "assignee": null, "repository_url": "https://api.github.com/repos/opencart/opencart", "closed_at": "2016-05-11T06:28:04Z", "id": 154027900, "title": "Fix for redirect after save", "pull_request": {"url": "https://api.github.com/repos/opencart/opencart/pulls/4352", "diff_url": "https://github.com/opencart/opencart/pull/4352.diff", "html_url": "https://github.com/opencart/opencart/pull/4352", "patch_url": "https://github.com/opencart/opencart/pull/4352.patch"}, "comments": 0, "state": "closed", "body": "", "labels_url": "https://api.github.com/repos/opencart/opencart/issues/4352/labels{/name}", "events_url": "https://api.github.com/repos/opencart/opencart/issues/4352/events", "comments_url": "https://api.github.com/repos/opencart/opencart/issues/4352/comments", "html_url": "https://github.com/opencart/opencart/pull/4352", "updated_at": "2016-05-11T06:28:04Z", "user": {"following_url": "https://api.github.com/users/qphoria/following{/other_user}", "events_url": "https://api.github.com/users/qphoria/events{/privacy}", "organizations_url": "https://api.github.com/users/qphoria/orgs", "url": "https://api.github.com/users/qphoria", "gists_url": "https://api.github.com/users/qphoria/gists{/gist_id}", "html_url": "https://github.com/qphoria", "subscriptions_url": "https://api.github.com/users/qphoria/subscriptions", "avatar_url": "https://avatars.githubusercontent.com/u/569693?v=3", "repos_url": "https://api.github.com/users/qphoria/repos", "received_events_url": "https://api.github.com/users/qphoria/received_events", "gravatar_id": "", "starred_url": "https://api.github.com/users/qphoria/starred{/owner}{/repo}", "site_admin": false, "login": "qphoria", "type": "User", "id": 569693, "followers_url": "https://api.github.com/users/qphoria/followers"}, "milestone": null, "locked": false, "url": "https://api.github.com/repos/opencart/opencart/issues/4352", "created_at": "2016-05-10T14:58:11Z", "assignees": []}, "id": 656721327}, {"commit_id": null, "commit_url": null, "url": "https://api.github.com/repos/opencart/opencart/issues/events/656720667", "created_at": "2016-05-11T06:27:10Z", "actor": {"following_url": "https://api.github.com/users/danielkerr/following{/other_user}", "events_url": "https://api.github.com/users/danielkerr/events{/privacy}", "organizations_url": "https://api.github.com/users/danielkerr/orgs", "url": "https://api.github.com/users/danielkerr", "gists_url": "https://api.github.com/users/danielkerr/gists{/gist_id}", "html_url": "https://github.com/danielkerr", "subscriptions_url": "https://api.github.com/users/danielkerr/subscriptions", "avatar_url": "https://avatars.githubusercontent.com/u/5079756?v=3", "repos_url": "https://api.github.com/users/danielkerr/repos", "received_events_url": "https://api.github.com/users/danielkerr/received_events", "gravatar_id": "", "starred_url": "https://api.github.com/users/danielkerr/starred{/owner}{/repo}", "site_admin": false, "login": "danielkerr", "type": "User", "id": 5079756, "followers_url": "https://api.github.com/users/danielkerr/followers"}, "event": "closed", "issue": {"labels": [], "number": 4353, "assignee": null, "repository_url": "https://api.github.com/repos/opencart/opencart", "closed_at": "2016-05-11T06:27:10Z", "id": 154066228, "title": "Problems with double \"s\" in admin->sales->orders (var store_url), when", "pull_request": {"url": "https://api.github.com/repos/opencart/opencart/pulls/4353", "diff_url": "https://github.com/opencart/opencart/pull/4353.diff", "html_url": "https://github.com/opencart/opencart/pull/4353", "patch_url": "https://github.com/opencart/opencart/pull/4353.patch"}, "comments": 8, "state": "closed", "body": "Problems with double \"s\" in admin->sales->orders (var store_url), when we need force https for all store. Set HTTP_SERVER = HTTPS_SERVER on\nadmin/config.php.\n", "labels_url": "https://api.github.com/repos/opencart/opencart/issues/4353/labels{/name}", "events_url": "https://api.github.com/repos/opencart/opencart/issues/4353/events", "comments_url": "https://api.github.com/repos/opencart/opencart/issues/4353/comments", "html_url": "https://github.com/opencart/opencart/pull/4353", "updated_at": "2016-07-09T14:57:07Z", "user": {"following_url": "https://api.github.com/users/langtechs/following{/other_user}", "events_url": "https://api.github.com/users/langtechs/events{/privacy}", "organizations_url": "https://api.github.com/users/langtechs/orgs", "url": "https://api.github.com/users/langtechs", "gists_url": "https://api.github.com/users/langtechs/gists{/gist_id}", "html_url": "https://github.com/langtechs", "subscriptions_url": "https://api.github.com/users/langtechs/subscriptions", "avatar_url": "https://avatars.githubusercontent.com/u/5223054?v=3", "repos_url": "https://api.github.com/users/langtechs/repos", "received_events_url": "https://api.github.com/users/langtechs/received_events", "gravatar_id": "", "starred_url": "https://api.github.com/users/langtechs/starred{/owner}{/repo}", "site_admin": false, "login": "langtechs", "type": "User", "id": 5223054, "followers_url": "https://api.github.com/users/langtechs/followers"}, "milestone": null, "locked": false, "url": "https://api.github.com/repos/opencart/opencart/issues/4353", "created_at": "2016-05-10T17:46:47Z", "assignees": []}, "id": 656720667}, {"commit_id": null, "commit_url": null, "url": "https://api.github.com/repos/opencart/opencart/issues/events/655444421", "created_at": "2016-05-10T08:41:39Z", "actor": {"following_url": "https://api.github.com/users/danielkerr/following{/other_user}", "events_url": "https://api.github.com/users/danielkerr/events{/privacy}", "organizations_url": "https://api.github.com/users/danielkerr/orgs", "url": "https://api.github.com/users/danielkerr", "gists_url": "https://api.github.com/users/danielkerr/gists{/gist_id}", "html_url": "https://github.com/danielkerr", "subscriptions_url": "https://api.github.com/users/danielkerr/subscriptions", "avatar_url": "https://avatars.githubusercontent.com/u/5079756?v=3", "repos_url": "https://api.github.com/users/danielkerr/repos", "received_events_url": "https://api.github.com/users/danielkerr/received_events", "gravatar_id": "", "starred_url": "https://api.github.com/users/danielkerr/starred{/owner}{/repo}", "site_admin": false, "login": "danielkerr", "type": "User", "id": 5079756, "followers_url": "https://api.github.com/users/danielkerr/followers"}, "event": "closed", "issue": {"labels": [], "number": 4348, "assignee": null, "repository_url": "https://api.github.com/repos/opencart/opencart", "closed_at": "2016-05-10T08:41:39Z", "id": 153854845, "title": "Duplicate id for Captcha dropdown menu", "pull_request": {"url": "https://api.github.com/repos/opencart/opencart/pulls/4348", "diff_url": "https://github.com/opencart/opencart/pull/4348.diff", "html_url": "https://github.com/opencart/opencart/pull/4348", "patch_url": "https://github.com/opencart/opencart/pull/4348.patch"}, "comments": 0, "state": "closed", "body": "", "labels_url": "https://api.github.com/repos/opencart/opencart/issues/4348/labels{/name}", "events_url": "https://api.github.com/repos/opencart/opencart/issues/4348/events", "comments_url": "https://api.github.com/repos/opencart/opencart/issues/4348/comments", "html_url": "https://github.com/opencart/opencart/pull/4348", "updated_at": "2016-05-10T08:41:39Z", "user": {"following_url": "https://api.github.com/users/robinflyhigh/following{/other_user}", "events_url": "https://api.github.com/users/robinflyhigh/events{/privacy}", "organizations_url": "https://api.github.com/users/robinflyhigh/orgs", "url": "https://api.github.com/users/robinflyhigh", "gists_url": "https://api.github.com/users/robinflyhigh/gists{/gist_id}", "html_url": "https://github.com/robinflyhigh", "subscriptions_url": "https://api.github.com/users/robinflyhigh/subscriptions", "avatar_url": "https://avatars.githubusercontent.com/u/275138?v=3", "repos_url": "https://api.github.com/users/robinflyhigh/repos", "received_events_url": "https://api.github.com/users/robinflyhigh/received_events", "gravatar_id": "", "starred_url": "https://api.github.com/users/robinflyhigh/starred{/owner}{/repo}", "site_admin": false, "login": "robinflyhigh", "type": "User", "id": 275138, "followers_url": "https://api.github.com/users/robinflyhigh/followers"}, "milestone": null, "locked": false, "url": "https://api.github.com/repos/opencart/opencart/issues/4348", "created_at": "2016-05-09T19:50:28Z", "assignees": []}, "id": 655444421}, {"commit_id": "9de9bd74f3ee74b4bbb6372f18f4439f38319d48", "commit_url": "https://api.github.com/repos/opencart/opencart/commits/9de9bd74f3ee74b4bbb6372f18f4439f38319d48", "url": "https://api.github.com/repos/opencart/opencart/issues/events/655444419", "created_at": "2016-05-10T08:41:39Z", "actor": {"following_url": "https://api.github.com/users/danielkerr/following{/other_user}", "events_url": "https://api.github.com/users/danielkerr/events{/privacy}", "organizations_url": "https://api.github.com/users/danielkerr/orgs", "url": "https://api.github.com/users/danielkerr", "gists_url": "https://api.github.com/users/danielkerr/gists{/gist_id}", "html_url": "https://github.com/danielkerr", "subscriptions_url": "https://api.github.com/users/danielkerr/subscriptions", "avatar_url": "https://avatars.githubusercontent.com/u/5079756?v=3", "repos_url": "https://api.github.com/users/danielkerr/repos", "received_events_url": "https://api.github.com/users/danielkerr/received_events", "gravatar_id": "", "starred_url": "https://api.github.com/users/danielkerr/starred{/owner}{/repo}", "site_admin": false, "login": "danielkerr", "type": "User", "id": 5079756, "followers_url": "https://api.github.com/users/danielkerr/followers"}, "event": "merged", "issue": {"labels": [], "number": 4348, "assignee": null, "repository_url": "https://api.github.com/repos/opencart/opencart", "closed_at": "2016-05-10T08:41:39Z", "id": 153854845, "title": "Duplicate id for Captcha dropdown menu", "pull_request": {"url": "https://api.github.com/repos/opencart/opencart/pulls/4348", "diff_url": "https://github.com/opencart/opencart/pull/4348.diff", "html_url": "https://github.com/opencart/opencart/pull/4348", "patch_url": "https://github.com/opencart/opencart/pull/4348.patch"}, "comments": 0, "state": "closed", "body": "", "labels_url": "https://api.github.com/repos/opencart/opencart/issues/4348/labels{/name}", "events_url": "https://api.github.com/repos/opencart/opencart/issues/4348/events", "comments_url": "https://api.github.com/repos/opencart/opencart/issues/4348/comments", "html_url": "https://github.com/opencart/opencart/pull/4348", "updated_at": "2016-05-10T08:41:39Z", "user": {"following_url": "https://api.github.com/users/robinflyhigh/following{/other_user}", "events_url": "https://api.github.com/users/robinflyhigh/events{/privacy}", "organizations_url": "https://api.github.com/users/robinflyhigh/orgs", "url": "https://api.github.com/users/robinflyhigh", "gists_url": "https://api.github.com/users/robinflyhigh/gists{/gist_id}", "html_url": "https://github.com/robinflyhigh", "subscriptions_url": "https://api.github.com/users/robinflyhigh/subscriptions", "avatar_url": "https://avatars.githubusercontent.com/u/275138?v=3", "repos_url": "https://api.github.com/users/robinflyhigh/repos", "received_events_url": "https://api.github.com/users/robinflyhigh/received_events", "gravatar_id": "", "starred_url": "https://api.github.com/users/robinflyhigh/starred{/owner}{/repo}", "site_admin": false, "login": "robinflyhigh", "type": "User", "id": 275138, "followers_url": "https://api.github.com/users/robinflyhigh/followers"}, "milestone": null, "locked": false, "url": "https://api.github.com/repos/opencart/opencart/issues/4348", "created_at": "2016-05-09T19:50:28Z", "assignees": []}, "id": 655444419}, {"commit_id": "9de9bd74f3ee74b4bbb6372f18f4439f38319d48", "commit_url": "https://api.github.com/repos/opencart/opencart/commits/9de9bd74f3ee74b4bbb6372f18f4439f38319d48", "url": "https://api.github.com/repos/opencart/opencart/issues/events/655444418", "created_at": "2016-05-10T08:41:39Z", "actor": {"following_url": "https://api.github.com/users/danielkerr/following{/other_user}", "events_url": "https://api.github.com/users/danielkerr/events{/privacy}", "organizations_url": "https://api.github.com/users/danielkerr/orgs", "url": "https://api.github.com/users/danielkerr", "gists_url": "https://api.github.com/users/danielkerr/gists{/gist_id}", "html_url": "https://github.com/danielkerr", "subscriptions_url": "https://api.github.com/users/danielkerr/subscriptions", "avatar_url": "https://avatars.githubusercontent.com/u/5079756?v=3", "repos_url": "https://api.github.com/users/danielkerr/repos", "received_events_url": "https://api.github.com/users/danielkerr/received_events", "gravatar_id": "", "starred_url": "https://api.github.com/users/danielkerr/starred{/owner}{/repo}", "site_admin": false, "login": "danielkerr", "type": "User", "id": 5079756, "followers_url": "https://api.github.com/users/danielkerr/followers"}, "event": "referenced", "issue": {"labels": [], "number": 4348, "assignee": null, "repository_url": "https://api.github.com/repos/opencart/opencart", "closed_at": "2016-05-10T08:41:39Z", "id": 153854845, "title": "Duplicate id for Captcha dropdown menu", "pull_request": {"url": "https://api.github.com/repos/opencart/opencart/pulls/4348", "diff_url": "https://github.com/opencart/opencart/pull/4348.diff", "html_url": "https://github.com/opencart/opencart/pull/4348", "patch_url": "https://github.com/opencart/opencart/pull/4348.patch"}, "comments": 0, "state": "closed", "body": "", "labels_url": "https://api.github.com/repos/opencart/opencart/issues/4348/labels{/name}", "events_url": "https://api.github.com/repos/opencart/opencart/issues/4348/events", "comments_url": "https://api.github.com/repos/opencart/opencart/issues/4348/comments", "html_url": "https://github.com/opencart/opencart/pull/4348", "updated_at": "2016-05-10T08:41:39Z", "user": {"following_url": "https://api.github.com/users/robinflyhigh/following{/other_user}", "events_url": "https://api.github.com/users/robinflyhigh/events{/privacy}", "organizations_url": "https://api.github.com/users/robinflyhigh/orgs", "url": "https://api.github.com/users/robinflyhigh", "gists_url": "https://api.github.com/users/robinflyhigh/gists{/gist_id}", "html_url": "https://github.com/robinflyhigh", "subscriptions_url": "https://api.github.com/users/robinflyhigh/subscriptions", "avatar_url": "https://avatars.githubusercontent.com/u/275138?v=3", "repos_url": "https://api.github.com/users/robinflyhigh/repos", "received_events_url": "https://api.github.com/users/robinflyhigh/received_events", "gravatar_id": "", "starred_url": "https://api.github.com/users/robinflyhigh/starred{/owner}{/repo}", "site_admin": false, "login": "robinflyhigh", "type": "User", "id": 275138, "followers_url": "https://api.github.com/users/robinflyhigh/followers"}, "milestone": null, "locked": false, "url": "https://api.github.com/repos/opencart/opencart/issues/4348", "created_at": "2016-05-09T19:50:28Z", "assignees": []}, "id": 655444418}, {"commit_id": null, "commit_url": null, "url": "https://api.github.com/repos/opencart/opencart/issues/events/655444237", "created_at": "2016-05-10T08:41:29Z", "actor": {"following_url": "https://api.github.com/users/danielkerr/following{/other_user}", "events_url": "https://api.github.com/users/danielkerr/events{/privacy}", "organizations_url": "https://api.github.com/users/danielkerr/orgs", "url": "https://api.github.com/users/danielkerr", "gists_url": "https://api.github.com/users/danielkerr/gists{/gist_id}", "html_url": "https://github.com/danielkerr", "subscriptions_url": "https://api.github.com/users/danielkerr/subscriptions", "avatar_url": "https://avatars.githubusercontent.com/u/5079756?v=3", "repos_url": "https://api.github.com/users/danielkerr/repos", "received_events_url": "https://api.github.com/users/danielkerr/received_events", "gravatar_id": "", "starred_url": "https://api.github.com/users/danielkerr/starred{/owner}{/repo}", "site_admin": false, "login": "danielkerr", "type": "User", "id": 5079756, "followers_url": "https://api.github.com/users/danielkerr/followers"}, "event": "closed", "issue": {"labels": [], "number": 4351, "assignee": null, "repository_url": "https://api.github.com/repos/opencart/opencart", "closed_at": "2016-05-10T08:41:29Z", "id": 153943617, "title": "Update login.php", "pull_request": {"url": "https://api.github.com/repos/opencart/opencart/pulls/4351", "diff_url": "https://github.com/opencart/opencart/pull/4351.diff", "html_url": "https://github.com/opencart/opencart/pull/4351", "patch_url": "https://github.com/opencart/opencart/pull/4351.patch"}, "comments": 0, "state": "closed", "body": "", "labels_url": "https://api.github.com/repos/opencart/opencart/issues/4351/labels{/name}", "events_url": "https://api.github.com/repos/opencart/opencart/issues/4351/events", "comments_url": "https://api.github.com/repos/opencart/opencart/issues/4351/comments", "html_url": "https://github.com/opencart/opencart/pull/4351", "updated_at": "2016-05-10T08:41:29Z", "user": {"following_url": "https://api.github.com/users/eka7a/following{/other_user}", "events_url": "https://api.github.com/users/eka7a/events{/privacy}", "organizations_url": "https://api.github.com/users/eka7a/orgs", "url": "https://api.github.com/users/eka7a", "gists_url": "https://api.github.com/users/eka7a/gists{/gist_id}", "html_url": "https://github.com/eka7a", "subscriptions_url": "https://api.github.com/users/eka7a/subscriptions", "avatar_url": "https://avatars.githubusercontent.com/u/5789807?v=3", "repos_url": "https://api.github.com/users/eka7a/repos", "received_events_url": "https://api.github.com/users/eka7a/received_events", "gravatar_id": "", "starred_url": "https://api.github.com/users/eka7a/starred{/owner}{/repo}", "site_admin": false, "login": "eka7a", "type": "User", "id": 5789807, "followers_url": "https://api.github.com/users/eka7a/followers"}, "milestone": null, "locked": false, "url": "https://api.github.com/repos/opencart/opencart/issues/4351", "created_at": "2016-05-10T07:48:07Z", "assignees": []}, "id": 655444237}, {"commit_id": "6db6c93d2c887ef86b6c699239aba5021e305be4", "commit_url": "https://api.github.com/repos/opencart/opencart/commits/6db6c93d2c887ef86b6c699239aba5021e305be4", "url": "https://api.github.com/repos/opencart/opencart/issues/events/655444236", "created_at": "2016-05-10T08:41:29Z", "actor": {"following_url": "https://api.github.com/users/danielkerr/following{/other_user}", "events_url": "https://api.github.com/users/danielkerr/events{/privacy}", "organizations_url": "https://api.github.com/users/danielkerr/orgs", "url": "https://api.github.com/users/danielkerr", "gists_url": "https://api.github.com/users/danielkerr/gists{/gist_id}", "html_url": "https://github.com/danielkerr", "subscriptions_url": "https://api.github.com/users/danielkerr/subscriptions", "avatar_url": "https://avatars.githubusercontent.com/u/5079756?v=3", "repos_url": "https://api.github.com/users/danielkerr/repos", "received_events_url": "https://api.github.com/users/danielkerr/received_events", "gravatar_id": "", "starred_url": "https://api.github.com/users/danielkerr/starred{/owner}{/repo}", "site_admin": false, "login": "danielkerr", "type": "User", "id": 5079756, "followers_url": "https://api.github.com/users/danielkerr/followers"}, "event": "merged", "issue": {"labels": [], "number": 4351, "assignee": null, "repository_url": "https://api.github.com/repos/opencart/opencart", "closed_at": "2016-05-10T08:41:29Z", "id": 153943617, "title": "Update login.php", "pull_request": {"url": "https://api.github.com/repos/opencart/opencart/pulls/4351", "diff_url": "https://github.com/opencart/opencart/pull/4351.diff", "html_url": "https://github.com/opencart/opencart/pull/4351", "patch_url": "https://github.com/opencart/opencart/pull/4351.patch"}, "comments": 0, "state": "closed", "body": "", "labels_url": "https://api.github.com/repos/opencart/opencart/issues/4351/labels{/name}", "events_url": "https://api.github.com/repos/opencart/opencart/issues/4351/events", "comments_url": "https://api.github.com/repos/opencart/opencart/issues/4351/comments", "html_url": "https://github.com/opencart/opencart/pull/4351", "updated_at": "2016-05-10T08:41:29Z", "user": {"following_url": "https://api.github.com/users/eka7a/following{/other_user}", "events_url": "https://api.github.com/users/eka7a/events{/privacy}", "organizations_url": "https://api.github.com/users/eka7a/orgs", "url": "https://api.github.com/users/eka7a", "gists_url": "https://api.github.com/users/eka7a/gists{/gist_id}", "html_url": "https://github.com/eka7a", "subscriptions_url": "https://api.github.com/users/eka7a/subscriptions", "avatar_url": "https://avatars.githubusercontent.com/u/5789807?v=3", "repos_url": "https://api.github.com/users/eka7a/repos", "received_events_url": "https://api.github.com/users/eka7a/received_events", "gravatar_id": "", "starred_url": "https://api.github.com/users/eka7a/starred{/owner}{/repo}", "site_admin": false, "login": "eka7a", "type": "User", "id": 5789807, "followers_url": "https://api.github.com/users/eka7a/followers"}, "milestone": null, "locked": false, "url": "https://api.github.com/repos/opencart/opencart/issues/4351", "created_at": "2016-05-10T07:48:07Z", "assignees": []}, "id": 655444236}, {"commit_id": "6db6c93d2c887ef86b6c699239aba5021e305be4", "commit_url": "https://api.github.com/repos/opencart/opencart/commits/6db6c93d2c887ef86b6c699239aba5021e305be4", "url": "https://api.github.com/repos/opencart/opencart/issues/events/655444235", "created_at": "2016-05-10T08:41:29Z", "actor": {"following_url": "https://api.github.com/users/danielkerr/following{/other_user}", "events_url": "https://api.github.com/users/danielkerr/events{/privacy}", "organizations_url": "https://api.github.com/users/danielkerr/orgs", "url": "https://api.github.com/users/danielkerr", "gists_url": "https://api.github.com/users/danielkerr/gists{/gist_id}", "html_url": "https://github.com/danielkerr", "subscriptions_url": "https://api.github.com/users/danielkerr/subscriptions", "avatar_url": "https://avatars.githubusercontent.com/u/5079756?v=3", "repos_url": "https://api.github.com/users/danielkerr/repos", "received_events_url": "https://api.github.com/users/danielkerr/received_events", "gravatar_id": "", "starred_url": "https://api.github.com/users/danielkerr/starred{/owner}{/repo}", "site_admin": false, "login": "danielkerr", "type": "User", "id": 5079756, "followers_url": "https://api.github.com/users/danielkerr/followers"}, "event": "referenced", "issue": {"labels": [], "number": 4351, "assignee": null, "repository_url": "https://api.github.com/repos/opencart/opencart", "closed_at": "2016-05-10T08:41:29Z", "id": 153943617, "title": "Update login.php", "pull_request": {"url": "https://api.github.com/repos/opencart/opencart/pulls/4351", "diff_url": "https://github.com/opencart/opencart/pull/4351.diff", "html_url": "https://github.com/opencart/opencart/pull/4351", "patch_url": "https://github.com/opencart/opencart/pull/4351.patch"}, "comments": 0, "state": "closed", "body": "", "labels_url": "https://api.github.com/repos/opencart/opencart/issues/4351/labels{/name}", "events_url": "https://api.github.com/repos/opencart/opencart/issues/4351/events", "comments_url": "https://api.github.com/repos/opencart/opencart/issues/4351/comments", "html_url": "https://github.com/opencart/opencart/pull/4351", "updated_at": "2016-05-10T08:41:29Z", "user": {"following_url": "https://api.github.com/users/eka7a/following{/other_user}", "events_url": "https://api.github.com/users/eka7a/events{/privacy}", "organizations_url": "https://api.github.com/users/eka7a/orgs", "url": "https://api.github.com/users/eka7a", "gists_url": "https://api.github.com/users/eka7a/gists{/gist_id}", "html_url": "https://github.com/eka7a", "subscriptions_url": "https://api.github.com/users/eka7a/subscriptions", "avatar_url": "https://avatars.githubusercontent.com/u/5789807?v=3", "repos_url": "https://api.github.com/users/eka7a/repos", "received_events_url": "https://api.github.com/users/eka7a/received_events", "gravatar_id": "", "starred_url": "https://api.github.com/users/eka7a/starred{/owner}{/repo}", "site_admin": false, "login": "eka7a", "type": "User", "id": 5789807, "followers_url": "https://api.github.com/users/eka7a/followers"}, "milestone": null, "locked": false, "url": "https://api.github.com/repos/opencart/opencart/issues/4351", "created_at": "2016-05-10T07:48:07Z", "assignees": []}, "id": 655444235}, {"commit_id": null, "commit_url": null, "url": "https://api.github.com/repos/opencart/opencart/issues/events/655391147", "created_at": "2016-05-10T07:50:19Z", "actor": {"following_url": "https://api.github.com/users/jamesallsup/following{/other_user}", "events_url": "https://api.github.com/users/jamesallsup/events{/privacy}", "organizations_url": "https://api.github.com/users/jamesallsup/orgs", "url": "https://api.github.com/users/jamesallsup", "gists_url": "https://api.github.com/users/jamesallsup/gists{/gist_id}", "html_url": "https://github.com/jamesallsup", "subscriptions_url": "https://api.github.com/users/jamesallsup/subscriptions", "avatar_url": "https://avatars.githubusercontent.com/u/2026129?v=3", "repos_url": "https://api.github.com/users/jamesallsup/repos", "received_events_url": "https://api.github.com/users/jamesallsup/received_events", "gravatar_id": "", "starred_url": "https://api.github.com/users/jamesallsup/starred{/owner}{/repo}", "site_admin": false, "login": "jamesallsup", "type": "User", "id": 2026129, "followers_url": "https://api.github.com/users/jamesallsup/followers"}, "event": "closed", "issue": {"body": "The \"<?php echo $token ?>\" in the ajax urls in the following template files has not been closed properly (no semi-colon):\n\n```\nadmin/view/template/openbay/amazon_bulk_listing.tpl (lines 156, 184 and 217)\nadmin/view/template/openbay/amazonus_bulk_listing.tpl (lines 163 and 196)\n```\n\nShould be \"<?php echo $token; ?>\" (with the semi-colon).\n", "labels": [], "locked": false, "title": "More on Openbay", "url": "https://api.github.com/repos/opencart/opencart/issues/4350", "labels_url": "https://api.github.com/repos/opencart/opencart/issues/4350/labels{/name}", "created_at": "2016-05-10T03:55:45Z", "events_url": "https://api.github.com/repos/opencart/opencart/issues/4350/events", "comments_url": "https://api.github.com/repos/opencart/opencart/issues/4350/comments", "html_url": "https://github.com/opencart/opencart/issues/4350", "comments": 1, "number": 4350, "updated_at": "2016-05-10T07:50:19Z", "assignee": null, "state": "closed", "user": {"following_url": "https://api.github.com/users/fido-x/following{/other_user}", "events_url": "https://api.github.com/users/fido-x/events{/privacy}", "organizations_url": "https://api.github.com/users/fido-x/orgs", "url": "https://api.github.com/users/fido-x", "gists_url": "https://api.github.com/users/fido-x/gists{/gist_id}", "html_url": "https://github.com/fido-x", "subscriptions_url": "https://api.github.com/users/fido-x/subscriptions", "avatar_url": "https://avatars.githubusercontent.com/u/18240109?v=3", "repos_url": "https://api.github.com/users/fido-x/repos", "received_events_url": "https://api.github.com/users/fido-x/received_events", "gravatar_id": "", "starred_url": "https://api.github.com/users/fido-x/starred{/owner}{/repo}", "site_admin": false, "login": "fido-x", "type": "User", "id": 18240109, "followers_url": "https://api.github.com/users/fido-x/followers"}, "milestone": null, "repository_url": "https://api.github.com/repos/opencart/opencart", "closed_at": "2016-05-10T07:50:19Z", "assignees": [], "id": 153919108}, "id": 655391147}, {"commit_id": null, "commit_url": null, "url": "https://api.github.com/repos/opencart/opencart/issues/events/655391145", "created_at": "2016-05-10T07:50:19Z", "actor": {"following_url": "https://api.github.com/users/fido-x/following{/other_user}", "events_url": "https://api.github.com/users/fido-x/events{/privacy}", "organizations_url": "https://api.github.com/users/fido-x/orgs", "url": "https://api.github.com/users/fido-x", "gists_url": "https://api.github.com/users/fido-x/gists{/gist_id}", "html_url": "https://github.com/fido-x", "subscriptions_url": "https://api.github.com/users/fido-x/subscriptions", "avatar_url": "https://avatars.githubusercontent.com/u/18240109?v=3", "repos_url": "https://api.github.com/users/fido-x/repos", "received_events_url": "https://api.github.com/users/fido-x/received_events", "gravatar_id": "", "starred_url": "https://api.github.com/users/fido-x/starred{/owner}{/repo}", "site_admin": false, "login": "fido-x", "type": "User", "id": 18240109, "followers_url": "https://api.github.com/users/fido-x/followers"}, "event": "subscribed", "issue": {"body": "The \"<?php echo $token ?>\" in the ajax urls in the following template files has not been closed properly (no semi-colon):\n\n```\nadmin/view/template/openbay/amazon_bulk_listing.tpl (lines 156, 184 and 217)\nadmin/view/template/openbay/amazonus_bulk_listing.tpl (lines 163 and 196)\n```\n\nShould be \"<?php echo $token; ?>\" (with the semi-colon).\n", "labels": [], "locked": false, "title": "More on Openbay", "url": "https://api.github.com/repos/opencart/opencart/issues/4350", "labels_url": "https://api.github.com/repos/opencart/opencart/issues/4350/labels{/name}", "created_at": "2016-05-10T03:55:45Z", "events_url": "https://api.github.com/repos/opencart/opencart/issues/4350/events", "comments_url": "https://api.github.com/repos/opencart/opencart/issues/4350/comments", "html_url": "https://github.com/opencart/opencart/issues/4350", "comments": 1, "number": 4350, "updated_at": "2016-05-10T07:50:19Z", "assignee": null, "state": "closed", "user": {"following_url": "https://api.github.com/users/fido-x/following{/other_user}", "events_url": "https://api.github.com/users/fido-x/events{/privacy}", "organizations_url": "https://api.github.com/users/fido-x/orgs", "url": "https://api.github.com/users/fido-x", "gists_url": "https://api.github.com/users/fido-x/gists{/gist_id}", "html_url": "https://github.com/fido-x", "subscriptions_url": "https://api.github.com/users/fido-x/subscriptions", "avatar_url": "https://avatars.githubusercontent.com/u/18240109?v=3", "repos_url": "https://api.github.com/users/fido-x/repos", "received_events_url": "https://api.github.com/users/fido-x/received_events", "gravatar_id": "", "starred_url": "https://api.github.com/users/fido-x/starred{/owner}{/repo}", "site_admin": false, "login": "fido-x", "type": "User", "id": 18240109, "followers_url": "https://api.github.com/users/fido-x/followers"}, "milestone": null, "repository_url": "https://api.github.com/repos/opencart/opencart", "closed_at": "2016-05-10T07:50:19Z", "assignees": [], "id": 153919108}, "id": 655391145}, {"commit_id": null, "commit_url": null, "url": "https://api.github.com/repos/opencart/opencart/issues/events/655391144", "created_at": "2016-05-10T07:50:19Z", "actor": {"following_url": "https://api.github.com/users/fido-x/following{/other_user}", "events_url": "https://api.github.com/users/fido-x/events{/privacy}", "organizations_url": "https://api.github.com/users/fido-x/orgs", "url": "https://api.github.com/users/fido-x", "gists_url": "https://api.github.com/users/fido-x/gists{/gist_id}", "html_url": "https://github.com/fido-x", "subscriptions_url": "https://api.github.com/users/fido-x/subscriptions", "avatar_url": "https://avatars.githubusercontent.com/u/18240109?v=3", "repos_url": "https://api.github.com/users/fido-x/repos", "received_events_url": "https://api.github.com/users/fido-x/received_events", "gravatar_id": "", "starred_url": "https://api.github.com/users/fido-x/starred{/owner}{/repo}", "site_admin": false, "login": "fido-x", "type": "User", "id": 18240109, "followers_url": "https://api.github.com/users/fido-x/followers"}, "event": "mentioned", "issue": {"body": "The \"<?php echo $token ?>\" in the ajax urls in the following template files has not been closed properly (no semi-colon):\n\n```\nadmin/view/template/openbay/amazon_bulk_listing.tpl (lines 156, 184 and 217)\nadmin/view/template/openbay/amazonus_bulk_listing.tpl (lines 163 and 196)\n```\n\nShould be \"<?php echo $token; ?>\" (with the semi-colon).\n", "labels": [], "locked": false, "title": "More on Openbay", "url": "https://api.github.com/repos/opencart/opencart/issues/4350", "labels_url": "https://api.github.com/repos/opencart/opencart/issues/4350/labels{/name}", "created_at": "2016-05-10T03:55:45Z", "events_url": "https://api.github.com/repos/opencart/opencart/issues/4350/events", "comments_url": "https://api.github.com/repos/opencart/opencart/issues/4350/comments", "html_url": "https://github.com/opencart/opencart/issues/4350", "comments": 1, "number": 4350, "updated_at": "2016-05-10T07:50:19Z", "assignee": null, "state": "closed", "user": {"following_url": "https://api.github.com/users/fido-x/following{/other_user}", "events_url": "https://api.github.com/users/fido-x/events{/privacy}", "organizations_url": "https://api.github.com/users/fido-x/orgs", "url": "https://api.github.com/users/fido-x", "gists_url": "https://api.github.com/users/fido-x/gists{/gist_id}", "html_url": "https://github.com/fido-x", "subscriptions_url": "https://api.github.com/users/fido-x/subscriptions", "avatar_url": "https://avatars.githubusercontent.com/u/18240109?v=3", "repos_url": "https://api.github.com/users/fido-x/repos", "received_events_url": "https://api.github.com/users/fido-x/received_events", "gravatar_id": "", "starred_url": "https://api.github.com/users/fido-x/starred{/owner}{/repo}", "site_admin": false, "login": "fido-x", "type": "User", "id": 18240109, "followers_url": "https://api.github.com/users/fido-x/followers"}, "milestone": null, "repository_url": "https://api.github.com/repos/opencart/opencart", "closed_at": "2016-05-10T07:50:19Z", "assignees": [], "id": 153919108}, "id": 655391144}, {"commit_id": "e8d4cfbb95f859af18dfd2776ffabc2aec160bc3", "commit_url": "https://api.github.com/repos/openbaypro/OpenBay-Pro/commits/e8d4cfbb95f859af18dfd2776ffabc2aec160bc3", "url": "https://api.github.com/repos/opencart/opencart/issues/events/655384452", "created_at": "2016-05-10T07:43:21Z", "actor": {"following_url": "https://api.github.com/users/jamesallsup/following{/other_user}", "events_url": "https://api.github.com/users/jamesallsup/events{/privacy}", "organizations_url": "https://api.github.com/users/jamesallsup/orgs", "url": "https://api.github.com/users/jamesallsup", "gists_url": "https://api.github.com/users/jamesallsup/gists{/gist_id}", "html_url": "https://github.com/jamesallsup", "subscriptions_url": "https://api.github.com/users/jamesallsup/subscriptions", "avatar_url": "https://avatars.githubusercontent.com/u/2026129?v=3", "repos_url": "https://api.github.com/users/jamesallsup/repos", "received_events_url": "https://api.github.com/users/jamesallsup/received_events", "gravatar_id": "", "starred_url": "https://api.github.com/users/jamesallsup/starred{/owner}{/repo}", "site_admin": false, "login": "jamesallsup", "type": "User", "id": 2026129, "followers_url": "https://api.github.com/users/jamesallsup/followers"}, "event": "referenced", "issue": {"body": "The \"<?php echo $token ?>\" in the ajax urls in the following template files has not been closed properly (no semi-colon):\n\n```\nadmin/view/template/openbay/amazon_bulk_listing.tpl (lines 156, 184 and 217)\nadmin/view/template/openbay/amazonus_bulk_listing.tpl (lines 163 and 196)\n```\n\nShould be \"<?php echo $token; ?>\" (with the semi-colon).\n", "labels": [], "locked": false, "title": "More on Openbay", "url": "https://api.github.com/repos/opencart/opencart/issues/4350", "labels_url": "https://api.github.com/repos/opencart/opencart/issues/4350/labels{/name}", "created_at": "2016-05-10T03:55:45Z", "events_url": "https://api.github.com/repos/opencart/opencart/issues/4350/events", "comments_url": "https://api.github.com/repos/opencart/opencart/issues/4350/comments", "html_url": "https://github.com/opencart/opencart/issues/4350", "comments": 1, "number": 4350, "updated_at": "2016-05-10T07:50:19Z", "assignee": null, "state": "closed", "user": {"following_url": "https://api.github.com/users/fido-x/following{/other_user}", "events_url": "https://api.github.com/users/fido-x/events{/privacy}", "organizations_url": "https://api.github.com/users/fido-x/orgs", "url": "https://api.github.com/users/fido-x", "gists_url": "https://api.github.com/users/fido-x/gists{/gist_id}", "html_url": "https://github.com/fido-x", "subscriptions_url": "https://api.github.com/users/fido-x/subscriptions", "avatar_url": "https://avatars.githubusercontent.com/u/18240109?v=3", "repos_url": "https://api.github.com/users/fido-x/repos", "received_events_url": "https://api.github.com/users/fido-x/received_events", "gravatar_id": "", "starred_url": "https://api.github.com/users/fido-x/starred{/owner}{/repo}", "site_admin": false, "login": "fido-x", "type": "User", "id": 18240109, "followers_url": "https://api.github.com/users/fido-x/followers"}, "milestone": null, "repository_url": "https://api.github.com/repos/opencart/opencart", "closed_at": "2016-05-10T07:50:19Z", "assignees": [], "id": 153919108}, "id": 655384452}, {"commit_id": null, "commit_url": null, "url": "https://api.github.com/repos/opencart/opencart/issues/events/654739687", "created_at": "2016-05-09T18:02:10Z", "actor": {"following_url": "https://api.github.com/users/xcentriq/following{/other_user}", "events_url": "https://api.github.com/users/xcentriq/events{/privacy}", "organizations_url": "https://api.github.com/users/xcentriq/orgs", "url": "https://api.github.com/users/xcentriq", "gists_url": "https://api.github.com/users/xcentriq/gists{/gist_id}", "html_url": "https://github.com/xcentriq", "subscriptions_url": "https://api.github.com/users/xcentriq/subscriptions", "avatar_url": "https://avatars.githubusercontent.com/u/19259009?v=3", "repos_url": "https://api.github.com/users/xcentriq/repos", "received_events_url": "https://api.github.com/users/xcentriq/received_events", "gravatar_id": "", "starred_url": "https://api.github.com/users/xcentriq/starred{/owner}{/repo}", "site_admin": false, "login": "xcentriq", "type": "User", "id": 19259009, "followers_url": "https://api.github.com/users/xcentriq/followers"}, "event": "subscribed", "issue": {"body": "Fresh installation of OC 2.2.0.0 and I get an SSL error when viewing orders.\n\n> [Exception... \"<no message>\"  nsresult: \"0x805e0006 (<unknown>)\"  location: \"JS frame :: https://www.MYWEBSITE.com/shop/admin/view/javascript/jquery/jquery-2.1.1.min.js :: .send :: line 4\"  data: no]\n> \n> [Exception... \"<no message>\"  nsresult: \"0x805e0006 (<unknown>)\"  location: \"JS frame :: https://www.MYWEBSITE.com/shop/admin/view/javascript/jquery/jquery-2.1.1.min.js :: .send :: line 4\"  data: no]\n> \n> undefined\n\nWhat I've done:\n- Installed fresh OC 2.2.0.0 - No mods, no updates, just pure download from the website and install.\n- Edited \"config.php\" and \"admin/config.php\"\n- Enabled SSL in store settings/server\n- Create new order on front end and using guest check out\n- Go into Admin panel, Sales -> Orders -> View Orders - At this point a popup with the error above comes up.\n\nI've tried the following:\n- Using Softaculous installer in Cpanel\n- Installing manually from downloading from OC website\n- Enabled SSL in store settings/server\n- Disabled SSL in store settings/server\n- Disable ALL SSL https protocols from settings, config.php and admin/config.php (no error above but I get this API error: *\\* Warning: You do not have permission to access the API!**)\n\nWhat I think it is:\n- While all is SSL enabled and in HTTPS protocol, on the order details page, when viewing source code, I found 3 instances of HTTPSS, rather than HTTPS.\n- While all SSL and HTTPS is disabled, on the same order detail page, now with the API issue, source code shows \"HTTPS\" in the same instances where \"HTTPSS\" was.\n\nSomething is causing the extra \"S\" when SSL is not enabled, and when it is, enabling SSL mode adds another \"S\", resulting in HTTPSS.\n\nPlease address this issue ASAP. My store is on hold from being released to do business.\n", "labels": [], "locked": false, "title": "2.2.0.0 - SSL Issue, cannot edit orders", "url": "https://api.github.com/repos/opencart/opencart/issues/4347", "labels_url": "https://api.github.com/repos/opencart/opencart/issues/4347/labels{/name}", "created_at": "2016-05-09T04:52:06Z", "events_url": "https://api.github.com/repos/opencart/opencart/issues/4347/events", "comments_url": "https://api.github.com/repos/opencart/opencart/issues/4347/comments", "html_url": "https://github.com/opencart/opencart/issues/4347", "comments": 19, "number": 4347, "updated_at": "2016-11-07T07:16:20Z", "assignee": null, "state": "closed", "user": {"following_url": "https://api.github.com/users/xcentriq/following{/other_user}", "events_url": "https://api.github.com/users/xcentriq/events{/privacy}", "organizations_url": "https://api.github.com/users/xcentriq/orgs", "url": "https://api.github.com/users/xcentriq", "gists_url": "https://api.github.com/users/xcentriq/gists{/gist_id}", "html_url": "https://github.com/xcentriq", "subscriptions_url": "https://api.github.com/users/xcentriq/subscriptions", "avatar_url": "https://avatars.githubusercontent.com/u/19259009?v=3", "repos_url": "https://api.github.com/users/xcentriq/repos", "received_events_url": "https://api.github.com/users/xcentriq/received_events", "gravatar_id": "", "starred_url": "https://api.github.com/users/xcentriq/starred{/owner}{/repo}", "site_admin": false, "login": "xcentriq", "type": "User", "id": 19259009, "followers_url": "https://api.github.com/users/xcentriq/followers"}, "milestone": null, "repository_url": "https://api.github.com/repos/opencart/opencart", "closed_at": "2016-05-11T06:40:49Z", "assignees": [], "id": 153702951}, "id": 654739687}, {"commit_id": null, "commit_url": null, "url": "https://api.github.com/repos/opencart/opencart/issues/events/654739686", "created_at": "2016-05-09T18:02:10Z", "actor": {"following_url": "https://api.github.com/users/xcentriq/following{/other_user}", "events_url": "https://api.github.com/users/xcentriq/events{/privacy}", "organizations_url": "https://api.github.com/users/xcentriq/orgs", "url": "https://api.github.com/users/xcentriq", "gists_url": "https://api.github.com/users/xcentriq/gists{/gist_id}", "html_url": "https://github.com/xcentriq", "subscriptions_url": "https://api.github.com/users/xcentriq/subscriptions", "avatar_url": "https://avatars.githubusercontent.com/u/19259009?v=3", "repos_url": "https://api.github.com/users/xcentriq/repos", "received_events_url": "https://api.github.com/users/xcentriq/received_events", "gravatar_id": "", "starred_url": "https://api.github.com/users/xcentriq/starred{/owner}{/repo}", "site_admin": false, "login": "xcentriq", "type": "User", "id": 19259009, "followers_url": "https://api.github.com/users/xcentriq/followers"}, "event": "mentioned", "issue": {"body": "Fresh installation of OC 2.2.0.0 and I get an SSL error when viewing orders.\n\n> [Exception... \"<no message>\"  nsresult: \"0x805e0006 (<unknown>)\"  location: \"JS frame :: https://www.MYWEBSITE.com/shop/admin/view/javascript/jquery/jquery-2.1.1.min.js :: .send :: line 4\"  data: no]\n> \n> [Exception... \"<no message>\"  nsresult: \"0x805e0006 (<unknown>)\"  location: \"JS frame :: https://www.MYWEBSITE.com/shop/admin/view/javascript/jquery/jquery-2.1.1.min.js :: .send :: line 4\"  data: no]\n> \n> undefined\n\nWhat I've done:\n- Installed fresh OC 2.2.0.0 - No mods, no updates, just pure download from the website and install.\n- Edited \"config.php\" and \"admin/config.php\"\n- Enabled SSL in store settings/server\n- Create new order on front end and using guest check out\n- Go into Admin panel, Sales -> Orders -> View Orders - At this point a popup with the error above comes up.\n\nI've tried the following:\n- Using Softaculous installer in Cpanel\n- Installing manually from downloading from OC website\n- Enabled SSL in store settings/server\n- Disabled SSL in store settings/server\n- Disable ALL SSL https protocols from settings, config.php and admin/config.php (no error above but I get this API error: *\\* Warning: You do not have permission to access the API!**)\n\nWhat I think it is:\n- While all is SSL enabled and in HTTPS protocol, on the order details page, when viewing source code, I found 3 instances of HTTPSS, rather than HTTPS.\n- While all SSL and HTTPS is disabled, on the same order detail page, now with the API issue, source code shows \"HTTPS\" in the same instances where \"HTTPSS\" was.\n\nSomething is causing the extra \"S\" when SSL is not enabled, and when it is, enabling SSL mode adds another \"S\", resulting in HTTPSS.\n\nPlease address this issue ASAP. My store is on hold from being released to do business.\n", "labels": [], "locked": false, "title": "2.2.0.0 - SSL Issue, cannot edit orders", "url": "https://api.github.com/repos/opencart/opencart/issues/4347", "labels_url": "https://api.github.com/repos/opencart/opencart/issues/4347/labels{/name}", "created_at": "2016-05-09T04:52:06Z", "events_url": "https://api.github.com/repos/opencart/opencart/issues/4347/events", "comments_url": "https://api.github.com/repos/opencart/opencart/issues/4347/comments", "html_url": "https://github.com/opencart/opencart/issues/4347", "comments": 19, "number": 4347, "updated_at": "2016-11-07T07:16:20Z", "assignee": null, "state": "closed", "user": {"following_url": "https://api.github.com/users/xcentriq/following{/other_user}", "events_url": "https://api.github.com/users/xcentriq/events{/privacy}", "organizations_url": "https://api.github.com/users/xcentriq/orgs", "url": "https://api.github.com/users/xcentriq", "gists_url": "https://api.github.com/users/xcentriq/gists{/gist_id}", "html_url": "https://github.com/xcentriq", "subscriptions_url": "https://api.github.com/users/xcentriq/subscriptions", "avatar_url": "https://avatars.githubusercontent.com/u/19259009?v=3", "repos_url": "https://api.github.com/users/xcentriq/repos", "received_events_url": "https://api.github.com/users/xcentriq/received_events", "gravatar_id": "", "starred_url": "https://api.github.com/users/xcentriq/starred{/owner}{/repo}", "site_admin": false, "login": "xcentriq", "type": "User", "id": 19259009, "followers_url": "https://api.github.com/users/xcentriq/followers"}, "milestone": null, "repository_url": "https://api.github.com/repos/opencart/opencart", "closed_at": "2016-05-11T06:40:49Z", "assignees": [], "id": 153702951}, "id": 654739686}, {"commit_id": null, "commit_url": null, "url": "https://api.github.com/repos/opencart/opencart/issues/events/654359755", "created_at": "2016-05-09T13:12:48Z", "actor": {"following_url": "https://api.github.com/users/edbeeny/following{/other_user}", "events_url": "https://api.github.com/users/edbeeny/events{/privacy}", "organizations_url": "https://api.github.com/users/edbeeny/orgs", "url": "https://api.github.com/users/edbeeny", "gists_url": "https://api.github.com/users/edbeeny/gists{/gist_id}", "html_url": "https://github.com/edbeeny", "subscriptions_url": "https://api.github.com/users/edbeeny/subscriptions", "avatar_url": "https://avatars.githubusercontent.com/u/12708780?v=3", "repos_url": "https://api.github.com/users/edbeeny/repos", "received_events_url": "https://api.github.com/users/edbeeny/received_events", "gravatar_id": "", "starred_url": "https://api.github.com/users/edbeeny/starred{/owner}{/repo}", "site_admin": false, "login": "edbeeny", "type": "User", "id": 12708780, "followers_url": "https://api.github.com/users/edbeeny/followers"}, "event": "subscribed", "issue": {"body": "It seems that version 2.2 when paying with sagepay server isn't sending the RedirectionURL\n\nServer error 5006: Unable to redirect to Vendor's web site. The Vendor failed to provide a RedirectionURL.\n", "labels": [], "locked": false, "title": "Sagepay server opencart 2.2", "url": "https://api.github.com/repos/opencart/opencart/issues/4336", "labels_url": "https://api.github.com/repos/opencart/opencart/issues/4336/labels{/name}", "created_at": "2016-05-06T09:44:15Z", "events_url": "https://api.github.com/repos/opencart/opencart/issues/4336/events", "comments_url": "https://api.github.com/repos/opencart/opencart/issues/4336/comments", "html_url": "https://github.com/opencart/opencart/issues/4336", "comments": 8, "number": 4336, "updated_at": "2016-05-09T13:12:48Z", "assignee": null, "state": "closed", "user": {"following_url": "https://api.github.com/users/edbeeny/following{/other_user}", "events_url": "https://api.github.com/users/edbeeny/events{/privacy}", "organizations_url": "https://api.github.com/users/edbeeny/orgs", "url": "https://api.github.com/users/edbeeny", "gists_url": "https://api.github.com/users/edbeeny/gists{/gist_id}", "html_url": "https://github.com/edbeeny", "subscriptions_url": "https://api.github.com/users/edbeeny/subscriptions", "avatar_url": "https://avatars.githubusercontent.com/u/12708780?v=3", "repos_url": "https://api.github.com/users/edbeeny/repos", "received_events_url": "https://api.github.com/users/edbeeny/received_events", "gravatar_id": "", "starred_url": "https://api.github.com/users/edbeeny/starred{/owner}{/repo}", "site_admin": false, "login": "edbeeny", "type": "User", "id": 12708780, "followers_url": "https://api.github.com/users/edbeeny/followers"}, "milestone": null, "repository_url": "https://api.github.com/repos/opencart/opencart", "closed_at": "2016-05-09T13:08:55Z", "assignees": [], "id": 153416403}, "id": 654359755}, {"commit_id": null, "commit_url": null, "url": "https://api.github.com/repos/opencart/opencart/issues/events/654359754", "created_at": "2016-05-09T13:12:48Z", "actor": {"following_url": "https://api.github.com/users/edbeeny/following{/other_user}", "events_url": "https://api.github.com/users/edbeeny/events{/privacy}", "organizations_url": "https://api.github.com/users/edbeeny/orgs", "url": "https://api.github.com/users/edbeeny", "gists_url": "https://api.github.com/users/edbeeny/gists{/gist_id}", "html_url": "https://github.com/edbeeny", "subscriptions_url": "https://api.github.com/users/edbeeny/subscriptions", "avatar_url": "https://avatars.githubusercontent.com/u/12708780?v=3", "repos_url": "https://api.github.com/users/edbeeny/repos", "received_events_url": "https://api.github.com/users/edbeeny/received_events", "gravatar_id": "", "starred_url": "https://api.github.com/users/edbeeny/starred{/owner}{/repo}", "site_admin": false, "login": "edbeeny", "type": "User", "id": 12708780, "followers_url": "https://api.github.com/users/edbeeny/followers"}, "event": "mentioned", "issue": {"body": "It seems that version 2.2 when paying with sagepay server isn't sending the RedirectionURL\n\nServer error 5006: Unable to redirect to Vendor's web site. The Vendor failed to provide a RedirectionURL.\n", "labels": [], "locked": false, "title": "Sagepay server opencart 2.2", "url": "https://api.github.com/repos/opencart/opencart/issues/4336", "labels_url": "https://api.github.com/repos/opencart/opencart/issues/4336/labels{/name}", "created_at": "2016-05-06T09:44:15Z", "events_url": "https://api.github.com/repos/opencart/opencart/issues/4336/events", "comments_url": "https://api.github.com/repos/opencart/opencart/issues/4336/comments", "html_url": "https://github.com/opencart/opencart/issues/4336", "comments": 8, "number": 4336, "updated_at": "2016-05-09T13:12:48Z", "assignee": null, "state": "closed", "user": {"following_url": "https://api.github.com/users/edbeeny/following{/other_user}", "events_url": "https://api.github.com/users/edbeeny/events{/privacy}", "organizations_url": "https://api.github.com/users/edbeeny/orgs", "url": "https://api.github.com/users/edbeeny", "gists_url": "https://api.github.com/users/edbeeny/gists{/gist_id}", "html_url": "https://github.com/edbeeny", "subscriptions_url": "https://api.github.com/users/edbeeny/subscriptions", "avatar_url": "https://avatars.githubusercontent.com/u/12708780?v=3", "repos_url": "https://api.github.com/users/edbeeny/repos", "received_events_url": "https://api.github.com/users/edbeeny/received_events", "gravatar_id": "", "starred_url": "https://api.github.com/users/edbeeny/starred{/owner}{/repo}", "site_admin": false, "login": "edbeeny", "type": "User", "id": 12708780, "followers_url": "https://api.github.com/users/edbeeny/followers"}, "milestone": null, "repository_url": "https://api.github.com/repos/opencart/opencart", "closed_at": "2016-05-09T13:08:55Z", "assignees": [], "id": 153416403}, "id": 654359754}, {"commit_id": null, "commit_url": null, "url": "https://api.github.com/repos/opencart/opencart/issues/events/654355291", "created_at": "2016-05-09T13:08:55Z", "actor": {"following_url": "https://api.github.com/users/edbeeny/following{/other_user}", "events_url": "https://api.github.com/users/edbeeny/events{/privacy}", "organizations_url": "https://api.github.com/users/edbeeny/orgs", "url": "https://api.github.com/users/edbeeny", "gists_url": "https://api.github.com/users/edbeeny/gists{/gist_id}", "html_url": "https://github.com/edbeeny", "subscriptions_url": "https://api.github.com/users/edbeeny/subscriptions", "avatar_url": "https://avatars.githubusercontent.com/u/12708780?v=3", "repos_url": "https://api.github.com/users/edbeeny/repos", "received_events_url": "https://api.github.com/users/edbeeny/received_events", "gravatar_id": "", "starred_url": "https://api.github.com/users/edbeeny/starred{/owner}{/repo}", "site_admin": false, "login": "edbeeny", "type": "User", "id": 12708780, "followers_url": "https://api.github.com/users/edbeeny/followers"}, "event": "closed", "issue": {"body": "It seems that version 2.2 when paying with sagepay server isn't sending the RedirectionURL\n\nServer error 5006: Unable to redirect to Vendor's web site. The Vendor failed to provide a RedirectionURL.\n", "labels": [], "locked": false, "title": "Sagepay server opencart 2.2", "url": "https://api.github.com/repos/opencart/opencart/issues/4336", "labels_url": "https://api.github.com/repos/opencart/opencart/issues/4336/labels{/name}", "created_at": "2016-05-06T09:44:15Z", "events_url": "https://api.github.com/repos/opencart/opencart/issues/4336/events", "comments_url": "https://api.github.com/repos/opencart/opencart/issues/4336/comments", "html_url": "https://github.com/opencart/opencart/issues/4336", "comments": 8, "number": 4336, "updated_at": "2016-05-09T13:12:48Z", "assignee": null, "state": "closed", "user": {"following_url": "https://api.github.com/users/edbeeny/following{/other_user}", "events_url": "https://api.github.com/users/edbeeny/events{/privacy}", "organizations_url": "https://api.github.com/users/edbeeny/orgs", "url": "https://api.github.com/users/edbeeny", "gists_url": "https://api.github.com/users/edbeeny/gists{/gist_id}", "html_url": "https://github.com/edbeeny", "subscriptions_url": "https://api.github.com/users/edbeeny/subscriptions", "avatar_url": "https://avatars.githubusercontent.com/u/12708780?v=3", "repos_url": "https://api.github.com/users/edbeeny/repos", "received_events_url": "https://api.github.com/users/edbeeny/received_events", "gravatar_id": "", "starred_url": "https://api.github.com/users/edbeeny/starred{/owner}{/repo}", "site_admin": false, "login": "edbeeny", "type": "User", "id": 12708780, "followers_url": "https://api.github.com/users/edbeeny/followers"}, "milestone": null, "repository_url": "https://api.github.com/repos/opencart/opencart", "closed_at": "2016-05-09T13:08:55Z", "assignees": [], "id": 153416403}, "id": 654355291}, {"commit_id": null, "commit_url": null, "url": "https://api.github.com/repos/opencart/opencart/issues/events/654355290", "created_at": "2016-05-09T13:08:55Z", "actor": {"following_url": "https://api.github.com/users/chris-wm/following{/other_user}", "events_url": "https://api.github.com/users/chris-wm/events{/privacy}", "organizations_url": "https://api.github.com/users/chris-wm/orgs", "url": "https://api.github.com/users/chris-wm", "gists_url": "https://api.github.com/users/chris-wm/gists{/gist_id}", "html_url": "https://github.com/chris-wm", "subscriptions_url": "https://api.github.com/users/chris-wm/subscriptions", "avatar_url": "https://avatars.githubusercontent.com/u/8395552?v=3", "repos_url": "https://api.github.com/users/chris-wm/repos", "received_events_url": "https://api.github.com/users/chris-wm/received_events", "gravatar_id": "", "starred_url": "https://api.github.com/users/chris-wm/starred{/owner}{/repo}", "site_admin": false, "login": "chris-wm", "type": "User", "id": 8395552, "followers_url": "https://api.github.com/users/chris-wm/followers"}, "event": "subscribed", "issue": {"body": "It seems that version 2.2 when paying with sagepay server isn't sending the RedirectionURL\n\nServer error 5006: Unable to redirect to Vendor's web site. The Vendor failed to provide a RedirectionURL.\n", "labels": [], "locked": false, "title": "Sagepay server opencart 2.2", "url": "https://api.github.com/repos/opencart/opencart/issues/4336", "labels_url": "https://api.github.com/repos/opencart/opencart/issues/4336/labels{/name}", "created_at": "2016-05-06T09:44:15Z", "events_url": "https://api.github.com/repos/opencart/opencart/issues/4336/events", "comments_url": "https://api.github.com/repos/opencart/opencart/issues/4336/comments", "html_url": "https://github.com/opencart/opencart/issues/4336", "comments": 8, "number": 4336, "updated_at": "2016-05-09T13:12:48Z", "assignee": null, "state": "closed", "user": {"following_url": "https://api.github.com/users/edbeeny/following{/other_user}", "events_url": "https://api.github.com/users/edbeeny/events{/privacy}", "organizations_url": "https://api.github.com/users/edbeeny/orgs", "url": "https://api.github.com/users/edbeeny", "gists_url": "https://api.github.com/users/edbeeny/gists{/gist_id}", "html_url": "https://github.com/edbeeny", "subscriptions_url": "https://api.github.com/users/edbeeny/subscriptions", "avatar_url": "https://avatars.githubusercontent.com/u/12708780?v=3", "repos_url": "https://api.github.com/users/edbeeny/repos", "received_events_url": "https://api.github.com/users/edbeeny/received_events", "gravatar_id": "", "starred_url": "https://api.github.com/users/edbeeny/starred{/owner}{/repo}", "site_admin": false, "login": "edbeeny", "type": "User", "id": 12708780, "followers_url": "https://api.github.com/users/edbeeny/followers"}, "milestone": null, "repository_url": "https://api.github.com/repos/opencart/opencart", "closed_at": "2016-05-09T13:08:55Z", "assignees": [], "id": 153416403}, "id": 654355290}, {"commit_id": null, "commit_url": null, "url": "https://api.github.com/repos/opencart/opencart/issues/events/654355289", "created_at": "2016-05-09T13:08:55Z", "actor": {"following_url": "https://api.github.com/users/chris-wm/following{/other_user}", "events_url": "https://api.github.com/users/chris-wm/events{/privacy}", "organizations_url": "https://api.github.com/users/chris-wm/orgs", "url": "https://api.github.com/users/chris-wm", "gists_url": "https://api.github.com/users/chris-wm/gists{/gist_id}", "html_url": "https://github.com/chris-wm", "subscriptions_url": "https://api.github.com/users/chris-wm/subscriptions", "avatar_url": "https://avatars.githubusercontent.com/u/8395552?v=3", "repos_url": "https://api.github.com/users/chris-wm/repos", "received_events_url": "https://api.github.com/users/chris-wm/received_events", "gravatar_id": "", "starred_url": "https://api.github.com/users/chris-wm/starred{/owner}{/repo}", "site_admin": false, "login": "chris-wm", "type": "User", "id": 8395552, "followers_url": "https://api.github.com/users/chris-wm/followers"}, "event": "mentioned", "issue": {"body": "It seems that version 2.2 when paying with sagepay server isn't sending the RedirectionURL\n\nServer error 5006: Unable to redirect to Vendor's web site. The Vendor failed to provide a RedirectionURL.\n", "labels": [], "locked": false, "title": "Sagepay server opencart 2.2", "url": "https://api.github.com/repos/opencart/opencart/issues/4336", "labels_url": "https://api.github.com/repos/opencart/opencart/issues/4336/labels{/name}", "created_at": "2016-05-06T09:44:15Z", "events_url": "https://api.github.com/repos/opencart/opencart/issues/4336/events", "comments_url": "https://api.github.com/repos/opencart/opencart/issues/4336/comments", "html_url": "https://github.com/opencart/opencart/issues/4336", "comments": 8, "number": 4336, "updated_at": "2016-05-09T13:12:48Z", "assignee": null, "state": "closed", "user": {"following_url": "https://api.github.com/users/edbeeny/following{/other_user}", "events_url": "https://api.github.com/users/edbeeny/events{/privacy}", "organizations_url": "https://api.github.com/users/edbeeny/orgs", "url": "https://api.github.com/users/edbeeny", "gists_url": "https://api.github.com/users/edbeeny/gists{/gist_id}", "html_url": "https://github.com/edbeeny", "subscriptions_url": "https://api.github.com/users/edbeeny/subscriptions", "avatar_url": "https://avatars.githubusercontent.com/u/12708780?v=3", "repos_url": "https://api.github.com/users/edbeeny/repos", "received_events_url": "https://api.github.com/users/edbeeny/received_events", "gravatar_id": "", "starred_url": "https://api.github.com/users/edbeeny/starred{/owner}{/repo}", "site_admin": false, "login": "edbeeny", "type": "User", "id": 12708780, "followers_url": "https://api.github.com/users/edbeeny/followers"}, "milestone": null, "repository_url": "https://api.github.com/repos/opencart/opencart", "closed_at": "2016-05-09T13:08:55Z", "assignees": [], "id": 153416403}, "id": 654355289}, {"commit_id": null, "commit_url": null, "url": "https://api.github.com/repos/opencart/opencart/issues/events/654262866", "created_at": "2016-05-09T11:31:32Z", "actor": {"following_url": "https://api.github.com/users/eka7a/following{/other_user}", "events_url": "https://api.github.com/users/eka7a/events{/privacy}", "organizations_url": "https://api.github.com/users/eka7a/orgs", "url": "https://api.github.com/users/eka7a", "gists_url": "https://api.github.com/users/eka7a/gists{/gist_id}", "html_url": "https://github.com/eka7a", "subscriptions_url": "https://api.github.com/users/eka7a/subscriptions", "avatar_url": "https://avatars.githubusercontent.com/u/5789807?v=3", "repos_url": "https://api.github.com/users/eka7a/repos", "received_events_url": "https://api.github.com/users/eka7a/received_events", "gravatar_id": "", "starred_url": "https://api.github.com/users/eka7a/starred{/owner}{/repo}", "site_admin": false, "login": "eka7a", "type": "User", "id": 5789807, "followers_url": "https://api.github.com/users/eka7a/followers"}, "event": "head_ref_deleted", "issue": {"labels": [], "number": 4346, "assignee": null, "repository_url": "https://api.github.com/repos/opencart/opencart", "closed_at": "2016-05-09T05:13:17Z", "id": 153687817, "title": "Check Discount and Special Price", "pull_request": {"url": "https://api.github.com/repos/opencart/opencart/pulls/4346", "diff_url": "https://github.com/opencart/opencart/pull/4346.diff", "html_url": "https://github.com/opencart/opencart/pull/4346", "patch_url": "https://github.com/opencart/opencart/pull/4346.patch"}, "comments": 1, "state": "closed", "body": "discount price < product price\nspecial price < product price\n", "labels_url": "https://api.github.com/repos/opencart/opencart/issues/4346/labels{/name}", "events_url": "https://api.github.com/repos/opencart/opencart/issues/4346/events", "comments_url": "https://api.github.com/repos/opencart/opencart/issues/4346/comments", "html_url": "https://github.com/opencart/opencart/pull/4346", "updated_at": "2016-05-09T05:13:17Z", "user": {"following_url": "https://api.github.com/users/eka7a/following{/other_user}", "events_url": "https://api.github.com/users/eka7a/events{/privacy}", "organizations_url": "https://api.github.com/users/eka7a/orgs", "url": "https://api.github.com/users/eka7a", "gists_url": "https://api.github.com/users/eka7a/gists{/gist_id}", "html_url": "https://github.com/eka7a", "subscriptions_url": "https://api.github.com/users/eka7a/subscriptions", "avatar_url": "https://avatars.githubusercontent.com/u/5789807?v=3", "repos_url": "https://api.github.com/users/eka7a/repos", "received_events_url": "https://api.github.com/users/eka7a/received_events", "gravatar_id": "", "starred_url": "https://api.github.com/users/eka7a/starred{/owner}{/repo}", "site_admin": false, "login": "eka7a", "type": "User", "id": 5789807, "followers_url": "https://api.github.com/users/eka7a/followers"}, "milestone": null, "locked": false, "url": "https://api.github.com/repos/opencart/opencart/issues/4346", "created_at": "2016-05-09T01:08:44Z", "assignees": []}, "id": 654262866}, {"commit_id": null, "commit_url": null, "url": "https://api.github.com/repos/opencart/opencart/issues/events/654236363", "created_at": "2016-05-09T11:00:35Z", "actor": {"following_url": "https://api.github.com/users/gob33/following{/other_user}", "events_url": "https://api.github.com/users/gob33/events{/privacy}", "organizations_url": "https://api.github.com/users/gob33/orgs", "url": "https://api.github.com/users/gob33", "gists_url": "https://api.github.com/users/gob33/gists{/gist_id}", "html_url": "https://github.com/gob33", "subscriptions_url": "https://api.github.com/users/gob33/subscriptions", "avatar_url": "https://avatars.githubusercontent.com/u/4837882?v=3", "repos_url": "https://api.github.com/users/gob33/repos", "received_events_url": "https://api.github.com/users/gob33/received_events", "gravatar_id": "", "starred_url": "https://api.github.com/users/gob33/starred{/owner}{/repo}", "site_admin": false, "login": "gob33", "type": "User", "id": 4837882, "followers_url": "https://api.github.com/users/gob33/followers"}, "event": "subscribed", "issue": {"body": "It seems that version 2.2 when paying with sagepay server isn't sending the RedirectionURL\n\nServer error 5006: Unable to redirect to Vendor's web site. The Vendor failed to provide a RedirectionURL.\n", "labels": [], "locked": false, "title": "Sagepay server opencart 2.2", "url": "https://api.github.com/repos/opencart/opencart/issues/4336", "labels_url": "https://api.github.com/repos/opencart/opencart/issues/4336/labels{/name}", "created_at": "2016-05-06T09:44:15Z", "events_url": "https://api.github.com/repos/opencart/opencart/issues/4336/events", "comments_url": "https://api.github.com/repos/opencart/opencart/issues/4336/comments", "html_url": "https://github.com/opencart/opencart/issues/4336", "comments": 8, "number": 4336, "updated_at": "2016-05-09T13:12:48Z", "assignee": null, "state": "closed", "user": {"following_url": "https://api.github.com/users/edbeeny/following{/other_user}", "events_url": "https://api.github.com/users/edbeeny/events{/privacy}", "organizations_url": "https://api.github.com/users/edbeeny/orgs", "url": "https://api.github.com/users/edbeeny", "gists_url": "https://api.github.com/users/edbeeny/gists{/gist_id}", "html_url": "https://github.com/edbeeny", "subscriptions_url": "https://api.github.com/users/edbeeny/subscriptions", "avatar_url": "https://avatars.githubusercontent.com/u/12708780?v=3", "repos_url": "https://api.github.com/users/edbeeny/repos", "received_events_url": "https://api.github.com/users/edbeeny/received_events", "gravatar_id": "", "starred_url": "https://api.github.com/users/edbeeny/starred{/owner}{/repo}", "site_admin": false, "login": "edbeeny", "type": "User", "id": 12708780, "followers_url": "https://api.github.com/users/edbeeny/followers"}, "milestone": null, "repository_url": "https://api.github.com/repos/opencart/opencart", "closed_at": "2016-05-09T13:08:55Z", "assignees": [], "id": 153416403}, "id": 654236363}, {"commit_id": null, "commit_url": null, "url": "https://api.github.com/repos/opencart/opencart/issues/events/654236362", "created_at": "2016-05-09T11:00:35Z", "actor": {"following_url": "https://api.github.com/users/gob33/following{/other_user}", "events_url": "https://api.github.com/users/gob33/events{/privacy}", "organizations_url": "https://api.github.com/users/gob33/orgs", "url": "https://api.github.com/users/gob33", "gists_url": "https://api.github.com/users/gob33/gists{/gist_id}", "html_url": "https://github.com/gob33", "subscriptions_url": "https://api.github.com/users/gob33/subscriptions", "avatar_url": "https://avatars.githubusercontent.com/u/4837882?v=3", "repos_url": "https://api.github.com/users/gob33/repos", "received_events_url": "https://api.github.com/users/gob33/received_events", "gravatar_id": "", "starred_url": "https://api.github.com/users/gob33/starred{/owner}{/repo}", "site_admin": false, "login": "gob33", "type": "User", "id": 4837882, "followers_url": "https://api.github.com/users/gob33/followers"}, "event": "mentioned", "issue": {"body": "It seems that version 2.2 when paying with sagepay server isn't sending the RedirectionURL\n\nServer error 5006: Unable to redirect to Vendor's web site. The Vendor failed to provide a RedirectionURL.\n", "labels": [], "locked": false, "title": "Sagepay server opencart 2.2", "url": "https://api.github.com/repos/opencart/opencart/issues/4336", "labels_url": "https://api.github.com/repos/opencart/opencart/issues/4336/labels{/name}", "created_at": "2016-05-06T09:44:15Z", "events_url": "https://api.github.com/repos/opencart/opencart/issues/4336/events", "comments_url": "https://api.github.com/repos/opencart/opencart/issues/4336/comments", "html_url": "https://github.com/opencart/opencart/issues/4336", "comments": 8, "number": 4336, "updated_at": "2016-05-09T13:12:48Z", "assignee": null, "state": "closed", "user": {"following_url": "https://api.github.com/users/edbeeny/following{/other_user}", "events_url": "https://api.github.com/users/edbeeny/events{/privacy}", "organizations_url": "https://api.github.com/users/edbeeny/orgs", "url": "https://api.github.com/users/edbeeny", "gists_url": "https://api.github.com/users/edbeeny/gists{/gist_id}", "html_url": "https://github.com/edbeeny", "subscriptions_url": "https://api.github.com/users/edbeeny/subscriptions", "avatar_url": "https://avatars.githubusercontent.com/u/12708780?v=3", "repos_url": "https://api.github.com/users/edbeeny/repos", "received_events_url": "https://api.github.com/users/edbeeny/received_events", "gravatar_id": "", "starred_url": "https://api.github.com/users/edbeeny/starred{/owner}{/repo}", "site_admin": false, "login": "edbeeny", "type": "User", "id": 12708780, "followers_url": "https://api.github.com/users/edbeeny/followers"}, "milestone": null, "repository_url": "https://api.github.com/repos/opencart/opencart", "closed_at": "2016-05-09T13:08:55Z", "assignees": [], "id": 153416403}, "id": 654236362}, {"commit_id": null, "commit_url": null, "url": "https://api.github.com/repos/opencart/opencart/issues/events/654236361", "created_at": "2016-05-09T11:00:35Z", "actor": {"following_url": "https://api.github.com/users/edbeeny/following{/other_user}", "events_url": "https://api.github.com/users/edbeeny/events{/privacy}", "organizations_url": "https://api.github.com/users/edbeeny/orgs", "url": "https://api.github.com/users/edbeeny", "gists_url": "https://api.github.com/users/edbeeny/gists{/gist_id}", "html_url": "https://github.com/edbeeny", "subscriptions_url": "https://api.github.com/users/edbeeny/subscriptions", "avatar_url": "https://avatars.githubusercontent.com/u/12708780?v=3", "repos_url": "https://api.github.com/users/edbeeny/repos", "received_events_url": "https://api.github.com/users/edbeeny/received_events", "gravatar_id": "", "starred_url": "https://api.github.com/users/edbeeny/starred{/owner}{/repo}", "site_admin": false, "login": "edbeeny", "type": "User", "id": 12708780, "followers_url": "https://api.github.com/users/edbeeny/followers"}, "event": "subscribed", "issue": {"body": "It seems that version 2.2 when paying with sagepay server isn't sending the RedirectionURL\n\nServer error 5006: Unable to redirect to Vendor's web site. The Vendor failed to provide a RedirectionURL.\n", "labels": [], "locked": false, "title": "Sagepay server opencart 2.2", "url": "https://api.github.com/repos/opencart/opencart/issues/4336", "labels_url": "https://api.github.com/repos/opencart/opencart/issues/4336/labels{/name}", "created_at": "2016-05-06T09:44:15Z", "events_url": "https://api.github.com/repos/opencart/opencart/issues/4336/events", "comments_url": "https://api.github.com/repos/opencart/opencart/issues/4336/comments", "html_url": "https://github.com/opencart/opencart/issues/4336", "comments": 8, "number": 4336, "updated_at": "2016-05-09T13:12:48Z", "assignee": null, "state": "closed", "user": {"following_url": "https://api.github.com/users/edbeeny/following{/other_user}", "events_url": "https://api.github.com/users/edbeeny/events{/privacy}", "organizations_url": "https://api.github.com/users/edbeeny/orgs", "url": "https://api.github.com/users/edbeeny", "gists_url": "https://api.github.com/users/edbeeny/gists{/gist_id}", "html_url": "https://github.com/edbeeny", "subscriptions_url": "https://api.github.com/users/edbeeny/subscriptions", "avatar_url": "https://avatars.githubusercontent.com/u/12708780?v=3", "repos_url": "https://api.github.com/users/edbeeny/repos", "received_events_url": "https://api.github.com/users/edbeeny/received_events", "gravatar_id": "", "starred_url": "https://api.github.com/users/edbeeny/starred{/owner}{/repo}", "site_admin": false, "login": "edbeeny", "type": "User", "id": 12708780, "followers_url": "https://api.github.com/users/edbeeny/followers"}, "milestone": null, "repository_url": "https://api.github.com/repos/opencart/opencart", "closed_at": "2016-05-09T13:08:55Z", "assignees": [], "id": 153416403}, "id": 654236361}, {"commit_id": null, "commit_url": null, "url": "https://api.github.com/repos/opencart/opencart/issues/events/654236360", "created_at": "2016-05-09T11:00:35Z", "actor": {"following_url": "https://api.github.com/users/edbeeny/following{/other_user}", "events_url": "https://api.github.com/users/edbeeny/events{/privacy}", "organizations_url": "https://api.github.com/users/edbeeny/orgs", "url": "https://api.github.com/users/edbeeny", "gists_url": "https://api.github.com/users/edbeeny/gists{/gist_id}", "html_url": "https://github.com/edbeeny", "subscriptions_url": "https://api.github.com/users/edbeeny/subscriptions", "avatar_url": "https://avatars.githubusercontent.com/u/12708780?v=3", "repos_url": "https://api.github.com/users/edbeeny/repos", "received_events_url": "https://api.github.com/users/edbeeny/received_events", "gravatar_id": "", "starred_url": "https://api.github.com/users/edbeeny/starred{/owner}{/repo}", "site_admin": false, "login": "edbeeny", "type": "User", "id": 12708780, "followers_url": "https://api.github.com/users/edbeeny/followers"}, "event": "mentioned", "issue": {"body": "It seems that version 2.2 when paying with sagepay server isn't sending the RedirectionURL\n\nServer error 5006: Unable to redirect to Vendor's web site. The Vendor failed to provide a RedirectionURL.\n", "labels": [], "locked": false, "title": "Sagepay server opencart 2.2", "url": "https://api.github.com/repos/opencart/opencart/issues/4336", "labels_url": "https://api.github.com/repos/opencart/opencart/issues/4336/labels{/name}", "created_at": "2016-05-06T09:44:15Z", "events_url": "https://api.github.com/repos/opencart/opencart/issues/4336/events", "comments_url": "https://api.github.com/repos/opencart/opencart/issues/4336/comments", "html_url": "https://github.com/opencart/opencart/issues/4336", "comments": 8, "number": 4336, "updated_at": "2016-05-09T13:12:48Z", "assignee": null, "state": "closed", "user": {"following_url": "https://api.github.com/users/edbeeny/following{/other_user}", "events_url": "https://api.github.com/users/edbeeny/events{/privacy}", "organizations_url": "https://api.github.com/users/edbeeny/orgs", "url": "https://api.github.com/users/edbeeny", "gists_url": "https://api.github.com/users/edbeeny/gists{/gist_id}", "html_url": "https://github.com/edbeeny", "subscriptions_url": "https://api.github.com/users/edbeeny/subscriptions", "avatar_url": "https://avatars.githubusercontent.com/u/12708780?v=3", "repos_url": "https://api.github.com/users/edbeeny/repos", "received_events_url": "https://api.github.com/users/edbeeny/received_events", "gravatar_id": "", "starred_url": "https://api.github.com/users/edbeeny/starred{/owner}{/repo}", "site_admin": false, "login": "edbeeny", "type": "User", "id": 12708780, "followers_url": "https://api.github.com/users/edbeeny/followers"}, "milestone": null, "repository_url": "https://api.github.com/repos/opencart/opencart", "closed_at": "2016-05-09T13:08:55Z", "assignees": [], "id": 153416403}, "id": 654236360}, {"commit_id": null, "commit_url": null, "url": "https://api.github.com/repos/opencart/opencart/issues/events/654208924", "created_at": "2016-05-09T10:29:11Z", "actor": {"following_url": "https://api.github.com/users/danielkerr/following{/other_user}", "events_url": "https://api.github.com/users/danielkerr/events{/privacy}", "organizations_url": "https://api.github.com/users/danielkerr/orgs", "url": "https://api.github.com/users/danielkerr", "gists_url": "https://api.github.com/users/danielkerr/gists{/gist_id}", "html_url": "https://github.com/danielkerr", "subscriptions_url": "https://api.github.com/users/danielkerr/subscriptions", "avatar_url": "https://avatars.githubusercontent.com/u/5079756?v=3", "repos_url": "https://api.github.com/users/danielkerr/repos", "received_events_url": "https://api.github.com/users/danielkerr/received_events", "gravatar_id": "", "starred_url": "https://api.github.com/users/danielkerr/starred{/owner}{/repo}", "site_admin": false, "login": "danielkerr", "type": "User", "id": 5079756, "followers_url": "https://api.github.com/users/danielkerr/followers"}, "event": "closed", "issue": {"body": "i am using open cart 2.2 and when i goto marketing >> mail , after typing the mail and when i click send mail icon,nothing happens.i am unable to send any mail or newsletter to any customers.\nis anybody else facing this prob ?\nplease help\n", "labels": [], "locked": false, "title": "marketing>> mail issue", "url": "https://api.github.com/repos/opencart/opencart/issues/4343", "labels_url": "https://api.github.com/repos/opencart/opencart/issues/4343/labels{/name}", "created_at": "2016-05-08T19:07:50Z", "events_url": "https://api.github.com/repos/opencart/opencart/issues/4343/events", "comments_url": "https://api.github.com/repos/opencart/opencart/issues/4343/comments", "html_url": "https://github.com/opencart/opencart/issues/4343", "comments": 3, "number": 4343, "updated_at": "2016-09-16T14:16:34Z", "assignee": null, "state": "closed", "user": {"following_url": "https://api.github.com/users/nik2020/following{/other_user}", "events_url": "https://api.github.com/users/nik2020/events{/privacy}", "organizations_url": "https://api.github.com/users/nik2020/orgs", "url": "https://api.github.com/users/nik2020", "gists_url": "https://api.github.com/users/nik2020/gists{/gist_id}", "html_url": "https://github.com/nik2020", "subscriptions_url": "https://api.github.com/users/nik2020/subscriptions", "avatar_url": "https://avatars.githubusercontent.com/u/19154440?v=3", "repos_url": "https://api.github.com/users/nik2020/repos", "received_events_url": "https://api.github.com/users/nik2020/received_events", "gravatar_id": "", "starred_url": "https://api.github.com/users/nik2020/starred{/owner}{/repo}", "site_admin": false, "login": "nik2020", "type": "User", "id": 19154440, "followers_url": "https://api.github.com/users/nik2020/followers"}, "milestone": null, "repository_url": "https://api.github.com/repos/opencart/opencart", "closed_at": "2016-05-09T10:29:10Z", "assignees": [], "id": 153672166}, "id": 654208924}, {"commit_id": "82c0ef121d3c6c9bf14ad3b676cbf69e646e54ac", "commit_url": "https://api.github.com/repos/opencart/opencart/commits/82c0ef121d3c6c9bf14ad3b676cbf69e646e54ac", "url": "https://api.github.com/repos/opencart/opencart/issues/events/654102972", "created_at": "2016-05-09T08:44:42Z", "actor": {"following_url": "https://api.github.com/users/danielkerr/following{/other_user}", "events_url": "https://api.github.com/users/danielkerr/events{/privacy}", "organizations_url": "https://api.github.com/users/danielkerr/orgs", "url": "https://api.github.com/users/danielkerr", "gists_url": "https://api.github.com/users/danielkerr/gists{/gist_id}", "html_url": "https://github.com/danielkerr", "subscriptions_url": "https://api.github.com/users/danielkerr/subscriptions", "avatar_url": "https://avatars.githubusercontent.com/u/5079756?v=3", "repos_url": "https://api.github.com/users/danielkerr/repos", "received_events_url": "https://api.github.com/users/danielkerr/received_events", "gravatar_id": "", "starred_url": "https://api.github.com/users/danielkerr/starred{/owner}{/repo}", "site_admin": false, "login": "danielkerr", "type": "User", "id": 5079756, "followers_url": "https://api.github.com/users/danielkerr/followers"}, "event": "referenced", "issue": {"labels": [], "number": 3187, "assignee": null, "repository_url": "https://api.github.com/repos/opencart/opencart", "closed_at": "2016-05-09T08:44:41Z", "id": 95930975, "title": "Supported multiple files upload for common/filemanager", "pull_request": {"url": "https://api.github.com/repos/opencart/opencart/pulls/3187", "diff_url": "https://github.com/opencart/opencart/pull/3187.diff", "html_url": "https://github.com/opencart/opencart/pull/3187", "patch_url": "https://github.com/opencart/opencart/pull/3187.patch"}, "comments": 4, "state": "closed", "body": "I think the most inconvenience of OpenCart Admin Panel is uploading only 1 file per time. Hope this PR can help to resolve that :)\n", "labels_url": "https://api.github.com/repos/opencart/opencart/issues/3187/labels{/name}", "events_url": "https://api.github.com/repos/opencart/opencart/issues/3187/events", "comments_url": "https://api.github.com/repos/opencart/opencart/issues/3187/comments", "html_url": "https://github.com/opencart/opencart/pull/3187", "updated_at": "2016-05-09T08:44:41Z", "user": {"following_url": "https://api.github.com/users/khanhicetea/following{/other_user}", "events_url": "https://api.github.com/users/khanhicetea/events{/privacy}", "organizations_url": "https://api.github.com/users/khanhicetea/orgs", "url": "https://api.github.com/users/khanhicetea", "gists_url": "https://api.github.com/users/khanhicetea/gists{/gist_id}", "html_url": "https://github.com/khanhicetea", "subscriptions_url": "https://api.github.com/users/khanhicetea/subscriptions", "avatar_url": "https://avatars.githubusercontent.com/u/4528223?v=3", "repos_url": "https://api.github.com/users/khanhicetea/repos", "received_events_url": "https://api.github.com/users/khanhicetea/received_events", "gravatar_id": "", "starred_url": "https://api.github.com/users/khanhicetea/starred{/owner}{/repo}", "site_admin": false, "login": "khanhicetea", "type": "User", "id": 4528223, "followers_url": "https://api.github.com/users/khanhicetea/followers"}, "milestone": null, "locked": false, "url": "https://api.github.com/repos/opencart/opencart/issues/3187", "created_at": "2015-07-19T16:53:57Z", "assignees": []}, "id": 654102972}]