[{"commit_id": null, "commit_url": null, "url": "https://api.github.com/repos/opencart/opencart/issues/events/124620887", "created_at": "2014-05-25T17:54:34Z", "actor": null, "event": "head_ref_deleted", "issue": {"labels": [], "number": 1470, "assignee": null, "repository_url": "https://api.github.com/repos/opencart/opencart", "closed_at": "2014-05-24T14:49:15Z", "id": 34112150, "title": "Fix white page display when switching languages", "pull_request": {"url": "https://api.github.com/repos/opencart/opencart/pulls/1470", "diff_url": "https://github.com/opencart/opencart/pull/1470.diff", "html_url": "https://github.com/opencart/opencart/pull/1470", "patch_url": "https://github.com/opencart/opencart/pull/1470.patch"}, "comments": 0, "state": "closed", "body": "With this fix, users will be able to switch between languages without receiving a white page on their browser.\n", "labels_url": "https://api.github.com/repos/opencart/opencart/issues/1470/labels{/name}", "events_url": "https://api.github.com/repos/opencart/opencart/issues/1470/events", "comments_url": "https://api.github.com/repos/opencart/opencart/issues/1470/comments", "html_url": "https://github.com/opencart/opencart/pull/1470", "updated_at": "2014-06-22T02:34:27Z", "user": {"following_url": "https://api.github.com/users/ghost/following{/other_user}", "events_url": "https://api.github.com/users/ghost/events{/privacy}", "organizations_url": "https://api.github.com/users/ghost/orgs", "url": "https://api.github.com/users/ghost", "gists_url": "https://api.github.com/users/ghost/gists{/gist_id}", "html_url": "https://github.com/ghost", "subscriptions_url": "https://api.github.com/users/ghost/subscriptions", "avatar_url": "https://avatars.githubusercontent.com/u/10137?v=3", "repos_url": "https://api.github.com/users/ghost/repos", "received_events_url": "https://api.github.com/users/ghost/received_events", "gravatar_id": "", "starred_url": "https://api.github.com/users/ghost/starred{/owner}{/repo}", "site_admin": false, "login": "ghost", "type": "User", "id": 10137, "followers_url": "https://api.github.com/users/ghost/followers"}, "milestone": null, "locked": false, "url": "https://api.github.com/repos/opencart/opencart/issues/1470", "created_at": "2014-05-22T19:07:34Z", "assignees": []}, "id": 124620887}, {"commit_id": null, "commit_url": null, "url": "https://api.github.com/repos/opencart/opencart/issues/events/124620847", "created_at": "2014-05-25T17:53:58Z", "actor": null, "event": "head_ref_deleted", "issue": {"labels": [], "number": 1468, "assignee": null, "repository_url": "https://api.github.com/repos/opencart/opencart", "closed_at": "2014-05-22T16:55:35Z", "id": 34094848, "title": "fixes installation crashes on step 3", "pull_request": {"url": "https://api.github.com/repos/opencart/opencart/pulls/1468", "diff_url": "https://github.com/opencart/opencart/pull/1468.diff", "html_url": "https://github.com/opencart/opencart/pull/1468", "patch_url": "https://github.com/opencart/opencart/pull/1468.patch"}, "comments": 0, "state": "closed", "body": "Deleted extra 'u'\n", "labels_url": "https://api.github.com/repos/opencart/opencart/issues/1468/labels{/name}", "events_url": "https://api.github.com/repos/opencart/opencart/issues/1468/events", "comments_url": "https://api.github.com/repos/opencart/opencart/issues/1468/comments", "html_url": "https://github.com/opencart/opencart/pull/1468", "updated_at": "2014-06-22T12:06:24Z", "user": {"following_url": "https://api.github.com/users/ghost/following{/other_user}", "events_url": "https://api.github.com/users/ghost/events{/privacy}", "organizations_url": "https://api.github.com/users/ghost/orgs", "url": "https://api.github.com/users/ghost", "gists_url": "https://api.github.com/users/ghost/gists{/gist_id}", "html_url": "https://github.com/ghost", "subscriptions_url": "https://api.github.com/users/ghost/subscriptions", "avatar_url": "https://avatars.githubusercontent.com/u/10137?v=3", "repos_url": "https://api.github.com/users/ghost/repos", "received_events_url": "https://api.github.com/users/ghost/received_events", "gravatar_id": "", "starred_url": "https://api.github.com/users/ghost/starred{/owner}{/repo}", "site_admin": false, "login": "ghost", "type": "User", "id": 10137, "followers_url": "https://api.github.com/users/ghost/followers"}, "milestone": null, "locked": false, "url": "https://api.github.com/repos/opencart/opencart/issues/1468", "created_at": "2014-05-22T15:46:01Z", "assignees": []}, "id": 124620847}, {"commit_id": null, "commit_url": null, "url": "https://api.github.com/repos/opencart/opencart/issues/events/124620795", "created_at": "2014-05-25T17:53:28Z", "actor": null, "event": "head_ref_deleted", "issue": {"labels": [], "number": 1452, "assignee": null, "repository_url": "https://api.github.com/repos/opencart/opencart", "closed_at": "2014-05-19T05:33:10Z", "id": 33739763, "title": "added class to handle the css addition", "pull_request": {"url": "https://api.github.com/repos/opencart/opencart/pulls/1452", "diff_url": "https://github.com/opencart/opencart/pull/1452.diff", "html_url": "https://github.com/opencart/opencart/pull/1452", "patch_url": "https://github.com/opencart/opencart/pull/1452.patch"}, "comments": 2, "state": "closed", "body": "", "labels_url": "https://api.github.com/repos/opencart/opencart/issues/1452/labels{/name}", "events_url": "https://api.github.com/repos/opencart/opencart/issues/1452/events", "comments_url": "https://api.github.com/repos/opencart/opencart/issues/1452/comments", "html_url": "https://github.com/opencart/opencart/pull/1452", "updated_at": "2014-06-22T02:20:24Z", "user": {"following_url": "https://api.github.com/users/ghost/following{/other_user}", "events_url": "https://api.github.com/users/ghost/events{/privacy}", "organizations_url": "https://api.github.com/users/ghost/orgs", "url": "https://api.github.com/users/ghost", "gists_url": "https://api.github.com/users/ghost/gists{/gist_id}", "html_url": "https://github.com/ghost", "subscriptions_url": "https://api.github.com/users/ghost/subscriptions", "avatar_url": "https://avatars.githubusercontent.com/u/10137?v=3", "repos_url": "https://api.github.com/users/ghost/repos", "received_events_url": "https://api.github.com/users/ghost/received_events", "gravatar_id": "", "starred_url": "https://api.github.com/users/ghost/starred{/owner}{/repo}", "site_admin": false, "login": "ghost", "type": "User", "id": 10137, "followers_url": "https://api.github.com/users/ghost/followers"}, "milestone": null, "locked": false, "url": "https://api.github.com/repos/opencart/opencart/issues/1452", "created_at": "2014-05-17T21:06:33Z", "assignees": []}, "id": 124620795}, {"commit_id": null, "commit_url": null, "url": "https://api.github.com/repos/opencart/opencart/issues/events/124620782", "created_at": "2014-05-25T17:53:18Z", "actor": null, "event": "head_ref_deleted", "issue": {"labels": [], "number": 1453, "assignee": null, "repository_url": "https://api.github.com/repos/opencart/opencart", "closed_at": "2014-05-19T08:58:20Z", "id": 33739801, "title": "css addition for price-old on product compare page", "pull_request": {"url": "https://api.github.com/repos/opencart/opencart/pulls/1453", "diff_url": "https://github.com/opencart/opencart/pull/1453.diff", "html_url": "https://github.com/opencart/opencart/pull/1453", "patch_url": "https://github.com/opencart/opencart/pull/1453.patch"}, "comments": 0, "state": "closed", "body": "", "labels_url": "https://api.github.com/repos/opencart/opencart/issues/1453/labels{/name}", "events_url": "https://api.github.com/repos/opencart/opencart/issues/1453/events", "comments_url": "https://api.github.com/repos/opencart/opencart/issues/1453/comments", "html_url": "https://github.com/opencart/opencart/pull/1453", "updated_at": "2014-06-25T18:51:29Z", "user": {"following_url": "https://api.github.com/users/ghost/following{/other_user}", "events_url": "https://api.github.com/users/ghost/events{/privacy}", "organizations_url": "https://api.github.com/users/ghost/orgs", "url": "https://api.github.com/users/ghost", "gists_url": "https://api.github.com/users/ghost/gists{/gist_id}", "html_url": "https://github.com/ghost", "subscriptions_url": "https://api.github.com/users/ghost/subscriptions", "avatar_url": "https://avatars.githubusercontent.com/u/10137?v=3", "repos_url": "https://api.github.com/users/ghost/repos", "received_events_url": "https://api.github.com/users/ghost/received_events", "gravatar_id": "", "starred_url": "https://api.github.com/users/ghost/starred{/owner}{/repo}", "site_admin": false, "login": "ghost", "type": "User", "id": 10137, "followers_url": "https://api.github.com/users/ghost/followers"}, "milestone": null, "locked": false, "url": "https://api.github.com/repos/opencart/opencart/issues/1453", "created_at": "2014-05-17T21:08:59Z", "assignees": []}, "id": 124620782}, {"commit_id": null, "commit_url": null, "url": "https://api.github.com/repos/opencart/opencart/issues/events/124513408", "created_at": "2014-05-24T15:37:51Z", "actor": {"following_url": "https://api.github.com/users/danielkerr/following{/other_user}", "events_url": "https://api.github.com/users/danielkerr/events{/privacy}", "organizations_url": "https://api.github.com/users/danielkerr/orgs", "url": "https://api.github.com/users/danielkerr", "gists_url": "https://api.github.com/users/danielkerr/gists{/gist_id}", "html_url": "https://github.com/danielkerr", "subscriptions_url": "https://api.github.com/users/danielkerr/subscriptions", "avatar_url": "https://avatars.githubusercontent.com/u/5079756?v=3", "repos_url": "https://api.github.com/users/danielkerr/repos", "received_events_url": "https://api.github.com/users/danielkerr/received_events", "gravatar_id": "", "starred_url": "https://api.github.com/users/danielkerr/starred{/owner}{/repo}", "site_admin": false, "login": "danielkerr", "type": "User", "id": 5079756, "followers_url": "https://api.github.com/users/danielkerr/followers"}, "event": "subscribed", "issue": {"body": "Hello Daniel,\n\nI would like to suggest an important feature for the upcoming release.\n\nIt will be nice to have an option for multi language option on currencies too.\n\nAt the moment, there is an option to use only one language, but when a site supports multi language this feature will come very handy.\n\nSincerely,\nDvir Julius \n", "labels": [], "locked": false, "title": "Suggestion", "url": "https://api.github.com/repos/opencart/opencart/issues/1474", "labels_url": "https://api.github.com/repos/opencart/opencart/issues/1474/labels{/name}", "created_at": "2014-05-23T14:01:34Z", "events_url": "https://api.github.com/repos/opencart/opencart/issues/1474/events", "comments_url": "https://api.github.com/repos/opencart/opencart/issues/1474/comments", "html_url": "https://github.com/opencart/opencart/issues/1474", "comments": 7, "number": 1474, "updated_at": "2014-05-24T15:37:51Z", "assignee": null, "state": "closed", "user": {"following_url": "https://api.github.com/users/ghost/following{/other_user}", "events_url": "https://api.github.com/users/ghost/events{/privacy}", "organizations_url": "https://api.github.com/users/ghost/orgs", "url": "https://api.github.com/users/ghost", "gists_url": "https://api.github.com/users/ghost/gists{/gist_id}", "html_url": "https://github.com/ghost", "subscriptions_url": "https://api.github.com/users/ghost/subscriptions", "avatar_url": "https://avatars.githubusercontent.com/u/10137?v=3", "repos_url": "https://api.github.com/users/ghost/repos", "received_events_url": "https://api.github.com/users/ghost/received_events", "gravatar_id": "", "starred_url": "https://api.github.com/users/ghost/starred{/owner}{/repo}", "site_admin": false, "login": "ghost", "type": "User", "id": 10137, "followers_url": "https://api.github.com/users/ghost/followers"}, "milestone": null, "repository_url": "https://api.github.com/repos/opencart/opencart", "closed_at": "2014-05-24T05:25:17Z", "assignees": [], "id": 34177218}, "id": 124513408}, {"commit_id": null, "commit_url": null, "url": "https://api.github.com/repos/opencart/opencart/issues/events/124513407", "created_at": "2014-05-24T15:37:51Z", "actor": {"following_url": "https://api.github.com/users/danielkerr/following{/other_user}", "events_url": "https://api.github.com/users/danielkerr/events{/privacy}", "organizations_url": "https://api.github.com/users/danielkerr/orgs", "url": "https://api.github.com/users/danielkerr", "gists_url": "https://api.github.com/users/danielkerr/gists{/gist_id}", "html_url": "https://github.com/danielkerr", "subscriptions_url": "https://api.github.com/users/danielkerr/subscriptions", "avatar_url": "https://avatars.githubusercontent.com/u/5079756?v=3", "repos_url": "https://api.github.com/users/danielkerr/repos", "received_events_url": "https://api.github.com/users/danielkerr/received_events", "gravatar_id": "", "starred_url": "https://api.github.com/users/danielkerr/starred{/owner}{/repo}", "site_admin": false, "login": "danielkerr", "type": "User", "id": 5079756, "followers_url": "https://api.github.com/users/danielkerr/followers"}, "event": "mentioned", "issue": {"body": "Hello Daniel,\n\nI would like to suggest an important feature for the upcoming release.\n\nIt will be nice to have an option for multi language option on currencies too.\n\nAt the moment, there is an option to use only one language, but when a site supports multi language this feature will come very handy.\n\nSincerely,\nDvir Julius \n", "labels": [], "locked": false, "title": "Suggestion", "url": "https://api.github.com/repos/opencart/opencart/issues/1474", "labels_url": "https://api.github.com/repos/opencart/opencart/issues/1474/labels{/name}", "created_at": "2014-05-23T14:01:34Z", "events_url": "https://api.github.com/repos/opencart/opencart/issues/1474/events", "comments_url": "https://api.github.com/repos/opencart/opencart/issues/1474/comments", "html_url": "https://github.com/opencart/opencart/issues/1474", "comments": 7, "number": 1474, "updated_at": "2014-05-24T15:37:51Z", "assignee": null, "state": "closed", "user": {"following_url": "https://api.github.com/users/ghost/following{/other_user}", "events_url": "https://api.github.com/users/ghost/events{/privacy}", "organizations_url": "https://api.github.com/users/ghost/orgs", "url": "https://api.github.com/users/ghost", "gists_url": "https://api.github.com/users/ghost/gists{/gist_id}", "html_url": "https://github.com/ghost", "subscriptions_url": "https://api.github.com/users/ghost/subscriptions", "avatar_url": "https://avatars.githubusercontent.com/u/10137?v=3", "repos_url": "https://api.github.com/users/ghost/repos", "received_events_url": "https://api.github.com/users/ghost/received_events", "gravatar_id": "", "starred_url": "https://api.github.com/users/ghost/starred{/owner}{/repo}", "site_admin": false, "login": "ghost", "type": "User", "id": 10137, "followers_url": "https://api.github.com/users/ghost/followers"}, "milestone": null, "repository_url": "https://api.github.com/repos/opencart/opencart", "closed_at": "2014-05-24T05:25:17Z", "assignees": [], "id": 34177218}, "id": 124513407}, {"commit_id": null, "commit_url": null, "url": "https://api.github.com/repos/opencart/opencart/issues/events/124513406", "created_at": "2014-05-24T15:37:51Z", "actor": null, "event": "subscribed", "issue": {"body": "Hello Daniel,\n\nI would like to suggest an important feature for the upcoming release.\n\nIt will be nice to have an option for multi language option on currencies too.\n\nAt the moment, there is an option to use only one language, but when a site supports multi language this feature will come very handy.\n\nSincerely,\nDvir Julius \n", "labels": [], "locked": false, "title": "Suggestion", "url": "https://api.github.com/repos/opencart/opencart/issues/1474", "labels_url": "https://api.github.com/repos/opencart/opencart/issues/1474/labels{/name}", "created_at": "2014-05-23T14:01:34Z", "events_url": "https://api.github.com/repos/opencart/opencart/issues/1474/events", "comments_url": "https://api.github.com/repos/opencart/opencart/issues/1474/comments", "html_url": "https://github.com/opencart/opencart/issues/1474", "comments": 7, "number": 1474, "updated_at": "2014-05-24T15:37:51Z", "assignee": null, "state": "closed", "user": {"following_url": "https://api.github.com/users/ghost/following{/other_user}", "events_url": "https://api.github.com/users/ghost/events{/privacy}", "organizations_url": "https://api.github.com/users/ghost/orgs", "url": "https://api.github.com/users/ghost", "gists_url": "https://api.github.com/users/ghost/gists{/gist_id}", "html_url": "https://github.com/ghost", "subscriptions_url": "https://api.github.com/users/ghost/subscriptions", "avatar_url": "https://avatars.githubusercontent.com/u/10137?v=3", "repos_url": "https://api.github.com/users/ghost/repos", "received_events_url": "https://api.github.com/users/ghost/received_events", "gravatar_id": "", "starred_url": "https://api.github.com/users/ghost/starred{/owner}{/repo}", "site_admin": false, "login": "ghost", "type": "User", "id": 10137, "followers_url": "https://api.github.com/users/ghost/followers"}, "milestone": null, "repository_url": "https://api.github.com/repos/opencart/opencart", "closed_at": "2014-05-24T05:25:17Z", "assignees": [], "id": 34177218}, "id": 124513406}, {"commit_id": null, "commit_url": null, "url": "https://api.github.com/repos/opencart/opencart/issues/events/124513405", "created_at": "2014-05-24T15:37:51Z", "actor": null, "event": "mentioned", "issue": {"body": "Hello Daniel,\n\nI would like to suggest an important feature for the upcoming release.\n\nIt will be nice to have an option for multi language option on currencies too.\n\nAt the moment, there is an option to use only one language, but when a site supports multi language this feature will come very handy.\n\nSincerely,\nDvir Julius \n", "labels": [], "locked": false, "title": "Suggestion", "url": "https://api.github.com/repos/opencart/opencart/issues/1474", "labels_url": "https://api.github.com/repos/opencart/opencart/issues/1474/labels{/name}", "created_at": "2014-05-23T14:01:34Z", "events_url": "https://api.github.com/repos/opencart/opencart/issues/1474/events", "comments_url": "https://api.github.com/repos/opencart/opencart/issues/1474/comments", "html_url": "https://github.com/opencart/opencart/issues/1474", "comments": 7, "number": 1474, "updated_at": "2014-05-24T15:37:51Z", "assignee": null, "state": "closed", "user": {"following_url": "https://api.github.com/users/ghost/following{/other_user}", "events_url": "https://api.github.com/users/ghost/events{/privacy}", "organizations_url": "https://api.github.com/users/ghost/orgs", "url": "https://api.github.com/users/ghost", "gists_url": "https://api.github.com/users/ghost/gists{/gist_id}", "html_url": "https://github.com/ghost", "subscriptions_url": "https://api.github.com/users/ghost/subscriptions", "avatar_url": "https://avatars.githubusercontent.com/u/10137?v=3", "repos_url": "https://api.github.com/users/ghost/repos", "received_events_url": "https://api.github.com/users/ghost/received_events", "gravatar_id": "", "starred_url": "https://api.github.com/users/ghost/starred{/owner}{/repo}", "site_admin": false, "login": "ghost", "type": "User", "id": 10137, "followers_url": "https://api.github.com/users/ghost/followers"}, "milestone": null, "repository_url": "https://api.github.com/repos/opencart/opencart", "closed_at": "2014-05-24T05:25:17Z", "assignees": [], "id": 34177218}, "id": 124513405}, {"commit_id": null, "commit_url": null, "url": "https://api.github.com/repos/opencart/opencart/issues/events/124513214", "created_at": "2014-05-24T15:35:22Z", "actor": {"following_url": "https://api.github.com/users/OpenCartAddons/following{/other_user}", "events_url": "https://api.github.com/users/OpenCartAddons/events{/privacy}", "organizations_url": "https://api.github.com/users/OpenCartAddons/orgs", "url": "https://api.github.com/users/OpenCartAddons", "gists_url": "https://api.github.com/users/OpenCartAddons/gists{/gist_id}", "html_url": "https://github.com/OpenCartAddons", "subscriptions_url": "https://api.github.com/users/OpenCartAddons/subscriptions", "avatar_url": "https://avatars.githubusercontent.com/u/5317545?v=3", "repos_url": "https://api.github.com/users/OpenCartAddons/repos", "received_events_url": "https://api.github.com/users/OpenCartAddons/received_events", "gravatar_id": "", "starred_url": "https://api.github.com/users/OpenCartAddons/starred{/owner}{/repo}", "site_admin": false, "login": "OpenCartAddons", "type": "User", "id": 5317545, "followers_url": "https://api.github.com/users/OpenCartAddons/followers"}, "event": "subscribed", "issue": {"labels": [], "number": 1510, "assignee": null, "repository_url": "https://api.github.com/repos/opencart/opencart", "closed_at": "2014-05-24T14:35:46Z", "id": 34196007, "title": "Admin Panel HTML5 Updates", "pull_request": {"url": "https://api.github.com/repos/opencart/opencart/pulls/1510", "diff_url": "https://github.com/opencart/opencart/pull/1510.diff", "html_url": "https://github.com/opencart/opencart/pull/1510", "patch_url": "https://github.com/opencart/opencart/pull/1510.patch"}, "comments": 5, "state": "closed", "body": "I've updated some of the admin panel forms to utilize HTML5 for the input fields.\n", "labels_url": "https://api.github.com/repos/opencart/opencart/issues/1510/labels{/name}", "events_url": "https://api.github.com/repos/opencart/opencart/issues/1510/events", "comments_url": "https://api.github.com/repos/opencart/opencart/issues/1510/comments", "html_url": "https://github.com/opencart/opencart/pull/1510", "updated_at": "2014-10-06T18:57:10Z", "user": {"following_url": "https://api.github.com/users/OpenCartAddons/following{/other_user}", "events_url": "https://api.github.com/users/OpenCartAddons/events{/privacy}", "organizations_url": "https://api.github.com/users/OpenCartAddons/orgs", "url": "https://api.github.com/users/OpenCartAddons", "gists_url": "https://api.github.com/users/OpenCartAddons/gists{/gist_id}", "html_url": "https://github.com/OpenCartAddons", "subscriptions_url": "https://api.github.com/users/OpenCartAddons/subscriptions", "avatar_url": "https://avatars.githubusercontent.com/u/5317545?v=3", "repos_url": "https://api.github.com/users/OpenCartAddons/repos", "received_events_url": "https://api.github.com/users/OpenCartAddons/received_events", "gravatar_id": "", "starred_url": "https://api.github.com/users/OpenCartAddons/starred{/owner}{/repo}", "site_admin": false, "login": "OpenCartAddons", "type": "User", "id": 5317545, "followers_url": "https://api.github.com/users/OpenCartAddons/followers"}, "milestone": null, "locked": false, "url": "https://api.github.com/repos/opencart/opencart/issues/1510", "created_at": "2014-05-23T17:39:16Z", "assignees": []}, "id": 124513214}, {"commit_id": null, "commit_url": null, "url": "https://api.github.com/repos/opencart/opencart/issues/events/124513213", "created_at": "2014-05-24T15:35:22Z", "actor": {"following_url": "https://api.github.com/users/OpenCartAddons/following{/other_user}", "events_url": "https://api.github.com/users/OpenCartAddons/events{/privacy}", "organizations_url": "https://api.github.com/users/OpenCartAddons/orgs", "url": "https://api.github.com/users/OpenCartAddons", "gists_url": "https://api.github.com/users/OpenCartAddons/gists{/gist_id}", "html_url": "https://github.com/OpenCartAddons", "subscriptions_url": "https://api.github.com/users/OpenCartAddons/subscriptions", "avatar_url": "https://avatars.githubusercontent.com/u/5317545?v=3", "repos_url": "https://api.github.com/users/OpenCartAddons/repos", "received_events_url": "https://api.github.com/users/OpenCartAddons/received_events", "gravatar_id": "", "starred_url": "https://api.github.com/users/OpenCartAddons/starred{/owner}{/repo}", "site_admin": false, "login": "OpenCartAddons", "type": "User", "id": 5317545, "followers_url": "https://api.github.com/users/OpenCartAddons/followers"}, "event": "mentioned", "issue": {"labels": [], "number": 1510, "assignee": null, "repository_url": "https://api.github.com/repos/opencart/opencart", "closed_at": "2014-05-24T14:35:46Z", "id": 34196007, "title": "Admin Panel HTML5 Updates", "pull_request": {"url": "https://api.github.com/repos/opencart/opencart/pulls/1510", "diff_url": "https://github.com/opencart/opencart/pull/1510.diff", "html_url": "https://github.com/opencart/opencart/pull/1510", "patch_url": "https://github.com/opencart/opencart/pull/1510.patch"}, "comments": 5, "state": "closed", "body": "I've updated some of the admin panel forms to utilize HTML5 for the input fields.\n", "labels_url": "https://api.github.com/repos/opencart/opencart/issues/1510/labels{/name}", "events_url": "https://api.github.com/repos/opencart/opencart/issues/1510/events", "comments_url": "https://api.github.com/repos/opencart/opencart/issues/1510/comments", "html_url": "https://github.com/opencart/opencart/pull/1510", "updated_at": "2014-10-06T18:57:10Z", "user": {"following_url": "https://api.github.com/users/OpenCartAddons/following{/other_user}", "events_url": "https://api.github.com/users/OpenCartAddons/events{/privacy}", "organizations_url": "https://api.github.com/users/OpenCartAddons/orgs", "url": "https://api.github.com/users/OpenCartAddons", "gists_url": "https://api.github.com/users/OpenCartAddons/gists{/gist_id}", "html_url": "https://github.com/OpenCartAddons", "subscriptions_url": "https://api.github.com/users/OpenCartAddons/subscriptions", "avatar_url": "https://avatars.githubusercontent.com/u/5317545?v=3", "repos_url": "https://api.github.com/users/OpenCartAddons/repos", "received_events_url": "https://api.github.com/users/OpenCartAddons/received_events", "gravatar_id": "", "starred_url": "https://api.github.com/users/OpenCartAddons/starred{/owner}{/repo}", "site_admin": false, "login": "OpenCartAddons", "type": "User", "id": 5317545, "followers_url": "https://api.github.com/users/OpenCartAddons/followers"}, "milestone": null, "locked": false, "url": "https://api.github.com/repos/opencart/opencart/issues/1510", "created_at": "2014-05-23T17:39:16Z", "assignees": []}, "id": 124513213}, {"commit_id": null, "commit_url": null, "url": "https://api.github.com/repos/opencart/opencart/issues/events/124509486", "created_at": "2014-05-24T14:49:56Z", "actor": {"following_url": "https://api.github.com/users/danielkerr/following{/other_user}", "events_url": "https://api.github.com/users/danielkerr/events{/privacy}", "organizations_url": "https://api.github.com/users/danielkerr/orgs", "url": "https://api.github.com/users/danielkerr", "gists_url": "https://api.github.com/users/danielkerr/gists{/gist_id}", "html_url": "https://github.com/danielkerr", "subscriptions_url": "https://api.github.com/users/danielkerr/subscriptions", "avatar_url": "https://avatars.githubusercontent.com/u/5079756?v=3", "repos_url": "https://api.github.com/users/danielkerr/repos", "received_events_url": "https://api.github.com/users/danielkerr/received_events", "gravatar_id": "", "starred_url": "https://api.github.com/users/danielkerr/starred{/owner}{/repo}", "site_admin": false, "login": "danielkerr", "type": "User", "id": 5079756, "followers_url": "https://api.github.com/users/danielkerr/followers"}, "event": "closed", "issue": {"body": "I think the lines 29 to 44, in method addOrder, where it processes the custom_fields, should look something like this:\n\n```\n    // Custom Fields\n    $custom_fields = array();\n\n    $this->load->model( 'account/custom_field' );\n    $custom_fields = $this->model_account_custom_field->getCustomFields(array('filter_customer_group_id' => $this->config->get('config_customer_group_id')));\n\n    foreach ($custom_fields as $custom_field) {\n\n        if ($custom_field_query->row['type'] == 'select' || $custom_field_query->row['type'] == 'radio') {\n            $custom_field_value_query = $this->db->query(\"SELECT * FROM \" . DB_PREFIX . \"custom_field_value cfv LEFT JOIN \" . DB_PREFIX . \"custom_field_value_description cfvd ON (cfv.custom_field_value_id = cfvd.custom_field_value_id) WHERE cfv.custom_field_id = '\" . (int)$custom_field['custom_field_id'] . \"' AND cfv.custom_field_value_id = '\" . (int)$custom_field['value'] . \"' AND cfvd.language_id = '\" . (int)$this->config->get('config_language_id') . \"'\");\n\n        }\n\n    }\n\n\n    foreach ($custom_fields as $custom_field) {\n```\n\ninstead of the current lines:\n\n```\n    // Custom Fields\n    $data['custom_fields'] = array();\n\n    $custom_fields = $this->model_account_custom_field->getCustomFields(array('filter_customer_group_id' => $this->config->get('config_customer_group_id')));\n\n    foreach ($custom_fields as $custom_field) {\n\n        if ($custom_field_query->row['type'] == 'select' || $custom_field_query->row['type'] == 'radio') {\n            $custom_field_value_query = $this->db->query(\"SELECT * FROM \" . DB_PREFIX . \"custom_field_value cfv LEFT JOIN \" . DB_PREFIX . \"custom_field_value_description cfvd ON (cfv.custom_field_value_id = cfvd.custom_field_value_id) WHERE cfv.custom_field_id = '\" . (int)$custom_field['custom_field_id'] . \"' AND cfv.custom_field_value_id = '\" . (int)$custom_field['value'] . \"' AND cfvd.language_id = '\" . (int)$this->config->get('config_language_id') . \"'\");\n\n        }\n\n    }\n\n\n    foreach ($data['custom_field'] as $custom_field) {\n```\n", "labels": [], "locked": false, "title": "Bug in catalog/model/checkout/order.php", "url": "https://api.github.com/repos/opencart/opencart/issues/1414", "labels_url": "https://api.github.com/repos/opencart/opencart/issues/1414/labels{/name}", "created_at": "2014-05-07T18:15:07Z", "events_url": "https://api.github.com/repos/opencart/opencart/issues/1414/events", "comments_url": "https://api.github.com/repos/opencart/opencart/issues/1414/comments", "html_url": "https://github.com/opencart/opencart/issues/1414", "comments": 1, "number": 1414, "updated_at": "2014-05-24T14:49:56Z", "assignee": null, "state": "closed", "user": {"following_url": "https://api.github.com/users/mhcwebdesign/following{/other_user}", "events_url": "https://api.github.com/users/mhcwebdesign/events{/privacy}", "organizations_url": "https://api.github.com/users/mhcwebdesign/orgs", "url": "https://api.github.com/users/mhcwebdesign", "gists_url": "https://api.github.com/users/mhcwebdesign/gists{/gist_id}", "html_url": "https://github.com/mhcwebdesign", "subscriptions_url": "https://api.github.com/users/mhcwebdesign/subscriptions", "avatar_url": "https://avatars.githubusercontent.com/u/2989557?v=3", "repos_url": "https://api.github.com/users/mhcwebdesign/repos", "received_events_url": "https://api.github.com/users/mhcwebdesign/received_events", "gravatar_id": "", "starred_url": "https://api.github.com/users/mhcwebdesign/starred{/owner}{/repo}", "site_admin": false, "login": "mhcwebdesign", "type": "User", "id": 2989557, "followers_url": "https://api.github.com/users/mhcwebdesign/followers"}, "milestone": null, "repository_url": "https://api.github.com/repos/opencart/opencart", "closed_at": "2014-05-24T14:49:56Z", "assignees": [], "id": 33010357}, "id": 124509486}, {"commit_id": null, "commit_url": null, "url": "https://api.github.com/repos/opencart/opencart/issues/events/124509424", "created_at": "2014-05-24T14:49:15Z", "actor": {"following_url": "https://api.github.com/users/danielkerr/following{/other_user}", "events_url": "https://api.github.com/users/danielkerr/events{/privacy}", "organizations_url": "https://api.github.com/users/danielkerr/orgs", "url": "https://api.github.com/users/danielkerr", "gists_url": "https://api.github.com/users/danielkerr/gists{/gist_id}", "html_url": "https://github.com/danielkerr", "subscriptions_url": "https://api.github.com/users/danielkerr/subscriptions", "avatar_url": "https://avatars.githubusercontent.com/u/5079756?v=3", "repos_url": "https://api.github.com/users/danielkerr/repos", "received_events_url": "https://api.github.com/users/danielkerr/received_events", "gravatar_id": "", "starred_url": "https://api.github.com/users/danielkerr/starred{/owner}{/repo}", "site_admin": false, "login": "danielkerr", "type": "User", "id": 5079756, "followers_url": "https://api.github.com/users/danielkerr/followers"}, "event": "closed", "issue": {"labels": [], "number": 1470, "assignee": null, "repository_url": "https://api.github.com/repos/opencart/opencart", "closed_at": "2014-05-24T14:49:15Z", "id": 34112150, "title": "Fix white page display when switching languages", "pull_request": {"url": "https://api.github.com/repos/opencart/opencart/pulls/1470", "diff_url": "https://github.com/opencart/opencart/pull/1470.diff", "html_url": "https://github.com/opencart/opencart/pull/1470", "patch_url": "https://github.com/opencart/opencart/pull/1470.patch"}, "comments": 0, "state": "closed", "body": "With this fix, users will be able to switch between languages without receiving a white page on their browser.\n", "labels_url": "https://api.github.com/repos/opencart/opencart/issues/1470/labels{/name}", "events_url": "https://api.github.com/repos/opencart/opencart/issues/1470/events", "comments_url": "https://api.github.com/repos/opencart/opencart/issues/1470/comments", "html_url": "https://github.com/opencart/opencart/pull/1470", "updated_at": "2014-06-22T02:34:27Z", "user": {"following_url": "https://api.github.com/users/ghost/following{/other_user}", "events_url": "https://api.github.com/users/ghost/events{/privacy}", "organizations_url": "https://api.github.com/users/ghost/orgs", "url": "https://api.github.com/users/ghost", "gists_url": "https://api.github.com/users/ghost/gists{/gist_id}", "html_url": "https://github.com/ghost", "subscriptions_url": "https://api.github.com/users/ghost/subscriptions", "avatar_url": "https://avatars.githubusercontent.com/u/10137?v=3", "repos_url": "https://api.github.com/users/ghost/repos", "received_events_url": "https://api.github.com/users/ghost/received_events", "gravatar_id": "", "starred_url": "https://api.github.com/users/ghost/starred{/owner}{/repo}", "site_admin": false, "login": "ghost", "type": "User", "id": 10137, "followers_url": "https://api.github.com/users/ghost/followers"}, "milestone": null, "locked": false, "url": "https://api.github.com/repos/opencart/opencart/issues/1470", "created_at": "2014-05-22T19:07:34Z", "assignees": []}, "id": 124509424}, {"commit_id": "c5f7ee442c3ecb78d657116f546978c568852c2e", "commit_url": "https://api.github.com/repos/opencart/opencart/commits/c5f7ee442c3ecb78d657116f546978c568852c2e", "url": "https://api.github.com/repos/opencart/opencart/issues/events/124509307", "created_at": "2014-05-24T14:47:14Z", "actor": {"following_url": "https://api.github.com/users/danielkerr/following{/other_user}", "events_url": "https://api.github.com/users/danielkerr/events{/privacy}", "organizations_url": "https://api.github.com/users/danielkerr/orgs", "url": "https://api.github.com/users/danielkerr", "gists_url": "https://api.github.com/users/danielkerr/gists{/gist_id}", "html_url": "https://github.com/danielkerr", "subscriptions_url": "https://api.github.com/users/danielkerr/subscriptions", "avatar_url": "https://avatars.githubusercontent.com/u/5079756?v=3", "repos_url": "https://api.github.com/users/danielkerr/repos", "received_events_url": "https://api.github.com/users/danielkerr/received_events", "gravatar_id": "", "starred_url": "https://api.github.com/users/danielkerr/starred{/owner}{/repo}", "site_admin": false, "login": "danielkerr", "type": "User", "id": 5079756, "followers_url": "https://api.github.com/users/danielkerr/followers"}, "event": "referenced", "issue": {"labels": [], "number": 1470, "assignee": null, "repository_url": "https://api.github.com/repos/opencart/opencart", "closed_at": "2014-05-24T14:49:15Z", "id": 34112150, "title": "Fix white page display when switching languages", "pull_request": {"url": "https://api.github.com/repos/opencart/opencart/pulls/1470", "diff_url": "https://github.com/opencart/opencart/pull/1470.diff", "html_url": "https://github.com/opencart/opencart/pull/1470", "patch_url": "https://github.com/opencart/opencart/pull/1470.patch"}, "comments": 0, "state": "closed", "body": "With this fix, users will be able to switch between languages without receiving a white page on their browser.\n", "labels_url": "https://api.github.com/repos/opencart/opencart/issues/1470/labels{/name}", "events_url": "https://api.github.com/repos/opencart/opencart/issues/1470/events", "comments_url": "https://api.github.com/repos/opencart/opencart/issues/1470/comments", "html_url": "https://github.com/opencart/opencart/pull/1470", "updated_at": "2014-06-22T02:34:27Z", "user": {"following_url": "https://api.github.com/users/ghost/following{/other_user}", "events_url": "https://api.github.com/users/ghost/events{/privacy}", "organizations_url": "https://api.github.com/users/ghost/orgs", "url": "https://api.github.com/users/ghost", "gists_url": "https://api.github.com/users/ghost/gists{/gist_id}", "html_url": "https://github.com/ghost", "subscriptions_url": "https://api.github.com/users/ghost/subscriptions", "avatar_url": "https://avatars.githubusercontent.com/u/10137?v=3", "repos_url": "https://api.github.com/users/ghost/repos", "received_events_url": "https://api.github.com/users/ghost/received_events", "gravatar_id": "", "starred_url": "https://api.github.com/users/ghost/starred{/owner}{/repo}", "site_admin": false, "login": "ghost", "type": "User", "id": 10137, "followers_url": "https://api.github.com/users/ghost/followers"}, "milestone": null, "locked": false, "url": "https://api.github.com/repos/opencart/opencart/issues/1470", "created_at": "2014-05-22T19:07:34Z", "assignees": []}, "id": 124509307}, {"commit_id": "aa6ec6eba1037a765f9b4e2088d95449969e7bd4", "commit_url": "https://api.github.com/repos/opencart/opencart/commits/aa6ec6eba1037a765f9b4e2088d95449969e7bd4", "url": "https://api.github.com/repos/opencart/opencart/issues/events/124508989", "created_at": "2014-05-24T14:41:49Z", "actor": {"following_url": "https://api.github.com/users/danielkerr/following{/other_user}", "events_url": "https://api.github.com/users/danielkerr/events{/privacy}", "organizations_url": "https://api.github.com/users/danielkerr/orgs", "url": "https://api.github.com/users/danielkerr", "gists_url": "https://api.github.com/users/danielkerr/gists{/gist_id}", "html_url": "https://github.com/danielkerr", "subscriptions_url": "https://api.github.com/users/danielkerr/subscriptions", "avatar_url": "https://avatars.githubusercontent.com/u/5079756?v=3", "repos_url": "https://api.github.com/users/danielkerr/repos", "received_events_url": "https://api.github.com/users/danielkerr/received_events", "gravatar_id": "", "starred_url": "https://api.github.com/users/danielkerr/starred{/owner}{/repo}", "site_admin": false, "login": "danielkerr", "type": "User", "id": 5079756, "followers_url": "https://api.github.com/users/danielkerr/followers"}, "event": "referenced", "issue": {"labels": [], "number": 1480, "assignee": null, "repository_url": "https://api.github.com/repos/opencart/opencart", "closed_at": "2014-05-24T14:40:21Z", "id": 34182396, "title": "avoid duplicate explode", "pull_request": {"url": "https://api.github.com/repos/opencart/opencart/pulls/1480", "diff_url": "https://github.com/opencart/opencart/pull/1480.diff", "html_url": "https://github.com/opencart/opencart/pull/1480", "patch_url": "https://github.com/opencart/opencart/pull/1480.patch"}, "comments": 1, "state": "closed", "body": "set session shipping_method just after request shippin_method validation\n", "labels_url": "https://api.github.com/repos/opencart/opencart/issues/1480/labels{/name}", "events_url": "https://api.github.com/repos/opencart/opencart/issues/1480/events", "comments_url": "https://api.github.com/repos/opencart/opencart/issues/1480/comments", "html_url": "https://github.com/opencart/opencart/pull/1480", "updated_at": "2014-06-21T18:10:19Z", "user": {"following_url": "https://api.github.com/users/pine3ree/following{/other_user}", "events_url": "https://api.github.com/users/pine3ree/events{/privacy}", "organizations_url": "https://api.github.com/users/pine3ree/orgs", "url": "https://api.github.com/users/pine3ree", "gists_url": "https://api.github.com/users/pine3ree/gists{/gist_id}", "html_url": "https://github.com/pine3ree", "subscriptions_url": "https://api.github.com/users/pine3ree/subscriptions", "avatar_url": "https://avatars.githubusercontent.com/u/3229979?v=3", "repos_url": "https://api.github.com/users/pine3ree/repos", "received_events_url": "https://api.github.com/users/pine3ree/received_events", "gravatar_id": "", "starred_url": "https://api.github.com/users/pine3ree/starred{/owner}{/repo}", "site_admin": false, "login": "pine3ree", "type": "User", "id": 3229979, "followers_url": "https://api.github.com/users/pine3ree/followers"}, "milestone": null, "locked": false, "url": "https://api.github.com/repos/opencart/opencart/issues/1480", "created_at": "2014-05-23T14:55:07Z", "assignees": []}, "id": 124508989}, {"commit_id": null, "commit_url": null, "url": "https://api.github.com/repos/opencart/opencart/issues/events/124508885", "created_at": "2014-05-24T14:40:21Z", "actor": {"following_url": "https://api.github.com/users/danielkerr/following{/other_user}", "events_url": "https://api.github.com/users/danielkerr/events{/privacy}", "organizations_url": "https://api.github.com/users/danielkerr/orgs", "url": "https://api.github.com/users/danielkerr", "gists_url": "https://api.github.com/users/danielkerr/gists{/gist_id}", "html_url": "https://github.com/danielkerr", "subscriptions_url": "https://api.github.com/users/danielkerr/subscriptions", "avatar_url": "https://avatars.githubusercontent.com/u/5079756?v=3", "repos_url": "https://api.github.com/users/danielkerr/repos", "received_events_url": "https://api.github.com/users/danielkerr/received_events", "gravatar_id": "", "starred_url": "https://api.github.com/users/danielkerr/starred{/owner}{/repo}", "site_admin": false, "login": "danielkerr", "type": "User", "id": 5079756, "followers_url": "https://api.github.com/users/danielkerr/followers"}, "event": "closed", "issue": {"labels": [], "number": 1480, "assignee": null, "repository_url": "https://api.github.com/repos/opencart/opencart", "closed_at": "2014-05-24T14:40:21Z", "id": 34182396, "title": "avoid duplicate explode", "pull_request": {"url": "https://api.github.com/repos/opencart/opencart/pulls/1480", "diff_url": "https://github.com/opencart/opencart/pull/1480.diff", "html_url": "https://github.com/opencart/opencart/pull/1480", "patch_url": "https://github.com/opencart/opencart/pull/1480.patch"}, "comments": 1, "state": "closed", "body": "set session shipping_method just after request shippin_method validation\n", "labels_url": "https://api.github.com/repos/opencart/opencart/issues/1480/labels{/name}", "events_url": "https://api.github.com/repos/opencart/opencart/issues/1480/events", "comments_url": "https://api.github.com/repos/opencart/opencart/issues/1480/comments", "html_url": "https://github.com/opencart/opencart/pull/1480", "updated_at": "2014-06-21T18:10:19Z", "user": {"following_url": "https://api.github.com/users/pine3ree/following{/other_user}", "events_url": "https://api.github.com/users/pine3ree/events{/privacy}", "organizations_url": "https://api.github.com/users/pine3ree/orgs", "url": "https://api.github.com/users/pine3ree", "gists_url": "https://api.github.com/users/pine3ree/gists{/gist_id}", "html_url": "https://github.com/pine3ree", "subscriptions_url": "https://api.github.com/users/pine3ree/subscriptions", "avatar_url": "https://avatars.githubusercontent.com/u/3229979?v=3", "repos_url": "https://api.github.com/users/pine3ree/repos", "received_events_url": "https://api.github.com/users/pine3ree/received_events", "gravatar_id": "", "starred_url": "https://api.github.com/users/pine3ree/starred{/owner}{/repo}", "site_admin": false, "login": "pine3ree", "type": "User", "id": 3229979, "followers_url": "https://api.github.com/users/pine3ree/followers"}, "milestone": null, "locked": false, "url": "https://api.github.com/repos/opencart/opencart/issues/1480", "created_at": "2014-05-23T14:55:07Z", "assignees": []}, "id": 124508885}, {"commit_id": null, "commit_url": null, "url": "https://api.github.com/repos/opencart/opencart/issues/events/124508593", "created_at": "2014-05-24T14:35:46Z", "actor": {"following_url": "https://api.github.com/users/danielkerr/following{/other_user}", "events_url": "https://api.github.com/users/danielkerr/events{/privacy}", "organizations_url": "https://api.github.com/users/danielkerr/orgs", "url": "https://api.github.com/users/danielkerr", "gists_url": "https://api.github.com/users/danielkerr/gists{/gist_id}", "html_url": "https://github.com/danielkerr", "subscriptions_url": "https://api.github.com/users/danielkerr/subscriptions", "avatar_url": "https://avatars.githubusercontent.com/u/5079756?v=3", "repos_url": "https://api.github.com/users/danielkerr/repos", "received_events_url": "https://api.github.com/users/danielkerr/received_events", "gravatar_id": "", "starred_url": "https://api.github.com/users/danielkerr/starred{/owner}{/repo}", "site_admin": false, "login": "danielkerr", "type": "User", "id": 5079756, "followers_url": "https://api.github.com/users/danielkerr/followers"}, "event": "closed", "issue": {"labels": [], "number": 1510, "assignee": null, "repository_url": "https://api.github.com/repos/opencart/opencart", "closed_at": "2014-05-24T14:35:46Z", "id": 34196007, "title": "Admin Panel HTML5 Updates", "pull_request": {"url": "https://api.github.com/repos/opencart/opencart/pulls/1510", "diff_url": "https://github.com/opencart/opencart/pull/1510.diff", "html_url": "https://github.com/opencart/opencart/pull/1510", "patch_url": "https://github.com/opencart/opencart/pull/1510.patch"}, "comments": 5, "state": "closed", "body": "I've updated some of the admin panel forms to utilize HTML5 for the input fields.\n", "labels_url": "https://api.github.com/repos/opencart/opencart/issues/1510/labels{/name}", "events_url": "https://api.github.com/repos/opencart/opencart/issues/1510/events", "comments_url": "https://api.github.com/repos/opencart/opencart/issues/1510/comments", "html_url": "https://github.com/opencart/opencart/pull/1510", "updated_at": "2014-10-06T18:57:10Z", "user": {"following_url": "https://api.github.com/users/OpenCartAddons/following{/other_user}", "events_url": "https://api.github.com/users/OpenCartAddons/events{/privacy}", "organizations_url": "https://api.github.com/users/OpenCartAddons/orgs", "url": "https://api.github.com/users/OpenCartAddons", "gists_url": "https://api.github.com/users/OpenCartAddons/gists{/gist_id}", "html_url": "https://github.com/OpenCartAddons", "subscriptions_url": "https://api.github.com/users/OpenCartAddons/subscriptions", "avatar_url": "https://avatars.githubusercontent.com/u/5317545?v=3", "repos_url": "https://api.github.com/users/OpenCartAddons/repos", "received_events_url": "https://api.github.com/users/OpenCartAddons/received_events", "gravatar_id": "", "starred_url": "https://api.github.com/users/OpenCartAddons/starred{/owner}{/repo}", "site_admin": false, "login": "OpenCartAddons", "type": "User", "id": 5317545, "followers_url": "https://api.github.com/users/OpenCartAddons/followers"}, "milestone": null, "locked": false, "url": "https://api.github.com/repos/opencart/opencart/issues/1510", "created_at": "2014-05-23T17:39:16Z", "assignees": []}, "id": 124508593}, {"commit_id": null, "commit_url": null, "url": "https://api.github.com/repos/opencart/opencart/issues/events/124508540", "created_at": "2014-05-24T14:34:47Z", "actor": {"following_url": "https://api.github.com/users/danielkerr/following{/other_user}", "events_url": "https://api.github.com/users/danielkerr/events{/privacy}", "organizations_url": "https://api.github.com/users/danielkerr/orgs", "url": "https://api.github.com/users/danielkerr", "gists_url": "https://api.github.com/users/danielkerr/gists{/gist_id}", "html_url": "https://github.com/danielkerr", "subscriptions_url": "https://api.github.com/users/danielkerr/subscriptions", "avatar_url": "https://avatars.githubusercontent.com/u/5079756?v=3", "repos_url": "https://api.github.com/users/danielkerr/repos", "received_events_url": "https://api.github.com/users/danielkerr/received_events", "gravatar_id": "", "starred_url": "https://api.github.com/users/danielkerr/starred{/owner}{/repo}", "site_admin": false, "login": "danielkerr", "type": "User", "id": 5079756, "followers_url": "https://api.github.com/users/danielkerr/followers"}, "event": "closed", "issue": {"labels": [], "number": 1512, "assignee": null, "repository_url": "https://api.github.com/repos/opencart/opencart", "closed_at": "2014-05-24T14:34:47Z", "id": 34201268, "title": "Front End HTML5 Updates", "pull_request": {"url": "https://api.github.com/repos/opencart/opencart/pulls/1512", "diff_url": "https://github.com/opencart/opencart/pull/1512.diff", "html_url": "https://github.com/opencart/opencart/pull/1512", "patch_url": "https://github.com/opencart/opencart/pull/1512.patch"}, "comments": 9, "state": "closed", "body": "I've updated some of the front end forms to utilize HTML5 for the input fields.\n", "labels_url": "https://api.github.com/repos/opencart/opencart/issues/1512/labels{/name}", "events_url": "https://api.github.com/repos/opencart/opencart/issues/1512/events", "comments_url": "https://api.github.com/repos/opencart/opencart/issues/1512/comments", "html_url": "https://github.com/opencart/opencart/pull/1512", "updated_at": "2014-10-06T18:57:06Z", "user": {"following_url": "https://api.github.com/users/OpenCartAddons/following{/other_user}", "events_url": "https://api.github.com/users/OpenCartAddons/events{/privacy}", "organizations_url": "https://api.github.com/users/OpenCartAddons/orgs", "url": "https://api.github.com/users/OpenCartAddons", "gists_url": "https://api.github.com/users/OpenCartAddons/gists{/gist_id}", "html_url": "https://github.com/OpenCartAddons", "subscriptions_url": "https://api.github.com/users/OpenCartAddons/subscriptions", "avatar_url": "https://avatars.githubusercontent.com/u/5317545?v=3", "repos_url": "https://api.github.com/users/OpenCartAddons/repos", "received_events_url": "https://api.github.com/users/OpenCartAddons/received_events", "gravatar_id": "", "starred_url": "https://api.github.com/users/OpenCartAddons/starred{/owner}{/repo}", "site_admin": false, "login": "OpenCartAddons", "type": "User", "id": 5317545, "followers_url": "https://api.github.com/users/OpenCartAddons/followers"}, "milestone": null, "locked": false, "url": "https://api.github.com/repos/opencart/opencart/issues/1512", "created_at": "2014-05-23T18:50:19Z", "assignees": []}, "id": 124508540}, {"commit_id": null, "commit_url": null, "url": "https://api.github.com/repos/opencart/opencart/issues/events/124508378", "created_at": "2014-05-24T14:31:45Z", "actor": {"following_url": "https://api.github.com/users/danielkerr/following{/other_user}", "events_url": "https://api.github.com/users/danielkerr/events{/privacy}", "organizations_url": "https://api.github.com/users/danielkerr/orgs", "url": "https://api.github.com/users/danielkerr", "gists_url": "https://api.github.com/users/danielkerr/gists{/gist_id}", "html_url": "https://github.com/danielkerr", "subscriptions_url": "https://api.github.com/users/danielkerr/subscriptions", "avatar_url": "https://avatars.githubusercontent.com/u/5079756?v=3", "repos_url": "https://api.github.com/users/danielkerr/repos", "received_events_url": "https://api.github.com/users/danielkerr/received_events", "gravatar_id": "", "starred_url": "https://api.github.com/users/danielkerr/starred{/owner}{/repo}", "site_admin": false, "login": "danielkerr", "type": "User", "id": 5079756, "followers_url": "https://api.github.com/users/danielkerr/followers"}, "event": "closed", "issue": {"body": "When you are searching a product from Opencart Search it takes time because it also searches the search string from description column in product_descriptions table if you want to a make it fast just make it indexed by FULL TEXT INDEX.\n\nI got this idea from the extension. This extension works nice as you have larger databases and you want good response time.\nhttp://www.opencart.com/index.php?route=extension/extension/info&token=0d7189861bf617035c87655ebad79198&extension_id=14084\n", "labels": [], "locked": false, "title": "Opencart search fast", "url": "https://api.github.com/repos/opencart/opencart/issues/1514", "labels_url": "https://api.github.com/repos/opencart/opencart/issues/1514/labels{/name}", "created_at": "2014-05-24T11:17:19Z", "events_url": "https://api.github.com/repos/opencart/opencart/issues/1514/events", "comments_url": "https://api.github.com/repos/opencart/opencart/issues/1514/comments", "html_url": "https://github.com/opencart/opencart/issues/1514", "comments": 2, "number": 1514, "updated_at": "2014-05-24T15:15:56Z", "assignee": null, "state": "closed", "user": {"following_url": "https://api.github.com/users/vikasgarg40/following{/other_user}", "events_url": "https://api.github.com/users/vikasgarg40/events{/privacy}", "organizations_url": "https://api.github.com/users/vikasgarg40/orgs", "url": "https://api.github.com/users/vikasgarg40", "gists_url": "https://api.github.com/users/vikasgarg40/gists{/gist_id}", "html_url": "https://github.com/vikasgarg40", "subscriptions_url": "https://api.github.com/users/vikasgarg40/subscriptions", "avatar_url": "https://avatars.githubusercontent.com/u/5049192?v=3", "repos_url": "https://api.github.com/users/vikasgarg40/repos", "received_events_url": "https://api.github.com/users/vikasgarg40/received_events", "gravatar_id": "", "starred_url": "https://api.github.com/users/vikasgarg40/starred{/owner}{/repo}", "site_admin": false, "login": "vikasgarg40", "type": "User", "id": 5049192, "followers_url": "https://api.github.com/users/vikasgarg40/followers"}, "milestone": null, "repository_url": "https://api.github.com/repos/opencart/opencart", "closed_at": "2014-05-24T14:31:45Z", "assignees": [], "id": 34231254}, "id": 124508378}, {"commit_id": null, "commit_url": null, "url": "https://api.github.com/repos/opencart/opencart/issues/events/124508229", "created_at": "2014-05-24T14:29:16Z", "actor": {"following_url": "https://api.github.com/users/danielkerr/following{/other_user}", "events_url": "https://api.github.com/users/danielkerr/events{/privacy}", "organizations_url": "https://api.github.com/users/danielkerr/orgs", "url": "https://api.github.com/users/danielkerr", "gists_url": "https://api.github.com/users/danielkerr/gists{/gist_id}", "html_url": "https://github.com/danielkerr", "subscriptions_url": "https://api.github.com/users/danielkerr/subscriptions", "avatar_url": "https://avatars.githubusercontent.com/u/5079756?v=3", "repos_url": "https://api.github.com/users/danielkerr/repos", "received_events_url": "https://api.github.com/users/danielkerr/received_events", "gravatar_id": "", "starred_url": "https://api.github.com/users/danielkerr/starred{/owner}{/repo}", "site_admin": false, "login": "danielkerr", "type": "User", "id": 5079756, "followers_url": "https://api.github.com/users/danielkerr/followers"}, "event": "closed", "issue": {"labels": [], "number": 1513, "assignee": null, "repository_url": "https://api.github.com/repos/opencart/opencart", "closed_at": "2014-05-24T14:29:16Z", "id": 34209610, "title": "Button Text Changes", "pull_request": {"url": "https://api.github.com/repos/opencart/opencart/pulls/1513", "diff_url": "https://github.com/opencart/opencart/pull/1513.diff", "html_url": "https://github.com/opencart/opencart/pull/1513", "patch_url": "https://github.com/opencart/opencart/pull/1513.patch"}, "comments": 4, "state": "closed", "body": "I've changed the button text on the Contact Us and Return Form to read \"Submit\" instead of \"Continue\" to add clarity to what the button does.\n\nI contemplated doing a similar change for the Purchase Voucher page, but would like feedback on what the button should read as I don't feel \"Submit\" is necessarily the right text.\n", "labels_url": "https://api.github.com/repos/opencart/opencart/issues/1513/labels{/name}", "events_url": "https://api.github.com/repos/opencart/opencart/issues/1513/events", "comments_url": "https://api.github.com/repos/opencart/opencart/issues/1513/comments", "html_url": "https://github.com/opencart/opencart/pull/1513", "updated_at": "2014-08-07T15:14:05Z", "user": {"following_url": "https://api.github.com/users/OpenCartAddons/following{/other_user}", "events_url": "https://api.github.com/users/OpenCartAddons/events{/privacy}", "organizations_url": "https://api.github.com/users/OpenCartAddons/orgs", "url": "https://api.github.com/users/OpenCartAddons", "gists_url": "https://api.github.com/users/OpenCartAddons/gists{/gist_id}", "html_url": "https://github.com/OpenCartAddons", "subscriptions_url": "https://api.github.com/users/OpenCartAddons/subscriptions", "avatar_url": "https://avatars.githubusercontent.com/u/5317545?v=3", "repos_url": "https://api.github.com/users/OpenCartAddons/repos", "received_events_url": "https://api.github.com/users/OpenCartAddons/received_events", "gravatar_id": "", "starred_url": "https://api.github.com/users/OpenCartAddons/starred{/owner}{/repo}", "site_admin": false, "login": "OpenCartAddons", "type": "User", "id": 5317545, "followers_url": "https://api.github.com/users/OpenCartAddons/followers"}, "milestone": null, "locked": false, "url": "https://api.github.com/repos/opencart/opencart/issues/1513", "created_at": "2014-05-23T20:54:18Z", "assignees": []}, "id": 124508229}, {"commit_id": null, "commit_url": null, "url": "https://api.github.com/repos/opencart/opencart/issues/events/124508111", "created_at": "2014-05-24T14:26:48Z", "actor": {"following_url": "https://api.github.com/users/danielkerr/following{/other_user}", "events_url": "https://api.github.com/users/danielkerr/events{/privacy}", "organizations_url": "https://api.github.com/users/danielkerr/orgs", "url": "https://api.github.com/users/danielkerr", "gists_url": "https://api.github.com/users/danielkerr/gists{/gist_id}", "html_url": "https://github.com/danielkerr", "subscriptions_url": "https://api.github.com/users/danielkerr/subscriptions", "avatar_url": "https://avatars.githubusercontent.com/u/5079756?v=3", "repos_url": "https://api.github.com/users/danielkerr/repos", "received_events_url": "https://api.github.com/users/danielkerr/received_events", "gravatar_id": "", "starred_url": "https://api.github.com/users/danielkerr/starred{/owner}{/repo}", "site_admin": false, "login": "danielkerr", "type": "User", "id": 5079756, "followers_url": "https://api.github.com/users/danielkerr/followers"}, "event": "closed", "issue": {"labels": [], "number": 1515, "assignee": null, "repository_url": "https://api.github.com/repos/opencart/opencart", "closed_at": "2014-05-24T14:26:48Z", "id": 34232340, "title": "Change  few input type to password type ", "pull_request": {"url": "https://api.github.com/repos/opencart/opencart/pulls/1515", "diff_url": "https://github.com/opencart/opencart/pull/1515.diff", "html_url": "https://github.com/opencart/opencart/pull/1515", "patch_url": "https://github.com/opencart/opencart/pull/1515.patch"}, "comments": 1, "state": "closed", "body": "a few password should be masked\nI change its type to password type\n", "labels_url": "https://api.github.com/repos/opencart/opencart/issues/1515/labels{/name}", "events_url": "https://api.github.com/repos/opencart/opencart/issues/1515/events", "comments_url": "https://api.github.com/repos/opencart/opencart/issues/1515/comments", "html_url": "https://github.com/opencart/opencart/pull/1515", "updated_at": "2014-06-16T07:51:19Z", "user": {"following_url": "https://api.github.com/users/FreedomKnight/following{/other_user}", "events_url": "https://api.github.com/users/FreedomKnight/events{/privacy}", "organizations_url": "https://api.github.com/users/FreedomKnight/orgs", "url": "https://api.github.com/users/FreedomKnight", "gists_url": "https://api.github.com/users/FreedomKnight/gists{/gist_id}", "html_url": "https://github.com/FreedomKnight", "subscriptions_url": "https://api.github.com/users/FreedomKnight/subscriptions", "avatar_url": "https://avatars.githubusercontent.com/u/1203922?v=3", "repos_url": "https://api.github.com/users/FreedomKnight/repos", "received_events_url": "https://api.github.com/users/FreedomKnight/received_events", "gravatar_id": "", "starred_url": "https://api.github.com/users/FreedomKnight/starred{/owner}{/repo}", "site_admin": false, "login": "FreedomKnight", "type": "User", "id": 1203922, "followers_url": "https://api.github.com/users/FreedomKnight/followers"}, "milestone": null, "locked": false, "url": "https://api.github.com/repos/opencart/opencart/issues/1515", "created_at": "2014-05-24T12:32:45Z", "assignees": []}, "id": 124508111}, {"commit_id": null, "commit_url": null, "url": "https://api.github.com/repos/opencart/opencart/issues/events/124476061", "created_at": "2014-05-24T05:25:17Z", "actor": {"following_url": "https://api.github.com/users/danielkerr/following{/other_user}", "events_url": "https://api.github.com/users/danielkerr/events{/privacy}", "organizations_url": "https://api.github.com/users/danielkerr/orgs", "url": "https://api.github.com/users/danielkerr", "gists_url": "https://api.github.com/users/danielkerr/gists{/gist_id}", "html_url": "https://github.com/danielkerr", "subscriptions_url": "https://api.github.com/users/danielkerr/subscriptions", "avatar_url": "https://avatars.githubusercontent.com/u/5079756?v=3", "repos_url": "https://api.github.com/users/danielkerr/repos", "received_events_url": "https://api.github.com/users/danielkerr/received_events", "gravatar_id": "", "starred_url": "https://api.github.com/users/danielkerr/starred{/owner}{/repo}", "site_admin": false, "login": "danielkerr", "type": "User", "id": 5079756, "followers_url": "https://api.github.com/users/danielkerr/followers"}, "event": "closed", "issue": {"body": "Hello Daniel,\n\nI would like to suggest an important feature for the upcoming release.\n\nIt will be nice to have an option for multi language option on currencies too.\n\nAt the moment, there is an option to use only one language, but when a site supports multi language this feature will come very handy.\n\nSincerely,\nDvir Julius \n", "labels": [], "locked": false, "title": "Suggestion", "url": "https://api.github.com/repos/opencart/opencart/issues/1474", "labels_url": "https://api.github.com/repos/opencart/opencart/issues/1474/labels{/name}", "created_at": "2014-05-23T14:01:34Z", "events_url": "https://api.github.com/repos/opencart/opencart/issues/1474/events", "comments_url": "https://api.github.com/repos/opencart/opencart/issues/1474/comments", "html_url": "https://github.com/opencart/opencart/issues/1474", "comments": 7, "number": 1474, "updated_at": "2014-05-24T15:37:51Z", "assignee": null, "state": "closed", "user": {"following_url": "https://api.github.com/users/ghost/following{/other_user}", "events_url": "https://api.github.com/users/ghost/events{/privacy}", "organizations_url": "https://api.github.com/users/ghost/orgs", "url": "https://api.github.com/users/ghost", "gists_url": "https://api.github.com/users/ghost/gists{/gist_id}", "html_url": "https://github.com/ghost", "subscriptions_url": "https://api.github.com/users/ghost/subscriptions", "avatar_url": "https://avatars.githubusercontent.com/u/10137?v=3", "repos_url": "https://api.github.com/users/ghost/repos", "received_events_url": "https://api.github.com/users/ghost/received_events", "gravatar_id": "", "starred_url": "https://api.github.com/users/ghost/starred{/owner}{/repo}", "site_admin": false, "login": "ghost", "type": "User", "id": 10137, "followers_url": "https://api.github.com/users/ghost/followers"}, "milestone": null, "repository_url": "https://api.github.com/repos/opencart/opencart", "closed_at": "2014-05-24T05:25:17Z", "assignees": [], "id": 34177218}, "id": 124476061}, {"commit_id": null, "commit_url": null, "url": "https://api.github.com/repos/opencart/opencart/issues/events/124365247", "created_at": "2014-05-23T18:56:43Z", "actor": {"following_url": "https://api.github.com/users/OpenCartAddons/following{/other_user}", "events_url": "https://api.github.com/users/OpenCartAddons/events{/privacy}", "organizations_url": "https://api.github.com/users/OpenCartAddons/orgs", "url": "https://api.github.com/users/OpenCartAddons", "gists_url": "https://api.github.com/users/OpenCartAddons/gists{/gist_id}", "html_url": "https://github.com/OpenCartAddons", "subscriptions_url": "https://api.github.com/users/OpenCartAddons/subscriptions", "avatar_url": "https://avatars.githubusercontent.com/u/5317545?v=3", "repos_url": "https://api.github.com/users/OpenCartAddons/repos", "received_events_url": "https://api.github.com/users/OpenCartAddons/received_events", "gravatar_id": "", "starred_url": "https://api.github.com/users/OpenCartAddons/starred{/owner}{/repo}", "site_admin": false, "login": "OpenCartAddons", "type": "User", "id": 5317545, "followers_url": "https://api.github.com/users/OpenCartAddons/followers"}, "event": "head_ref_deleted", "issue": {"labels": [], "number": 1159, "assignee": null, "repository_url": "https://api.github.com/repos/opencart/opencart", "closed_at": "2014-01-23T14:46:21Z", "id": 26102129, "title": "Update shipping.php", "pull_request": {"url": "https://api.github.com/repos/opencart/opencart/pulls/1159", "diff_url": "https://github.com/opencart/opencart/pull/1159.diff", "html_url": "https://github.com/opencart/opencart/pull/1159", "patch_url": "https://github.com/opencart/opencart/pull/1159.patch"}, "comments": 0, "state": "closed", "body": "Added install/uninstall class check similar to modules/payments/etc.\n", "labels_url": "https://api.github.com/repos/opencart/opencart/issues/1159/labels{/name}", "events_url": "https://api.github.com/repos/opencart/opencart/issues/1159/events", "comments_url": "https://api.github.com/repos/opencart/opencart/issues/1159/comments", "html_url": "https://github.com/opencart/opencart/pull/1159", "updated_at": "2014-06-12T17:51:23Z", "user": {"following_url": "https://api.github.com/users/OpenCartAddons/following{/other_user}", "events_url": "https://api.github.com/users/OpenCartAddons/events{/privacy}", "organizations_url": "https://api.github.com/users/OpenCartAddons/orgs", "url": "https://api.github.com/users/OpenCartAddons", "gists_url": "https://api.github.com/users/OpenCartAddons/gists{/gist_id}", "html_url": "https://github.com/OpenCartAddons", "subscriptions_url": "https://api.github.com/users/OpenCartAddons/subscriptions", "avatar_url": "https://avatars.githubusercontent.com/u/5317545?v=3", "repos_url": "https://api.github.com/users/OpenCartAddons/repos", "received_events_url": "https://api.github.com/users/OpenCartAddons/received_events", "gravatar_id": "", "starred_url": "https://api.github.com/users/OpenCartAddons/starred{/owner}{/repo}", "site_admin": false, "login": "OpenCartAddons", "type": "User", "id": 5317545, "followers_url": "https://api.github.com/users/OpenCartAddons/followers"}, "milestone": null, "locked": false, "url": "https://api.github.com/repos/opencart/opencart/issues/1159", "created_at": "2014-01-22T16:28:52Z", "assignees": []}, "id": 124365247}, {"commit_id": null, "commit_url": null, "url": "https://api.github.com/repos/opencart/opencart/issues/events/124365112", "created_at": "2014-05-23T18:56:21Z", "actor": {"following_url": "https://api.github.com/users/fcjh1120/following{/other_user}", "events_url": "https://api.github.com/users/fcjh1120/events{/privacy}", "organizations_url": "https://api.github.com/users/fcjh1120/orgs", "url": "https://api.github.com/users/fcjh1120", "gists_url": "https://api.github.com/users/fcjh1120/gists{/gist_id}", "html_url": "https://github.com/fcjh1120", "subscriptions_url": "https://api.github.com/users/fcjh1120/subscriptions", "avatar_url": "https://avatars.githubusercontent.com/u/7683138?v=3", "repos_url": "https://api.github.com/users/fcjh1120/repos", "received_events_url": "https://api.github.com/users/fcjh1120/received_events", "gravatar_id": "", "starred_url": "https://api.github.com/users/fcjh1120/starred{/owner}{/repo}", "site_admin": false, "login": "fcjh1120", "type": "User", "id": 7683138, "followers_url": "https://api.github.com/users/fcjh1120/followers"}, "event": "closed", "issue": {"body": "", "labels": [], "locked": false, "title": "Ban IP Order Status ID", "url": "https://api.github.com/repos/opencart/opencart/issues/1511", "labels_url": "https://api.github.com/repos/opencart/opencart/issues/1511/labels{/name}", "created_at": "2014-05-23T18:41:27Z", "events_url": "https://api.github.com/repos/opencart/opencart/issues/1511/events", "comments_url": "https://api.github.com/repos/opencart/opencart/issues/1511/comments", "html_url": "https://github.com/opencart/opencart/issues/1511", "comments": 0, "number": 1511, "updated_at": "2014-05-23T18:56:35Z", "assignee": null, "state": "closed", "user": {"following_url": "https://api.github.com/users/fcjh1120/following{/other_user}", "events_url": "https://api.github.com/users/fcjh1120/events{/privacy}", "organizations_url": "https://api.github.com/users/fcjh1120/orgs", "url": "https://api.github.com/users/fcjh1120", "gists_url": "https://api.github.com/users/fcjh1120/gists{/gist_id}", "html_url": "https://github.com/fcjh1120", "subscriptions_url": "https://api.github.com/users/fcjh1120/subscriptions", "avatar_url": "https://avatars.githubusercontent.com/u/7683138?v=3", "repos_url": "https://api.github.com/users/fcjh1120/repos", "received_events_url": "https://api.github.com/users/fcjh1120/received_events", "gravatar_id": "", "starred_url": "https://api.github.com/users/fcjh1120/starred{/owner}{/repo}", "site_admin": false, "login": "fcjh1120", "type": "User", "id": 7683138, "followers_url": "https://api.github.com/users/fcjh1120/followers"}, "milestone": null, "repository_url": "https://api.github.com/repos/opencart/opencart", "closed_at": "2014-05-23T18:56:21Z", "assignees": [], "id": 34200651}, "id": 124365112}, {"commit_id": null, "commit_url": null, "url": "https://api.github.com/repos/opencart/opencart/issues/events/124361922", "created_at": "2014-05-23T18:49:09Z", "actor": {"following_url": "https://api.github.com/users/OpenCartAddons/following{/other_user}", "events_url": "https://api.github.com/users/OpenCartAddons/events{/privacy}", "organizations_url": "https://api.github.com/users/OpenCartAddons/orgs", "url": "https://api.github.com/users/OpenCartAddons", "gists_url": "https://api.github.com/users/OpenCartAddons/gists{/gist_id}", "html_url": "https://github.com/OpenCartAddons", "subscriptions_url": "https://api.github.com/users/OpenCartAddons/subscriptions", "avatar_url": "https://avatars.githubusercontent.com/u/5317545?v=3", "repos_url": "https://api.github.com/users/OpenCartAddons/repos", "received_events_url": "https://api.github.com/users/OpenCartAddons/received_events", "gravatar_id": "", "starred_url": "https://api.github.com/users/OpenCartAddons/starred{/owner}{/repo}", "site_admin": false, "login": "OpenCartAddons", "type": "User", "id": 5317545, "followers_url": "https://api.github.com/users/OpenCartAddons/followers"}, "event": "closed", "issue": {"labels": [], "number": 1491, "assignee": null, "repository_url": "https://api.github.com/repos/opencart/opencart", "closed_at": "2014-05-23T18:49:09Z", "id": 34188582, "title": "Update product.tpl", "pull_request": {"url": "https://api.github.com/repos/opencart/opencart/pulls/1491", "diff_url": "https://github.com/opencart/opencart/pull/1491.diff", "html_url": "https://github.com/opencart/opencart/pull/1491", "patch_url": "https://github.com/opencart/opencart/pull/1491.patch"}, "comments": 0, "state": "closed", "body": "Updated quantity input type to HTML5 \"number\" and added #product input[type=\\'text\\'] to #button-cart ajax data.\n", "labels_url": "https://api.github.com/repos/opencart/opencart/issues/1491/labels{/name}", "events_url": "https://api.github.com/repos/opencart/opencart/issues/1491/events", "comments_url": "https://api.github.com/repos/opencart/opencart/issues/1491/comments", "html_url": "https://github.com/opencart/opencart/pull/1491", "updated_at": "2014-10-06T18:57:06Z", "user": {"following_url": "https://api.github.com/users/OpenCartAddons/following{/other_user}", "events_url": "https://api.github.com/users/OpenCartAddons/events{/privacy}", "organizations_url": "https://api.github.com/users/OpenCartAddons/orgs", "url": "https://api.github.com/users/OpenCartAddons", "gists_url": "https://api.github.com/users/OpenCartAddons/gists{/gist_id}", "html_url": "https://github.com/OpenCartAddons", "subscriptions_url": "https://api.github.com/users/OpenCartAddons/subscriptions", "avatar_url": "https://avatars.githubusercontent.com/u/5317545?v=3", "repos_url": "https://api.github.com/users/OpenCartAddons/repos", "received_events_url": "https://api.github.com/users/OpenCartAddons/received_events", "gravatar_id": "", "starred_url": "https://api.github.com/users/OpenCartAddons/starred{/owner}{/repo}", "site_admin": false, "login": "OpenCartAddons", "type": "User", "id": 5317545, "followers_url": "https://api.github.com/users/OpenCartAddons/followers"}, "milestone": null, "locked": false, "url": "https://api.github.com/repos/opencart/opencart/issues/1491", "created_at": "2014-05-23T16:02:32Z", "assignees": []}, "id": 124361922}, {"commit_id": null, "commit_url": null, "url": "https://api.github.com/repos/opencart/opencart/issues/events/124361284", "created_at": "2014-05-23T18:47:07Z", "actor": {"following_url": "https://api.github.com/users/OpenCartAddons/following{/other_user}", "events_url": "https://api.github.com/users/OpenCartAddons/events{/privacy}", "organizations_url": "https://api.github.com/users/OpenCartAddons/orgs", "url": "https://api.github.com/users/OpenCartAddons", "gists_url": "https://api.github.com/users/OpenCartAddons/gists{/gist_id}", "html_url": "https://github.com/OpenCartAddons", "subscriptions_url": "https://api.github.com/users/OpenCartAddons/subscriptions", "avatar_url": "https://avatars.githubusercontent.com/u/5317545?v=3", "repos_url": "https://api.github.com/users/OpenCartAddons/repos", "received_events_url": "https://api.github.com/users/OpenCartAddons/received_events", "gravatar_id": "", "starred_url": "https://api.github.com/users/OpenCartAddons/starred{/owner}{/repo}", "site_admin": false, "login": "OpenCartAddons", "type": "User", "id": 5317545, "followers_url": "https://api.github.com/users/OpenCartAddons/followers"}, "event": "head_ref_deleted", "issue": {"labels": [], "number": 1186, "assignee": null, "repository_url": "https://api.github.com/repos/opencart/opencart", "closed_at": "2014-02-11T17:54:18Z", "id": 27023149, "title": "Update cart.php", "pull_request": {"url": "https://api.github.com/repos/opencart/opencart/pulls/1186", "diff_url": "https://github.com/opencart/opencart/pull/1186.diff", "html_url": "https://github.com/opencart/opencart/pull/1186", "patch_url": "https://github.com/opencart/opencart/pull/1186.patch"}, "comments": 2, "state": "closed", "body": "Added check so if customer adds less than the minimum product quantity, they are redirected to the product page.\n\nThis is to save customers headaches when adding products from pages that utilize the AddToCart function in common.js where they would normally receive the minimum quantity warning once attempting to checkout or visiting the cart page.\n\nI decided not to set the quantity to the minimum quantity value because customers may click Add To Cart multiple times.\n\nAlso within these changes were a couple formatting issues with the amount of tabs used.\n\nCheers,\nJoel.\n", "labels_url": "https://api.github.com/repos/opencart/opencart/issues/1186/labels{/name}", "events_url": "https://api.github.com/repos/opencart/opencart/issues/1186/events", "comments_url": "https://api.github.com/repos/opencart/opencart/issues/1186/comments", "html_url": "https://github.com/opencart/opencart/pull/1186", "updated_at": "2014-06-19T05:34:11Z", "user": {"following_url": "https://api.github.com/users/OpenCartAddons/following{/other_user}", "events_url": "https://api.github.com/users/OpenCartAddons/events{/privacy}", "organizations_url": "https://api.github.com/users/OpenCartAddons/orgs", "url": "https://api.github.com/users/OpenCartAddons", "gists_url": "https://api.github.com/users/OpenCartAddons/gists{/gist_id}", "html_url": "https://github.com/OpenCartAddons", "subscriptions_url": "https://api.github.com/users/OpenCartAddons/subscriptions", "avatar_url": "https://avatars.githubusercontent.com/u/5317545?v=3", "repos_url": "https://api.github.com/users/OpenCartAddons/repos", "received_events_url": "https://api.github.com/users/OpenCartAddons/received_events", "gravatar_id": "", "starred_url": "https://api.github.com/users/OpenCartAddons/starred{/owner}{/repo}", "site_admin": false, "login": "OpenCartAddons", "type": "User", "id": 5317545, "followers_url": "https://api.github.com/users/OpenCartAddons/followers"}, "milestone": null, "locked": false, "url": "https://api.github.com/repos/opencart/opencart/issues/1186", "created_at": "2014-02-06T02:37:39Z", "assignees": []}, "id": 124361284}, {"commit_id": null, "commit_url": null, "url": "https://api.github.com/repos/opencart/opencart/issues/events/124360655", "created_at": "2014-05-23T18:45:29Z", "actor": {"following_url": "https://api.github.com/users/OpenCartAddons/following{/other_user}", "events_url": "https://api.github.com/users/OpenCartAddons/events{/privacy}", "organizations_url": "https://api.github.com/users/OpenCartAddons/orgs", "url": "https://api.github.com/users/OpenCartAddons", "gists_url": "https://api.github.com/users/OpenCartAddons/gists{/gist_id}", "html_url": "https://github.com/OpenCartAddons", "subscriptions_url": "https://api.github.com/users/OpenCartAddons/subscriptions", "avatar_url": "https://avatars.githubusercontent.com/u/5317545?v=3", "repos_url": "https://api.github.com/users/OpenCartAddons/repos", "received_events_url": "https://api.github.com/users/OpenCartAddons/received_events", "gravatar_id": "", "starred_url": "https://api.github.com/users/OpenCartAddons/starred{/owner}{/repo}", "site_admin": false, "login": "OpenCartAddons", "type": "User", "id": 5317545, "followers_url": "https://api.github.com/users/OpenCartAddons/followers"}, "event": "head_ref_deleted", "issue": {"labels": [], "number": 1475, "assignee": null, "repository_url": "https://api.github.com/repos/opencart/opencart", "closed_at": "2014-05-23T18:45:29Z", "id": 34180090, "title": "Update return_form.tpl", "pull_request": {"url": "https://api.github.com/repos/opencart/opencart/pulls/1475", "diff_url": "https://github.com/opencart/opencart/pull/1475.diff", "html_url": "https://github.com/opencart/opencart/pull/1475", "patch_url": "https://github.com/opencart/opencart/pull/1475.patch"}, "comments": 0, "state": "closed", "body": "Changed input types to HTML5\n", "labels_url": "https://api.github.com/repos/opencart/opencart/issues/1475/labels{/name}", "events_url": "https://api.github.com/repos/opencart/opencart/issues/1475/events", "comments_url": "https://api.github.com/repos/opencart/opencart/issues/1475/comments", "html_url": "https://github.com/opencart/opencart/pull/1475", "updated_at": "2014-06-16T19:59:40Z", "user": {"following_url": "https://api.github.com/users/OpenCartAddons/following{/other_user}", "events_url": "https://api.github.com/users/OpenCartAddons/events{/privacy}", "organizations_url": "https://api.github.com/users/OpenCartAddons/orgs", "url": "https://api.github.com/users/OpenCartAddons", "gists_url": "https://api.github.com/users/OpenCartAddons/gists{/gist_id}", "html_url": "https://github.com/OpenCartAddons", "subscriptions_url": "https://api.github.com/users/OpenCartAddons/subscriptions", "avatar_url": "https://avatars.githubusercontent.com/u/5317545?v=3", "repos_url": "https://api.github.com/users/OpenCartAddons/repos", "received_events_url": "https://api.github.com/users/OpenCartAddons/received_events", "gravatar_id": "", "starred_url": "https://api.github.com/users/OpenCartAddons/starred{/owner}{/repo}", "site_admin": false, "login": "OpenCartAddons", "type": "User", "id": 5317545, "followers_url": "https://api.github.com/users/OpenCartAddons/followers"}, "milestone": null, "locked": false, "url": "https://api.github.com/repos/opencart/opencart/issues/1475", "created_at": "2014-05-23T14:32:37Z", "assignees": []}, "id": 124360655}, {"commit_id": null, "commit_url": null, "url": "https://api.github.com/repos/opencart/opencart/issues/events/124360654", "created_at": "2014-05-23T18:45:29Z", "actor": {"following_url": "https://api.github.com/users/OpenCartAddons/following{/other_user}", "events_url": "https://api.github.com/users/OpenCartAddons/events{/privacy}", "organizations_url": "https://api.github.com/users/OpenCartAddons/orgs", "url": "https://api.github.com/users/OpenCartAddons", "gists_url": "https://api.github.com/users/OpenCartAddons/gists{/gist_id}", "html_url": "https://github.com/OpenCartAddons", "subscriptions_url": "https://api.github.com/users/OpenCartAddons/subscriptions", "avatar_url": "https://avatars.githubusercontent.com/u/5317545?v=3", "repos_url": "https://api.github.com/users/OpenCartAddons/repos", "received_events_url": "https://api.github.com/users/OpenCartAddons/received_events", "gravatar_id": "", "starred_url": "https://api.github.com/users/OpenCartAddons/starred{/owner}{/repo}", "site_admin": false, "login": "OpenCartAddons", "type": "User", "id": 5317545, "followers_url": "https://api.github.com/users/OpenCartAddons/followers"}, "event": "closed", "issue": {"labels": [], "number": 1475, "assignee": null, "repository_url": "https://api.github.com/repos/opencart/opencart", "closed_at": "2014-05-23T18:45:29Z", "id": 34180090, "title": "Update return_form.tpl", "pull_request": {"url": "https://api.github.com/repos/opencart/opencart/pulls/1475", "diff_url": "https://github.com/opencart/opencart/pull/1475.diff", "html_url": "https://github.com/opencart/opencart/pull/1475", "patch_url": "https://github.com/opencart/opencart/pull/1475.patch"}, "comments": 0, "state": "closed", "body": "Changed input types to HTML5\n", "labels_url": "https://api.github.com/repos/opencart/opencart/issues/1475/labels{/name}", "events_url": "https://api.github.com/repos/opencart/opencart/issues/1475/events", "comments_url": "https://api.github.com/repos/opencart/opencart/issues/1475/comments", "html_url": "https://github.com/opencart/opencart/pull/1475", "updated_at": "2014-06-16T19:59:40Z", "user": {"following_url": "https://api.github.com/users/OpenCartAddons/following{/other_user}", "events_url": "https://api.github.com/users/OpenCartAddons/events{/privacy}", "organizations_url": "https://api.github.com/users/OpenCartAddons/orgs", "url": "https://api.github.com/users/OpenCartAddons", "gists_url": "https://api.github.com/users/OpenCartAddons/gists{/gist_id}", "html_url": "https://github.com/OpenCartAddons", "subscriptions_url": "https://api.github.com/users/OpenCartAddons/subscriptions", "avatar_url": "https://avatars.githubusercontent.com/u/5317545?v=3", "repos_url": "https://api.github.com/users/OpenCartAddons/repos", "received_events_url": "https://api.github.com/users/OpenCartAddons/received_events", "gravatar_id": "", "starred_url": "https://api.github.com/users/OpenCartAddons/starred{/owner}{/repo}", "site_admin": false, "login": "OpenCartAddons", "type": "User", "id": 5317545, "followers_url": "https://api.github.com/users/OpenCartAddons/followers"}, "milestone": null, "locked": false, "url": "https://api.github.com/repos/opencart/opencart/issues/1475", "created_at": "2014-05-23T14:32:37Z", "assignees": []}, "id": 124360654}, {"commit_id": null, "commit_url": null, "url": "https://api.github.com/repos/opencart/opencart/issues/events/124360591", "created_at": "2014-05-23T18:45:16Z", "actor": {"following_url": "https://api.github.com/users/OpenCartAddons/following{/other_user}", "events_url": "https://api.github.com/users/OpenCartAddons/events{/privacy}", "organizations_url": "https://api.github.com/users/OpenCartAddons/orgs", "url": "https://api.github.com/users/OpenCartAddons", "gists_url": "https://api.github.com/users/OpenCartAddons/gists{/gist_id}", "html_url": "https://github.com/OpenCartAddons", "subscriptions_url": "https://api.github.com/users/OpenCartAddons/subscriptions", "avatar_url": "https://avatars.githubusercontent.com/u/5317545?v=3", "repos_url": "https://api.github.com/users/OpenCartAddons/repos", "received_events_url": "https://api.github.com/users/OpenCartAddons/received_events", "gravatar_id": "", "starred_url": "https://api.github.com/users/OpenCartAddons/starred{/owner}{/repo}", "site_admin": false, "login": "OpenCartAddons", "type": "User", "id": 5317545, "followers_url": "https://api.github.com/users/OpenCartAddons/followers"}, "event": "head_ref_deleted", "issue": {"labels": [], "number": 1476, "assignee": null, "repository_url": "https://api.github.com/repos/opencart/opencart", "closed_at": "2014-05-23T18:45:16Z", "id": 34180578, "title": "Update edit.tpl", "pull_request": {"url": "https://api.github.com/repos/opencart/opencart/pulls/1476", "diff_url": "https://github.com/opencart/opencart/pull/1476.diff", "html_url": "https://github.com/opencart/opencart/pull/1476", "patch_url": "https://github.com/opencart/opencart/pull/1476.patch"}, "comments": 0, "state": "closed", "body": "Updated Fax input type to HTML5 \"tel\"\n", "labels_url": "https://api.github.com/repos/opencart/opencart/issues/1476/labels{/name}", "events_url": "https://api.github.com/repos/opencart/opencart/issues/1476/events", "comments_url": "https://api.github.com/repos/opencart/opencart/issues/1476/comments", "html_url": "https://github.com/opencart/opencart/pull/1476", "updated_at": "2014-06-21T20:48:21Z", "user": {"following_url": "https://api.github.com/users/OpenCartAddons/following{/other_user}", "events_url": "https://api.github.com/users/OpenCartAddons/events{/privacy}", "organizations_url": "https://api.github.com/users/OpenCartAddons/orgs", "url": "https://api.github.com/users/OpenCartAddons", "gists_url": "https://api.github.com/users/OpenCartAddons/gists{/gist_id}", "html_url": "https://github.com/OpenCartAddons", "subscriptions_url": "https://api.github.com/users/OpenCartAddons/subscriptions", "avatar_url": "https://avatars.githubusercontent.com/u/5317545?v=3", "repos_url": "https://api.github.com/users/OpenCartAddons/repos", "received_events_url": "https://api.github.com/users/OpenCartAddons/received_events", "gravatar_id": "", "starred_url": "https://api.github.com/users/OpenCartAddons/starred{/owner}{/repo}", "site_admin": false, "login": "OpenCartAddons", "type": "User", "id": 5317545, "followers_url": "https://api.github.com/users/OpenCartAddons/followers"}, "milestone": null, "locked": false, "url": "https://api.github.com/repos/opencart/opencart/issues/1476", "created_at": "2014-05-23T14:37:25Z", "assignees": []}, "id": 124360591}, {"commit_id": null, "commit_url": null, "url": "https://api.github.com/repos/opencart/opencart/issues/events/124360590", "created_at": "2014-05-23T18:45:16Z", "actor": {"following_url": "https://api.github.com/users/OpenCartAddons/following{/other_user}", "events_url": "https://api.github.com/users/OpenCartAddons/events{/privacy}", "organizations_url": "https://api.github.com/users/OpenCartAddons/orgs", "url": "https://api.github.com/users/OpenCartAddons", "gists_url": "https://api.github.com/users/OpenCartAddons/gists{/gist_id}", "html_url": "https://github.com/OpenCartAddons", "subscriptions_url": "https://api.github.com/users/OpenCartAddons/subscriptions", "avatar_url": "https://avatars.githubusercontent.com/u/5317545?v=3", "repos_url": "https://api.github.com/users/OpenCartAddons/repos", "received_events_url": "https://api.github.com/users/OpenCartAddons/received_events", "gravatar_id": "", "starred_url": "https://api.github.com/users/OpenCartAddons/starred{/owner}{/repo}", "site_admin": false, "login": "OpenCartAddons", "type": "User", "id": 5317545, "followers_url": "https://api.github.com/users/OpenCartAddons/followers"}, "event": "closed", "issue": {"labels": [], "number": 1476, "assignee": null, "repository_url": "https://api.github.com/repos/opencart/opencart", "closed_at": "2014-05-23T18:45:16Z", "id": 34180578, "title": "Update edit.tpl", "pull_request": {"url": "https://api.github.com/repos/opencart/opencart/pulls/1476", "diff_url": "https://github.com/opencart/opencart/pull/1476.diff", "html_url": "https://github.com/opencart/opencart/pull/1476", "patch_url": "https://github.com/opencart/opencart/pull/1476.patch"}, "comments": 0, "state": "closed", "body": "Updated Fax input type to HTML5 \"tel\"\n", "labels_url": "https://api.github.com/repos/opencart/opencart/issues/1476/labels{/name}", "events_url": "https://api.github.com/repos/opencart/opencart/issues/1476/events", "comments_url": "https://api.github.com/repos/opencart/opencart/issues/1476/comments", "html_url": "https://github.com/opencart/opencart/pull/1476", "updated_at": "2014-06-21T20:48:21Z", "user": {"following_url": "https://api.github.com/users/OpenCartAddons/following{/other_user}", "events_url": "https://api.github.com/users/OpenCartAddons/events{/privacy}", "organizations_url": "https://api.github.com/users/OpenCartAddons/orgs", "url": "https://api.github.com/users/OpenCartAddons", "gists_url": "https://api.github.com/users/OpenCartAddons/gists{/gist_id}", "html_url": "https://github.com/OpenCartAddons", "subscriptions_url": "https://api.github.com/users/OpenCartAddons/subscriptions", "avatar_url": "https://avatars.githubusercontent.com/u/5317545?v=3", "repos_url": "https://api.github.com/users/OpenCartAddons/repos", "received_events_url": "https://api.github.com/users/OpenCartAddons/received_events", "gravatar_id": "", "starred_url": "https://api.github.com/users/OpenCartAddons/starred{/owner}{/repo}", "site_admin": false, "login": "OpenCartAddons", "type": "User", "id": 5317545, "followers_url": "https://api.github.com/users/OpenCartAddons/followers"}, "milestone": null, "locked": false, "url": "https://api.github.com/repos/opencart/opencart/issues/1476", "created_at": "2014-05-23T14:37:25Z", "assignees": []}, "id": 124360590}, {"commit_id": null, "commit_url": null, "url": "https://api.github.com/repos/opencart/opencart/issues/events/124360472", "created_at": "2014-05-23T18:44:57Z", "actor": {"following_url": "https://api.github.com/users/OpenCartAddons/following{/other_user}", "events_url": "https://api.github.com/users/OpenCartAddons/events{/privacy}", "organizations_url": "https://api.github.com/users/OpenCartAddons/orgs", "url": "https://api.github.com/users/OpenCartAddons", "gists_url": "https://api.github.com/users/OpenCartAddons/gists{/gist_id}", "html_url": "https://github.com/OpenCartAddons", "subscriptions_url": "https://api.github.com/users/OpenCartAddons/subscriptions", "avatar_url": "https://avatars.githubusercontent.com/u/5317545?v=3", "repos_url": "https://api.github.com/users/OpenCartAddons/repos", "received_events_url": "https://api.github.com/users/OpenCartAddons/received_events", "gravatar_id": "", "starred_url": "https://api.github.com/users/OpenCartAddons/starred{/owner}{/repo}", "site_admin": false, "login": "OpenCartAddons", "type": "User", "id": 5317545, "followers_url": "https://api.github.com/users/OpenCartAddons/followers"}, "event": "head_ref_deleted", "issue": {"labels": [], "number": 1477, "assignee": null, "repository_url": "https://api.github.com/repos/opencart/opencart", "closed_at": "2014-05-23T18:44:57Z", "id": 34181269, "title": "Update login.tpl", "pull_request": {"url": "https://api.github.com/repos/opencart/opencart/pulls/1477", "diff_url": "https://github.com/opencart/opencart/pull/1477.diff", "html_url": "https://github.com/opencart/opencart/pull/1477", "patch_url": "https://github.com/opencart/opencart/pull/1477.patch"}, "comments": 0, "state": "closed", "body": "Updated email input to use HTML5 \"email\"\n", "labels_url": "https://api.github.com/repos/opencart/opencart/issues/1477/labels{/name}", "events_url": "https://api.github.com/repos/opencart/opencart/issues/1477/events", "comments_url": "https://api.github.com/repos/opencart/opencart/issues/1477/comments", "html_url": "https://github.com/opencart/opencart/pull/1477", "updated_at": "2014-06-27T10:28:07Z", "user": {"following_url": "https://api.github.com/users/OpenCartAddons/following{/other_user}", "events_url": "https://api.github.com/users/OpenCartAddons/events{/privacy}", "organizations_url": "https://api.github.com/users/OpenCartAddons/orgs", "url": "https://api.github.com/users/OpenCartAddons", "gists_url": "https://api.github.com/users/OpenCartAddons/gists{/gist_id}", "html_url": "https://github.com/OpenCartAddons", "subscriptions_url": "https://api.github.com/users/OpenCartAddons/subscriptions", "avatar_url": "https://avatars.githubusercontent.com/u/5317545?v=3", "repos_url": "https://api.github.com/users/OpenCartAddons/repos", "received_events_url": "https://api.github.com/users/OpenCartAddons/received_events", "gravatar_id": "", "starred_url": "https://api.github.com/users/OpenCartAddons/starred{/owner}{/repo}", "site_admin": false, "login": "OpenCartAddons", "type": "User", "id": 5317545, "followers_url": "https://api.github.com/users/OpenCartAddons/followers"}, "milestone": null, "locked": false, "url": "https://api.github.com/repos/opencart/opencart/issues/1477", "created_at": "2014-05-23T14:44:20Z", "assignees": []}, "id": 124360472}]