[{"commit_id": "8515f1da482dae17ab2627604b2da73433239158", "commit_url": "https://api.github.com/repos/opencart/opencart/commits/8515f1da482dae17ab2627604b2da73433239158", "url": "https://api.github.com/repos/opencart/opencart/issues/events/537030575", "created_at": "2016-02-03T05:51:15Z", "actor": {"following_url": "https://api.github.com/users/danielkerr/following{/other_user}", "events_url": "https://api.github.com/users/danielkerr/events{/privacy}", "organizations_url": "https://api.github.com/users/danielkerr/orgs", "url": "https://api.github.com/users/danielkerr", "gists_url": "https://api.github.com/users/danielkerr/gists{/gist_id}", "html_url": "https://github.com/danielkerr", "subscriptions_url": "https://api.github.com/users/danielkerr/subscriptions", "avatar_url": "https://avatars.githubusercontent.com/u/5079756?v=3", "repos_url": "https://api.github.com/users/danielkerr/repos", "received_events_url": "https://api.github.com/users/danielkerr/received_events", "gravatar_id": "", "starred_url": "https://api.github.com/users/danielkerr/starred{/owner}{/repo}", "site_admin": false, "login": "danielkerr", "type": "User", "id": 5079756, "followers_url": "https://api.github.com/users/danielkerr/followers"}, "event": "merged", "issue": {"labels": [], "number": 3903, "assignee": null, "repository_url": "https://api.github.com/repos/opencart/opencart", "closed_at": "2016-02-03T05:51:15Z", "id": 130566526, "title": "Change the directional icon from admin submenu on admin dashboard", "pull_request": {"url": "https://api.github.com/repos/opencart/opencart/pulls/3903", "diff_url": "https://github.com/opencart/opencart/pull/3903.diff", "html_url": "https://github.com/opencart/opencart/pull/3903", "patch_url": "https://github.com/opencart/opencart/pull/3903.patch"}, "comments": 0, "state": "closed", "body": "", "labels_url": "https://api.github.com/repos/opencart/opencart/issues/3903/labels{/name}", "events_url": "https://api.github.com/repos/opencart/opencart/issues/3903/events", "comments_url": "https://api.github.com/repos/opencart/opencart/issues/3903/comments", "html_url": "https://github.com/opencart/opencart/pull/3903", "updated_at": "2016-03-04T11:11:36Z", "user": {"following_url": "https://api.github.com/users/ocextension/following{/other_user}", "events_url": "https://api.github.com/users/ocextension/events{/privacy}", "organizations_url": "https://api.github.com/users/ocextension/orgs", "url": "https://api.github.com/users/ocextension", "gists_url": "https://api.github.com/users/ocextension/gists{/gist_id}", "html_url": "https://github.com/ocextension", "subscriptions_url": "https://api.github.com/users/ocextension/subscriptions", "avatar_url": "https://avatars.githubusercontent.com/u/15631453?v=3", "repos_url": "https://api.github.com/users/ocextension/repos", "received_events_url": "https://api.github.com/users/ocextension/received_events", "gravatar_id": "", "starred_url": "https://api.github.com/users/ocextension/starred{/owner}{/repo}", "site_admin": false, "login": "ocextension", "type": "User", "id": 15631453, "followers_url": "https://api.github.com/users/ocextension/followers"}, "milestone": null, "locked": false, "url": "https://api.github.com/repos/opencart/opencart/issues/3903", "created_at": "2016-02-02T03:58:30Z", "assignees": []}, "id": 537030575}, {"commit_id": "8515f1da482dae17ab2627604b2da73433239158", "commit_url": "https://api.github.com/repos/opencart/opencart/commits/8515f1da482dae17ab2627604b2da73433239158", "url": "https://api.github.com/repos/opencart/opencart/issues/events/537030574", "created_at": "2016-02-03T05:51:15Z", "actor": {"following_url": "https://api.github.com/users/danielkerr/following{/other_user}", "events_url": "https://api.github.com/users/danielkerr/events{/privacy}", "organizations_url": "https://api.github.com/users/danielkerr/orgs", "url": "https://api.github.com/users/danielkerr", "gists_url": "https://api.github.com/users/danielkerr/gists{/gist_id}", "html_url": "https://github.com/danielkerr", "subscriptions_url": "https://api.github.com/users/danielkerr/subscriptions", "avatar_url": "https://avatars.githubusercontent.com/u/5079756?v=3", "repos_url": "https://api.github.com/users/danielkerr/repos", "received_events_url": "https://api.github.com/users/danielkerr/received_events", "gravatar_id": "", "starred_url": "https://api.github.com/users/danielkerr/starred{/owner}{/repo}", "site_admin": false, "login": "danielkerr", "type": "User", "id": 5079756, "followers_url": "https://api.github.com/users/danielkerr/followers"}, "event": "referenced", "issue": {"labels": [], "number": 3903, "assignee": null, "repository_url": "https://api.github.com/repos/opencart/opencart", "closed_at": "2016-02-03T05:51:15Z", "id": 130566526, "title": "Change the directional icon from admin submenu on admin dashboard", "pull_request": {"url": "https://api.github.com/repos/opencart/opencart/pulls/3903", "diff_url": "https://github.com/opencart/opencart/pull/3903.diff", "html_url": "https://github.com/opencart/opencart/pull/3903", "patch_url": "https://github.com/opencart/opencart/pull/3903.patch"}, "comments": 0, "state": "closed", "body": "", "labels_url": "https://api.github.com/repos/opencart/opencart/issues/3903/labels{/name}", "events_url": "https://api.github.com/repos/opencart/opencart/issues/3903/events", "comments_url": "https://api.github.com/repos/opencart/opencart/issues/3903/comments", "html_url": "https://github.com/opencart/opencart/pull/3903", "updated_at": "2016-03-04T11:11:36Z", "user": {"following_url": "https://api.github.com/users/ocextension/following{/other_user}", "events_url": "https://api.github.com/users/ocextension/events{/privacy}", "organizations_url": "https://api.github.com/users/ocextension/orgs", "url": "https://api.github.com/users/ocextension", "gists_url": "https://api.github.com/users/ocextension/gists{/gist_id}", "html_url": "https://github.com/ocextension", "subscriptions_url": "https://api.github.com/users/ocextension/subscriptions", "avatar_url": "https://avatars.githubusercontent.com/u/15631453?v=3", "repos_url": "https://api.github.com/users/ocextension/repos", "received_events_url": "https://api.github.com/users/ocextension/received_events", "gravatar_id": "", "starred_url": "https://api.github.com/users/ocextension/starred{/owner}{/repo}", "site_admin": false, "login": "ocextension", "type": "User", "id": 15631453, "followers_url": "https://api.github.com/users/ocextension/followers"}, "milestone": null, "locked": false, "url": "https://api.github.com/repos/opencart/opencart/issues/3903", "created_at": "2016-02-02T03:58:30Z", "assignees": []}, "id": 537030574}, {"commit_id": null, "commit_url": null, "url": "https://api.github.com/repos/opencart/opencart/issues/events/537030477", "created_at": "2016-02-03T05:50:56Z", "actor": {"following_url": "https://api.github.com/users/danielkerr/following{/other_user}", "events_url": "https://api.github.com/users/danielkerr/events{/privacy}", "organizations_url": "https://api.github.com/users/danielkerr/orgs", "url": "https://api.github.com/users/danielkerr", "gists_url": "https://api.github.com/users/danielkerr/gists{/gist_id}", "html_url": "https://github.com/danielkerr", "subscriptions_url": "https://api.github.com/users/danielkerr/subscriptions", "avatar_url": "https://avatars.githubusercontent.com/u/5079756?v=3", "repos_url": "https://api.github.com/users/danielkerr/repos", "received_events_url": "https://api.github.com/users/danielkerr/received_events", "gravatar_id": "", "starred_url": "https://api.github.com/users/danielkerr/starred{/owner}{/repo}", "site_admin": false, "login": "danielkerr", "type": "User", "id": 5079756, "followers_url": "https://api.github.com/users/danielkerr/followers"}, "event": "closed", "issue": {"labels": [], "number": 3905, "assignee": null, "repository_url": "https://api.github.com/repos/opencart/opencart", "closed_at": "2016-02-03T05:50:56Z", "id": 130611561, "title": "Bug fix custom field sort order the catalog", "pull_request": {"url": "https://api.github.com/repos/opencart/opencart/pulls/3905", "diff_url": "https://github.com/opencart/opencart/pull/3905.diff", "html_url": "https://github.com/opencart/opencart/pull/3905", "patch_url": "https://github.com/opencart/opencart/pull/3905.patch"}, "comments": 0, "state": "closed", "body": "- Scenario 1 (register):\n\nIf '$('#account .form-group').length' or '$('#address .form-group').length' is equal to '$(this).attr('data-sort')'\n\nResult: hidden  custom field\n- Scenario 2 (new address):\n\nIf '$('#collapse-payment-address .form-group').length' or '$('#collapse-shipping-address .form-group').length' is equal to '$(this).attr('data-sort')'\n\nResult: hidden custom field\n- Scenario 3 (new address):\n\nThere are the firstname and lastname fields, these fields are added to '$('#\\* .form-group').length'\n\nResult: custom field data-sort error position\n", "labels_url": "https://api.github.com/repos/opencart/opencart/issues/3905/labels{/name}", "events_url": "https://api.github.com/repos/opencart/opencart/issues/3905/events", "comments_url": "https://api.github.com/repos/opencart/opencart/issues/3905/comments", "html_url": "https://github.com/opencart/opencart/pull/3905", "updated_at": "2016-02-03T05:51:00Z", "user": {"following_url": "https://api.github.com/users/ManoelVidal/following{/other_user}", "events_url": "https://api.github.com/users/ManoelVidal/events{/privacy}", "organizations_url": "https://api.github.com/users/ManoelVidal/orgs", "url": "https://api.github.com/users/ManoelVidal", "gists_url": "https://api.github.com/users/ManoelVidal/gists{/gist_id}", "html_url": "https://github.com/ManoelVidal", "subscriptions_url": "https://api.github.com/users/ManoelVidal/subscriptions", "avatar_url": "https://avatars.githubusercontent.com/u/630535?v=3", "repos_url": "https://api.github.com/users/ManoelVidal/repos", "received_events_url": "https://api.github.com/users/ManoelVidal/received_events", "gravatar_id": "", "starred_url": "https://api.github.com/users/ManoelVidal/starred{/owner}{/repo}", "site_admin": false, "login": "ManoelVidal", "type": "User", "id": 630535, "followers_url": "https://api.github.com/users/ManoelVidal/followers"}, "milestone": null, "locked": false, "url": "https://api.github.com/repos/opencart/opencart/issues/3905", "created_at": "2016-02-02T08:33:24Z", "assignees": []}, "id": 537030477}, {"commit_id": "7ef2426f4f84c64f95bb0a0896f5630c6b57e617", "commit_url": "https://api.github.com/repos/opencart/opencart/commits/7ef2426f4f84c64f95bb0a0896f5630c6b57e617", "url": "https://api.github.com/repos/opencart/opencart/issues/events/537030476", "created_at": "2016-02-03T05:50:56Z", "actor": {"following_url": "https://api.github.com/users/danielkerr/following{/other_user}", "events_url": "https://api.github.com/users/danielkerr/events{/privacy}", "organizations_url": "https://api.github.com/users/danielkerr/orgs", "url": "https://api.github.com/users/danielkerr", "gists_url": "https://api.github.com/users/danielkerr/gists{/gist_id}", "html_url": "https://github.com/danielkerr", "subscriptions_url": "https://api.github.com/users/danielkerr/subscriptions", "avatar_url": "https://avatars.githubusercontent.com/u/5079756?v=3", "repos_url": "https://api.github.com/users/danielkerr/repos", "received_events_url": "https://api.github.com/users/danielkerr/received_events", "gravatar_id": "", "starred_url": "https://api.github.com/users/danielkerr/starred{/owner}{/repo}", "site_admin": false, "login": "danielkerr", "type": "User", "id": 5079756, "followers_url": "https://api.github.com/users/danielkerr/followers"}, "event": "merged", "issue": {"labels": [], "number": 3905, "assignee": null, "repository_url": "https://api.github.com/repos/opencart/opencart", "closed_at": "2016-02-03T05:50:56Z", "id": 130611561, "title": "Bug fix custom field sort order the catalog", "pull_request": {"url": "https://api.github.com/repos/opencart/opencart/pulls/3905", "diff_url": "https://github.com/opencart/opencart/pull/3905.diff", "html_url": "https://github.com/opencart/opencart/pull/3905", "patch_url": "https://github.com/opencart/opencart/pull/3905.patch"}, "comments": 0, "state": "closed", "body": "- Scenario 1 (register):\n\nIf '$('#account .form-group').length' or '$('#address .form-group').length' is equal to '$(this).attr('data-sort')'\n\nResult: hidden  custom field\n- Scenario 2 (new address):\n\nIf '$('#collapse-payment-address .form-group').length' or '$('#collapse-shipping-address .form-group').length' is equal to '$(this).attr('data-sort')'\n\nResult: hidden custom field\n- Scenario 3 (new address):\n\nThere are the firstname and lastname fields, these fields are added to '$('#\\* .form-group').length'\n\nResult: custom field data-sort error position\n", "labels_url": "https://api.github.com/repos/opencart/opencart/issues/3905/labels{/name}", "events_url": "https://api.github.com/repos/opencart/opencart/issues/3905/events", "comments_url": "https://api.github.com/repos/opencart/opencart/issues/3905/comments", "html_url": "https://github.com/opencart/opencart/pull/3905", "updated_at": "2016-02-03T05:51:00Z", "user": {"following_url": "https://api.github.com/users/ManoelVidal/following{/other_user}", "events_url": "https://api.github.com/users/ManoelVidal/events{/privacy}", "organizations_url": "https://api.github.com/users/ManoelVidal/orgs", "url": "https://api.github.com/users/ManoelVidal", "gists_url": "https://api.github.com/users/ManoelVidal/gists{/gist_id}", "html_url": "https://github.com/ManoelVidal", "subscriptions_url": "https://api.github.com/users/ManoelVidal/subscriptions", "avatar_url": "https://avatars.githubusercontent.com/u/630535?v=3", "repos_url": "https://api.github.com/users/ManoelVidal/repos", "received_events_url": "https://api.github.com/users/ManoelVidal/received_events", "gravatar_id": "", "starred_url": "https://api.github.com/users/ManoelVidal/starred{/owner}{/repo}", "site_admin": false, "login": "ManoelVidal", "type": "User", "id": 630535, "followers_url": "https://api.github.com/users/ManoelVidal/followers"}, "milestone": null, "locked": false, "url": "https://api.github.com/repos/opencart/opencart/issues/3905", "created_at": "2016-02-02T08:33:24Z", "assignees": []}, "id": 537030476}, {"commit_id": "7ef2426f4f84c64f95bb0a0896f5630c6b57e617", "commit_url": "https://api.github.com/repos/opencart/opencart/commits/7ef2426f4f84c64f95bb0a0896f5630c6b57e617", "url": "https://api.github.com/repos/opencart/opencart/issues/events/537030475", "created_at": "2016-02-03T05:50:56Z", "actor": {"following_url": "https://api.github.com/users/danielkerr/following{/other_user}", "events_url": "https://api.github.com/users/danielkerr/events{/privacy}", "organizations_url": "https://api.github.com/users/danielkerr/orgs", "url": "https://api.github.com/users/danielkerr", "gists_url": "https://api.github.com/users/danielkerr/gists{/gist_id}", "html_url": "https://github.com/danielkerr", "subscriptions_url": "https://api.github.com/users/danielkerr/subscriptions", "avatar_url": "https://avatars.githubusercontent.com/u/5079756?v=3", "repos_url": "https://api.github.com/users/danielkerr/repos", "received_events_url": "https://api.github.com/users/danielkerr/received_events", "gravatar_id": "", "starred_url": "https://api.github.com/users/danielkerr/starred{/owner}{/repo}", "site_admin": false, "login": "danielkerr", "type": "User", "id": 5079756, "followers_url": "https://api.github.com/users/danielkerr/followers"}, "event": "referenced", "issue": {"labels": [], "number": 3905, "assignee": null, "repository_url": "https://api.github.com/repos/opencart/opencart", "closed_at": "2016-02-03T05:50:56Z", "id": 130611561, "title": "Bug fix custom field sort order the catalog", "pull_request": {"url": "https://api.github.com/repos/opencart/opencart/pulls/3905", "diff_url": "https://github.com/opencart/opencart/pull/3905.diff", "html_url": "https://github.com/opencart/opencart/pull/3905", "patch_url": "https://github.com/opencart/opencart/pull/3905.patch"}, "comments": 0, "state": "closed", "body": "- Scenario 1 (register):\n\nIf '$('#account .form-group').length' or '$('#address .form-group').length' is equal to '$(this).attr('data-sort')'\n\nResult: hidden  custom field\n- Scenario 2 (new address):\n\nIf '$('#collapse-payment-address .form-group').length' or '$('#collapse-shipping-address .form-group').length' is equal to '$(this).attr('data-sort')'\n\nResult: hidden custom field\n- Scenario 3 (new address):\n\nThere are the firstname and lastname fields, these fields are added to '$('#\\* .form-group').length'\n\nResult: custom field data-sort error position\n", "labels_url": "https://api.github.com/repos/opencart/opencart/issues/3905/labels{/name}", "events_url": "https://api.github.com/repos/opencart/opencart/issues/3905/events", "comments_url": "https://api.github.com/repos/opencart/opencart/issues/3905/comments", "html_url": "https://github.com/opencart/opencart/pull/3905", "updated_at": "2016-02-03T05:51:00Z", "user": {"following_url": "https://api.github.com/users/ManoelVidal/following{/other_user}", "events_url": "https://api.github.com/users/ManoelVidal/events{/privacy}", "organizations_url": "https://api.github.com/users/ManoelVidal/orgs", "url": "https://api.github.com/users/ManoelVidal", "gists_url": "https://api.github.com/users/ManoelVidal/gists{/gist_id}", "html_url": "https://github.com/ManoelVidal", "subscriptions_url": "https://api.github.com/users/ManoelVidal/subscriptions", "avatar_url": "https://avatars.githubusercontent.com/u/630535?v=3", "repos_url": "https://api.github.com/users/ManoelVidal/repos", "received_events_url": "https://api.github.com/users/ManoelVidal/received_events", "gravatar_id": "", "starred_url": "https://api.github.com/users/ManoelVidal/starred{/owner}{/repo}", "site_admin": false, "login": "ManoelVidal", "type": "User", "id": 630535, "followers_url": "https://api.github.com/users/ManoelVidal/followers"}, "milestone": null, "locked": false, "url": "https://api.github.com/repos/opencart/opencart/issues/3905", "created_at": "2016-02-02T08:33:24Z", "assignees": []}, "id": 537030475}, {"commit_id": null, "commit_url": null, "url": "https://api.github.com/repos/opencart/opencart/issues/events/537030007", "created_at": "2016-02-03T05:49:59Z", "actor": {"following_url": "https://api.github.com/users/danielkerr/following{/other_user}", "events_url": "https://api.github.com/users/danielkerr/events{/privacy}", "organizations_url": "https://api.github.com/users/danielkerr/orgs", "url": "https://api.github.com/users/danielkerr", "gists_url": "https://api.github.com/users/danielkerr/gists{/gist_id}", "html_url": "https://github.com/danielkerr", "subscriptions_url": "https://api.github.com/users/danielkerr/subscriptions", "avatar_url": "https://avatars.githubusercontent.com/u/5079756?v=3", "repos_url": "https://api.github.com/users/danielkerr/repos", "received_events_url": "https://api.github.com/users/danielkerr/received_events", "gravatar_id": "", "starred_url": "https://api.github.com/users/danielkerr/starred{/owner}{/repo}", "site_admin": false, "login": "danielkerr", "type": "User", "id": 5079756, "followers_url": "https://api.github.com/users/danielkerr/followers"}, "event": "closed", "issue": {"labels": [], "number": 3904, "assignee": null, "repository_url": "https://api.github.com/repos/opencart/opencart", "closed_at": "2016-02-03T05:49:59Z", "id": 130595778, "title": "Skip module if not return", "pull_request": {"url": "https://api.github.com/repos/opencart/opencart/pulls/3904", "diff_url": "https://github.com/opencart/opencart/pull/3904.diff", "html_url": "https://github.com/opencart/opencart/pull/3904", "patch_url": "https://github.com/opencart/opencart/pull/3904.patch"}, "comments": 1, "state": "closed", "body": "If module not return, empty column left or right is visible.\n", "labels_url": "https://api.github.com/repos/opencart/opencart/issues/3904/labels{/name}", "events_url": "https://api.github.com/repos/opencart/opencart/issues/3904/events", "comments_url": "https://api.github.com/repos/opencart/opencart/issues/3904/comments", "html_url": "https://github.com/opencart/opencart/pull/3904", "updated_at": "2016-02-03T05:50:03Z", "user": {"following_url": "https://api.github.com/users/danijelGombac/following{/other_user}", "events_url": "https://api.github.com/users/danijelGombac/events{/privacy}", "organizations_url": "https://api.github.com/users/danijelGombac/orgs", "url": "https://api.github.com/users/danijelGombac", "gists_url": "https://api.github.com/users/danijelGombac/gists{/gist_id}", "html_url": "https://github.com/danijelGombac", "subscriptions_url": "https://api.github.com/users/danijelGombac/subscriptions", "avatar_url": "https://avatars.githubusercontent.com/u/3872726?v=3", "repos_url": "https://api.github.com/users/danijelGombac/repos", "received_events_url": "https://api.github.com/users/danijelGombac/received_events", "gravatar_id": "", "starred_url": "https://api.github.com/users/danijelGombac/starred{/owner}{/repo}", "site_admin": false, "login": "danijelGombac", "type": "User", "id": 3872726, "followers_url": "https://api.github.com/users/danijelGombac/followers"}, "milestone": null, "locked": false, "url": "https://api.github.com/repos/opencart/opencart/issues/3904", "created_at": "2016-02-02T07:03:35Z", "assignees": []}, "id": 537030007}, {"commit_id": "521e79e4a9e645f75bfe2fbc528605859ebd220c", "commit_url": "https://api.github.com/repos/opencart/opencart/commits/521e79e4a9e645f75bfe2fbc528605859ebd220c", "url": "https://api.github.com/repos/opencart/opencart/issues/events/537030006", "created_at": "2016-02-03T05:49:59Z", "actor": {"following_url": "https://api.github.com/users/danielkerr/following{/other_user}", "events_url": "https://api.github.com/users/danielkerr/events{/privacy}", "organizations_url": "https://api.github.com/users/danielkerr/orgs", "url": "https://api.github.com/users/danielkerr", "gists_url": "https://api.github.com/users/danielkerr/gists{/gist_id}", "html_url": "https://github.com/danielkerr", "subscriptions_url": "https://api.github.com/users/danielkerr/subscriptions", "avatar_url": "https://avatars.githubusercontent.com/u/5079756?v=3", "repos_url": "https://api.github.com/users/danielkerr/repos", "received_events_url": "https://api.github.com/users/danielkerr/received_events", "gravatar_id": "", "starred_url": "https://api.github.com/users/danielkerr/starred{/owner}{/repo}", "site_admin": false, "login": "danielkerr", "type": "User", "id": 5079756, "followers_url": "https://api.github.com/users/danielkerr/followers"}, "event": "merged", "issue": {"labels": [], "number": 3904, "assignee": null, "repository_url": "https://api.github.com/repos/opencart/opencart", "closed_at": "2016-02-03T05:49:59Z", "id": 130595778, "title": "Skip module if not return", "pull_request": {"url": "https://api.github.com/repos/opencart/opencart/pulls/3904", "diff_url": "https://github.com/opencart/opencart/pull/3904.diff", "html_url": "https://github.com/opencart/opencart/pull/3904", "patch_url": "https://github.com/opencart/opencart/pull/3904.patch"}, "comments": 1, "state": "closed", "body": "If module not return, empty column left or right is visible.\n", "labels_url": "https://api.github.com/repos/opencart/opencart/issues/3904/labels{/name}", "events_url": "https://api.github.com/repos/opencart/opencart/issues/3904/events", "comments_url": "https://api.github.com/repos/opencart/opencart/issues/3904/comments", "html_url": "https://github.com/opencart/opencart/pull/3904", "updated_at": "2016-02-03T05:50:03Z", "user": {"following_url": "https://api.github.com/users/danijelGombac/following{/other_user}", "events_url": "https://api.github.com/users/danijelGombac/events{/privacy}", "organizations_url": "https://api.github.com/users/danijelGombac/orgs", "url": "https://api.github.com/users/danijelGombac", "gists_url": "https://api.github.com/users/danijelGombac/gists{/gist_id}", "html_url": "https://github.com/danijelGombac", "subscriptions_url": "https://api.github.com/users/danijelGombac/subscriptions", "avatar_url": "https://avatars.githubusercontent.com/u/3872726?v=3", "repos_url": "https://api.github.com/users/danijelGombac/repos", "received_events_url": "https://api.github.com/users/danijelGombac/received_events", "gravatar_id": "", "starred_url": "https://api.github.com/users/danijelGombac/starred{/owner}{/repo}", "site_admin": false, "login": "danijelGombac", "type": "User", "id": 3872726, "followers_url": "https://api.github.com/users/danijelGombac/followers"}, "milestone": null, "locked": false, "url": "https://api.github.com/repos/opencart/opencart/issues/3904", "created_at": "2016-02-02T07:03:35Z", "assignees": []}, "id": 537030006}, {"commit_id": "521e79e4a9e645f75bfe2fbc528605859ebd220c", "commit_url": "https://api.github.com/repos/opencart/opencart/commits/521e79e4a9e645f75bfe2fbc528605859ebd220c", "url": "https://api.github.com/repos/opencart/opencart/issues/events/537030005", "created_at": "2016-02-03T05:49:59Z", "actor": {"following_url": "https://api.github.com/users/danielkerr/following{/other_user}", "events_url": "https://api.github.com/users/danielkerr/events{/privacy}", "organizations_url": "https://api.github.com/users/danielkerr/orgs", "url": "https://api.github.com/users/danielkerr", "gists_url": "https://api.github.com/users/danielkerr/gists{/gist_id}", "html_url": "https://github.com/danielkerr", "subscriptions_url": "https://api.github.com/users/danielkerr/subscriptions", "avatar_url": "https://avatars.githubusercontent.com/u/5079756?v=3", "repos_url": "https://api.github.com/users/danielkerr/repos", "received_events_url": "https://api.github.com/users/danielkerr/received_events", "gravatar_id": "", "starred_url": "https://api.github.com/users/danielkerr/starred{/owner}{/repo}", "site_admin": false, "login": "danielkerr", "type": "User", "id": 5079756, "followers_url": "https://api.github.com/users/danielkerr/followers"}, "event": "referenced", "issue": {"labels": [], "number": 3904, "assignee": null, "repository_url": "https://api.github.com/repos/opencart/opencart", "closed_at": "2016-02-03T05:49:59Z", "id": 130595778, "title": "Skip module if not return", "pull_request": {"url": "https://api.github.com/repos/opencart/opencart/pulls/3904", "diff_url": "https://github.com/opencart/opencart/pull/3904.diff", "html_url": "https://github.com/opencart/opencart/pull/3904", "patch_url": "https://github.com/opencart/opencart/pull/3904.patch"}, "comments": 1, "state": "closed", "body": "If module not return, empty column left or right is visible.\n", "labels_url": "https://api.github.com/repos/opencart/opencart/issues/3904/labels{/name}", "events_url": "https://api.github.com/repos/opencart/opencart/issues/3904/events", "comments_url": "https://api.github.com/repos/opencart/opencart/issues/3904/comments", "html_url": "https://github.com/opencart/opencart/pull/3904", "updated_at": "2016-02-03T05:50:03Z", "user": {"following_url": "https://api.github.com/users/danijelGombac/following{/other_user}", "events_url": "https://api.github.com/users/danijelGombac/events{/privacy}", "organizations_url": "https://api.github.com/users/danijelGombac/orgs", "url": "https://api.github.com/users/danijelGombac", "gists_url": "https://api.github.com/users/danijelGombac/gists{/gist_id}", "html_url": "https://github.com/danijelGombac", "subscriptions_url": "https://api.github.com/users/danijelGombac/subscriptions", "avatar_url": "https://avatars.githubusercontent.com/u/3872726?v=3", "repos_url": "https://api.github.com/users/danijelGombac/repos", "received_events_url": "https://api.github.com/users/danijelGombac/received_events", "gravatar_id": "", "starred_url": "https://api.github.com/users/danijelGombac/starred{/owner}{/repo}", "site_admin": false, "login": "danijelGombac", "type": "User", "id": 3872726, "followers_url": "https://api.github.com/users/danijelGombac/followers"}, "milestone": null, "locked": false, "url": "https://api.github.com/repos/opencart/opencart/issues/3904", "created_at": "2016-02-02T07:03:35Z", "assignees": []}, "id": 537030005}, {"commit_id": null, "commit_url": null, "url": "https://api.github.com/repos/opencart/opencart/issues/events/537029751", "created_at": "2016-02-03T05:49:33Z", "actor": {"following_url": "https://api.github.com/users/danielkerr/following{/other_user}", "events_url": "https://api.github.com/users/danielkerr/events{/privacy}", "organizations_url": "https://api.github.com/users/danielkerr/orgs", "url": "https://api.github.com/users/danielkerr", "gists_url": "https://api.github.com/users/danielkerr/gists{/gist_id}", "html_url": "https://github.com/danielkerr", "subscriptions_url": "https://api.github.com/users/danielkerr/subscriptions", "avatar_url": "https://avatars.githubusercontent.com/u/5079756?v=3", "repos_url": "https://api.github.com/users/danielkerr/repos", "received_events_url": "https://api.github.com/users/danielkerr/received_events", "gravatar_id": "", "starred_url": "https://api.github.com/users/danielkerr/starred{/owner}{/repo}", "site_admin": false, "login": "danielkerr", "type": "User", "id": 5079756, "followers_url": "https://api.github.com/users/danielkerr/followers"}, "event": "closed", "issue": {"labels": [], "number": 3906, "assignee": null, "repository_url": "https://api.github.com/repos/opencart/opencart", "closed_at": "2016-02-03T05:49:33Z", "id": 130617397, "title": "fix setting store editSetting()", "pull_request": {"url": "https://api.github.com/repos/opencart/opencart/pulls/3906", "diff_url": "https://github.com/opencart/opencart/pull/3906.diff", "html_url": "https://github.com/opencart/opencart/pull/3906", "patch_url": "https://github.com/opencart/opencart/pull/3906.patch"}, "comments": 0, "state": "closed", "body": "", "labels_url": "https://api.github.com/repos/opencart/opencart/issues/3906/labels{/name}", "events_url": "https://api.github.com/repos/opencart/opencart/issues/3906/events", "comments_url": "https://api.github.com/repos/opencart/opencart/issues/3906/comments", "html_url": "https://github.com/opencart/opencart/pull/3906", "updated_at": "2016-02-20T16:10:49Z", "user": {"following_url": "https://api.github.com/users/qahar/following{/other_user}", "events_url": "https://api.github.com/users/qahar/events{/privacy}", "organizations_url": "https://api.github.com/users/qahar/orgs", "url": "https://api.github.com/users/qahar", "gists_url": "https://api.github.com/users/qahar/gists{/gist_id}", "html_url": "https://github.com/qahar", "subscriptions_url": "https://api.github.com/users/qahar/subscriptions", "avatar_url": "https://avatars.githubusercontent.com/u/707089?v=3", "repos_url": "https://api.github.com/users/qahar/repos", "received_events_url": "https://api.github.com/users/qahar/received_events", "gravatar_id": "", "starred_url": "https://api.github.com/users/qahar/starred{/owner}{/repo}", "site_admin": false, "login": "qahar", "type": "User", "id": 707089, "followers_url": "https://api.github.com/users/qahar/followers"}, "milestone": null, "locked": false, "url": "https://api.github.com/repos/opencart/opencart/issues/3906", "created_at": "2016-02-02T08:56:39Z", "assignees": []}, "id": 537029751}, {"commit_id": "d5dbb3f9b32341e923ef9e323912f872778be6dd", "commit_url": "https://api.github.com/repos/opencart/opencart/commits/d5dbb3f9b32341e923ef9e323912f872778be6dd", "url": "https://api.github.com/repos/opencart/opencart/issues/events/537029750", "created_at": "2016-02-03T05:49:33Z", "actor": {"following_url": "https://api.github.com/users/danielkerr/following{/other_user}", "events_url": "https://api.github.com/users/danielkerr/events{/privacy}", "organizations_url": "https://api.github.com/users/danielkerr/orgs", "url": "https://api.github.com/users/danielkerr", "gists_url": "https://api.github.com/users/danielkerr/gists{/gist_id}", "html_url": "https://github.com/danielkerr", "subscriptions_url": "https://api.github.com/users/danielkerr/subscriptions", "avatar_url": "https://avatars.githubusercontent.com/u/5079756?v=3", "repos_url": "https://api.github.com/users/danielkerr/repos", "received_events_url": "https://api.github.com/users/danielkerr/received_events", "gravatar_id": "", "starred_url": "https://api.github.com/users/danielkerr/starred{/owner}{/repo}", "site_admin": false, "login": "danielkerr", "type": "User", "id": 5079756, "followers_url": "https://api.github.com/users/danielkerr/followers"}, "event": "merged", "issue": {"labels": [], "number": 3906, "assignee": null, "repository_url": "https://api.github.com/repos/opencart/opencart", "closed_at": "2016-02-03T05:49:33Z", "id": 130617397, "title": "fix setting store editSetting()", "pull_request": {"url": "https://api.github.com/repos/opencart/opencart/pulls/3906", "diff_url": "https://github.com/opencart/opencart/pull/3906.diff", "html_url": "https://github.com/opencart/opencart/pull/3906", "patch_url": "https://github.com/opencart/opencart/pull/3906.patch"}, "comments": 0, "state": "closed", "body": "", "labels_url": "https://api.github.com/repos/opencart/opencart/issues/3906/labels{/name}", "events_url": "https://api.github.com/repos/opencart/opencart/issues/3906/events", "comments_url": "https://api.github.com/repos/opencart/opencart/issues/3906/comments", "html_url": "https://github.com/opencart/opencart/pull/3906", "updated_at": "2016-02-20T16:10:49Z", "user": {"following_url": "https://api.github.com/users/qahar/following{/other_user}", "events_url": "https://api.github.com/users/qahar/events{/privacy}", "organizations_url": "https://api.github.com/users/qahar/orgs", "url": "https://api.github.com/users/qahar", "gists_url": "https://api.github.com/users/qahar/gists{/gist_id}", "html_url": "https://github.com/qahar", "subscriptions_url": "https://api.github.com/users/qahar/subscriptions", "avatar_url": "https://avatars.githubusercontent.com/u/707089?v=3", "repos_url": "https://api.github.com/users/qahar/repos", "received_events_url": "https://api.github.com/users/qahar/received_events", "gravatar_id": "", "starred_url": "https://api.github.com/users/qahar/starred{/owner}{/repo}", "site_admin": false, "login": "qahar", "type": "User", "id": 707089, "followers_url": "https://api.github.com/users/qahar/followers"}, "milestone": null, "locked": false, "url": "https://api.github.com/repos/opencart/opencart/issues/3906", "created_at": "2016-02-02T08:56:39Z", "assignees": []}, "id": 537029750}, {"commit_id": "d5dbb3f9b32341e923ef9e323912f872778be6dd", "commit_url": "https://api.github.com/repos/opencart/opencart/commits/d5dbb3f9b32341e923ef9e323912f872778be6dd", "url": "https://api.github.com/repos/opencart/opencart/issues/events/537029749", "created_at": "2016-02-03T05:49:33Z", "actor": {"following_url": "https://api.github.com/users/danielkerr/following{/other_user}", "events_url": "https://api.github.com/users/danielkerr/events{/privacy}", "organizations_url": "https://api.github.com/users/danielkerr/orgs", "url": "https://api.github.com/users/danielkerr", "gists_url": "https://api.github.com/users/danielkerr/gists{/gist_id}", "html_url": "https://github.com/danielkerr", "subscriptions_url": "https://api.github.com/users/danielkerr/subscriptions", "avatar_url": "https://avatars.githubusercontent.com/u/5079756?v=3", "repos_url": "https://api.github.com/users/danielkerr/repos", "received_events_url": "https://api.github.com/users/danielkerr/received_events", "gravatar_id": "", "starred_url": "https://api.github.com/users/danielkerr/starred{/owner}{/repo}", "site_admin": false, "login": "danielkerr", "type": "User", "id": 5079756, "followers_url": "https://api.github.com/users/danielkerr/followers"}, "event": "referenced", "issue": {"labels": [], "number": 3906, "assignee": null, "repository_url": "https://api.github.com/repos/opencart/opencart", "closed_at": "2016-02-03T05:49:33Z", "id": 130617397, "title": "fix setting store editSetting()", "pull_request": {"url": "https://api.github.com/repos/opencart/opencart/pulls/3906", "diff_url": "https://github.com/opencart/opencart/pull/3906.diff", "html_url": "https://github.com/opencart/opencart/pull/3906", "patch_url": "https://github.com/opencart/opencart/pull/3906.patch"}, "comments": 0, "state": "closed", "body": "", "labels_url": "https://api.github.com/repos/opencart/opencart/issues/3906/labels{/name}", "events_url": "https://api.github.com/repos/opencart/opencart/issues/3906/events", "comments_url": "https://api.github.com/repos/opencart/opencart/issues/3906/comments", "html_url": "https://github.com/opencart/opencart/pull/3906", "updated_at": "2016-02-20T16:10:49Z", "user": {"following_url": "https://api.github.com/users/qahar/following{/other_user}", "events_url": "https://api.github.com/users/qahar/events{/privacy}", "organizations_url": "https://api.github.com/users/qahar/orgs", "url": "https://api.github.com/users/qahar", "gists_url": "https://api.github.com/users/qahar/gists{/gist_id}", "html_url": "https://github.com/qahar", "subscriptions_url": "https://api.github.com/users/qahar/subscriptions", "avatar_url": "https://avatars.githubusercontent.com/u/707089?v=3", "repos_url": "https://api.github.com/users/qahar/repos", "received_events_url": "https://api.github.com/users/qahar/received_events", "gravatar_id": "", "starred_url": "https://api.github.com/users/qahar/starred{/owner}{/repo}", "site_admin": false, "login": "qahar", "type": "User", "id": 707089, "followers_url": "https://api.github.com/users/qahar/followers"}, "milestone": null, "locked": false, "url": "https://api.github.com/repos/opencart/opencart/issues/3906", "created_at": "2016-02-02T08:56:39Z", "assignees": []}, "id": 537029749}, {"commit_id": null, "commit_url": null, "url": "https://api.github.com/repos/opencart/opencart/issues/events/537000032", "created_at": "2016-02-03T05:08:40Z", "actor": {"following_url": "https://api.github.com/users/danielkerr/following{/other_user}", "events_url": "https://api.github.com/users/danielkerr/events{/privacy}", "organizations_url": "https://api.github.com/users/danielkerr/orgs", "url": "https://api.github.com/users/danielkerr", "gists_url": "https://api.github.com/users/danielkerr/gists{/gist_id}", "html_url": "https://github.com/danielkerr", "subscriptions_url": "https://api.github.com/users/danielkerr/subscriptions", "avatar_url": "https://avatars.githubusercontent.com/u/5079756?v=3", "repos_url": "https://api.github.com/users/danielkerr/repos", "received_events_url": "https://api.github.com/users/danielkerr/received_events", "gravatar_id": "", "starred_url": "https://api.github.com/users/danielkerr/starred{/owner}{/repo}", "site_admin": false, "login": "danielkerr", "type": "User", "id": 5079756, "followers_url": "https://api.github.com/users/danielkerr/followers"}, "event": "closed", "issue": {"body": "Why does the opencart backend use the API methods? From what I can tell the API only acts on data stored in the session, so when editing an order in the backend, is that order loaded into the current session and then the API acts on it. After editing an order, if I then go to the frontend, that order is now in my cart....... If this is confusing, it's probably because the code organisation of Opencart is an absolute nightmare.\n\nAfter using Opencart 1.\\* and then moving to 2.\\* I can see that things haven't improved at all, and will no longer use Opencart.\n\nGood luck\n", "labels": [], "locked": false, "title": "API", "url": "https://api.github.com/repos/opencart/opencart/issues/3908", "labels_url": "https://api.github.com/repos/opencart/opencart/issues/3908/labels{/name}", "created_at": "2016-02-03T04:17:25Z", "events_url": "https://api.github.com/repos/opencart/opencart/issues/3908/events", "comments_url": "https://api.github.com/repos/opencart/opencart/issues/3908/comments", "html_url": "https://github.com/opencart/opencart/issues/3908", "comments": 1, "number": 3908, "updated_at": "2016-02-03T05:08:43Z", "assignee": null, "state": "closed", "user": {"following_url": "https://api.github.com/users/trajedy/following{/other_user}", "events_url": "https://api.github.com/users/trajedy/events{/privacy}", "organizations_url": "https://api.github.com/users/trajedy/orgs", "url": "https://api.github.com/users/trajedy", "gists_url": "https://api.github.com/users/trajedy/gists{/gist_id}", "html_url": "https://github.com/trajedy", "subscriptions_url": "https://api.github.com/users/trajedy/subscriptions", "avatar_url": "https://avatars.githubusercontent.com/u/7539725?v=3", "repos_url": "https://api.github.com/users/trajedy/repos", "received_events_url": "https://api.github.com/users/trajedy/received_events", "gravatar_id": "", "starred_url": "https://api.github.com/users/trajedy/starred{/owner}{/repo}", "site_admin": false, "login": "trajedy", "type": "User", "id": 7539725, "followers_url": "https://api.github.com/users/trajedy/followers"}, "milestone": null, "repository_url": "https://api.github.com/repos/opencart/opencart", "closed_at": "2016-02-03T05:08:40Z", "assignees": [], "id": 130906467}, "id": 537000032}, {"commit_id": null, "commit_url": null, "url": "https://api.github.com/repos/opencart/opencart/issues/events/536998770", "created_at": "2016-02-03T05:07:19Z", "actor": {"following_url": "https://api.github.com/users/danielkerr/following{/other_user}", "events_url": "https://api.github.com/users/danielkerr/events{/privacy}", "organizations_url": "https://api.github.com/users/danielkerr/orgs", "url": "https://api.github.com/users/danielkerr", "gists_url": "https://api.github.com/users/danielkerr/gists{/gist_id}", "html_url": "https://github.com/danielkerr", "subscriptions_url": "https://api.github.com/users/danielkerr/subscriptions", "avatar_url": "https://avatars.githubusercontent.com/u/5079756?v=3", "repos_url": "https://api.github.com/users/danielkerr/repos", "received_events_url": "https://api.github.com/users/danielkerr/received_events", "gravatar_id": "", "starred_url": "https://api.github.com/users/danielkerr/starred{/owner}{/repo}", "site_admin": false, "login": "danielkerr", "type": "User", "id": 5079756, "followers_url": "https://api.github.com/users/danielkerr/followers"}, "event": "closed", "issue": {"body": "Good day, \n\nIn my daily job as a software tester for the company dge I found some issues regarding the setup of user accounts in the way it could be done at some production Opencart deployments.\n\n**The issue shortly**\nIf I configure a 'super admin user' and disable access to 'usergroup' in the admin features then users in the 'usergroup' could make a 'superadmin user' and change the opencart webshop with all acces as result.\n\n**improvement/feature request**\nIf users could only add in there own group and 'super admin' in all of the 'user groups' it could be used as a extra depth in user management ?\n\nThe developers of the [dge OCAPI](https://bitbucket.org/dgesoftware/ocapi)  toll me to make the issue and so I give it a shot. \n\nBest regards, \ndgeRalph\n", "labels": [], "locked": false, "title": "security issue: adding admin user if 'add group is disabled' for group", "url": "https://api.github.com/repos/opencart/opencart/issues/3907", "labels_url": "https://api.github.com/repos/opencart/opencart/issues/3907/labels{/name}", "created_at": "2016-02-02T18:22:23Z", "events_url": "https://api.github.com/repos/opencart/opencart/issues/3907/events", "comments_url": "https://api.github.com/repos/opencart/opencart/issues/3907/comments", "html_url": "https://github.com/opencart/opencart/issues/3907", "comments": 0, "number": 3907, "updated_at": "2016-02-03T05:07:22Z", "assignee": null, "state": "closed", "user": {"following_url": "https://api.github.com/users/dgeRalph/following{/other_user}", "events_url": "https://api.github.com/users/dgeRalph/events{/privacy}", "organizations_url": "https://api.github.com/users/dgeRalph/orgs", "url": "https://api.github.com/users/dgeRalph", "gists_url": "https://api.github.com/users/dgeRalph/gists{/gist_id}", "html_url": "https://github.com/dgeRalph", "subscriptions_url": "https://api.github.com/users/dgeRalph/subscriptions", "avatar_url": "https://avatars.githubusercontent.com/u/17030577?v=3", "repos_url": "https://api.github.com/users/dgeRalph/repos", "received_events_url": "https://api.github.com/users/dgeRalph/received_events", "gravatar_id": "", "starred_url": "https://api.github.com/users/dgeRalph/starred{/owner}{/repo}", "site_admin": false, "login": "dgeRalph", "type": "User", "id": 17030577, "followers_url": "https://api.github.com/users/dgeRalph/followers"}, "milestone": null, "repository_url": "https://api.github.com/repos/opencart/opencart", "closed_at": "2016-02-03T05:07:19Z", "assignees": [], "id": 130770685}, "id": 536998770}, {"commit_id": null, "commit_url": null, "url": "https://api.github.com/repos/opencart/opencart/issues/events/535765515", "created_at": "2016-02-02T12:43:28Z", "actor": {"following_url": "https://api.github.com/users/haxcop/following{/other_user}", "events_url": "https://api.github.com/users/haxcop/events{/privacy}", "organizations_url": "https://api.github.com/users/haxcop/orgs", "url": "https://api.github.com/users/haxcop", "gists_url": "https://api.github.com/users/haxcop/gists{/gist_id}", "html_url": "https://github.com/haxcop", "subscriptions_url": "https://api.github.com/users/haxcop/subscriptions", "avatar_url": "https://avatars.githubusercontent.com/u/7826906?v=3", "repos_url": "https://api.github.com/users/haxcop/repos", "received_events_url": "https://api.github.com/users/haxcop/received_events", "gravatar_id": "", "starred_url": "https://api.github.com/users/haxcop/starred{/owner}{/repo}", "site_admin": false, "login": "haxcop", "type": "User", "id": 7826906, "followers_url": "https://api.github.com/users/haxcop/followers"}, "event": "subscribed", "issue": {"body": "Hi,\n\nI have configured SMTP and receiving the following error.\n\nNotice: Error: DATA not accepted from server! in /var/www/mydomain.com/system/library/mail.php on line 418\n\nI've confirmed that if i put the \"E-mail Address\" on the \"Contac Us\" form same as I have used while setting the smtp user then the email goes without error.\n", "labels": [], "locked": false, "title": "opencart v2.1.0.1 SMTP sender issue", "url": "https://api.github.com/repos/opencart/opencart/issues/3756", "labels_url": "https://api.github.com/repos/opencart/opencart/issues/3756/labels{/name}", "created_at": "2015-12-24T10:23:26Z", "events_url": "https://api.github.com/repos/opencart/opencart/issues/3756/events", "comments_url": "https://api.github.com/repos/opencart/opencart/issues/3756/comments", "html_url": "https://github.com/opencart/opencart/issues/3756", "comments": 35, "number": 3756, "updated_at": "2017-01-27T04:44:54Z", "assignee": null, "state": "closed", "user": {"following_url": "https://api.github.com/users/sheikhmunawar/following{/other_user}", "events_url": "https://api.github.com/users/sheikhmunawar/events{/privacy}", "organizations_url": "https://api.github.com/users/sheikhmunawar/orgs", "url": "https://api.github.com/users/sheikhmunawar", "gists_url": "https://api.github.com/users/sheikhmunawar/gists{/gist_id}", "html_url": "https://github.com/sheikhmunawar", "subscriptions_url": "https://api.github.com/users/sheikhmunawar/subscriptions", "avatar_url": "https://avatars.githubusercontent.com/u/4189428?v=3", "repos_url": "https://api.github.com/users/sheikhmunawar/repos", "received_events_url": "https://api.github.com/users/sheikhmunawar/received_events", "gravatar_id": "", "starred_url": "https://api.github.com/users/sheikhmunawar/starred{/owner}{/repo}", "site_admin": false, "login": "sheikhmunawar", "type": "User", "id": 4189428, "followers_url": "https://api.github.com/users/sheikhmunawar/followers"}, "milestone": null, "repository_url": "https://api.github.com/repos/opencart/opencart", "closed_at": "2016-08-12T13:27:20Z", "assignees": [], "id": 123786859}, "id": 535765515}, {"commit_id": null, "commit_url": null, "url": "https://api.github.com/repos/opencart/opencart/issues/events/535765514", "created_at": "2016-02-02T12:43:28Z", "actor": {"following_url": "https://api.github.com/users/haxcop/following{/other_user}", "events_url": "https://api.github.com/users/haxcop/events{/privacy}", "organizations_url": "https://api.github.com/users/haxcop/orgs", "url": "https://api.github.com/users/haxcop", "gists_url": "https://api.github.com/users/haxcop/gists{/gist_id}", "html_url": "https://github.com/haxcop", "subscriptions_url": "https://api.github.com/users/haxcop/subscriptions", "avatar_url": "https://avatars.githubusercontent.com/u/7826906?v=3", "repos_url": "https://api.github.com/users/haxcop/repos", "received_events_url": "https://api.github.com/users/haxcop/received_events", "gravatar_id": "", "starred_url": "https://api.github.com/users/haxcop/starred{/owner}{/repo}", "site_admin": false, "login": "haxcop", "type": "User", "id": 7826906, "followers_url": "https://api.github.com/users/haxcop/followers"}, "event": "mentioned", "issue": {"body": "Hi,\n\nI have configured SMTP and receiving the following error.\n\nNotice: Error: DATA not accepted from server! in /var/www/mydomain.com/system/library/mail.php on line 418\n\nI've confirmed that if i put the \"E-mail Address\" on the \"Contac Us\" form same as I have used while setting the smtp user then the email goes without error.\n", "labels": [], "locked": false, "title": "opencart v2.1.0.1 SMTP sender issue", "url": "https://api.github.com/repos/opencart/opencart/issues/3756", "labels_url": "https://api.github.com/repos/opencart/opencart/issues/3756/labels{/name}", "created_at": "2015-12-24T10:23:26Z", "events_url": "https://api.github.com/repos/opencart/opencart/issues/3756/events", "comments_url": "https://api.github.com/repos/opencart/opencart/issues/3756/comments", "html_url": "https://github.com/opencart/opencart/issues/3756", "comments": 35, "number": 3756, "updated_at": "2017-01-27T04:44:54Z", "assignee": null, "state": "closed", "user": {"following_url": "https://api.github.com/users/sheikhmunawar/following{/other_user}", "events_url": "https://api.github.com/users/sheikhmunawar/events{/privacy}", "organizations_url": "https://api.github.com/users/sheikhmunawar/orgs", "url": "https://api.github.com/users/sheikhmunawar", "gists_url": "https://api.github.com/users/sheikhmunawar/gists{/gist_id}", "html_url": "https://github.com/sheikhmunawar", "subscriptions_url": "https://api.github.com/users/sheikhmunawar/subscriptions", "avatar_url": "https://avatars.githubusercontent.com/u/4189428?v=3", "repos_url": "https://api.github.com/users/sheikhmunawar/repos", "received_events_url": "https://api.github.com/users/sheikhmunawar/received_events", "gravatar_id": "", "starred_url": "https://api.github.com/users/sheikhmunawar/starred{/owner}{/repo}", "site_admin": false, "login": "sheikhmunawar", "type": "User", "id": 4189428, "followers_url": "https://api.github.com/users/sheikhmunawar/followers"}, "milestone": null, "repository_url": "https://api.github.com/repos/opencart/opencart", "closed_at": "2016-08-12T13:27:20Z", "assignees": [], "id": 123786859}, "id": 535765514}, {"commit_id": null, "commit_url": null, "url": "https://api.github.com/repos/opencart/opencart/issues/events/535765513", "created_at": "2016-02-02T12:43:28Z", "actor": {"following_url": "https://api.github.com/users/danielkerr/following{/other_user}", "events_url": "https://api.github.com/users/danielkerr/events{/privacy}", "organizations_url": "https://api.github.com/users/danielkerr/orgs", "url": "https://api.github.com/users/danielkerr", "gists_url": "https://api.github.com/users/danielkerr/gists{/gist_id}", "html_url": "https://github.com/danielkerr", "subscriptions_url": "https://api.github.com/users/danielkerr/subscriptions", "avatar_url": "https://avatars.githubusercontent.com/u/5079756?v=3", "repos_url": "https://api.github.com/users/danielkerr/repos", "received_events_url": "https://api.github.com/users/danielkerr/received_events", "gravatar_id": "", "starred_url": "https://api.github.com/users/danielkerr/starred{/owner}{/repo}", "site_admin": false, "login": "danielkerr", "type": "User", "id": 5079756, "followers_url": "https://api.github.com/users/danielkerr/followers"}, "event": "subscribed", "issue": {"body": "Hi,\n\nI have configured SMTP and receiving the following error.\n\nNotice: Error: DATA not accepted from server! in /var/www/mydomain.com/system/library/mail.php on line 418\n\nI've confirmed that if i put the \"E-mail Address\" on the \"Contac Us\" form same as I have used while setting the smtp user then the email goes without error.\n", "labels": [], "locked": false, "title": "opencart v2.1.0.1 SMTP sender issue", "url": "https://api.github.com/repos/opencart/opencart/issues/3756", "labels_url": "https://api.github.com/repos/opencart/opencart/issues/3756/labels{/name}", "created_at": "2015-12-24T10:23:26Z", "events_url": "https://api.github.com/repos/opencart/opencart/issues/3756/events", "comments_url": "https://api.github.com/repos/opencart/opencart/issues/3756/comments", "html_url": "https://github.com/opencart/opencart/issues/3756", "comments": 35, "number": 3756, "updated_at": "2017-01-27T04:44:54Z", "assignee": null, "state": "closed", "user": {"following_url": "https://api.github.com/users/sheikhmunawar/following{/other_user}", "events_url": "https://api.github.com/users/sheikhmunawar/events{/privacy}", "organizations_url": "https://api.github.com/users/sheikhmunawar/orgs", "url": "https://api.github.com/users/sheikhmunawar", "gists_url": "https://api.github.com/users/sheikhmunawar/gists{/gist_id}", "html_url": "https://github.com/sheikhmunawar", "subscriptions_url": "https://api.github.com/users/sheikhmunawar/subscriptions", "avatar_url": "https://avatars.githubusercontent.com/u/4189428?v=3", "repos_url": "https://api.github.com/users/sheikhmunawar/repos", "received_events_url": "https://api.github.com/users/sheikhmunawar/received_events", "gravatar_id": "", "starred_url": "https://api.github.com/users/sheikhmunawar/starred{/owner}{/repo}", "site_admin": false, "login": "sheikhmunawar", "type": "User", "id": 4189428, "followers_url": "https://api.github.com/users/sheikhmunawar/followers"}, "milestone": null, "repository_url": "https://api.github.com/repos/opencart/opencart", "closed_at": "2016-08-12T13:27:20Z", "assignees": [], "id": 123786859}, "id": 535765513}, {"commit_id": null, "commit_url": null, "url": "https://api.github.com/repos/opencart/opencart/issues/events/535765512", "created_at": "2016-02-02T12:43:28Z", "actor": {"following_url": "https://api.github.com/users/danielkerr/following{/other_user}", "events_url": "https://api.github.com/users/danielkerr/events{/privacy}", "organizations_url": "https://api.github.com/users/danielkerr/orgs", "url": "https://api.github.com/users/danielkerr", "gists_url": "https://api.github.com/users/danielkerr/gists{/gist_id}", "html_url": "https://github.com/danielkerr", "subscriptions_url": "https://api.github.com/users/danielkerr/subscriptions", "avatar_url": "https://avatars.githubusercontent.com/u/5079756?v=3", "repos_url": "https://api.github.com/users/danielkerr/repos", "received_events_url": "https://api.github.com/users/danielkerr/received_events", "gravatar_id": "", "starred_url": "https://api.github.com/users/danielkerr/starred{/owner}{/repo}", "site_admin": false, "login": "danielkerr", "type": "User", "id": 5079756, "followers_url": "https://api.github.com/users/danielkerr/followers"}, "event": "mentioned", "issue": {"body": "Hi,\n\nI have configured SMTP and receiving the following error.\n\nNotice: Error: DATA not accepted from server! in /var/www/mydomain.com/system/library/mail.php on line 418\n\nI've confirmed that if i put the \"E-mail Address\" on the \"Contac Us\" form same as I have used while setting the smtp user then the email goes without error.\n", "labels": [], "locked": false, "title": "opencart v2.1.0.1 SMTP sender issue", "url": "https://api.github.com/repos/opencart/opencart/issues/3756", "labels_url": "https://api.github.com/repos/opencart/opencart/issues/3756/labels{/name}", "created_at": "2015-12-24T10:23:26Z", "events_url": "https://api.github.com/repos/opencart/opencart/issues/3756/events", "comments_url": "https://api.github.com/repos/opencart/opencart/issues/3756/comments", "html_url": "https://github.com/opencart/opencart/issues/3756", "comments": 35, "number": 3756, "updated_at": "2017-01-27T04:44:54Z", "assignee": null, "state": "closed", "user": {"following_url": "https://api.github.com/users/sheikhmunawar/following{/other_user}", "events_url": "https://api.github.com/users/sheikhmunawar/events{/privacy}", "organizations_url": "https://api.github.com/users/sheikhmunawar/orgs", "url": "https://api.github.com/users/sheikhmunawar", "gists_url": "https://api.github.com/users/sheikhmunawar/gists{/gist_id}", "html_url": "https://github.com/sheikhmunawar", "subscriptions_url": "https://api.github.com/users/sheikhmunawar/subscriptions", "avatar_url": "https://avatars.githubusercontent.com/u/4189428?v=3", "repos_url": "https://api.github.com/users/sheikhmunawar/repos", "received_events_url": "https://api.github.com/users/sheikhmunawar/received_events", "gravatar_id": "", "starred_url": "https://api.github.com/users/sheikhmunawar/starred{/owner}{/repo}", "site_admin": false, "login": "sheikhmunawar", "type": "User", "id": 4189428, "followers_url": "https://api.github.com/users/sheikhmunawar/followers"}, "milestone": null, "repository_url": "https://api.github.com/repos/opencart/opencart", "closed_at": "2016-08-12T13:27:20Z", "assignees": [], "id": 123786859}, "id": 535765512}, {"commit_id": null, "commit_url": null, "url": "https://api.github.com/repos/opencart/opencart/issues/events/535320423", "created_at": "2016-02-02T05:28:09Z", "actor": {"following_url": "https://api.github.com/users/danielkerr/following{/other_user}", "events_url": "https://api.github.com/users/danielkerr/events{/privacy}", "organizations_url": "https://api.github.com/users/danielkerr/orgs", "url": "https://api.github.com/users/danielkerr", "gists_url": "https://api.github.com/users/danielkerr/gists{/gist_id}", "html_url": "https://github.com/danielkerr", "subscriptions_url": "https://api.github.com/users/danielkerr/subscriptions", "avatar_url": "https://avatars.githubusercontent.com/u/5079756?v=3", "repos_url": "https://api.github.com/users/danielkerr/repos", "received_events_url": "https://api.github.com/users/danielkerr/received_events", "gravatar_id": "", "starred_url": "https://api.github.com/users/danielkerr/starred{/owner}{/repo}", "site_admin": false, "login": "danielkerr", "type": "User", "id": 5079756, "followers_url": "https://api.github.com/users/danielkerr/followers"}, "event": "closed", "issue": {"body": "Eg. file catalog/controller/api/order.php is find function 'token' (this in line 229)\n\n`'code'             => token(10),`\n\nis missing function loader? Can you add To after  line 4:\n\n`$this->load->helper('general');`\n\nsame issue is also in file admin/model/user/user.php\n", "labels": [], "locked": false, "title": "helper 'genera'l load", "url": "https://api.github.com/repos/opencart/opencart/issues/3897", "labels_url": "https://api.github.com/repos/opencart/opencart/issues/3897/labels{/name}", "created_at": "2016-01-31T09:33:37Z", "events_url": "https://api.github.com/repos/opencart/opencart/issues/3897/events", "comments_url": "https://api.github.com/repos/opencart/opencart/issues/3897/comments", "html_url": "https://github.com/opencart/opencart/issues/3897", "comments": 1, "number": 3897, "updated_at": "2016-02-02T05:28:13Z", "assignee": null, "state": "closed", "user": {"following_url": "https://api.github.com/users/pekka2/following{/other_user}", "events_url": "https://api.github.com/users/pekka2/events{/privacy}", "organizations_url": "https://api.github.com/users/pekka2/orgs", "url": "https://api.github.com/users/pekka2", "gists_url": "https://api.github.com/users/pekka2/gists{/gist_id}", "html_url": "https://github.com/pekka2", "subscriptions_url": "https://api.github.com/users/pekka2/subscriptions", "avatar_url": "https://avatars.githubusercontent.com/u/7931523?v=3", "repos_url": "https://api.github.com/users/pekka2/repos", "received_events_url": "https://api.github.com/users/pekka2/received_events", "gravatar_id": "", "starred_url": "https://api.github.com/users/pekka2/starred{/owner}{/repo}", "site_admin": false, "login": "pekka2", "type": "User", "id": 7931523, "followers_url": "https://api.github.com/users/pekka2/followers"}, "milestone": null, "repository_url": "https://api.github.com/repos/opencart/opencart", "closed_at": "2016-02-02T05:28:09Z", "assignees": [], "id": 130106936}, "id": 535320423}, {"commit_id": null, "commit_url": null, "url": "https://api.github.com/repos/opencart/opencart/issues/events/535319383", "created_at": "2016-02-02T05:26:47Z", "actor": {"following_url": "https://api.github.com/users/danielkerr/following{/other_user}", "events_url": "https://api.github.com/users/danielkerr/events{/privacy}", "organizations_url": "https://api.github.com/users/danielkerr/orgs", "url": "https://api.github.com/users/danielkerr", "gists_url": "https://api.github.com/users/danielkerr/gists{/gist_id}", "html_url": "https://github.com/danielkerr", "subscriptions_url": "https://api.github.com/users/danielkerr/subscriptions", "avatar_url": "https://avatars.githubusercontent.com/u/5079756?v=3", "repos_url": "https://api.github.com/users/danielkerr/repos", "received_events_url": "https://api.github.com/users/danielkerr/received_events", "gravatar_id": "", "starred_url": "https://api.github.com/users/danielkerr/starred{/owner}{/repo}", "site_admin": false, "login": "danielkerr", "type": "User", "id": 5079756, "followers_url": "https://api.github.com/users/danielkerr/followers"}, "event": "closed", "issue": {"body": "When I have an negative stock of A and a stock of 0 for B. Only B will show up in the out of stock list.\n\n> https://XXX/admin/index.php?route=catalog/product&token=XXX&filter_quantity=0\n", "labels": [], "locked": false, "title": "Negatif stock not showing up in out of stock list.", "url": "https://api.github.com/repos/opencart/opencart/issues/3902", "labels_url": "https://api.github.com/repos/opencart/opencart/issues/3902/labels{/name}", "created_at": "2016-02-01T23:57:46Z", "events_url": "https://api.github.com/repos/opencart/opencart/issues/3902/events", "comments_url": "https://api.github.com/repos/opencart/opencart/issues/3902/comments", "html_url": "https://github.com/opencart/opencart/issues/3902", "comments": 1, "number": 3902, "updated_at": "2016-02-02T05:26:51Z", "assignee": null, "state": "closed", "user": {"following_url": "https://api.github.com/users/icecoldfire/following{/other_user}", "events_url": "https://api.github.com/users/icecoldfire/events{/privacy}", "organizations_url": "https://api.github.com/users/icecoldfire/orgs", "url": "https://api.github.com/users/icecoldfire", "gists_url": "https://api.github.com/users/icecoldfire/gists{/gist_id}", "html_url": "https://github.com/icecoldfire", "subscriptions_url": "https://api.github.com/users/icecoldfire/subscriptions", "avatar_url": "https://avatars.githubusercontent.com/u/8460328?v=3", "repos_url": "https://api.github.com/users/icecoldfire/repos", "received_events_url": "https://api.github.com/users/icecoldfire/received_events", "gravatar_id": "", "starred_url": "https://api.github.com/users/icecoldfire/starred{/owner}{/repo}", "site_admin": false, "login": "icecoldfire", "type": "User", "id": 8460328, "followers_url": "https://api.github.com/users/icecoldfire/followers"}, "milestone": null, "repository_url": "https://api.github.com/repos/opencart/opencart", "closed_at": "2016-02-02T05:26:47Z", "assignees": [], "id": 130524090}, "id": 535319383}, {"commit_id": null, "rename": {"to": "Website problem Checkout", "from": "Website problem Checkout "}, "commit_url": null, "url": "https://api.github.com/repos/opencart/opencart/issues/events/534147056", "created_at": "2016-02-01T13:06:11Z", "actor": {"following_url": "https://api.github.com/users/danielkerr/following{/other_user}", "events_url": "https://api.github.com/users/danielkerr/events{/privacy}", "organizations_url": "https://api.github.com/users/danielkerr/orgs", "url": "https://api.github.com/users/danielkerr", "gists_url": "https://api.github.com/users/danielkerr/gists{/gist_id}", "html_url": "https://github.com/danielkerr", "subscriptions_url": "https://api.github.com/users/danielkerr/subscriptions", "avatar_url": "https://avatars.githubusercontent.com/u/5079756?v=3", "repos_url": "https://api.github.com/users/danielkerr/repos", "received_events_url": "https://api.github.com/users/danielkerr/received_events", "gravatar_id": "", "starred_url": "https://api.github.com/users/danielkerr/starred{/owner}{/repo}", "site_admin": false, "login": "danielkerr", "type": "User", "id": 5079756, "followers_url": "https://api.github.com/users/danielkerr/followers"}, "event": "renamed", "issue": {"body": "In the testing mode of a website when forgetting to select the terms and conditions rubric, the site seems to be crashing (version 2.X 1 )\n\n![screen shot 2016-02-01 at 14 14 31](https://cloud.githubusercontent.com/assets/535881/12717095/2e1598da-c8ee-11e5-93ac-17aef0494825.png)\n", "labels": [], "locked": false, "title": "Website problem Checkout", "url": "https://api.github.com/repos/opencart/opencart/issues/3901", "labels_url": "https://api.github.com/repos/opencart/opencart/issues/3901/labels{/name}", "created_at": "2016-02-01T12:18:07Z", "events_url": "https://api.github.com/repos/opencart/opencart/issues/3901/events", "comments_url": "https://api.github.com/repos/opencart/opencart/issues/3901/comments", "html_url": "https://github.com/opencart/opencart/issues/3901", "comments": 1, "number": 3901, "updated_at": "2016-02-01T13:06:11Z", "assignee": null, "state": "closed", "user": {"following_url": "https://api.github.com/users/sivi29y/following{/other_user}", "events_url": "https://api.github.com/users/sivi29y/events{/privacy}", "organizations_url": "https://api.github.com/users/sivi29y/orgs", "url": "https://api.github.com/users/sivi29y", "gists_url": "https://api.github.com/users/sivi29y/gists{/gist_id}", "html_url": "https://github.com/sivi29y", "subscriptions_url": "https://api.github.com/users/sivi29y/subscriptions", "avatar_url": "https://avatars.githubusercontent.com/u/535881?v=3", "repos_url": "https://api.github.com/users/sivi29y/repos", "received_events_url": "https://api.github.com/users/sivi29y/received_events", "gravatar_id": "", "starred_url": "https://api.github.com/users/sivi29y/starred{/owner}{/repo}", "site_admin": false, "login": "sivi29y", "type": "User", "id": 535881, "followers_url": "https://api.github.com/users/sivi29y/followers"}, "milestone": null, "repository_url": "https://api.github.com/repos/opencart/opencart", "closed_at": "2016-02-01T13:06:08Z", "assignees": [], "id": 130347266}, "id": 534147056}, {"commit_id": null, "commit_url": null, "url": "https://api.github.com/repos/opencart/opencart/issues/events/534147000", "created_at": "2016-02-01T13:06:08Z", "actor": {"following_url": "https://api.github.com/users/danielkerr/following{/other_user}", "events_url": "https://api.github.com/users/danielkerr/events{/privacy}", "organizations_url": "https://api.github.com/users/danielkerr/orgs", "url": "https://api.github.com/users/danielkerr", "gists_url": "https://api.github.com/users/danielkerr/gists{/gist_id}", "html_url": "https://github.com/danielkerr", "subscriptions_url": "https://api.github.com/users/danielkerr/subscriptions", "avatar_url": "https://avatars.githubusercontent.com/u/5079756?v=3", "repos_url": "https://api.github.com/users/danielkerr/repos", "received_events_url": "https://api.github.com/users/danielkerr/received_events", "gravatar_id": "", "starred_url": "https://api.github.com/users/danielkerr/starred{/owner}{/repo}", "site_admin": false, "login": "danielkerr", "type": "User", "id": 5079756, "followers_url": "https://api.github.com/users/danielkerr/followers"}, "event": "closed", "issue": {"body": "In the testing mode of a website when forgetting to select the terms and conditions rubric, the site seems to be crashing (version 2.X 1 )\n\n![screen shot 2016-02-01 at 14 14 31](https://cloud.githubusercontent.com/assets/535881/12717095/2e1598da-c8ee-11e5-93ac-17aef0494825.png)\n", "labels": [], "locked": false, "title": "Website problem Checkout", "url": "https://api.github.com/repos/opencart/opencart/issues/3901", "labels_url": "https://api.github.com/repos/opencart/opencart/issues/3901/labels{/name}", "created_at": "2016-02-01T12:18:07Z", "events_url": "https://api.github.com/repos/opencart/opencart/issues/3901/events", "comments_url": "https://api.github.com/repos/opencart/opencart/issues/3901/comments", "html_url": "https://github.com/opencart/opencart/issues/3901", "comments": 1, "number": 3901, "updated_at": "2016-02-01T13:06:11Z", "assignee": null, "state": "closed", "user": {"following_url": "https://api.github.com/users/sivi29y/following{/other_user}", "events_url": "https://api.github.com/users/sivi29y/events{/privacy}", "organizations_url": "https://api.github.com/users/sivi29y/orgs", "url": "https://api.github.com/users/sivi29y", "gists_url": "https://api.github.com/users/sivi29y/gists{/gist_id}", "html_url": "https://github.com/sivi29y", "subscriptions_url": "https://api.github.com/users/sivi29y/subscriptions", "avatar_url": "https://avatars.githubusercontent.com/u/535881?v=3", "repos_url": "https://api.github.com/users/sivi29y/repos", "received_events_url": "https://api.github.com/users/sivi29y/received_events", "gravatar_id": "", "starred_url": "https://api.github.com/users/sivi29y/starred{/owner}{/repo}", "site_admin": false, "login": "sivi29y", "type": "User", "id": 535881, "followers_url": "https://api.github.com/users/sivi29y/followers"}, "milestone": null, "repository_url": "https://api.github.com/repos/opencart/opencart", "closed_at": "2016-02-01T13:06:08Z", "assignees": [], "id": 130347266}, "id": 534147000}, {"commit_id": null, "commit_url": null, "url": "https://api.github.com/repos/opencart/opencart/issues/events/533801972", "created_at": "2016-02-01T08:12:59Z", "actor": {"following_url": "https://api.github.com/users/danielkerr/following{/other_user}", "events_url": "https://api.github.com/users/danielkerr/events{/privacy}", "organizations_url": "https://api.github.com/users/danielkerr/orgs", "url": "https://api.github.com/users/danielkerr", "gists_url": "https://api.github.com/users/danielkerr/gists{/gist_id}", "html_url": "https://github.com/danielkerr", "subscriptions_url": "https://api.github.com/users/danielkerr/subscriptions", "avatar_url": "https://avatars.githubusercontent.com/u/5079756?v=3", "repos_url": "https://api.github.com/users/danielkerr/repos", "received_events_url": "https://api.github.com/users/danielkerr/received_events", "gravatar_id": "", "starred_url": "https://api.github.com/users/danielkerr/starred{/owner}{/repo}", "site_admin": false, "login": "danielkerr", "type": "User", "id": 5079756, "followers_url": "https://api.github.com/users/danielkerr/followers"}, "event": "subscribed", "issue": {"body": "", "labels": [], "locked": false, "title": "Svayam", "url": "https://api.github.com/repos/opencart/opencart/issues/3882", "labels_url": "https://api.github.com/repos/opencart/opencart/issues/3882/labels{/name}", "created_at": "2016-01-28T12:05:11Z", "events_url": "https://api.github.com/repos/opencart/opencart/issues/3882/events", "comments_url": "https://api.github.com/repos/opencart/opencart/issues/3882/comments", "html_url": "https://github.com/opencart/opencart/issues/3882", "comments": 1, "number": 3882, "updated_at": "2016-02-27T07:59:01Z", "assignee": null, "state": "closed", "user": {"following_url": "https://api.github.com/users/svayamalhotra/following{/other_user}", "events_url": "https://api.github.com/users/svayamalhotra/events{/privacy}", "organizations_url": "https://api.github.com/users/svayamalhotra/orgs", "url": "https://api.github.com/users/svayamalhotra", "gists_url": "https://api.github.com/users/svayamalhotra/gists{/gist_id}", "html_url": "https://github.com/svayamalhotra", "subscriptions_url": "https://api.github.com/users/svayamalhotra/subscriptions", "avatar_url": "https://avatars.githubusercontent.com/u/8280367?v=3", "repos_url": "https://api.github.com/users/svayamalhotra/repos", "received_events_url": "https://api.github.com/users/svayamalhotra/received_events", "gravatar_id": "", "starred_url": "https://api.github.com/users/svayamalhotra/starred{/owner}{/repo}", "site_admin": false, "login": "svayamalhotra", "type": "User", "id": 8280367, "followers_url": "https://api.github.com/users/svayamalhotra/followers"}, "milestone": null, "repository_url": "https://api.github.com/repos/opencart/opencart", "closed_at": "2016-01-28T14:00:07Z", "assignees": [], "id": 129431879}, "id": 533801972}, {"commit_id": null, "commit_url": null, "url": "https://api.github.com/repos/opencart/opencart/issues/events/533801971", "created_at": "2016-02-01T08:12:59Z", "actor": {"following_url": "https://api.github.com/users/danielkerr/following{/other_user}", "events_url": "https://api.github.com/users/danielkerr/events{/privacy}", "organizations_url": "https://api.github.com/users/danielkerr/orgs", "url": "https://api.github.com/users/danielkerr", "gists_url": "https://api.github.com/users/danielkerr/gists{/gist_id}", "html_url": "https://github.com/danielkerr", "subscriptions_url": "https://api.github.com/users/danielkerr/subscriptions", "avatar_url": "https://avatars.githubusercontent.com/u/5079756?v=3", "repos_url": "https://api.github.com/users/danielkerr/repos", "received_events_url": "https://api.github.com/users/danielkerr/received_events", "gravatar_id": "", "starred_url": "https://api.github.com/users/danielkerr/starred{/owner}{/repo}", "site_admin": false, "login": "danielkerr", "type": "User", "id": 5079756, "followers_url": "https://api.github.com/users/danielkerr/followers"}, "event": "mentioned", "issue": {"body": "", "labels": [], "locked": false, "title": "Svayam", "url": "https://api.github.com/repos/opencart/opencart/issues/3882", "labels_url": "https://api.github.com/repos/opencart/opencart/issues/3882/labels{/name}", "created_at": "2016-01-28T12:05:11Z", "events_url": "https://api.github.com/repos/opencart/opencart/issues/3882/events", "comments_url": "https://api.github.com/repos/opencart/opencart/issues/3882/comments", "html_url": "https://github.com/opencart/opencart/issues/3882", "comments": 1, "number": 3882, "updated_at": "2016-02-27T07:59:01Z", "assignee": null, "state": "closed", "user": {"following_url": "https://api.github.com/users/svayamalhotra/following{/other_user}", "events_url": "https://api.github.com/users/svayamalhotra/events{/privacy}", "organizations_url": "https://api.github.com/users/svayamalhotra/orgs", "url": "https://api.github.com/users/svayamalhotra", "gists_url": "https://api.github.com/users/svayamalhotra/gists{/gist_id}", "html_url": "https://github.com/svayamalhotra", "subscriptions_url": "https://api.github.com/users/svayamalhotra/subscriptions", "avatar_url": "https://avatars.githubusercontent.com/u/8280367?v=3", "repos_url": "https://api.github.com/users/svayamalhotra/repos", "received_events_url": "https://api.github.com/users/svayamalhotra/received_events", "gravatar_id": "", "starred_url": "https://api.github.com/users/svayamalhotra/starred{/owner}{/repo}", "site_admin": false, "login": "svayamalhotra", "type": "User", "id": 8280367, "followers_url": "https://api.github.com/users/svayamalhotra/followers"}, "milestone": null, "repository_url": "https://api.github.com/repos/opencart/opencart", "closed_at": "2016-01-28T14:00:07Z", "assignees": [], "id": 129431879}, "id": 533801971}, {"commit_id": null, "commit_url": null, "url": "https://api.github.com/repos/opencart/opencart/issues/events/533747777", "created_at": "2016-02-01T07:01:20Z", "actor": {"following_url": "https://api.github.com/users/danielkerr/following{/other_user}", "events_url": "https://api.github.com/users/danielkerr/events{/privacy}", "organizations_url": "https://api.github.com/users/danielkerr/orgs", "url": "https://api.github.com/users/danielkerr", "gists_url": "https://api.github.com/users/danielkerr/gists{/gist_id}", "html_url": "https://github.com/danielkerr", "subscriptions_url": "https://api.github.com/users/danielkerr/subscriptions", "avatar_url": "https://avatars.githubusercontent.com/u/5079756?v=3", "repos_url": "https://api.github.com/users/danielkerr/repos", "received_events_url": "https://api.github.com/users/danielkerr/received_events", "gravatar_id": "", "starred_url": "https://api.github.com/users/danielkerr/starred{/owner}{/repo}", "site_admin": false, "login": "danielkerr", "type": "User", "id": 5079756, "followers_url": "https://api.github.com/users/danielkerr/followers"}, "event": "closed", "issue": {"body": "Got\n\n```\nhttp://some.domain.com/admin/index.php?route=common/reset&amp;code=7719a49859d4f75c76bd2fabbe3ae17e4847faf8\n```\n\nShould be\n\n```\nhttp://some.domain.com/admin/index.php?route=common/reset&code=7719a49859d4f75c76bd2fabbe3ae17e4847faf8\n```\n", "labels": [], "locked": false, "title": "[2.1.0.1] Incorrect password reset link", "url": "https://api.github.com/repos/opencart/opencart/issues/3874", "labels_url": "https://api.github.com/repos/opencart/opencart/issues/3874/labels{/name}", "created_at": "2016-01-27T07:15:26Z", "events_url": "https://api.github.com/repos/opencart/opencart/issues/3874/events", "comments_url": "https://api.github.com/repos/opencart/opencart/issues/3874/comments", "html_url": "https://github.com/opencart/opencart/issues/3874", "comments": 2, "number": 3874, "updated_at": "2016-02-01T07:01:23Z", "assignee": null, "state": "closed", "user": {"following_url": "https://api.github.com/users/lexand/following{/other_user}", "events_url": "https://api.github.com/users/lexand/events{/privacy}", "organizations_url": "https://api.github.com/users/lexand/orgs", "url": "https://api.github.com/users/lexand", "gists_url": "https://api.github.com/users/lexand/gists{/gist_id}", "html_url": "https://github.com/lexand", "subscriptions_url": "https://api.github.com/users/lexand/subscriptions", "avatar_url": "https://avatars.githubusercontent.com/u/927515?v=3", "repos_url": "https://api.github.com/users/lexand/repos", "received_events_url": "https://api.github.com/users/lexand/received_events", "gravatar_id": "", "starred_url": "https://api.github.com/users/lexand/starred{/owner}{/repo}", "site_admin": false, "login": "lexand", "type": "User", "id": 927515, "followers_url": "https://api.github.com/users/lexand/followers"}, "milestone": null, "repository_url": "https://api.github.com/repos/opencart/opencart", "closed_at": "2016-02-01T07:01:20Z", "assignees": [], "id": 129056957}, "id": 533747777}, {"commit_id": null, "commit_url": null, "url": "https://api.github.com/repos/opencart/opencart/issues/events/533747005", "created_at": "2016-02-01T07:00:43Z", "actor": {"following_url": "https://api.github.com/users/danielkerr/following{/other_user}", "events_url": "https://api.github.com/users/danielkerr/events{/privacy}", "organizations_url": "https://api.github.com/users/danielkerr/orgs", "url": "https://api.github.com/users/danielkerr", "gists_url": "https://api.github.com/users/danielkerr/gists{/gist_id}", "html_url": "https://github.com/danielkerr", "subscriptions_url": "https://api.github.com/users/danielkerr/subscriptions", "avatar_url": "https://avatars.githubusercontent.com/u/5079756?v=3", "repos_url": "https://api.github.com/users/danielkerr/repos", "received_events_url": "https://api.github.com/users/danielkerr/received_events", "gravatar_id": "", "starred_url": "https://api.github.com/users/danielkerr/starred{/owner}{/repo}", "site_admin": false, "login": "danielkerr", "type": "User", "id": 5079756, "followers_url": "https://api.github.com/users/danielkerr/followers"}, "event": "closed", "issue": {"labels": [], "number": 3899, "assignee": null, "repository_url": "https://api.github.com/repos/opencart/opencart", "closed_at": "2016-02-01T07:00:43Z", "id": 130274903, "title": "Fix the issue with admin password reset link in email", "pull_request": {"url": "https://api.github.com/repos/opencart/opencart/pulls/3899", "diff_url": "https://github.com/opencart/opencart/pull/3899.diff", "html_url": "https://github.com/opencart/opencart/pull/3899", "patch_url": "https://github.com/opencart/opencart/pull/3899.patch"}, "comments": 0, "state": "closed", "body": "@danielkerr : im sorry, im not really understand by what you mean on this comment > https://github.com/opencart/opencart/pull/3895, perhaps you want me to open a pull request with 1 commit only. thanks\n", "labels_url": "https://api.github.com/repos/opencart/opencart/issues/3899/labels{/name}", "events_url": "https://api.github.com/repos/opencart/opencart/issues/3899/events", "comments_url": "https://api.github.com/repos/opencart/opencart/issues/3899/comments", "html_url": "https://github.com/opencart/opencart/pull/3899", "updated_at": "2016-03-04T11:11:03Z", "user": {"following_url": "https://api.github.com/users/ocextension/following{/other_user}", "events_url": "https://api.github.com/users/ocextension/events{/privacy}", "organizations_url": "https://api.github.com/users/ocextension/orgs", "url": "https://api.github.com/users/ocextension", "gists_url": "https://api.github.com/users/ocextension/gists{/gist_id}", "html_url": "https://github.com/ocextension", "subscriptions_url": "https://api.github.com/users/ocextension/subscriptions", "avatar_url": "https://avatars.githubusercontent.com/u/15631453?v=3", "repos_url": "https://api.github.com/users/ocextension/repos", "received_events_url": "https://api.github.com/users/ocextension/received_events", "gravatar_id": "", "starred_url": "https://api.github.com/users/ocextension/starred{/owner}{/repo}", "site_admin": false, "login": "ocextension", "type": "User", "id": 15631453, "followers_url": "https://api.github.com/users/ocextension/followers"}, "milestone": null, "locked": false, "url": "https://api.github.com/repos/opencart/opencart/issues/3899", "created_at": "2016-02-01T06:44:04Z", "assignees": []}, "id": 533747005}, {"commit_id": "bfbbbe67e6b85d3a0a943e20db513ac106ba5897", "commit_url": "https://api.github.com/repos/opencart/opencart/commits/bfbbbe67e6b85d3a0a943e20db513ac106ba5897", "url": "https://api.github.com/repos/opencart/opencart/issues/events/533747003", "created_at": "2016-02-01T07:00:43Z", "actor": {"following_url": "https://api.github.com/users/danielkerr/following{/other_user}", "events_url": "https://api.github.com/users/danielkerr/events{/privacy}", "organizations_url": "https://api.github.com/users/danielkerr/orgs", "url": "https://api.github.com/users/danielkerr", "gists_url": "https://api.github.com/users/danielkerr/gists{/gist_id}", "html_url": "https://github.com/danielkerr", "subscriptions_url": "https://api.github.com/users/danielkerr/subscriptions", "avatar_url": "https://avatars.githubusercontent.com/u/5079756?v=3", "repos_url": "https://api.github.com/users/danielkerr/repos", "received_events_url": "https://api.github.com/users/danielkerr/received_events", "gravatar_id": "", "starred_url": "https://api.github.com/users/danielkerr/starred{/owner}{/repo}", "site_admin": false, "login": "danielkerr", "type": "User", "id": 5079756, "followers_url": "https://api.github.com/users/danielkerr/followers"}, "event": "merged", "issue": {"labels": [], "number": 3899, "assignee": null, "repository_url": "https://api.github.com/repos/opencart/opencart", "closed_at": "2016-02-01T07:00:43Z", "id": 130274903, "title": "Fix the issue with admin password reset link in email", "pull_request": {"url": "https://api.github.com/repos/opencart/opencart/pulls/3899", "diff_url": "https://github.com/opencart/opencart/pull/3899.diff", "html_url": "https://github.com/opencart/opencart/pull/3899", "patch_url": "https://github.com/opencart/opencart/pull/3899.patch"}, "comments": 0, "state": "closed", "body": "@danielkerr : im sorry, im not really understand by what you mean on this comment > https://github.com/opencart/opencart/pull/3895, perhaps you want me to open a pull request with 1 commit only. thanks\n", "labels_url": "https://api.github.com/repos/opencart/opencart/issues/3899/labels{/name}", "events_url": "https://api.github.com/repos/opencart/opencart/issues/3899/events", "comments_url": "https://api.github.com/repos/opencart/opencart/issues/3899/comments", "html_url": "https://github.com/opencart/opencart/pull/3899", "updated_at": "2016-03-04T11:11:03Z", "user": {"following_url": "https://api.github.com/users/ocextension/following{/other_user}", "events_url": "https://api.github.com/users/ocextension/events{/privacy}", "organizations_url": "https://api.github.com/users/ocextension/orgs", "url": "https://api.github.com/users/ocextension", "gists_url": "https://api.github.com/users/ocextension/gists{/gist_id}", "html_url": "https://github.com/ocextension", "subscriptions_url": "https://api.github.com/users/ocextension/subscriptions", "avatar_url": "https://avatars.githubusercontent.com/u/15631453?v=3", "repos_url": "https://api.github.com/users/ocextension/repos", "received_events_url": "https://api.github.com/users/ocextension/received_events", "gravatar_id": "", "starred_url": "https://api.github.com/users/ocextension/starred{/owner}{/repo}", "site_admin": false, "login": "ocextension", "type": "User", "id": 15631453, "followers_url": "https://api.github.com/users/ocextension/followers"}, "milestone": null, "locked": false, "url": "https://api.github.com/repos/opencart/opencart/issues/3899", "created_at": "2016-02-01T06:44:04Z", "assignees": []}, "id": 533747003}, {"commit_id": "bfbbbe67e6b85d3a0a943e20db513ac106ba5897", "commit_url": "https://api.github.com/repos/opencart/opencart/commits/bfbbbe67e6b85d3a0a943e20db513ac106ba5897", "url": "https://api.github.com/repos/opencart/opencart/issues/events/533747002", "created_at": "2016-02-01T07:00:43Z", "actor": {"following_url": "https://api.github.com/users/danielkerr/following{/other_user}", "events_url": "https://api.github.com/users/danielkerr/events{/privacy}", "organizations_url": "https://api.github.com/users/danielkerr/orgs", "url": "https://api.github.com/users/danielkerr", "gists_url": "https://api.github.com/users/danielkerr/gists{/gist_id}", "html_url": "https://github.com/danielkerr", "subscriptions_url": "https://api.github.com/users/danielkerr/subscriptions", "avatar_url": "https://avatars.githubusercontent.com/u/5079756?v=3", "repos_url": "https://api.github.com/users/danielkerr/repos", "received_events_url": "https://api.github.com/users/danielkerr/received_events", "gravatar_id": "", "starred_url": "https://api.github.com/users/danielkerr/starred{/owner}{/repo}", "site_admin": false, "login": "danielkerr", "type": "User", "id": 5079756, "followers_url": "https://api.github.com/users/danielkerr/followers"}, "event": "referenced", "issue": {"labels": [], "number": 3899, "assignee": null, "repository_url": "https://api.github.com/repos/opencart/opencart", "closed_at": "2016-02-01T07:00:43Z", "id": 130274903, "title": "Fix the issue with admin password reset link in email", "pull_request": {"url": "https://api.github.com/repos/opencart/opencart/pulls/3899", "diff_url": "https://github.com/opencart/opencart/pull/3899.diff", "html_url": "https://github.com/opencart/opencart/pull/3899", "patch_url": "https://github.com/opencart/opencart/pull/3899.patch"}, "comments": 0, "state": "closed", "body": "@danielkerr : im sorry, im not really understand by what you mean on this comment > https://github.com/opencart/opencart/pull/3895, perhaps you want me to open a pull request with 1 commit only. thanks\n", "labels_url": "https://api.github.com/repos/opencart/opencart/issues/3899/labels{/name}", "events_url": "https://api.github.com/repos/opencart/opencart/issues/3899/events", "comments_url": "https://api.github.com/repos/opencart/opencart/issues/3899/comments", "html_url": "https://github.com/opencart/opencart/pull/3899", "updated_at": "2016-03-04T11:11:03Z", "user": {"following_url": "https://api.github.com/users/ocextension/following{/other_user}", "events_url": "https://api.github.com/users/ocextension/events{/privacy}", "organizations_url": "https://api.github.com/users/ocextension/orgs", "url": "https://api.github.com/users/ocextension", "gists_url": "https://api.github.com/users/ocextension/gists{/gist_id}", "html_url": "https://github.com/ocextension", "subscriptions_url": "https://api.github.com/users/ocextension/subscriptions", "avatar_url": "https://avatars.githubusercontent.com/u/15631453?v=3", "repos_url": "https://api.github.com/users/ocextension/repos", "received_events_url": "https://api.github.com/users/ocextension/received_events", "gravatar_id": "", "starred_url": "https://api.github.com/users/ocextension/starred{/owner}{/repo}", "site_admin": false, "login": "ocextension", "type": "User", "id": 15631453, "followers_url": "https://api.github.com/users/ocextension/followers"}, "milestone": null, "locked": false, "url": "https://api.github.com/repos/opencart/opencart/issues/3899", "created_at": "2016-02-01T06:44:04Z", "assignees": []}, "id": 533747002}, {"commit_id": null, "commit_url": null, "url": "https://api.github.com/repos/opencart/opencart/issues/events/533730555", "created_at": "2016-02-01T06:44:04Z", "actor": {"following_url": "https://api.github.com/users/danielkerr/following{/other_user}", "events_url": "https://api.github.com/users/danielkerr/events{/privacy}", "organizations_url": "https://api.github.com/users/danielkerr/orgs", "url": "https://api.github.com/users/danielkerr", "gists_url": "https://api.github.com/users/danielkerr/gists{/gist_id}", "html_url": "https://github.com/danielkerr", "subscriptions_url": "https://api.github.com/users/danielkerr/subscriptions", "avatar_url": "https://avatars.githubusercontent.com/u/5079756?v=3", "repos_url": "https://api.github.com/users/danielkerr/repos", "received_events_url": "https://api.github.com/users/danielkerr/received_events", "gravatar_id": "", "starred_url": "https://api.github.com/users/danielkerr/starred{/owner}{/repo}", "site_admin": false, "login": "danielkerr", "type": "User", "id": 5079756, "followers_url": "https://api.github.com/users/danielkerr/followers"}, "event": "subscribed", "issue": {"labels": [], "number": 3899, "assignee": null, "repository_url": "https://api.github.com/repos/opencart/opencart", "closed_at": "2016-02-01T07:00:43Z", "id": 130274903, "title": "Fix the issue with admin password reset link in email", "pull_request": {"url": "https://api.github.com/repos/opencart/opencart/pulls/3899", "diff_url": "https://github.com/opencart/opencart/pull/3899.diff", "html_url": "https://github.com/opencart/opencart/pull/3899", "patch_url": "https://github.com/opencart/opencart/pull/3899.patch"}, "comments": 0, "state": "closed", "body": "@danielkerr : im sorry, im not really understand by what you mean on this comment > https://github.com/opencart/opencart/pull/3895, perhaps you want me to open a pull request with 1 commit only. thanks\n", "labels_url": "https://api.github.com/repos/opencart/opencart/issues/3899/labels{/name}", "events_url": "https://api.github.com/repos/opencart/opencart/issues/3899/events", "comments_url": "https://api.github.com/repos/opencart/opencart/issues/3899/comments", "html_url": "https://github.com/opencart/opencart/pull/3899", "updated_at": "2016-03-04T11:11:03Z", "user": {"following_url": "https://api.github.com/users/ocextension/following{/other_user}", "events_url": "https://api.github.com/users/ocextension/events{/privacy}", "organizations_url": "https://api.github.com/users/ocextension/orgs", "url": "https://api.github.com/users/ocextension", "gists_url": "https://api.github.com/users/ocextension/gists{/gist_id}", "html_url": "https://github.com/ocextension", "subscriptions_url": "https://api.github.com/users/ocextension/subscriptions", "avatar_url": "https://avatars.githubusercontent.com/u/15631453?v=3", "repos_url": "https://api.github.com/users/ocextension/repos", "received_events_url": "https://api.github.com/users/ocextension/received_events", "gravatar_id": "", "starred_url": "https://api.github.com/users/ocextension/starred{/owner}{/repo}", "site_admin": false, "login": "ocextension", "type": "User", "id": 15631453, "followers_url": "https://api.github.com/users/ocextension/followers"}, "milestone": null, "locked": false, "url": "https://api.github.com/repos/opencart/opencart/issues/3899", "created_at": "2016-02-01T06:44:04Z", "assignees": []}, "id": 533730555}, {"commit_id": null, "commit_url": null, "url": "https://api.github.com/repos/opencart/opencart/issues/events/533730554", "created_at": "2016-02-01T06:44:04Z", "actor": {"following_url": "https://api.github.com/users/danielkerr/following{/other_user}", "events_url": "https://api.github.com/users/danielkerr/events{/privacy}", "organizations_url": "https://api.github.com/users/danielkerr/orgs", "url": "https://api.github.com/users/danielkerr", "gists_url": "https://api.github.com/users/danielkerr/gists{/gist_id}", "html_url": "https://github.com/danielkerr", "subscriptions_url": "https://api.github.com/users/danielkerr/subscriptions", "avatar_url": "https://avatars.githubusercontent.com/u/5079756?v=3", "repos_url": "https://api.github.com/users/danielkerr/repos", "received_events_url": "https://api.github.com/users/danielkerr/received_events", "gravatar_id": "", "starred_url": "https://api.github.com/users/danielkerr/starred{/owner}{/repo}", "site_admin": false, "login": "danielkerr", "type": "User", "id": 5079756, "followers_url": "https://api.github.com/users/danielkerr/followers"}, "event": "mentioned", "issue": {"labels": [], "number": 3899, "assignee": null, "repository_url": "https://api.github.com/repos/opencart/opencart", "closed_at": "2016-02-01T07:00:43Z", "id": 130274903, "title": "Fix the issue with admin password reset link in email", "pull_request": {"url": "https://api.github.com/repos/opencart/opencart/pulls/3899", "diff_url": "https://github.com/opencart/opencart/pull/3899.diff", "html_url": "https://github.com/opencart/opencart/pull/3899", "patch_url": "https://github.com/opencart/opencart/pull/3899.patch"}, "comments": 0, "state": "closed", "body": "@danielkerr : im sorry, im not really understand by what you mean on this comment > https://github.com/opencart/opencart/pull/3895, perhaps you want me to open a pull request with 1 commit only. thanks\n", "labels_url": "https://api.github.com/repos/opencart/opencart/issues/3899/labels{/name}", "events_url": "https://api.github.com/repos/opencart/opencart/issues/3899/events", "comments_url": "https://api.github.com/repos/opencart/opencart/issues/3899/comments", "html_url": "https://github.com/opencart/opencart/pull/3899", "updated_at": "2016-03-04T11:11:03Z", "user": {"following_url": "https://api.github.com/users/ocextension/following{/other_user}", "events_url": "https://api.github.com/users/ocextension/events{/privacy}", "organizations_url": "https://api.github.com/users/ocextension/orgs", "url": "https://api.github.com/users/ocextension", "gists_url": "https://api.github.com/users/ocextension/gists{/gist_id}", "html_url": "https://github.com/ocextension", "subscriptions_url": "https://api.github.com/users/ocextension/subscriptions", "avatar_url": "https://avatars.githubusercontent.com/u/15631453?v=3", "repos_url": "https://api.github.com/users/ocextension/repos", "received_events_url": "https://api.github.com/users/ocextension/received_events", "gravatar_id": "", "starred_url": "https://api.github.com/users/ocextension/starred{/owner}{/repo}", "site_admin": false, "login": "ocextension", "type": "User", "id": 15631453, "followers_url": "https://api.github.com/users/ocextension/followers"}, "milestone": null, "locked": false, "url": "https://api.github.com/repos/opencart/opencart/issues/3899", "created_at": "2016-02-01T06:44:04Z", "assignees": []}, "id": 533730554}, {"commit_id": null, "commit_url": null, "url": "https://api.github.com/repos/opencart/opencart/issues/events/533720885", "created_at": "2016-02-01T06:30:08Z", "actor": {"following_url": "https://api.github.com/users/ocextension/following{/other_user}", "events_url": "https://api.github.com/users/ocextension/events{/privacy}", "organizations_url": "https://api.github.com/users/ocextension/orgs", "url": "https://api.github.com/users/ocextension", "gists_url": "https://api.github.com/users/ocextension/gists{/gist_id}", "html_url": "https://github.com/ocextension", "subscriptions_url": "https://api.github.com/users/ocextension/subscriptions", "avatar_url": "https://avatars.githubusercontent.com/u/15631453?v=3", "repos_url": "https://api.github.com/users/ocextension/repos", "received_events_url": "https://api.github.com/users/ocextension/received_events", "gravatar_id": "", "starred_url": "https://api.github.com/users/ocextension/starred{/owner}{/repo}", "site_admin": false, "login": "ocextension", "type": "User", "id": 15631453, "followers_url": "https://api.github.com/users/ocextension/followers"}, "event": "head_ref_deleted", "issue": {"labels": [], "number": 3895, "assignee": null, "repository_url": "https://api.github.com/repos/opencart/opencart", "closed_at": "2016-02-01T06:30:08Z", "id": 130018570, "title": "Fix the admin reset password link from email", "pull_request": {"url": "https://api.github.com/repos/opencart/opencart/pulls/3895", "diff_url": "https://github.com/opencart/opencart/pull/3895.diff", "html_url": "https://github.com/opencart/opencart/pull/3895", "patch_url": "https://github.com/opencart/opencart/pull/3895.patch"}, "comments": 1, "state": "closed", "body": "", "labels_url": "https://api.github.com/repos/opencart/opencart/issues/3895/labels{/name}", "events_url": "https://api.github.com/repos/opencart/opencart/issues/3895/events", "comments_url": "https://api.github.com/repos/opencart/opencart/issues/3895/comments", "html_url": "https://github.com/opencart/opencart/pull/3895", "updated_at": "2016-02-01T06:30:12Z", "user": {"following_url": "https://api.github.com/users/ocextension/following{/other_user}", "events_url": "https://api.github.com/users/ocextension/events{/privacy}", "organizations_url": "https://api.github.com/users/ocextension/orgs", "url": "https://api.github.com/users/ocextension", "gists_url": "https://api.github.com/users/ocextension/gists{/gist_id}", "html_url": "https://github.com/ocextension", "subscriptions_url": "https://api.github.com/users/ocextension/subscriptions", "avatar_url": "https://avatars.githubusercontent.com/u/15631453?v=3", "repos_url": "https://api.github.com/users/ocextension/repos", "received_events_url": "https://api.github.com/users/ocextension/received_events", "gravatar_id": "", "starred_url": "https://api.github.com/users/ocextension/starred{/owner}{/repo}", "site_admin": false, "login": "ocextension", "type": "User", "id": 15631453, "followers_url": "https://api.github.com/users/ocextension/followers"}, "milestone": null, "locked": false, "url": "https://api.github.com/repos/opencart/opencart/issues/3895", "created_at": "2016-01-30T18:01:41Z", "assignees": []}, "id": 533720885}]