[{"commit_id": null, "commit_url": null, "url": "https://api.github.com/repos/opencart/opencart/issues/events/22706424", "created_at": "2012-08-15T03:19:27Z", "actor": {"following_url": "https://api.github.com/users/opencart/following{/other_user}", "events_url": "https://api.github.com/users/opencart/events{/privacy}", "organizations_url": "https://api.github.com/users/opencart/orgs", "url": "https://api.github.com/users/opencart", "gists_url": "https://api.github.com/users/opencart/gists{/gist_id}", "html_url": "https://github.com/opencart", "subscriptions_url": "https://api.github.com/users/opencart/subscriptions", "avatar_url": "https://avatars.githubusercontent.com/u/214225?v=3", "repos_url": "https://api.github.com/users/opencart/repos", "received_events_url": "https://api.github.com/users/opencart/received_events", "gravatar_id": "", "starred_url": "https://api.github.com/users/opencart/starred{/owner}{/repo}", "site_admin": false, "login": "opencart", "type": "Organization", "id": 214225, "followers_url": "https://api.github.com/users/opencart/followers"}, "event": "closed", "issue": {"body": "When you removed download/index.html in 437d0dfcfa01e406a40f440baf55f39d2a6221b5 git also removed download directory from storage. This causes errors like that on live installations:\n\nWarning: fopen(/home/web/sites/pirate-party.ru/shop/download/test): failed to open stream: No such file or directory in <path>/admin/controller/common/home.php on line 99\nWarning: fwrite() expects parameter 1 to be resource, boolean given in <path>/admin/controller/common/home.php on line 101\nWarning: fclose() expects parameter 1 to be resource, boolean given in <path>/admin/controller/common/home.php on line 103\nWarning: sprintf(): Too few arguments in <path>/admin/controller/common/home.php on line 106\n\nSo, I think, install.php should check for DOWNLOAD_DIR and create it if it is missed (even on upgrade step, I think)\n", "labels": [], "locked": false, "title": "missed download directory", "url": "https://api.github.com/repos/opencart/opencart/issues/63", "labels_url": "https://api.github.com/repos/opencart/opencart/issues/63/labels{/name}", "created_at": "2012-08-14T19:45:25Z", "events_url": "https://api.github.com/repos/opencart/opencart/issues/63/events", "comments_url": "https://api.github.com/repos/opencart/opencart/issues/63/comments", "html_url": "https://github.com/opencart/opencart/issues/63", "comments": 1, "number": 63, "updated_at": "2012-08-15T03:19:27Z", "assignee": null, "state": "closed", "user": {"following_url": "https://api.github.com/users/msva/following{/other_user}", "events_url": "https://api.github.com/users/msva/events{/privacy}", "organizations_url": "https://api.github.com/users/msva/orgs", "url": "https://api.github.com/users/msva", "gists_url": "https://api.github.com/users/msva/gists{/gist_id}", "html_url": "https://github.com/msva", "subscriptions_url": "https://api.github.com/users/msva/subscriptions", "avatar_url": "https://avatars.githubusercontent.com/u/268102?v=3", "repos_url": "https://api.github.com/users/msva/repos", "received_events_url": "https://api.github.com/users/msva/received_events", "gravatar_id": "", "starred_url": "https://api.github.com/users/msva/starred{/owner}{/repo}", "site_admin": false, "login": "msva", "type": "User", "id": 268102, "followers_url": "https://api.github.com/users/msva/followers"}, "milestone": null, "repository_url": "https://api.github.com/repos/opencart/opencart", "closed_at": "2012-08-15T03:19:27Z", "assignees": [], "id": 6225347}, "id": 22706424}, {"commit_id": null, "commit_url": null, "url": "https://api.github.com/repos/opencart/opencart/issues/events/22706344", "created_at": "2012-08-15T03:16:37Z", "actor": {"following_url": "https://api.github.com/users/opencart/following{/other_user}", "events_url": "https://api.github.com/users/opencart/events{/privacy}", "organizations_url": "https://api.github.com/users/opencart/orgs", "url": "https://api.github.com/users/opencart", "gists_url": "https://api.github.com/users/opencart/gists{/gist_id}", "html_url": "https://github.com/opencart", "subscriptions_url": "https://api.github.com/users/opencart/subscriptions", "avatar_url": "https://avatars.githubusercontent.com/u/214225?v=3", "repos_url": "https://api.github.com/users/opencart/repos", "received_events_url": "https://api.github.com/users/opencart/received_events", "gravatar_id": "", "starred_url": "https://api.github.com/users/opencart/starred{/owner}{/repo}", "site_admin": false, "login": "opencart", "type": "Organization", "id": 214225, "followers_url": "https://api.github.com/users/opencart/followers"}, "event": "closed", "issue": {"labels": [], "number": 64, "assignee": null, "repository_url": "https://api.github.com/repos/opencart/opencart", "closed_at": "2012-08-15T03:16:37Z", "id": 6227335, "title": "Updated to HTML5 doctype in all pages (excluded HTML emails)", "pull_request": {"url": "https://api.github.com/repos/opencart/opencart/pulls/64", "diff_url": "https://github.com/opencart/opencart/pull/64.diff", "html_url": "https://github.com/opencart/opencart/pull/64", "patch_url": "https://github.com/opencart/opencart/pull/64.patch"}, "comments": 1, "state": "closed", "body": "Updated pull request with a cleaner branch.\n", "labels_url": "https://api.github.com/repos/opencart/opencart/issues/64/labels{/name}", "events_url": "https://api.github.com/repos/opencart/opencart/issues/64/events", "comments_url": "https://api.github.com/repos/opencart/opencart/issues/64/comments", "html_url": "https://github.com/opencart/opencart/pull/64", "updated_at": "2014-06-13T03:02:53Z", "user": {"following_url": "https://api.github.com/users/doodlemoonch/following{/other_user}", "events_url": "https://api.github.com/users/doodlemoonch/events{/privacy}", "organizations_url": "https://api.github.com/users/doodlemoonch/orgs", "url": "https://api.github.com/users/doodlemoonch", "gists_url": "https://api.github.com/users/doodlemoonch/gists{/gist_id}", "html_url": "https://github.com/doodlemoonch", "subscriptions_url": "https://api.github.com/users/doodlemoonch/subscriptions", "avatar_url": "https://avatars.githubusercontent.com/u/213453?v=3", "repos_url": "https://api.github.com/users/doodlemoonch/repos", "received_events_url": "https://api.github.com/users/doodlemoonch/received_events", "gravatar_id": "", "starred_url": "https://api.github.com/users/doodlemoonch/starred{/owner}{/repo}", "site_admin": false, "login": "doodlemoonch", "type": "User", "id": 213453, "followers_url": "https://api.github.com/users/doodlemoonch/followers"}, "milestone": null, "locked": false, "url": "https://api.github.com/repos/opencart/opencart/issues/64", "created_at": "2012-08-14T21:07:06Z", "assignees": []}, "id": 22706344}, {"commit_id": null, "commit_url": null, "url": "https://api.github.com/repos/opencart/opencart/issues/events/22706306", "created_at": "2012-08-15T03:14:48Z", "actor": {"following_url": "https://api.github.com/users/opencart/following{/other_user}", "events_url": "https://api.github.com/users/opencart/events{/privacy}", "organizations_url": "https://api.github.com/users/opencart/orgs", "url": "https://api.github.com/users/opencart", "gists_url": "https://api.github.com/users/opencart/gists{/gist_id}", "html_url": "https://github.com/opencart", "subscriptions_url": "https://api.github.com/users/opencart/subscriptions", "avatar_url": "https://avatars.githubusercontent.com/u/214225?v=3", "repos_url": "https://api.github.com/users/opencart/repos", "received_events_url": "https://api.github.com/users/opencart/received_events", "gravatar_id": "", "starred_url": "https://api.github.com/users/opencart/starred{/owner}{/repo}", "site_admin": false, "login": "opencart", "type": "Organization", "id": 214225, "followers_url": "https://api.github.com/users/opencart/followers"}, "event": "closed", "issue": {"labels": [], "number": 65, "assignee": null, "repository_url": "https://api.github.com/repos/opencart/opencart", "closed_at": "2012-08-15T03:14:48Z", "id": 6228154, "title": "Added .gitignore", "pull_request": {"url": "https://api.github.com/repos/opencart/opencart/pulls/65", "diff_url": "https://github.com/opencart/opencart/pull/65.diff", "html_url": "https://github.com/opencart/opencart/pull/65", "patch_url": "https://github.com/opencart/opencart/pull/65.patch"}, "comments": 1, "state": "closed", "body": "Added .gitignore to make working with installed OpenCart repo easier\n", "labels_url": "https://api.github.com/repos/opencart/opencart/issues/65/labels{/name}", "events_url": "https://api.github.com/repos/opencart/opencart/issues/65/events", "comments_url": "https://api.github.com/repos/opencart/opencart/issues/65/comments", "html_url": "https://github.com/opencart/opencart/pull/65", "updated_at": "2014-06-17T14:43:04Z", "user": {"following_url": "https://api.github.com/users/doodlemoonch/following{/other_user}", "events_url": "https://api.github.com/users/doodlemoonch/events{/privacy}", "organizations_url": "https://api.github.com/users/doodlemoonch/orgs", "url": "https://api.github.com/users/doodlemoonch", "gists_url": "https://api.github.com/users/doodlemoonch/gists{/gist_id}", "html_url": "https://github.com/doodlemoonch", "subscriptions_url": "https://api.github.com/users/doodlemoonch/subscriptions", "avatar_url": "https://avatars.githubusercontent.com/u/213453?v=3", "repos_url": "https://api.github.com/users/doodlemoonch/repos", "received_events_url": "https://api.github.com/users/doodlemoonch/received_events", "gravatar_id": "", "starred_url": "https://api.github.com/users/doodlemoonch/starred{/owner}{/repo}", "site_admin": false, "login": "doodlemoonch", "type": "User", "id": 213453, "followers_url": "https://api.github.com/users/doodlemoonch/followers"}, "milestone": null, "locked": false, "url": "https://api.github.com/repos/opencart/opencart/issues/65", "created_at": "2012-08-14T21:42:27Z", "assignees": []}, "id": 22706306}, {"commit_id": null, "commit_url": null, "url": "https://api.github.com/repos/opencart/opencart/issues/events/22706280", "created_at": "2012-08-15T03:14:09Z", "actor": {"following_url": "https://api.github.com/users/opencart/following{/other_user}", "events_url": "https://api.github.com/users/opencart/events{/privacy}", "organizations_url": "https://api.github.com/users/opencart/orgs", "url": "https://api.github.com/users/opencart", "gists_url": "https://api.github.com/users/opencart/gists{/gist_id}", "html_url": "https://github.com/opencart", "subscriptions_url": "https://api.github.com/users/opencart/subscriptions", "avatar_url": "https://avatars.githubusercontent.com/u/214225?v=3", "repos_url": "https://api.github.com/users/opencart/repos", "received_events_url": "https://api.github.com/users/opencart/received_events", "gravatar_id": "", "starred_url": "https://api.github.com/users/opencart/starred{/owner}{/repo}", "site_admin": false, "login": "opencart", "type": "Organization", "id": 214225, "followers_url": "https://api.github.com/users/opencart/followers"}, "event": "closed", "issue": {"body": "http://demo.opencart.com/index.php?route=checkout/cart/country\nanother way to see path by showing notice is trying to register with missing post parameter (editing post data with temper data addon for firefox for example), for example if registering with missing postal code I get\nNotice: Undefined index: postcode in /home/opencart/public_html/demo/catalog/controller/account/register.php on line 407\n", "labels": [], "locked": false, "title": "paths disclosure", "url": "https://api.github.com/repos/opencart/opencart/issues/66", "labels_url": "https://api.github.com/repos/opencart/opencart/issues/66/labels{/name}", "created_at": "2012-08-14T21:45:51Z", "events_url": "https://api.github.com/repos/opencart/opencart/issues/66/events", "comments_url": "https://api.github.com/repos/opencart/opencart/issues/66/comments", "html_url": "https://github.com/opencart/opencart/issues/66", "comments": 1, "number": 66, "updated_at": "2012-08-15T03:14:09Z", "assignee": null, "state": "closed", "user": {"following_url": "https://api.github.com/users/martin-angelov1992/following{/other_user}", "events_url": "https://api.github.com/users/martin-angelov1992/events{/privacy}", "organizations_url": "https://api.github.com/users/martin-angelov1992/orgs", "url": "https://api.github.com/users/martin-angelov1992", "gists_url": "https://api.github.com/users/martin-angelov1992/gists{/gist_id}", "html_url": "https://github.com/martin-angelov1992", "subscriptions_url": "https://api.github.com/users/martin-angelov1992/subscriptions", "avatar_url": "https://avatars.githubusercontent.com/u/2153465?v=3", "repos_url": "https://api.github.com/users/martin-angelov1992/repos", "received_events_url": "https://api.github.com/users/martin-angelov1992/received_events", "gravatar_id": "", "starred_url": "https://api.github.com/users/martin-angelov1992/starred{/owner}{/repo}", "site_admin": false, "login": "martin-angelov1992", "type": "User", "id": 2153465, "followers_url": "https://api.github.com/users/martin-angelov1992/followers"}, "milestone": null, "repository_url": "https://api.github.com/repos/opencart/opencart", "closed_at": "2012-08-15T03:14:09Z", "assignees": [], "id": 6228227}, "id": 22706280}, {"commit_id": null, "commit_url": null, "url": "https://api.github.com/repos/opencart/opencart/issues/events/22706209", "created_at": "2012-08-15T03:11:22Z", "actor": {"following_url": "https://api.github.com/users/opencart/following{/other_user}", "events_url": "https://api.github.com/users/opencart/events{/privacy}", "organizations_url": "https://api.github.com/users/opencart/orgs", "url": "https://api.github.com/users/opencart", "gists_url": "https://api.github.com/users/opencart/gists{/gist_id}", "html_url": "https://github.com/opencart", "subscriptions_url": "https://api.github.com/users/opencart/subscriptions", "avatar_url": "https://avatars.githubusercontent.com/u/214225?v=3", "repos_url": "https://api.github.com/users/opencart/repos", "received_events_url": "https://api.github.com/users/opencart/received_events", "gravatar_id": "", "starred_url": "https://api.github.com/users/opencart/starred{/owner}{/repo}", "site_admin": false, "login": "opencart", "type": "Organization", "id": 214225, "followers_url": "https://api.github.com/users/opencart/followers"}, "event": "closed", "issue": {"body": "http://demo.opencart.com/catalog/view/theme/default/template/common/home.tpl\nSince opne source this I guess is not a big problem but usually tpl files should be outside public folder, in case user might want to change somehting in template and keep code in private.\n", "labels": [], "locked": false, "title": "templates hijacking", "url": "https://api.github.com/repos/opencart/opencart/issues/67", "labels_url": "https://api.github.com/repos/opencart/opencart/issues/67/labels{/name}", "created_at": "2012-08-14T21:50:11Z", "events_url": "https://api.github.com/repos/opencart/opencart/issues/67/events", "comments_url": "https://api.github.com/repos/opencart/opencart/issues/67/comments", "html_url": "https://github.com/opencart/opencart/issues/67", "comments": 6, "number": 67, "updated_at": "2016-08-05T13:44:13Z", "assignee": null, "state": "closed", "user": {"following_url": "https://api.github.com/users/martin-angelov1992/following{/other_user}", "events_url": "https://api.github.com/users/martin-angelov1992/events{/privacy}", "organizations_url": "https://api.github.com/users/martin-angelov1992/orgs", "url": "https://api.github.com/users/martin-angelov1992", "gists_url": "https://api.github.com/users/martin-angelov1992/gists{/gist_id}", "html_url": "https://github.com/martin-angelov1992", "subscriptions_url": "https://api.github.com/users/martin-angelov1992/subscriptions", "avatar_url": "https://avatars.githubusercontent.com/u/2153465?v=3", "repos_url": "https://api.github.com/users/martin-angelov1992/repos", "received_events_url": "https://api.github.com/users/martin-angelov1992/received_events", "gravatar_id": "", "starred_url": "https://api.github.com/users/martin-angelov1992/starred{/owner}{/repo}", "site_admin": false, "login": "martin-angelov1992", "type": "User", "id": 2153465, "followers_url": "https://api.github.com/users/martin-angelov1992/followers"}, "milestone": null, "repository_url": "https://api.github.com/repos/opencart/opencart", "closed_at": "2012-08-15T03:11:22Z", "assignees": [], "id": 6228316}, "id": 22706209}, {"commit_id": null, "commit_url": null, "url": "https://api.github.com/repos/opencart/opencart/issues/events/22676885", "created_at": "2012-08-14T18:26:51Z", "actor": {"following_url": "https://api.github.com/users/msva/following{/other_user}", "events_url": "https://api.github.com/users/msva/events{/privacy}", "organizations_url": "https://api.github.com/users/msva/orgs", "url": "https://api.github.com/users/msva", "gists_url": "https://api.github.com/users/msva/gists{/gist_id}", "html_url": "https://github.com/msva", "subscriptions_url": "https://api.github.com/users/msva/subscriptions", "avatar_url": "https://avatars.githubusercontent.com/u/268102?v=3", "repos_url": "https://api.github.com/users/msva/repos", "received_events_url": "https://api.github.com/users/msva/received_events", "gravatar_id": "", "starred_url": "https://api.github.com/users/msva/starred{/owner}{/repo}", "site_admin": false, "login": "msva", "type": "User", "id": 268102, "followers_url": "https://api.github.com/users/msva/followers"}, "event": "referenced", "issue": {"labels": [], "number": 46, "assignee": null, "repository_url": "https://api.github.com/repos/opencart/opencart", "closed_at": "2012-08-14T07:56:03Z", "id": 6147412, "title": "Improved SQL Performance of Category Module", "pull_request": {"url": "https://api.github.com/repos/opencart/opencart/pulls/46", "diff_url": "https://github.com/opencart/opencart/pull/46.diff", "html_url": "https://github.com/opencart/opencart/pull/46", "patch_url": "https://github.com/opencart/opencart/pull/46.patch"}, "comments": 7, "state": "closed", "body": "The Category Module can now display unlimited nested categories along with their respective product counts/totals with a single SQL query (rather than looping through each category and running multiple SQL queries). Needs some work to fully integrate it, but shouldn't cause any breakages. Potential to add depth parameters in future (ie show top 2/3/4 levels).\n", "labels_url": "https://api.github.com/repos/opencart/opencart/issues/46/labels{/name}", "events_url": "https://api.github.com/repos/opencart/opencart/issues/46/events", "comments_url": "https://api.github.com/repos/opencart/opencart/issues/46/comments", "html_url": "https://github.com/opencart/opencart/pull/46", "updated_at": "2014-06-12T08:04:09Z", "user": {"following_url": "https://api.github.com/users/chrisatomix/following{/other_user}", "events_url": "https://api.github.com/users/chrisatomix/events{/privacy}", "organizations_url": "https://api.github.com/users/chrisatomix/orgs", "url": "https://api.github.com/users/chrisatomix", "gists_url": "https://api.github.com/users/chrisatomix/gists{/gist_id}", "html_url": "https://github.com/chrisatomix", "subscriptions_url": "https://api.github.com/users/chrisatomix/subscriptions", "avatar_url": "https://avatars.githubusercontent.com/u/1768449?v=3", "repos_url": "https://api.github.com/users/chrisatomix/repos", "received_events_url": "https://api.github.com/users/chrisatomix/received_events", "gravatar_id": "", "starred_url": "https://api.github.com/users/chrisatomix/starred{/owner}{/repo}", "site_admin": false, "login": "chrisatomix", "type": "User", "id": 1768449, "followers_url": "https://api.github.com/users/chrisatomix/followers"}, "milestone": null, "locked": false, "url": "https://api.github.com/repos/opencart/opencart/issues/46", "created_at": "2012-08-10T09:56:50Z", "assignees": []}, "id": 22676885}, {"commit_id": null, "commit_url": null, "url": "https://api.github.com/repos/opencart/opencart/issues/events/22671327", "created_at": "2012-08-14T17:17:21Z", "actor": {"following_url": "https://api.github.com/users/opencart/following{/other_user}", "events_url": "https://api.github.com/users/opencart/events{/privacy}", "organizations_url": "https://api.github.com/users/opencart/orgs", "url": "https://api.github.com/users/opencart", "gists_url": "https://api.github.com/users/opencart/gists{/gist_id}", "html_url": "https://github.com/opencart", "subscriptions_url": "https://api.github.com/users/opencart/subscriptions", "avatar_url": "https://avatars.githubusercontent.com/u/214225?v=3", "repos_url": "https://api.github.com/users/opencart/repos", "received_events_url": "https://api.github.com/users/opencart/received_events", "gravatar_id": "", "starred_url": "https://api.github.com/users/opencart/starred{/owner}{/repo}", "site_admin": false, "login": "opencart", "type": "Organization", "id": 214225, "followers_url": "https://api.github.com/users/opencart/followers"}, "event": "closed", "issue": {"labels": [], "number": 44, "assignee": null, "repository_url": "https://api.github.com/repos/opencart/opencart", "closed_at": "2012-08-14T17:17:21Z", "id": 6132425, "title": "Show stock warning only if enabled.", "pull_request": {"url": "https://api.github.com/repos/opencart/opencart/pulls/44", "diff_url": "https://github.com/opencart/opencart/pull/44.diff", "html_url": "https://github.com/opencart/opencart/pull/44", "patch_url": "https://github.com/opencart/opencart/pull/44.patch"}, "comments": 4, "state": "closed", "body": "", "labels_url": "https://api.github.com/repos/opencart/opencart/issues/44/labels{/name}", "events_url": "https://api.github.com/repos/opencart/opencart/issues/44/events", "comments_url": "https://api.github.com/repos/opencart/opencart/issues/44/comments", "html_url": "https://github.com/opencart/opencart/pull/44", "updated_at": "2014-06-14T05:48:34Z", "user": {"following_url": "https://api.github.com/users/prof-web-coding/following{/other_user}", "events_url": "https://api.github.com/users/prof-web-coding/events{/privacy}", "organizations_url": "https://api.github.com/users/prof-web-coding/orgs", "url": "https://api.github.com/users/prof-web-coding", "gists_url": "https://api.github.com/users/prof-web-coding/gists{/gist_id}", "html_url": "https://github.com/prof-web-coding", "subscriptions_url": "https://api.github.com/users/prof-web-coding/subscriptions", "avatar_url": "https://avatars.githubusercontent.com/u/2034371?v=3", "repos_url": "https://api.github.com/users/prof-web-coding/repos", "received_events_url": "https://api.github.com/users/prof-web-coding/received_events", "gravatar_id": "", "starred_url": "https://api.github.com/users/prof-web-coding/starred{/owner}{/repo}", "site_admin": false, "login": "prof-web-coding", "type": "User", "id": 2034371, "followers_url": "https://api.github.com/users/prof-web-coding/followers"}, "milestone": null, "locked": false, "url": "https://api.github.com/repos/opencart/opencart/issues/44", "created_at": "2012-08-09T17:25:22Z", "assignees": []}, "id": 22671327}, {"commit_id": null, "commit_url": null, "url": "https://api.github.com/repos/opencart/opencart/issues/events/22666793", "created_at": "2012-08-14T16:18:22Z", "actor": {"following_url": "https://api.github.com/users/opencart/following{/other_user}", "events_url": "https://api.github.com/users/opencart/events{/privacy}", "organizations_url": "https://api.github.com/users/opencart/orgs", "url": "https://api.github.com/users/opencart", "gists_url": "https://api.github.com/users/opencart/gists{/gist_id}", "html_url": "https://github.com/opencart", "subscriptions_url": "https://api.github.com/users/opencart/subscriptions", "avatar_url": "https://avatars.githubusercontent.com/u/214225?v=3", "repos_url": "https://api.github.com/users/opencart/repos", "received_events_url": "https://api.github.com/users/opencart/received_events", "gravatar_id": "", "starred_url": "https://api.github.com/users/opencart/starred{/owner}{/repo}", "site_admin": false, "login": "opencart", "type": "Organization", "id": 214225, "followers_url": "https://api.github.com/users/opencart/followers"}, "event": "closed", "issue": {"body": "I have been testing this system and have noticed when a user clicks the order info link a notification email when the order status changes (eg from processing to shipped). If they are not logged in the url which is put into the login form's \"redirect\" input is account/order&order_id=6 rather than account/order/info&order_id=6. When the redirect happens it then redirects to checkout/cart with the message \"You have successfully added the products from order ID #6 to your cart!\" and they have indeed been added.\n", "labels": [], "locked": false, "title": "View order info on shipped notification adds all order items to cart", "url": "https://api.github.com/repos/opencart/opencart/issues/59", "labels_url": "https://api.github.com/repos/opencart/opencart/issues/59/labels{/name}", "created_at": "2012-08-14T14:33:45Z", "events_url": "https://api.github.com/repos/opencart/opencart/issues/59/events", "comments_url": "https://api.github.com/repos/opencart/opencart/issues/59/comments", "html_url": "https://github.com/opencart/opencart/issues/59", "comments": 1, "number": 59, "updated_at": "2012-08-14T16:18:22Z", "assignee": null, "state": "closed", "user": {"following_url": "https://api.github.com/users/tkjn/following{/other_user}", "events_url": "https://api.github.com/users/tkjn/events{/privacy}", "organizations_url": "https://api.github.com/users/tkjn/orgs", "url": "https://api.github.com/users/tkjn", "gists_url": "https://api.github.com/users/tkjn/gists{/gist_id}", "html_url": "https://github.com/tkjn", "subscriptions_url": "https://api.github.com/users/tkjn/subscriptions", "avatar_url": "https://avatars.githubusercontent.com/u/1941262?v=3", "repos_url": "https://api.github.com/users/tkjn/repos", "received_events_url": "https://api.github.com/users/tkjn/received_events", "gravatar_id": "", "starred_url": "https://api.github.com/users/tkjn/starred{/owner}{/repo}", "site_admin": false, "login": "tkjn", "type": "User", "id": 1941262, "followers_url": "https://api.github.com/users/tkjn/followers"}, "milestone": null, "repository_url": "https://api.github.com/repos/opencart/opencart", "closed_at": "2012-08-14T16:18:22Z", "assignees": [], "id": 6217539}, "id": 22666793}, {"commit_id": null, "commit_url": null, "url": "https://api.github.com/repos/opencart/opencart/issues/events/22658055", "created_at": "2012-08-14T14:33:45Z", "actor": {"following_url": "https://api.github.com/users/tkjn/following{/other_user}", "events_url": "https://api.github.com/users/tkjn/events{/privacy}", "organizations_url": "https://api.github.com/users/tkjn/orgs", "url": "https://api.github.com/users/tkjn", "gists_url": "https://api.github.com/users/tkjn/gists{/gist_id}", "html_url": "https://github.com/tkjn", "subscriptions_url": "https://api.github.com/users/tkjn/subscriptions", "avatar_url": "https://avatars.githubusercontent.com/u/1941262?v=3", "repos_url": "https://api.github.com/users/tkjn/repos", "received_events_url": "https://api.github.com/users/tkjn/received_events", "gravatar_id": "", "starred_url": "https://api.github.com/users/tkjn/starred{/owner}{/repo}", "site_admin": false, "login": "tkjn", "type": "User", "id": 1941262, "followers_url": "https://api.github.com/users/tkjn/followers"}, "event": "referenced", "issue": {"body": "Fresh install, recent version, Authorize.net module and/or COD module enabled.\nI get a token error on step 2 of checkout with both modules\n\nUndefined index: company_id in catalog/controller/checkout/guest.php\nUndefined index: tax_id in catalog/controller/checkout/guest.php\n", "labels": [], "locked": false, "title": "Unexpected Token / Guest Checkout", "url": "https://api.github.com/repos/opencart/opencart/issues/6", "labels_url": "https://api.github.com/repos/opencart/opencart/issues/6/labels{/name}", "created_at": "2012-07-25T15:52:46Z", "events_url": "https://api.github.com/repos/opencart/opencart/issues/6/events", "comments_url": "https://api.github.com/repos/opencart/opencart/issues/6/comments", "html_url": "https://github.com/opencart/opencart/issues/6", "comments": 1, "number": 6, "updated_at": "2014-04-17T07:32:59Z", "assignee": null, "state": "closed", "user": {"following_url": "https://api.github.com/users/bbarton80/following{/other_user}", "events_url": "https://api.github.com/users/bbarton80/events{/privacy}", "organizations_url": "https://api.github.com/users/bbarton80/orgs", "url": "https://api.github.com/users/bbarton80", "gists_url": "https://api.github.com/users/bbarton80/gists{/gist_id}", "html_url": "https://github.com/bbarton80", "subscriptions_url": "https://api.github.com/users/bbarton80/subscriptions", "avatar_url": "https://avatars.githubusercontent.com/u/2041308?v=3", "repos_url": "https://api.github.com/users/bbarton80/repos", "received_events_url": "https://api.github.com/users/bbarton80/received_events", "gravatar_id": "", "starred_url": "https://api.github.com/users/bbarton80/starred{/owner}{/repo}", "site_admin": false, "login": "bbarton80", "type": "User", "id": 2041308, "followers_url": "https://api.github.com/users/bbarton80/followers"}, "milestone": null, "repository_url": "https://api.github.com/repos/opencart/opencart", "closed_at": "2012-07-25T16:06:10Z", "assignees": [], "id": 5833362}, "id": 22658055}, {"commit_id": null, "commit_url": null, "url": "https://api.github.com/repos/opencart/opencart/issues/events/22652327", "created_at": "2012-08-14T13:26:17Z", "actor": {"following_url": "https://api.github.com/users/opencart/following{/other_user}", "events_url": "https://api.github.com/users/opencart/events{/privacy}", "organizations_url": "https://api.github.com/users/opencart/orgs", "url": "https://api.github.com/users/opencart", "gists_url": "https://api.github.com/users/opencart/gists{/gist_id}", "html_url": "https://github.com/opencart", "subscriptions_url": "https://api.github.com/users/opencart/subscriptions", "avatar_url": "https://avatars.githubusercontent.com/u/214225?v=3", "repos_url": "https://api.github.com/users/opencart/repos", "received_events_url": "https://api.github.com/users/opencart/received_events", "gravatar_id": "", "starred_url": "https://api.github.com/users/opencart/starred{/owner}{/repo}", "site_admin": false, "login": "opencart", "type": "Organization", "id": 214225, "followers_url": "https://api.github.com/users/opencart/followers"}, "event": "closed", "issue": {"body": "Login as admin and change the type of option (Catalog-Options) e.g. from type \"Select\" to type \"Text\".\nThis is always possible even if this option is used by certain products.\nConsequently, one will get an error if you access this product which is using this option because the option values don't match any longer.\n\nSo, either, changing used options in the admin should not be possible or the option values of the products using this option should be changed as well.\n\nNot an easy to fix problem but I think you should consider fixing this.\n", "labels": [], "locked": false, "title": "Changing type of Option causes problems", "url": "https://api.github.com/repos/opencart/opencart/issues/50", "labels_url": "https://api.github.com/repos/opencart/opencart/issues/50/labels{/name}", "created_at": "2012-08-12T08:17:28Z", "events_url": "https://api.github.com/repos/opencart/opencart/issues/50/events", "comments_url": "https://api.github.com/repos/opencart/opencart/issues/50/comments", "html_url": "https://github.com/opencart/opencart/issues/50", "comments": 1, "number": 50, "updated_at": "2012-08-14T13:26:17Z", "assignee": null, "state": "closed", "user": {"following_url": "https://api.github.com/users/prof-web-coding/following{/other_user}", "events_url": "https://api.github.com/users/prof-web-coding/events{/privacy}", "organizations_url": "https://api.github.com/users/prof-web-coding/orgs", "url": "https://api.github.com/users/prof-web-coding", "gists_url": "https://api.github.com/users/prof-web-coding/gists{/gist_id}", "html_url": "https://github.com/prof-web-coding", "subscriptions_url": "https://api.github.com/users/prof-web-coding/subscriptions", "avatar_url": "https://avatars.githubusercontent.com/u/2034371?v=3", "repos_url": "https://api.github.com/users/prof-web-coding/repos", "received_events_url": "https://api.github.com/users/prof-web-coding/received_events", "gravatar_id": "", "starred_url": "https://api.github.com/users/prof-web-coding/starred{/owner}{/repo}", "site_admin": false, "login": "prof-web-coding", "type": "User", "id": 2034371, "followers_url": "https://api.github.com/users/prof-web-coding/followers"}, "milestone": null, "repository_url": "https://api.github.com/repos/opencart/opencart", "closed_at": "2012-08-14T13:26:17Z", "assignees": [], "id": 6175662}, "id": 22652327}, {"commit_id": null, "commit_url": null, "url": "https://api.github.com/repos/opencart/opencart/issues/events/22650281", "created_at": "2012-08-14T12:55:44Z", "actor": {"following_url": "https://api.github.com/users/opencart/following{/other_user}", "events_url": "https://api.github.com/users/opencart/events{/privacy}", "organizations_url": "https://api.github.com/users/opencart/orgs", "url": "https://api.github.com/users/opencart", "gists_url": "https://api.github.com/users/opencart/gists{/gist_id}", "html_url": "https://github.com/opencart", "subscriptions_url": "https://api.github.com/users/opencart/subscriptions", "avatar_url": "https://avatars.githubusercontent.com/u/214225?v=3", "repos_url": "https://api.github.com/users/opencart/repos", "received_events_url": "https://api.github.com/users/opencart/received_events", "gravatar_id": "", "starred_url": "https://api.github.com/users/opencart/starred{/owner}{/repo}", "site_admin": false, "login": "opencart", "type": "Organization", "id": 214225, "followers_url": "https://api.github.com/users/opencart/followers"}, "event": "closed", "issue": {"labels": [], "number": 58, "assignee": null, "repository_url": "https://api.github.com/repos/opencart/opencart", "closed_at": "2012-08-14T12:55:44Z", "id": 6214649, "title": "Html5 doctype", "pull_request": {"url": "https://api.github.com/repos/opencart/opencart/pulls/58", "diff_url": "https://github.com/opencart/opencart/pull/58.diff", "html_url": "https://github.com/opencart/opencart/pull/58", "patch_url": "https://github.com/opencart/opencart/pull/58.patch"}, "comments": 1, "state": "closed", "body": "Updated to HTML5 doctype in admin and storefront pages.\n", "labels_url": "https://api.github.com/repos/opencart/opencart/issues/58/labels{/name}", "events_url": "https://api.github.com/repos/opencart/opencart/issues/58/events", "comments_url": "https://api.github.com/repos/opencart/opencart/issues/58/comments", "html_url": "https://github.com/opencart/opencart/pull/58", "updated_at": "2014-06-17T15:17:54Z", "user": {"following_url": "https://api.github.com/users/doodlemoonch/following{/other_user}", "events_url": "https://api.github.com/users/doodlemoonch/events{/privacy}", "organizations_url": "https://api.github.com/users/doodlemoonch/orgs", "url": "https://api.github.com/users/doodlemoonch", "gists_url": "https://api.github.com/users/doodlemoonch/gists{/gist_id}", "html_url": "https://github.com/doodlemoonch", "subscriptions_url": "https://api.github.com/users/doodlemoonch/subscriptions", "avatar_url": "https://avatars.githubusercontent.com/u/213453?v=3", "repos_url": "https://api.github.com/users/doodlemoonch/repos", "received_events_url": "https://api.github.com/users/doodlemoonch/received_events", "gravatar_id": "", "starred_url": "https://api.github.com/users/doodlemoonch/starred{/owner}{/repo}", "site_admin": false, "login": "doodlemoonch", "type": "User", "id": 213453, "followers_url": "https://api.github.com/users/doodlemoonch/followers"}, "milestone": null, "locked": false, "url": "https://api.github.com/repos/opencart/opencart/issues/58", "created_at": "2012-08-14T12:26:45Z", "assignees": []}, "id": 22650281}, {"commit_id": null, "commit_url": null, "url": "https://api.github.com/repos/opencart/opencart/issues/events/22645621", "created_at": "2012-08-14T11:25:53Z", "actor": {"following_url": "https://api.github.com/users/opencart/following{/other_user}", "events_url": "https://api.github.com/users/opencart/events{/privacy}", "organizations_url": "https://api.github.com/users/opencart/orgs", "url": "https://api.github.com/users/opencart", "gists_url": "https://api.github.com/users/opencart/gists{/gist_id}", "html_url": "https://github.com/opencart", "subscriptions_url": "https://api.github.com/users/opencart/subscriptions", "avatar_url": "https://avatars.githubusercontent.com/u/214225?v=3", "repos_url": "https://api.github.com/users/opencart/repos", "received_events_url": "https://api.github.com/users/opencart/received_events", "gravatar_id": "", "starred_url": "https://api.github.com/users/opencart/starred{/owner}{/repo}", "site_admin": false, "login": "opencart", "type": "Organization", "id": 214225, "followers_url": "https://api.github.com/users/opencart/followers"}, "event": "closed", "issue": {"labels": [], "number": 57, "assignee": null, "repository_url": "https://api.github.com/repos/opencart/opencart", "closed_at": "2012-08-14T11:25:53Z", "id": 6212514, "title": "Database table oc_product_tag might be removed as it is not in default installation", "pull_request": {"url": "https://api.github.com/repos/opencart/opencart/pulls/57", "diff_url": "https://github.com/opencart/opencart/pull/57.diff", "html_url": "https://github.com/opencart/opencart/pull/57", "patch_url": "https://github.com/opencart/opencart/pull/57.patch"}, "comments": 1, "state": "closed", "body": "", "labels_url": "https://api.github.com/repos/opencart/opencart/issues/57/labels{/name}", "events_url": "https://api.github.com/repos/opencart/opencart/issues/57/events", "comments_url": "https://api.github.com/repos/opencart/opencart/issues/57/comments", "html_url": "https://github.com/opencart/opencart/pull/57", "updated_at": "2014-06-27T08:32:44Z", "user": {"following_url": "https://api.github.com/users/ghost/following{/other_user}", "events_url": "https://api.github.com/users/ghost/events{/privacy}", "organizations_url": "https://api.github.com/users/ghost/orgs", "url": "https://api.github.com/users/ghost", "gists_url": "https://api.github.com/users/ghost/gists{/gist_id}", "html_url": "https://github.com/ghost", "subscriptions_url": "https://api.github.com/users/ghost/subscriptions", "avatar_url": "https://avatars.githubusercontent.com/u/10137?v=3", "repos_url": "https://api.github.com/users/ghost/repos", "received_events_url": "https://api.github.com/users/ghost/received_events", "gravatar_id": "", "starred_url": "https://api.github.com/users/ghost/starred{/owner}{/repo}", "site_admin": false, "login": "ghost", "type": "User", "id": 10137, "followers_url": "https://api.github.com/users/ghost/followers"}, "milestone": null, "locked": false, "url": "https://api.github.com/repos/opencart/opencart/issues/57", "created_at": "2012-08-14T10:08:41Z", "assignees": []}, "id": 22645621}, {"commit_id": null, "commit_url": null, "url": "https://api.github.com/repos/opencart/opencart/issues/events/22637344", "created_at": "2012-08-14T08:37:27Z", "actor": {"following_url": "https://api.github.com/users/opencart/following{/other_user}", "events_url": "https://api.github.com/users/opencart/events{/privacy}", "organizations_url": "https://api.github.com/users/opencart/orgs", "url": "https://api.github.com/users/opencart", "gists_url": "https://api.github.com/users/opencart/gists{/gist_id}", "html_url": "https://github.com/opencart", "subscriptions_url": "https://api.github.com/users/opencart/subscriptions", "avatar_url": "https://avatars.githubusercontent.com/u/214225?v=3", "repos_url": "https://api.github.com/users/opencart/repos", "received_events_url": "https://api.github.com/users/opencart/received_events", "gravatar_id": "", "starred_url": "https://api.github.com/users/opencart/starred{/owner}{/repo}", "site_admin": false, "login": "opencart", "type": "Organization", "id": 214225, "followers_url": "https://api.github.com/users/opencart/followers"}, "event": "closed", "issue": {"labels": [], "number": 56, "assignee": null, "repository_url": "https://api.github.com/repos/opencart/opencart", "closed_at": "2012-08-14T08:37:27Z", "id": 6210869, "title": "Added salt columns to tables for 1.5.4 upgrade", "pull_request": {"url": "https://api.github.com/repos/opencart/opencart/pulls/56", "diff_url": "https://github.com/opencart/opencart/pull/56.diff", "html_url": "https://github.com/opencart/opencart/pull/56", "patch_url": "https://github.com/opencart/opencart/pull/56.patch"}, "comments": 1, "state": "closed", "body": "I was unable to login into admin after updating some core files. The \"salt\" column was missing from 3 tables. I have added the alter tables to the upgrade.sql file.\n", "labels_url": "https://api.github.com/repos/opencart/opencart/issues/56/labels{/name}", "events_url": "https://api.github.com/repos/opencart/opencart/issues/56/events", "comments_url": "https://api.github.com/repos/opencart/opencart/issues/56/comments", "html_url": "https://github.com/opencart/opencart/pull/56", "updated_at": "2014-06-25T21:54:31Z", "user": {"following_url": "https://api.github.com/users/bassco/following{/other_user}", "events_url": "https://api.github.com/users/bassco/events{/privacy}", "organizations_url": "https://api.github.com/users/bassco/orgs", "url": "https://api.github.com/users/bassco", "gists_url": "https://api.github.com/users/bassco/gists{/gist_id}", "html_url": "https://github.com/bassco", "subscriptions_url": "https://api.github.com/users/bassco/subscriptions", "avatar_url": "https://avatars.githubusercontent.com/u/2122685?v=3", "repos_url": "https://api.github.com/users/bassco/repos", "received_events_url": "https://api.github.com/users/bassco/received_events", "gravatar_id": "", "starred_url": "https://api.github.com/users/bassco/starred{/owner}{/repo}", "site_admin": false, "login": "bassco", "type": "User", "id": 2122685, "followers_url": "https://api.github.com/users/bassco/followers"}, "milestone": null, "locked": false, "url": "https://api.github.com/repos/opencart/opencart/issues/56", "created_at": "2012-08-14T08:33:36Z", "assignees": []}, "id": 22637344}, {"commit_id": null, "commit_url": null, "url": "https://api.github.com/repos/opencart/opencart/issues/events/22637212", "created_at": "2012-08-14T08:35:03Z", "actor": {"following_url": "https://api.github.com/users/opencart/following{/other_user}", "events_url": "https://api.github.com/users/opencart/events{/privacy}", "organizations_url": "https://api.github.com/users/opencart/orgs", "url": "https://api.github.com/users/opencart", "gists_url": "https://api.github.com/users/opencart/gists{/gist_id}", "html_url": "https://github.com/opencart", "subscriptions_url": "https://api.github.com/users/opencart/subscriptions", "avatar_url": "https://avatars.githubusercontent.com/u/214225?v=3", "repos_url": "https://api.github.com/users/opencart/repos", "received_events_url": "https://api.github.com/users/opencart/received_events", "gravatar_id": "", "starred_url": "https://api.github.com/users/opencart/starred{/owner}{/repo}", "site_admin": false, "login": "opencart", "type": "Organization", "id": 214225, "followers_url": "https://api.github.com/users/opencart/followers"}, "event": "closed", "issue": {"labels": [], "number": 55, "assignee": null, "repository_url": "https://api.github.com/repos/opencart/opencart", "closed_at": "2012-08-14T08:35:03Z", "id": 6210579, "title": "Update upload/install/opencart.sql", "pull_request": {"url": "https://api.github.com/repos/opencart/opencart/pulls/55", "diff_url": "https://github.com/opencart/opencart/pull/55.diff", "html_url": "https://github.com/opencart/opencart/pull/55", "patch_url": "https://github.com/opencart/opencart/pull/55.patch"}, "comments": 1, "state": "closed", "body": "After having received a relevant email from blueyon@gmail.com; on behalf of; Daniel Kerr [webmaster@opencart.com], in which I was prompted to fix the error in the country name below, I have proceeded with the change.\n\nIn detail, I have replaced the country name \"Macedonia\" (line 661) which is not correct, with it's official one (I went with the abbreviated FYROM, as the full \"Former Yugoslav Republic of Macedonia\" would be to long).\n\nAnother issue remains regarding Yugoslavia which does not exist anymore. That has to be split into Serbia, Cosovo (or Kosovo), Montenegro and Voivodina. I have got no knowledge on the details of the case, so I will pass that on to someone else to correct.\n\nHave a good one,\n\nNick\n", "labels_url": "https://api.github.com/repos/opencart/opencart/issues/55/labels{/name}", "events_url": "https://api.github.com/repos/opencart/opencart/issues/55/events", "comments_url": "https://api.github.com/repos/opencart/opencart/issues/55/comments", "html_url": "https://github.com/opencart/opencart/pull/55", "updated_at": "2014-06-25T21:59:48Z", "user": {"following_url": "https://api.github.com/users/geonick69/following{/other_user}", "events_url": "https://api.github.com/users/geonick69/events{/privacy}", "organizations_url": "https://api.github.com/users/geonick69/orgs", "url": "https://api.github.com/users/geonick69", "gists_url": "https://api.github.com/users/geonick69/gists{/gist_id}", "html_url": "https://github.com/geonick69", "subscriptions_url": "https://api.github.com/users/geonick69/subscriptions", "avatar_url": "https://avatars.githubusercontent.com/u/2149332?v=3", "repos_url": "https://api.github.com/users/geonick69/repos", "received_events_url": "https://api.github.com/users/geonick69/received_events", "gravatar_id": "", "starred_url": "https://api.github.com/users/geonick69/starred{/owner}{/repo}", "site_admin": false, "login": "geonick69", "type": "User", "id": 2149332, "followers_url": "https://api.github.com/users/geonick69/followers"}, "milestone": null, "locked": false, "url": "https://api.github.com/repos/opencart/opencart/issues/55", "created_at": "2012-08-14T08:15:19Z", "assignees": []}, "id": 22637212}, {"commit_id": null, "commit_url": null, "url": "https://api.github.com/repos/opencart/opencart/issues/events/22635442", "created_at": "2012-08-14T07:56:04Z", "actor": {"following_url": "https://api.github.com/users/opencart/following{/other_user}", "events_url": "https://api.github.com/users/opencart/events{/privacy}", "organizations_url": "https://api.github.com/users/opencart/orgs", "url": "https://api.github.com/users/opencart", "gists_url": "https://api.github.com/users/opencart/gists{/gist_id}", "html_url": "https://github.com/opencart", "subscriptions_url": "https://api.github.com/users/opencart/subscriptions", "avatar_url": "https://avatars.githubusercontent.com/u/214225?v=3", "repos_url": "https://api.github.com/users/opencart/repos", "received_events_url": "https://api.github.com/users/opencart/received_events", "gravatar_id": "", "starred_url": "https://api.github.com/users/opencart/starred{/owner}{/repo}", "site_admin": false, "login": "opencart", "type": "Organization", "id": 214225, "followers_url": "https://api.github.com/users/opencart/followers"}, "event": "closed", "issue": {"labels": [], "number": 46, "assignee": null, "repository_url": "https://api.github.com/repos/opencart/opencart", "closed_at": "2012-08-14T07:56:03Z", "id": 6147412, "title": "Improved SQL Performance of Category Module", "pull_request": {"url": "https://api.github.com/repos/opencart/opencart/pulls/46", "diff_url": "https://github.com/opencart/opencart/pull/46.diff", "html_url": "https://github.com/opencart/opencart/pull/46", "patch_url": "https://github.com/opencart/opencart/pull/46.patch"}, "comments": 7, "state": "closed", "body": "The Category Module can now display unlimited nested categories along with their respective product counts/totals with a single SQL query (rather than looping through each category and running multiple SQL queries). Needs some work to fully integrate it, but shouldn't cause any breakages. Potential to add depth parameters in future (ie show top 2/3/4 levels).\n", "labels_url": "https://api.github.com/repos/opencart/opencart/issues/46/labels{/name}", "events_url": "https://api.github.com/repos/opencart/opencart/issues/46/events", "comments_url": "https://api.github.com/repos/opencart/opencart/issues/46/comments", "html_url": "https://github.com/opencart/opencart/pull/46", "updated_at": "2014-06-12T08:04:09Z", "user": {"following_url": "https://api.github.com/users/chrisatomix/following{/other_user}", "events_url": "https://api.github.com/users/chrisatomix/events{/privacy}", "organizations_url": "https://api.github.com/users/chrisatomix/orgs", "url": "https://api.github.com/users/chrisatomix", "gists_url": "https://api.github.com/users/chrisatomix/gists{/gist_id}", "html_url": "https://github.com/chrisatomix", "subscriptions_url": "https://api.github.com/users/chrisatomix/subscriptions", "avatar_url": "https://avatars.githubusercontent.com/u/1768449?v=3", "repos_url": "https://api.github.com/users/chrisatomix/repos", "received_events_url": "https://api.github.com/users/chrisatomix/received_events", "gravatar_id": "", "starred_url": "https://api.github.com/users/chrisatomix/starred{/owner}{/repo}", "site_admin": false, "login": "chrisatomix", "type": "User", "id": 1768449, "followers_url": "https://api.github.com/users/chrisatomix/followers"}, "milestone": null, "locked": false, "url": "https://api.github.com/repos/opencart/opencart/issues/46", "created_at": "2012-08-10T09:56:50Z", "assignees": []}, "id": 22635442}, {"commit_id": "3a067a0d6513b4408a62fa8203a789e84a079751", "commit_url": "https://api.github.com/repos/opencart/opencart/commits/3a067a0d6513b4408a62fa8203a789e84a079751", "url": "https://api.github.com/repos/opencart/opencart/issues/events/22635441", "created_at": "2012-08-14T07:56:03Z", "actor": {"following_url": "https://api.github.com/users/opencart/following{/other_user}", "events_url": "https://api.github.com/users/opencart/events{/privacy}", "organizations_url": "https://api.github.com/users/opencart/orgs", "url": "https://api.github.com/users/opencart", "gists_url": "https://api.github.com/users/opencart/gists{/gist_id}", "html_url": "https://github.com/opencart", "subscriptions_url": "https://api.github.com/users/opencart/subscriptions", "avatar_url": "https://avatars.githubusercontent.com/u/214225?v=3", "repos_url": "https://api.github.com/users/opencart/repos", "received_events_url": "https://api.github.com/users/opencart/received_events", "gravatar_id": "", "starred_url": "https://api.github.com/users/opencart/starred{/owner}{/repo}", "site_admin": false, "login": "opencart", "type": "Organization", "id": 214225, "followers_url": "https://api.github.com/users/opencart/followers"}, "event": "merged", "issue": {"labels": [], "number": 46, "assignee": null, "repository_url": "https://api.github.com/repos/opencart/opencart", "closed_at": "2012-08-14T07:56:03Z", "id": 6147412, "title": "Improved SQL Performance of Category Module", "pull_request": {"url": "https://api.github.com/repos/opencart/opencart/pulls/46", "diff_url": "https://github.com/opencart/opencart/pull/46.diff", "html_url": "https://github.com/opencart/opencart/pull/46", "patch_url": "https://github.com/opencart/opencart/pull/46.patch"}, "comments": 7, "state": "closed", "body": "The Category Module can now display unlimited nested categories along with their respective product counts/totals with a single SQL query (rather than looping through each category and running multiple SQL queries). Needs some work to fully integrate it, but shouldn't cause any breakages. Potential to add depth parameters in future (ie show top 2/3/4 levels).\n", "labels_url": "https://api.github.com/repos/opencart/opencart/issues/46/labels{/name}", "events_url": "https://api.github.com/repos/opencart/opencart/issues/46/events", "comments_url": "https://api.github.com/repos/opencart/opencart/issues/46/comments", "html_url": "https://github.com/opencart/opencart/pull/46", "updated_at": "2014-06-12T08:04:09Z", "user": {"following_url": "https://api.github.com/users/chrisatomix/following{/other_user}", "events_url": "https://api.github.com/users/chrisatomix/events{/privacy}", "organizations_url": "https://api.github.com/users/chrisatomix/orgs", "url": "https://api.github.com/users/chrisatomix", "gists_url": "https://api.github.com/users/chrisatomix/gists{/gist_id}", "html_url": "https://github.com/chrisatomix", "subscriptions_url": "https://api.github.com/users/chrisatomix/subscriptions", "avatar_url": "https://avatars.githubusercontent.com/u/1768449?v=3", "repos_url": "https://api.github.com/users/chrisatomix/repos", "received_events_url": "https://api.github.com/users/chrisatomix/received_events", "gravatar_id": "", "starred_url": "https://api.github.com/users/chrisatomix/starred{/owner}{/repo}", "site_admin": false, "login": "chrisatomix", "type": "User", "id": 1768449, "followers_url": "https://api.github.com/users/chrisatomix/followers"}, "milestone": null, "locked": false, "url": "https://api.github.com/repos/opencart/opencart/issues/46", "created_at": "2012-08-10T09:56:50Z", "assignees": []}, "id": 22635441}, {"commit_id": "3a067a0d6513b4408a62fa8203a789e84a079751", "commit_url": "https://api.github.com/repos/opencart/opencart/commits/3a067a0d6513b4408a62fa8203a789e84a079751", "url": "https://api.github.com/repos/opencart/opencart/issues/events/22635440", "created_at": "2012-08-14T07:56:03Z", "actor": {"following_url": "https://api.github.com/users/opencart/following{/other_user}", "events_url": "https://api.github.com/users/opencart/events{/privacy}", "organizations_url": "https://api.github.com/users/opencart/orgs", "url": "https://api.github.com/users/opencart", "gists_url": "https://api.github.com/users/opencart/gists{/gist_id}", "html_url": "https://github.com/opencart", "subscriptions_url": "https://api.github.com/users/opencart/subscriptions", "avatar_url": "https://avatars.githubusercontent.com/u/214225?v=3", "repos_url": "https://api.github.com/users/opencart/repos", "received_events_url": "https://api.github.com/users/opencart/received_events", "gravatar_id": "", "starred_url": "https://api.github.com/users/opencart/starred{/owner}{/repo}", "site_admin": false, "login": "opencart", "type": "Organization", "id": 214225, "followers_url": "https://api.github.com/users/opencart/followers"}, "event": "referenced", "issue": {"labels": [], "number": 46, "assignee": null, "repository_url": "https://api.github.com/repos/opencart/opencart", "closed_at": "2012-08-14T07:56:03Z", "id": 6147412, "title": "Improved SQL Performance of Category Module", "pull_request": {"url": "https://api.github.com/repos/opencart/opencart/pulls/46", "diff_url": "https://github.com/opencart/opencart/pull/46.diff", "html_url": "https://github.com/opencart/opencart/pull/46", "patch_url": "https://github.com/opencart/opencart/pull/46.patch"}, "comments": 7, "state": "closed", "body": "The Category Module can now display unlimited nested categories along with their respective product counts/totals with a single SQL query (rather than looping through each category and running multiple SQL queries). Needs some work to fully integrate it, but shouldn't cause any breakages. Potential to add depth parameters in future (ie show top 2/3/4 levels).\n", "labels_url": "https://api.github.com/repos/opencart/opencart/issues/46/labels{/name}", "events_url": "https://api.github.com/repos/opencart/opencart/issues/46/events", "comments_url": "https://api.github.com/repos/opencart/opencart/issues/46/comments", "html_url": "https://github.com/opencart/opencart/pull/46", "updated_at": "2014-06-12T08:04:09Z", "user": {"following_url": "https://api.github.com/users/chrisatomix/following{/other_user}", "events_url": "https://api.github.com/users/chrisatomix/events{/privacy}", "organizations_url": "https://api.github.com/users/chrisatomix/orgs", "url": "https://api.github.com/users/chrisatomix", "gists_url": "https://api.github.com/users/chrisatomix/gists{/gist_id}", "html_url": "https://github.com/chrisatomix", "subscriptions_url": "https://api.github.com/users/chrisatomix/subscriptions", "avatar_url": "https://avatars.githubusercontent.com/u/1768449?v=3", "repos_url": "https://api.github.com/users/chrisatomix/repos", "received_events_url": "https://api.github.com/users/chrisatomix/received_events", "gravatar_id": "", "starred_url": "https://api.github.com/users/chrisatomix/starred{/owner}{/repo}", "site_admin": false, "login": "chrisatomix", "type": "User", "id": 1768449, "followers_url": "https://api.github.com/users/chrisatomix/followers"}, "milestone": null, "locked": false, "url": "https://api.github.com/repos/opencart/opencart/issues/46", "created_at": "2012-08-10T09:56:50Z", "assignees": []}, "id": 22635440}, {"commit_id": null, "commit_url": null, "url": "https://api.github.com/repos/opencart/opencart/issues/events/22634795", "created_at": "2012-08-14T07:41:48Z", "actor": {"following_url": "https://api.github.com/users/opencart/following{/other_user}", "events_url": "https://api.github.com/users/opencart/events{/privacy}", "organizations_url": "https://api.github.com/users/opencart/orgs", "url": "https://api.github.com/users/opencart", "gists_url": "https://api.github.com/users/opencart/gists{/gist_id}", "html_url": "https://github.com/opencart", "subscriptions_url": "https://api.github.com/users/opencart/subscriptions", "avatar_url": "https://avatars.githubusercontent.com/u/214225?v=3", "repos_url": "https://api.github.com/users/opencart/repos", "received_events_url": "https://api.github.com/users/opencart/received_events", "gravatar_id": "", "starred_url": "https://api.github.com/users/opencart/starred{/owner}{/repo}", "site_admin": false, "login": "opencart", "type": "Organization", "id": 214225, "followers_url": "https://api.github.com/users/opencart/followers"}, "event": "closed", "issue": {"body": "Latest commit:\nAfter a new installation the user cannot login to admin...\n", "labels": [], "locked": false, "title": "Login as admin", "url": "https://api.github.com/repos/opencart/opencart/issues/51", "labels_url": "https://api.github.com/repos/opencart/opencart/issues/51/labels{/name}", "created_at": "2012-08-12T20:13:14Z", "events_url": "https://api.github.com/repos/opencart/opencart/issues/51/events", "comments_url": "https://api.github.com/repos/opencart/opencart/issues/51/comments", "html_url": "https://github.com/opencart/opencart/issues/51", "comments": 16, "number": 51, "updated_at": "2013-03-31T14:12:38Z", "assignee": null, "state": "closed", "user": {"following_url": "https://api.github.com/users/prof-web-coding/following{/other_user}", "events_url": "https://api.github.com/users/prof-web-coding/events{/privacy}", "organizations_url": "https://api.github.com/users/prof-web-coding/orgs", "url": "https://api.github.com/users/prof-web-coding", "gists_url": "https://api.github.com/users/prof-web-coding/gists{/gist_id}", "html_url": "https://github.com/prof-web-coding", "subscriptions_url": "https://api.github.com/users/prof-web-coding/subscriptions", "avatar_url": "https://avatars.githubusercontent.com/u/2034371?v=3", "repos_url": "https://api.github.com/users/prof-web-coding/repos", "received_events_url": "https://api.github.com/users/prof-web-coding/received_events", "gravatar_id": "", "starred_url": "https://api.github.com/users/prof-web-coding/starred{/owner}{/repo}", "site_admin": false, "login": "prof-web-coding", "type": "User", "id": 2034371, "followers_url": "https://api.github.com/users/prof-web-coding/followers"}, "milestone": null, "repository_url": "https://api.github.com/repos/opencart/opencart", "closed_at": "2013-03-18T06:01:39Z", "assignees": [], "id": 6179614}, "id": 22634795}, {"commit_id": null, "commit_url": null, "url": "https://api.github.com/repos/opencart/opencart/issues/events/22592809", "created_at": "2012-08-13T17:28:07Z", "actor": {"following_url": "https://api.github.com/users/opencart/following{/other_user}", "events_url": "https://api.github.com/users/opencart/events{/privacy}", "organizations_url": "https://api.github.com/users/opencart/orgs", "url": "https://api.github.com/users/opencart", "gists_url": "https://api.github.com/users/opencart/gists{/gist_id}", "html_url": "https://github.com/opencart", "subscriptions_url": "https://api.github.com/users/opencart/subscriptions", "avatar_url": "https://avatars.githubusercontent.com/u/214225?v=3", "repos_url": "https://api.github.com/users/opencart/repos", "received_events_url": "https://api.github.com/users/opencart/received_events", "gravatar_id": "", "starred_url": "https://api.github.com/users/opencart/starred{/owner}{/repo}", "site_admin": false, "login": "opencart", "type": "Organization", "id": 214225, "followers_url": "https://api.github.com/users/opencart/followers"}, "event": "closed", "issue": {"labels": [], "number": 54, "assignee": null, "repository_url": "https://api.github.com/repos/opencart/opencart", "closed_at": "2012-08-13T17:28:07Z", "id": 6195032, "title": "utf8_strlen to filename in product.php", "pull_request": {"url": "https://api.github.com/repos/opencart/opencart/pulls/54", "diff_url": "https://github.com/opencart/opencart/pull/54.diff", "html_url": "https://github.com/opencart/opencart/pull/54", "patch_url": "https://github.com/opencart/opencart/pull/54.patch"}, "comments": 0, "state": "closed", "body": "", "labels_url": "https://api.github.com/repos/opencart/opencart/issues/54/labels{/name}", "events_url": "https://api.github.com/repos/opencart/opencart/issues/54/events", "comments_url": "https://api.github.com/repos/opencart/opencart/issues/54/comments", "html_url": "https://github.com/opencart/opencart/pull/54", "updated_at": "2014-07-04T01:45:41Z", "user": {"following_url": "https://api.github.com/users/epiksel/following{/other_user}", "events_url": "https://api.github.com/users/epiksel/events{/privacy}", "organizations_url": "https://api.github.com/users/epiksel/orgs", "url": "https://api.github.com/users/epiksel", "gists_url": "https://api.github.com/users/epiksel/gists{/gist_id}", "html_url": "https://github.com/epiksel", "subscriptions_url": "https://api.github.com/users/epiksel/subscriptions", "avatar_url": "https://avatars.githubusercontent.com/u/2084594?v=3", "repos_url": "https://api.github.com/users/epiksel/repos", "received_events_url": "https://api.github.com/users/epiksel/received_events", "gravatar_id": "", "starred_url": "https://api.github.com/users/epiksel/starred{/owner}{/repo}", "site_admin": false, "login": "epiksel", "type": "Organization", "id": 2084594, "followers_url": "https://api.github.com/users/epiksel/followers"}, "milestone": null, "locked": false, "url": "https://api.github.com/repos/opencart/opencart/issues/54", "created_at": "2012-08-13T16:38:28Z", "assignees": []}, "id": 22592809}, {"commit_id": "bf4fc7444d31e62612ba7e5ba2651fb6a6700bfa", "commit_url": "https://api.github.com/repos/opencart/opencart/commits/bf4fc7444d31e62612ba7e5ba2651fb6a6700bfa", "url": "https://api.github.com/repos/opencart/opencart/issues/events/22592808", "created_at": "2012-08-13T17:28:07Z", "actor": {"following_url": "https://api.github.com/users/opencart/following{/other_user}", "events_url": "https://api.github.com/users/opencart/events{/privacy}", "organizations_url": "https://api.github.com/users/opencart/orgs", "url": "https://api.github.com/users/opencart", "gists_url": "https://api.github.com/users/opencart/gists{/gist_id}", "html_url": "https://github.com/opencart", "subscriptions_url": "https://api.github.com/users/opencart/subscriptions", "avatar_url": "https://avatars.githubusercontent.com/u/214225?v=3", "repos_url": "https://api.github.com/users/opencart/repos", "received_events_url": "https://api.github.com/users/opencart/received_events", "gravatar_id": "", "starred_url": "https://api.github.com/users/opencart/starred{/owner}{/repo}", "site_admin": false, "login": "opencart", "type": "Organization", "id": 214225, "followers_url": "https://api.github.com/users/opencart/followers"}, "event": "merged", "issue": {"labels": [], "number": 54, "assignee": null, "repository_url": "https://api.github.com/repos/opencart/opencart", "closed_at": "2012-08-13T17:28:07Z", "id": 6195032, "title": "utf8_strlen to filename in product.php", "pull_request": {"url": "https://api.github.com/repos/opencart/opencart/pulls/54", "diff_url": "https://github.com/opencart/opencart/pull/54.diff", "html_url": "https://github.com/opencart/opencart/pull/54", "patch_url": "https://github.com/opencart/opencart/pull/54.patch"}, "comments": 0, "state": "closed", "body": "", "labels_url": "https://api.github.com/repos/opencart/opencart/issues/54/labels{/name}", "events_url": "https://api.github.com/repos/opencart/opencart/issues/54/events", "comments_url": "https://api.github.com/repos/opencart/opencart/issues/54/comments", "html_url": "https://github.com/opencart/opencart/pull/54", "updated_at": "2014-07-04T01:45:41Z", "user": {"following_url": "https://api.github.com/users/epiksel/following{/other_user}", "events_url": "https://api.github.com/users/epiksel/events{/privacy}", "organizations_url": "https://api.github.com/users/epiksel/orgs", "url": "https://api.github.com/users/epiksel", "gists_url": "https://api.github.com/users/epiksel/gists{/gist_id}", "html_url": "https://github.com/epiksel", "subscriptions_url": "https://api.github.com/users/epiksel/subscriptions", "avatar_url": "https://avatars.githubusercontent.com/u/2084594?v=3", "repos_url": "https://api.github.com/users/epiksel/repos", "received_events_url": "https://api.github.com/users/epiksel/received_events", "gravatar_id": "", "starred_url": "https://api.github.com/users/epiksel/starred{/owner}{/repo}", "site_admin": false, "login": "epiksel", "type": "Organization", "id": 2084594, "followers_url": "https://api.github.com/users/epiksel/followers"}, "milestone": null, "locked": false, "url": "https://api.github.com/repos/opencart/opencart/issues/54", "created_at": "2012-08-13T16:38:28Z", "assignees": []}, "id": 22592808}, {"commit_id": "bf4fc7444d31e62612ba7e5ba2651fb6a6700bfa", "commit_url": "https://api.github.com/repos/opencart/opencart/commits/bf4fc7444d31e62612ba7e5ba2651fb6a6700bfa", "url": "https://api.github.com/repos/opencart/opencart/issues/events/22592807", "created_at": "2012-08-13T17:28:07Z", "actor": {"following_url": "https://api.github.com/users/opencart/following{/other_user}", "events_url": "https://api.github.com/users/opencart/events{/privacy}", "organizations_url": "https://api.github.com/users/opencart/orgs", "url": "https://api.github.com/users/opencart", "gists_url": "https://api.github.com/users/opencart/gists{/gist_id}", "html_url": "https://github.com/opencart", "subscriptions_url": "https://api.github.com/users/opencart/subscriptions", "avatar_url": "https://avatars.githubusercontent.com/u/214225?v=3", "repos_url": "https://api.github.com/users/opencart/repos", "received_events_url": "https://api.github.com/users/opencart/received_events", "gravatar_id": "", "starred_url": "https://api.github.com/users/opencart/starred{/owner}{/repo}", "site_admin": false, "login": "opencart", "type": "Organization", "id": 214225, "followers_url": "https://api.github.com/users/opencart/followers"}, "event": "referenced", "issue": {"labels": [], "number": 54, "assignee": null, "repository_url": "https://api.github.com/repos/opencart/opencart", "closed_at": "2012-08-13T17:28:07Z", "id": 6195032, "title": "utf8_strlen to filename in product.php", "pull_request": {"url": "https://api.github.com/repos/opencart/opencart/pulls/54", "diff_url": "https://github.com/opencart/opencart/pull/54.diff", "html_url": "https://github.com/opencart/opencart/pull/54", "patch_url": "https://github.com/opencart/opencart/pull/54.patch"}, "comments": 0, "state": "closed", "body": "", "labels_url": "https://api.github.com/repos/opencart/opencart/issues/54/labels{/name}", "events_url": "https://api.github.com/repos/opencart/opencart/issues/54/events", "comments_url": "https://api.github.com/repos/opencart/opencart/issues/54/comments", "html_url": "https://github.com/opencart/opencart/pull/54", "updated_at": "2014-07-04T01:45:41Z", "user": {"following_url": "https://api.github.com/users/epiksel/following{/other_user}", "events_url": "https://api.github.com/users/epiksel/events{/privacy}", "organizations_url": "https://api.github.com/users/epiksel/orgs", "url": "https://api.github.com/users/epiksel", "gists_url": "https://api.github.com/users/epiksel/gists{/gist_id}", "html_url": "https://github.com/epiksel", "subscriptions_url": "https://api.github.com/users/epiksel/subscriptions", "avatar_url": "https://avatars.githubusercontent.com/u/2084594?v=3", "repos_url": "https://api.github.com/users/epiksel/repos", "received_events_url": "https://api.github.com/users/epiksel/received_events", "gravatar_id": "", "starred_url": "https://api.github.com/users/epiksel/starred{/owner}{/repo}", "site_admin": false, "login": "epiksel", "type": "Organization", "id": 2084594, "followers_url": "https://api.github.com/users/epiksel/followers"}, "milestone": null, "locked": false, "url": "https://api.github.com/repos/opencart/opencart/issues/54", "created_at": "2012-08-13T16:38:28Z", "assignees": []}, "id": 22592807}, {"commit_id": null, "commit_url": null, "url": "https://api.github.com/repos/opencart/opencart/issues/events/22589168", "created_at": "2012-08-13T16:40:00Z", "actor": {"following_url": "https://api.github.com/users/opencart/following{/other_user}", "events_url": "https://api.github.com/users/opencart/events{/privacy}", "organizations_url": "https://api.github.com/users/opencart/orgs", "url": "https://api.github.com/users/opencart", "gists_url": "https://api.github.com/users/opencart/gists{/gist_id}", "html_url": "https://github.com/opencart", "subscriptions_url": "https://api.github.com/users/opencart/subscriptions", "avatar_url": "https://avatars.githubusercontent.com/u/214225?v=3", "repos_url": "https://api.github.com/users/opencart/repos", "received_events_url": "https://api.github.com/users/opencart/received_events", "gravatar_id": "", "starred_url": "https://api.github.com/users/opencart/starred{/owner}{/repo}", "site_admin": false, "login": "opencart", "type": "Organization", "id": 214225, "followers_url": "https://api.github.com/users/opencart/followers"}, "event": "reopened", "issue": {"body": "Latest commit:\nAfter a new installation the user cannot login to admin...\n", "labels": [], "locked": false, "title": "Login as admin", "url": "https://api.github.com/repos/opencart/opencart/issues/51", "labels_url": "https://api.github.com/repos/opencart/opencart/issues/51/labels{/name}", "created_at": "2012-08-12T20:13:14Z", "events_url": "https://api.github.com/repos/opencart/opencart/issues/51/events", "comments_url": "https://api.github.com/repos/opencart/opencart/issues/51/comments", "html_url": "https://github.com/opencart/opencart/issues/51", "comments": 16, "number": 51, "updated_at": "2013-03-31T14:12:38Z", "assignee": null, "state": "closed", "user": {"following_url": "https://api.github.com/users/prof-web-coding/following{/other_user}", "events_url": "https://api.github.com/users/prof-web-coding/events{/privacy}", "organizations_url": "https://api.github.com/users/prof-web-coding/orgs", "url": "https://api.github.com/users/prof-web-coding", "gists_url": "https://api.github.com/users/prof-web-coding/gists{/gist_id}", "html_url": "https://github.com/prof-web-coding", "subscriptions_url": "https://api.github.com/users/prof-web-coding/subscriptions", "avatar_url": "https://avatars.githubusercontent.com/u/2034371?v=3", "repos_url": "https://api.github.com/users/prof-web-coding/repos", "received_events_url": "https://api.github.com/users/prof-web-coding/received_events", "gravatar_id": "", "starred_url": "https://api.github.com/users/prof-web-coding/starred{/owner}{/repo}", "site_admin": false, "login": "prof-web-coding", "type": "User", "id": 2034371, "followers_url": "https://api.github.com/users/prof-web-coding/followers"}, "milestone": null, "repository_url": "https://api.github.com/repos/opencart/opencart", "closed_at": "2013-03-18T06:01:39Z", "assignees": [], "id": 6179614}, "id": 22589168}, {"commit_id": null, "commit_url": null, "url": "https://api.github.com/repos/opencart/opencart/issues/events/22587059", "created_at": "2012-08-13T16:12:12Z", "actor": {"following_url": "https://api.github.com/users/bigtarget/following{/other_user}", "events_url": "https://api.github.com/users/bigtarget/events{/privacy}", "organizations_url": "https://api.github.com/users/bigtarget/orgs", "url": "https://api.github.com/users/bigtarget", "gists_url": "https://api.github.com/users/bigtarget/gists{/gist_id}", "html_url": "https://github.com/bigtarget", "subscriptions_url": "https://api.github.com/users/bigtarget/subscriptions", "avatar_url": "https://avatars.githubusercontent.com/u/785445?v=3", "repos_url": "https://api.github.com/users/bigtarget/repos", "received_events_url": "https://api.github.com/users/bigtarget/received_events", "gravatar_id": "", "starred_url": "https://api.github.com/users/bigtarget/starred{/owner}{/repo}", "site_admin": false, "login": "bigtarget", "type": "User", "id": 785445, "followers_url": "https://api.github.com/users/bigtarget/followers"}, "event": "subscribed", "issue": {"body": "Latest commit:\nAfter a new installation the user cannot login to admin...\n", "labels": [], "locked": false, "title": "Login as admin", "url": "https://api.github.com/repos/opencart/opencart/issues/51", "labels_url": "https://api.github.com/repos/opencart/opencart/issues/51/labels{/name}", "created_at": "2012-08-12T20:13:14Z", "events_url": "https://api.github.com/repos/opencart/opencart/issues/51/events", "comments_url": "https://api.github.com/repos/opencart/opencart/issues/51/comments", "html_url": "https://github.com/opencart/opencart/issues/51", "comments": 16, "number": 51, "updated_at": "2013-03-31T14:12:38Z", "assignee": null, "state": "closed", "user": {"following_url": "https://api.github.com/users/prof-web-coding/following{/other_user}", "events_url": "https://api.github.com/users/prof-web-coding/events{/privacy}", "organizations_url": "https://api.github.com/users/prof-web-coding/orgs", "url": "https://api.github.com/users/prof-web-coding", "gists_url": "https://api.github.com/users/prof-web-coding/gists{/gist_id}", "html_url": "https://github.com/prof-web-coding", "subscriptions_url": "https://api.github.com/users/prof-web-coding/subscriptions", "avatar_url": "https://avatars.githubusercontent.com/u/2034371?v=3", "repos_url": "https://api.github.com/users/prof-web-coding/repos", "received_events_url": "https://api.github.com/users/prof-web-coding/received_events", "gravatar_id": "", "starred_url": "https://api.github.com/users/prof-web-coding/starred{/owner}{/repo}", "site_admin": false, "login": "prof-web-coding", "type": "User", "id": 2034371, "followers_url": "https://api.github.com/users/prof-web-coding/followers"}, "milestone": null, "repository_url": "https://api.github.com/repos/opencart/opencart", "closed_at": "2013-03-18T06:01:39Z", "assignees": [], "id": 6179614}, "id": 22587059}, {"commit_id": null, "commit_url": null, "url": "https://api.github.com/repos/opencart/opencart/issues/events/22587058", "created_at": "2012-08-13T16:12:12Z", "actor": {"following_url": "https://api.github.com/users/bigtarget/following{/other_user}", "events_url": "https://api.github.com/users/bigtarget/events{/privacy}", "organizations_url": "https://api.github.com/users/bigtarget/orgs", "url": "https://api.github.com/users/bigtarget", "gists_url": "https://api.github.com/users/bigtarget/gists{/gist_id}", "html_url": "https://github.com/bigtarget", "subscriptions_url": "https://api.github.com/users/bigtarget/subscriptions", "avatar_url": "https://avatars.githubusercontent.com/u/785445?v=3", "repos_url": "https://api.github.com/users/bigtarget/repos", "received_events_url": "https://api.github.com/users/bigtarget/received_events", "gravatar_id": "", "starred_url": "https://api.github.com/users/bigtarget/starred{/owner}{/repo}", "site_admin": false, "login": "bigtarget", "type": "User", "id": 785445, "followers_url": "https://api.github.com/users/bigtarget/followers"}, "event": "mentioned", "issue": {"body": "Latest commit:\nAfter a new installation the user cannot login to admin...\n", "labels": [], "locked": false, "title": "Login as admin", "url": "https://api.github.com/repos/opencart/opencart/issues/51", "labels_url": "https://api.github.com/repos/opencart/opencart/issues/51/labels{/name}", "created_at": "2012-08-12T20:13:14Z", "events_url": "https://api.github.com/repos/opencart/opencart/issues/51/events", "comments_url": "https://api.github.com/repos/opencart/opencart/issues/51/comments", "html_url": "https://github.com/opencart/opencart/issues/51", "comments": 16, "number": 51, "updated_at": "2013-03-31T14:12:38Z", "assignee": null, "state": "closed", "user": {"following_url": "https://api.github.com/users/prof-web-coding/following{/other_user}", "events_url": "https://api.github.com/users/prof-web-coding/events{/privacy}", "organizations_url": "https://api.github.com/users/prof-web-coding/orgs", "url": "https://api.github.com/users/prof-web-coding", "gists_url": "https://api.github.com/users/prof-web-coding/gists{/gist_id}", "html_url": "https://github.com/prof-web-coding", "subscriptions_url": "https://api.github.com/users/prof-web-coding/subscriptions", "avatar_url": "https://avatars.githubusercontent.com/u/2034371?v=3", "repos_url": "https://api.github.com/users/prof-web-coding/repos", "received_events_url": "https://api.github.com/users/prof-web-coding/received_events", "gravatar_id": "", "starred_url": "https://api.github.com/users/prof-web-coding/starred{/owner}{/repo}", "site_admin": false, "login": "prof-web-coding", "type": "User", "id": 2034371, "followers_url": "https://api.github.com/users/prof-web-coding/followers"}, "milestone": null, "repository_url": "https://api.github.com/repos/opencart/opencart", "closed_at": "2013-03-18T06:01:39Z", "assignees": [], "id": 6179614}, "id": 22587058}, {"commit_id": null, "commit_url": null, "url": "https://api.github.com/repos/opencart/opencart/issues/events/22587057", "created_at": "2012-08-13T16:12:12Z", "actor": {"following_url": "https://api.github.com/users/prof-web-coding/following{/other_user}", "events_url": "https://api.github.com/users/prof-web-coding/events{/privacy}", "organizations_url": "https://api.github.com/users/prof-web-coding/orgs", "url": "https://api.github.com/users/prof-web-coding", "gists_url": "https://api.github.com/users/prof-web-coding/gists{/gist_id}", "html_url": "https://github.com/prof-web-coding", "subscriptions_url": "https://api.github.com/users/prof-web-coding/subscriptions", "avatar_url": "https://avatars.githubusercontent.com/u/2034371?v=3", "repos_url": "https://api.github.com/users/prof-web-coding/repos", "received_events_url": "https://api.github.com/users/prof-web-coding/received_events", "gravatar_id": "", "starred_url": "https://api.github.com/users/prof-web-coding/starred{/owner}{/repo}", "site_admin": false, "login": "prof-web-coding", "type": "User", "id": 2034371, "followers_url": "https://api.github.com/users/prof-web-coding/followers"}, "event": "subscribed", "issue": {"body": "Latest commit:\nAfter a new installation the user cannot login to admin...\n", "labels": [], "locked": false, "title": "Login as admin", "url": "https://api.github.com/repos/opencart/opencart/issues/51", "labels_url": "https://api.github.com/repos/opencart/opencart/issues/51/labels{/name}", "created_at": "2012-08-12T20:13:14Z", "events_url": "https://api.github.com/repos/opencart/opencart/issues/51/events", "comments_url": "https://api.github.com/repos/opencart/opencart/issues/51/comments", "html_url": "https://github.com/opencart/opencart/issues/51", "comments": 16, "number": 51, "updated_at": "2013-03-31T14:12:38Z", "assignee": null, "state": "closed", "user": {"following_url": "https://api.github.com/users/prof-web-coding/following{/other_user}", "events_url": "https://api.github.com/users/prof-web-coding/events{/privacy}", "organizations_url": "https://api.github.com/users/prof-web-coding/orgs", "url": "https://api.github.com/users/prof-web-coding", "gists_url": "https://api.github.com/users/prof-web-coding/gists{/gist_id}", "html_url": "https://github.com/prof-web-coding", "subscriptions_url": "https://api.github.com/users/prof-web-coding/subscriptions", "avatar_url": "https://avatars.githubusercontent.com/u/2034371?v=3", "repos_url": "https://api.github.com/users/prof-web-coding/repos", "received_events_url": "https://api.github.com/users/prof-web-coding/received_events", "gravatar_id": "", "starred_url": "https://api.github.com/users/prof-web-coding/starred{/owner}{/repo}", "site_admin": false, "login": "prof-web-coding", "type": "User", "id": 2034371, "followers_url": "https://api.github.com/users/prof-web-coding/followers"}, "milestone": null, "repository_url": "https://api.github.com/repos/opencart/opencart", "closed_at": "2013-03-18T06:01:39Z", "assignees": [], "id": 6179614}, "id": 22587057}, {"commit_id": null, "commit_url": null, "url": "https://api.github.com/repos/opencart/opencart/issues/events/22587056", "created_at": "2012-08-13T16:12:12Z", "actor": {"following_url": "https://api.github.com/users/prof-web-coding/following{/other_user}", "events_url": "https://api.github.com/users/prof-web-coding/events{/privacy}", "organizations_url": "https://api.github.com/users/prof-web-coding/orgs", "url": "https://api.github.com/users/prof-web-coding", "gists_url": "https://api.github.com/users/prof-web-coding/gists{/gist_id}", "html_url": "https://github.com/prof-web-coding", "subscriptions_url": "https://api.github.com/users/prof-web-coding/subscriptions", "avatar_url": "https://avatars.githubusercontent.com/u/2034371?v=3", "repos_url": "https://api.github.com/users/prof-web-coding/repos", "received_events_url": "https://api.github.com/users/prof-web-coding/received_events", "gravatar_id": "", "starred_url": "https://api.github.com/users/prof-web-coding/starred{/owner}{/repo}", "site_admin": false, "login": "prof-web-coding", "type": "User", "id": 2034371, "followers_url": "https://api.github.com/users/prof-web-coding/followers"}, "event": "mentioned", "issue": {"body": "Latest commit:\nAfter a new installation the user cannot login to admin...\n", "labels": [], "locked": false, "title": "Login as admin", "url": "https://api.github.com/repos/opencart/opencart/issues/51", "labels_url": "https://api.github.com/repos/opencart/opencart/issues/51/labels{/name}", "created_at": "2012-08-12T20:13:14Z", "events_url": "https://api.github.com/repos/opencart/opencart/issues/51/events", "comments_url": "https://api.github.com/repos/opencart/opencart/issues/51/comments", "html_url": "https://github.com/opencart/opencart/issues/51", "comments": 16, "number": 51, "updated_at": "2013-03-31T14:12:38Z", "assignee": null, "state": "closed", "user": {"following_url": "https://api.github.com/users/prof-web-coding/following{/other_user}", "events_url": "https://api.github.com/users/prof-web-coding/events{/privacy}", "organizations_url": "https://api.github.com/users/prof-web-coding/orgs", "url": "https://api.github.com/users/prof-web-coding", "gists_url": "https://api.github.com/users/prof-web-coding/gists{/gist_id}", "html_url": "https://github.com/prof-web-coding", "subscriptions_url": "https://api.github.com/users/prof-web-coding/subscriptions", "avatar_url": "https://avatars.githubusercontent.com/u/2034371?v=3", "repos_url": "https://api.github.com/users/prof-web-coding/repos", "received_events_url": "https://api.github.com/users/prof-web-coding/received_events", "gravatar_id": "", "starred_url": "https://api.github.com/users/prof-web-coding/starred{/owner}{/repo}", "site_admin": false, "login": "prof-web-coding", "type": "User", "id": 2034371, "followers_url": "https://api.github.com/users/prof-web-coding/followers"}, "milestone": null, "repository_url": "https://api.github.com/repos/opencart/opencart", "closed_at": "2013-03-18T06:01:39Z", "assignees": [], "id": 6179614}, "id": 22587056}, {"commit_id": null, "commit_url": null, "url": "https://api.github.com/repos/opencart/opencart/issues/events/22587055", "created_at": "2012-08-13T16:12:12Z", "actor": {"following_url": "https://api.github.com/users/opencart/following{/other_user}", "events_url": "https://api.github.com/users/opencart/events{/privacy}", "organizations_url": "https://api.github.com/users/opencart/orgs", "url": "https://api.github.com/users/opencart", "gists_url": "https://api.github.com/users/opencart/gists{/gist_id}", "html_url": "https://github.com/opencart", "subscriptions_url": "https://api.github.com/users/opencart/subscriptions", "avatar_url": "https://avatars.githubusercontent.com/u/214225?v=3", "repos_url": "https://api.github.com/users/opencart/repos", "received_events_url": "https://api.github.com/users/opencart/received_events", "gravatar_id": "", "starred_url": "https://api.github.com/users/opencart/starred{/owner}{/repo}", "site_admin": false, "login": "opencart", "type": "Organization", "id": 214225, "followers_url": "https://api.github.com/users/opencart/followers"}, "event": "subscribed", "issue": {"body": "Latest commit:\nAfter a new installation the user cannot login to admin...\n", "labels": [], "locked": false, "title": "Login as admin", "url": "https://api.github.com/repos/opencart/opencart/issues/51", "labels_url": "https://api.github.com/repos/opencart/opencart/issues/51/labels{/name}", "created_at": "2012-08-12T20:13:14Z", "events_url": "https://api.github.com/repos/opencart/opencart/issues/51/events", "comments_url": "https://api.github.com/repos/opencart/opencart/issues/51/comments", "html_url": "https://github.com/opencart/opencart/issues/51", "comments": 16, "number": 51, "updated_at": "2013-03-31T14:12:38Z", "assignee": null, "state": "closed", "user": {"following_url": "https://api.github.com/users/prof-web-coding/following{/other_user}", "events_url": "https://api.github.com/users/prof-web-coding/events{/privacy}", "organizations_url": "https://api.github.com/users/prof-web-coding/orgs", "url": "https://api.github.com/users/prof-web-coding", "gists_url": "https://api.github.com/users/prof-web-coding/gists{/gist_id}", "html_url": "https://github.com/prof-web-coding", "subscriptions_url": "https://api.github.com/users/prof-web-coding/subscriptions", "avatar_url": "https://avatars.githubusercontent.com/u/2034371?v=3", "repos_url": "https://api.github.com/users/prof-web-coding/repos", "received_events_url": "https://api.github.com/users/prof-web-coding/received_events", "gravatar_id": "", "starred_url": "https://api.github.com/users/prof-web-coding/starred{/owner}{/repo}", "site_admin": false, "login": "prof-web-coding", "type": "User", "id": 2034371, "followers_url": "https://api.github.com/users/prof-web-coding/followers"}, "milestone": null, "repository_url": "https://api.github.com/repos/opencart/opencart", "closed_at": "2013-03-18T06:01:39Z", "assignees": [], "id": 6179614}, "id": 22587055}, {"commit_id": null, "commit_url": null, "url": "https://api.github.com/repos/opencart/opencart/issues/events/22587054", "created_at": "2012-08-13T16:12:12Z", "actor": {"following_url": "https://api.github.com/users/opencart/following{/other_user}", "events_url": "https://api.github.com/users/opencart/events{/privacy}", "organizations_url": "https://api.github.com/users/opencart/orgs", "url": "https://api.github.com/users/opencart", "gists_url": "https://api.github.com/users/opencart/gists{/gist_id}", "html_url": "https://github.com/opencart", "subscriptions_url": "https://api.github.com/users/opencart/subscriptions", "avatar_url": "https://avatars.githubusercontent.com/u/214225?v=3", "repos_url": "https://api.github.com/users/opencart/repos", "received_events_url": "https://api.github.com/users/opencart/received_events", "gravatar_id": "", "starred_url": "https://api.github.com/users/opencart/starred{/owner}{/repo}", "site_admin": false, "login": "opencart", "type": "Organization", "id": 214225, "followers_url": "https://api.github.com/users/opencart/followers"}, "event": "mentioned", "issue": {"body": "Latest commit:\nAfter a new installation the user cannot login to admin...\n", "labels": [], "locked": false, "title": "Login as admin", "url": "https://api.github.com/repos/opencart/opencart/issues/51", "labels_url": "https://api.github.com/repos/opencart/opencart/issues/51/labels{/name}", "created_at": "2012-08-12T20:13:14Z", "events_url": "https://api.github.com/repos/opencart/opencart/issues/51/events", "comments_url": "https://api.github.com/repos/opencart/opencart/issues/51/comments", "html_url": "https://github.com/opencart/opencart/issues/51", "comments": 16, "number": 51, "updated_at": "2013-03-31T14:12:38Z", "assignee": null, "state": "closed", "user": {"following_url": "https://api.github.com/users/prof-web-coding/following{/other_user}", "events_url": "https://api.github.com/users/prof-web-coding/events{/privacy}", "organizations_url": "https://api.github.com/users/prof-web-coding/orgs", "url": "https://api.github.com/users/prof-web-coding", "gists_url": "https://api.github.com/users/prof-web-coding/gists{/gist_id}", "html_url": "https://github.com/prof-web-coding", "subscriptions_url": "https://api.github.com/users/prof-web-coding/subscriptions", "avatar_url": "https://avatars.githubusercontent.com/u/2034371?v=3", "repos_url": "https://api.github.com/users/prof-web-coding/repos", "received_events_url": "https://api.github.com/users/prof-web-coding/received_events", "gravatar_id": "", "starred_url": "https://api.github.com/users/prof-web-coding/starred{/owner}{/repo}", "site_admin": false, "login": "prof-web-coding", "type": "User", "id": 2034371, "followers_url": "https://api.github.com/users/prof-web-coding/followers"}, "milestone": null, "repository_url": "https://api.github.com/repos/opencart/opencart", "closed_at": "2013-03-18T06:01:39Z", "assignees": [], "id": 6179614}, "id": 22587054}, {"commit_id": null, "commit_url": null, "url": "https://api.github.com/repos/opencart/opencart/issues/events/22586901", "created_at": "2012-08-13T16:10:11Z", "actor": {"following_url": "https://api.github.com/users/opencart/following{/other_user}", "events_url": "https://api.github.com/users/opencart/events{/privacy}", "organizations_url": "https://api.github.com/users/opencart/orgs", "url": "https://api.github.com/users/opencart", "gists_url": "https://api.github.com/users/opencart/gists{/gist_id}", "html_url": "https://github.com/opencart", "subscriptions_url": "https://api.github.com/users/opencart/subscriptions", "avatar_url": "https://avatars.githubusercontent.com/u/214225?v=3", "repos_url": "https://api.github.com/users/opencart/repos", "received_events_url": "https://api.github.com/users/opencart/received_events", "gravatar_id": "", "starred_url": "https://api.github.com/users/opencart/starred{/owner}{/repo}", "site_admin": false, "login": "opencart", "type": "Organization", "id": 214225, "followers_url": "https://api.github.com/users/opencart/followers"}, "event": "closed", "issue": {"body": "Latest commit:\nAfter a new installation the user cannot login to admin...\n", "labels": [], "locked": false, "title": "Login as admin", "url": "https://api.github.com/repos/opencart/opencart/issues/51", "labels_url": "https://api.github.com/repos/opencart/opencart/issues/51/labels{/name}", "created_at": "2012-08-12T20:13:14Z", "events_url": "https://api.github.com/repos/opencart/opencart/issues/51/events", "comments_url": "https://api.github.com/repos/opencart/opencart/issues/51/comments", "html_url": "https://github.com/opencart/opencart/issues/51", "comments": 16, "number": 51, "updated_at": "2013-03-31T14:12:38Z", "assignee": null, "state": "closed", "user": {"following_url": "https://api.github.com/users/prof-web-coding/following{/other_user}", "events_url": "https://api.github.com/users/prof-web-coding/events{/privacy}", "organizations_url": "https://api.github.com/users/prof-web-coding/orgs", "url": "https://api.github.com/users/prof-web-coding", "gists_url": "https://api.github.com/users/prof-web-coding/gists{/gist_id}", "html_url": "https://github.com/prof-web-coding", "subscriptions_url": "https://api.github.com/users/prof-web-coding/subscriptions", "avatar_url": "https://avatars.githubusercontent.com/u/2034371?v=3", "repos_url": "https://api.github.com/users/prof-web-coding/repos", "received_events_url": "https://api.github.com/users/prof-web-coding/received_events", "gravatar_id": "", "starred_url": "https://api.github.com/users/prof-web-coding/starred{/owner}{/repo}", "site_admin": false, "login": "prof-web-coding", "type": "User", "id": 2034371, "followers_url": "https://api.github.com/users/prof-web-coding/followers"}, "milestone": null, "repository_url": "https://api.github.com/repos/opencart/opencart", "closed_at": "2013-03-18T06:01:39Z", "assignees": [], "id": 6179614}, "id": 22586901}, {"commit_id": null, "commit_url": null, "url": "https://api.github.com/repos/opencart/opencart/issues/events/22576098", "created_at": "2012-08-13T14:00:16Z", "actor": {"following_url": "https://api.github.com/users/opencart/following{/other_user}", "events_url": "https://api.github.com/users/opencart/events{/privacy}", "organizations_url": "https://api.github.com/users/opencart/orgs", "url": "https://api.github.com/users/opencart", "gists_url": "https://api.github.com/users/opencart/gists{/gist_id}", "html_url": "https://github.com/opencart", "subscriptions_url": "https://api.github.com/users/opencart/subscriptions", "avatar_url": "https://avatars.githubusercontent.com/u/214225?v=3", "repos_url": "https://api.github.com/users/opencart/repos", "received_events_url": "https://api.github.com/users/opencart/received_events", "gravatar_id": "", "starred_url": "https://api.github.com/users/opencart/starred{/owner}{/repo}", "site_admin": false, "login": "opencart", "type": "Organization", "id": 214225, "followers_url": "https://api.github.com/users/opencart/followers"}, "event": "closed", "issue": {"labels": [], "number": 53, "assignee": null, "repository_url": "https://api.github.com/repos/opencart/opencart", "closed_at": "2012-08-13T14:00:16Z", "id": 6190028, "title": "Update upload/install/opencart.sql", "pull_request": {"url": "https://api.github.com/repos/opencart/opencart/pulls/53", "diff_url": "https://github.com/opencart/opencart/pull/53.diff", "html_url": "https://github.com/opencart/opencart/pull/53", "patch_url": "https://github.com/opencart/opencart/pull/53.patch"}, "comments": 0, "state": "closed", "body": "new\u00a0state in iran\n", "labels_url": "https://api.github.com/repos/opencart/opencart/issues/53/labels{/name}", "events_url": "https://api.github.com/repos/opencart/opencart/issues/53/events", "comments_url": "https://api.github.com/repos/opencart/opencart/issues/53/comments", "html_url": "https://github.com/opencart/opencart/pull/53", "updated_at": "2014-06-21T02:12:05Z", "user": {"following_url": "https://api.github.com/users/aa100/following{/other_user}", "events_url": "https://api.github.com/users/aa100/events{/privacy}", "organizations_url": "https://api.github.com/users/aa100/orgs", "url": "https://api.github.com/users/aa100", "gists_url": "https://api.github.com/users/aa100/gists{/gist_id}", "html_url": "https://github.com/aa100", "subscriptions_url": "https://api.github.com/users/aa100/subscriptions", "avatar_url": "https://avatars.githubusercontent.com/u/2033867?v=3", "repos_url": "https://api.github.com/users/aa100/repos", "received_events_url": "https://api.github.com/users/aa100/received_events", "gravatar_id": "", "starred_url": "https://api.github.com/users/aa100/starred{/owner}{/repo}", "site_admin": false, "login": "aa100", "type": "User", "id": 2033867, "followers_url": "https://api.github.com/users/aa100/followers"}, "milestone": null, "locked": false, "url": "https://api.github.com/repos/opencart/opencart/issues/53", "created_at": "2012-08-13T13:25:17Z", "assignees": []}, "id": 22576098}]