[{"commit_id": null, "commit_url": null, "url": "https://api.github.com/repos/opencart/opencart/issues/events/272579816", "created_at": "2015-04-03T10:47:25Z", "actor": {"following_url": "https://api.github.com/users/jamesallsup/following{/other_user}", "events_url": "https://api.github.com/users/jamesallsup/events{/privacy}", "organizations_url": "https://api.github.com/users/jamesallsup/orgs", "url": "https://api.github.com/users/jamesallsup", "gists_url": "https://api.github.com/users/jamesallsup/gists{/gist_id}", "html_url": "https://github.com/jamesallsup", "subscriptions_url": "https://api.github.com/users/jamesallsup/subscriptions", "avatar_url": "https://avatars.githubusercontent.com/u/2026129?v=3", "repos_url": "https://api.github.com/users/jamesallsup/repos", "received_events_url": "https://api.github.com/users/jamesallsup/received_events", "gravatar_id": "", "starred_url": "https://api.github.com/users/jamesallsup/starred{/owner}{/repo}", "site_admin": false, "login": "jamesallsup", "type": "User", "id": 2026129, "followers_url": "https://api.github.com/users/jamesallsup/followers"}, "event": "closed", "issue": {"body": "If you have done your config correctly and still have a syntax error It is likely because the Order Editing (# of days an order can be edited) Option from OC 1.5x is missing from 2.0.1.1\n\n \"Dashboard\" > \"System\" > \"Settings\" > \"Edit the store\" > \"Options Tab\" > \"Order Editing\".\n\nWhoever keeps closing threads on this issue needs to pay attention.\n\n![order-edit-fix](https://cloud.githubusercontent.com/assets/11760563/6951368/cd216ab4-d888-11e4-896e-12b2fed905ec.png)\n", "labels": [], "locked": false, "title": "Can't Edit or Add orders 2.0.1.1  there's a reason!", "url": "https://api.github.com/repos/opencart/opencart/issues/2844", "labels_url": "https://api.github.com/repos/opencart/opencart/issues/2844/labels{/name}", "created_at": "2015-04-01T20:09:50Z", "events_url": "https://api.github.com/repos/opencart/opencart/issues/2844/events", "comments_url": "https://api.github.com/repos/opencart/opencart/issues/2844/comments", "html_url": "https://github.com/opencart/opencart/issues/2844", "comments": 12, "number": 2844, "updated_at": "2016-11-12T00:26:44Z", "assignee": null, "state": "closed", "user": {"following_url": "https://api.github.com/users/dancarp/following{/other_user}", "events_url": "https://api.github.com/users/dancarp/events{/privacy}", "organizations_url": "https://api.github.com/users/dancarp/orgs", "url": "https://api.github.com/users/dancarp", "gists_url": "https://api.github.com/users/dancarp/gists{/gist_id}", "html_url": "https://github.com/dancarp", "subscriptions_url": "https://api.github.com/users/dancarp/subscriptions", "avatar_url": "https://avatars.githubusercontent.com/u/11760563?v=3", "repos_url": "https://api.github.com/users/dancarp/repos", "received_events_url": "https://api.github.com/users/dancarp/received_events", "gravatar_id": "", "starred_url": "https://api.github.com/users/dancarp/starred{/owner}{/repo}", "site_admin": false, "login": "dancarp", "type": "User", "id": 11760563, "followers_url": "https://api.github.com/users/dancarp/followers"}, "milestone": null, "repository_url": "https://api.github.com/repos/opencart/opencart", "closed_at": "2015-04-03T10:47:25Z", "assignees": [], "id": 65769211}, "id": 272579816}, {"commit_id": null, "commit_url": null, "url": "https://api.github.com/repos/opencart/opencart/issues/events/272578663", "created_at": "2015-04-03T10:45:06Z", "actor": {"following_url": "https://api.github.com/users/jamesallsup/following{/other_user}", "events_url": "https://api.github.com/users/jamesallsup/events{/privacy}", "organizations_url": "https://api.github.com/users/jamesallsup/orgs", "url": "https://api.github.com/users/jamesallsup", "gists_url": "https://api.github.com/users/jamesallsup/gists{/gist_id}", "html_url": "https://github.com/jamesallsup", "subscriptions_url": "https://api.github.com/users/jamesallsup/subscriptions", "avatar_url": "https://avatars.githubusercontent.com/u/2026129?v=3", "repos_url": "https://api.github.com/users/jamesallsup/repos", "received_events_url": "https://api.github.com/users/jamesallsup/received_events", "gravatar_id": "", "starred_url": "https://api.github.com/users/jamesallsup/starred{/owner}{/repo}", "site_admin": false, "login": "jamesallsup", "type": "User", "id": 2026129, "followers_url": "https://api.github.com/users/jamesallsup/followers"}, "event": "closed", "issue": {"body": "Hello,\n\nI am using Opencart version 1.5.6.2 and recently added a product to the category of 'accessories > Candles'. When I browse to the Candles subcategory on the frontend of the store the 'Accessories' page displays and the said product does not display.\n\nWhen clicking on the Candles hyperlink it is evident that OpenCart is wrongly hyperlinking to the Accessories page.\n", "labels": [], "locked": false, "title": "Category Bug (OpenCart 1.5.6.2)", "url": "https://api.github.com/repos/opencart/opencart/issues/2849", "labels_url": "https://api.github.com/repos/opencart/opencart/issues/2849/labels{/name}", "created_at": "2015-04-02T22:16:25Z", "events_url": "https://api.github.com/repos/opencart/opencart/issues/2849/events", "comments_url": "https://api.github.com/repos/opencart/opencart/issues/2849/comments", "html_url": "https://github.com/opencart/opencart/issues/2849", "comments": 1, "number": 2849, "updated_at": "2015-04-03T10:45:06Z", "assignee": null, "state": "closed", "user": {"following_url": "https://api.github.com/users/mark4785/following{/other_user}", "events_url": "https://api.github.com/users/mark4785/events{/privacy}", "organizations_url": "https://api.github.com/users/mark4785/orgs", "url": "https://api.github.com/users/mark4785", "gists_url": "https://api.github.com/users/mark4785/gists{/gist_id}", "html_url": "https://github.com/mark4785", "subscriptions_url": "https://api.github.com/users/mark4785/subscriptions", "avatar_url": "https://avatars.githubusercontent.com/u/11777955?v=3", "repos_url": "https://api.github.com/users/mark4785/repos", "received_events_url": "https://api.github.com/users/mark4785/received_events", "gravatar_id": "", "starred_url": "https://api.github.com/users/mark4785/starred{/owner}{/repo}", "site_admin": false, "login": "mark4785", "type": "User", "id": 11777955, "followers_url": "https://api.github.com/users/mark4785/followers"}, "milestone": null, "repository_url": "https://api.github.com/repos/opencart/opencart", "closed_at": "2015-04-03T10:45:06Z", "assignees": [], "id": 66021884}, "id": 272578663}, {"commit_id": null, "commit_url": null, "url": "https://api.github.com/repos/opencart/opencart/issues/events/272576961", "created_at": "2015-04-03T10:39:55Z", "actor": {"following_url": "https://api.github.com/users/jamesallsup/following{/other_user}", "events_url": "https://api.github.com/users/jamesallsup/events{/privacy}", "organizations_url": "https://api.github.com/users/jamesallsup/orgs", "url": "https://api.github.com/users/jamesallsup", "gists_url": "https://api.github.com/users/jamesallsup/gists{/gist_id}", "html_url": "https://github.com/jamesallsup", "subscriptions_url": "https://api.github.com/users/jamesallsup/subscriptions", "avatar_url": "https://avatars.githubusercontent.com/u/2026129?v=3", "repos_url": "https://api.github.com/users/jamesallsup/repos", "received_events_url": "https://api.github.com/users/jamesallsup/received_events", "gravatar_id": "", "starred_url": "https://api.github.com/users/jamesallsup/starred{/owner}{/repo}", "site_admin": false, "login": "jamesallsup", "type": "User", "id": 2026129, "followers_url": "https://api.github.com/users/jamesallsup/followers"}, "event": "closed", "issue": {"body": "I'm using 2.0.2 version. On previous version 1.5.6 I had no problem with sending an e-mail.\nBut now if I'm using smtp protocol I get a lot of errors in mail.php file when I try to register a new user. And if I'm Using Mail protocol I get an error \"E-mail to required!\" in line 61 mail.php.\n\nWhat is the problem? \n\nThanks.\n", "labels": [], "locked": false, "title": "Can't send e-mail", "url": "https://api.github.com/repos/opencart/opencart/issues/2852", "labels_url": "https://api.github.com/repos/opencart/opencart/issues/2852/labels{/name}", "created_at": "2015-04-03T07:52:08Z", "events_url": "https://api.github.com/repos/opencart/opencart/issues/2852/events", "comments_url": "https://api.github.com/repos/opencart/opencart/issues/2852/comments", "html_url": "https://github.com/opencart/opencart/issues/2852", "comments": 5, "number": 2852, "updated_at": "2015-04-03T17:56:02Z", "assignee": null, "state": "closed", "user": {"following_url": "https://api.github.com/users/vbrunets/following{/other_user}", "events_url": "https://api.github.com/users/vbrunets/events{/privacy}", "organizations_url": "https://api.github.com/users/vbrunets/orgs", "url": "https://api.github.com/users/vbrunets", "gists_url": "https://api.github.com/users/vbrunets/gists{/gist_id}", "html_url": "https://github.com/vbrunets", "subscriptions_url": "https://api.github.com/users/vbrunets/subscriptions", "avatar_url": "https://avatars.githubusercontent.com/u/11782702?v=3", "repos_url": "https://api.github.com/users/vbrunets/repos", "received_events_url": "https://api.github.com/users/vbrunets/received_events", "gravatar_id": "", "starred_url": "https://api.github.com/users/vbrunets/starred{/owner}{/repo}", "site_admin": false, "login": "vbrunets", "type": "User", "id": 11782702, "followers_url": "https://api.github.com/users/vbrunets/followers"}, "milestone": null, "repository_url": "https://api.github.com/repos/opencart/opencart", "closed_at": "2015-04-03T10:39:55Z", "assignees": [], "id": 66100985}, "id": 272576961}, {"commit_id": "137aa0ce66aeb29d2b4a272faf97c5777ce55b18", "commit_url": "https://api.github.com/repos/opencart/opencart/commits/137aa0ce66aeb29d2b4a272faf97c5777ce55b18", "url": "https://api.github.com/repos/opencart/opencart/issues/events/272576308", "created_at": "2015-04-03T10:37:57Z", "actor": {"following_url": "https://api.github.com/users/jamesallsup/following{/other_user}", "events_url": "https://api.github.com/users/jamesallsup/events{/privacy}", "organizations_url": "https://api.github.com/users/jamesallsup/orgs", "url": "https://api.github.com/users/jamesallsup", "gists_url": "https://api.github.com/users/jamesallsup/gists{/gist_id}", "html_url": "https://github.com/jamesallsup", "subscriptions_url": "https://api.github.com/users/jamesallsup/subscriptions", "avatar_url": "https://avatars.githubusercontent.com/u/2026129?v=3", "repos_url": "https://api.github.com/users/jamesallsup/repos", "received_events_url": "https://api.github.com/users/jamesallsup/received_events", "gravatar_id": "", "starred_url": "https://api.github.com/users/jamesallsup/starred{/owner}{/repo}", "site_admin": false, "login": "jamesallsup", "type": "User", "id": 2026129, "followers_url": "https://api.github.com/users/jamesallsup/followers"}, "event": "referenced", "issue": {"labels": [], "number": 2853, "assignee": null, "repository_url": "https://api.github.com/repos/opencart/opencart", "closed_at": "2015-04-03T10:36:46Z", "id": 66122538, "title": "Fix pagination issue", "pull_request": {"url": "https://api.github.com/repos/opencart/opencart/pulls/2853", "diff_url": "https://github.com/opencart/opencart/pull/2853.diff", "html_url": "https://github.com/opencart/opencart/pull/2853", "patch_url": "https://github.com/opencart/opencart/pull/2853.patch"}, "comments": 1, "state": "closed", "body": "", "labels_url": "https://api.github.com/repos/opencart/opencart/issues/2853/labels{/name}", "events_url": "https://api.github.com/repos/opencart/opencart/issues/2853/events", "comments_url": "https://api.github.com/repos/opencart/opencart/issues/2853/comments", "html_url": "https://github.com/opencart/opencart/pull/2853", "updated_at": "2015-04-03T10:36:50Z", "user": {"following_url": "https://api.github.com/users/mariavilaro/following{/other_user}", "events_url": "https://api.github.com/users/mariavilaro/events{/privacy}", "organizations_url": "https://api.github.com/users/mariavilaro/orgs", "url": "https://api.github.com/users/mariavilaro", "gists_url": "https://api.github.com/users/mariavilaro/gists{/gist_id}", "html_url": "https://github.com/mariavilaro", "subscriptions_url": "https://api.github.com/users/mariavilaro/subscriptions", "avatar_url": "https://avatars.githubusercontent.com/u/10522884?v=3", "repos_url": "https://api.github.com/users/mariavilaro/repos", "received_events_url": "https://api.github.com/users/mariavilaro/received_events", "gravatar_id": "", "starred_url": "https://api.github.com/users/mariavilaro/starred{/owner}{/repo}", "site_admin": false, "login": "mariavilaro", "type": "User", "id": 10522884, "followers_url": "https://api.github.com/users/mariavilaro/followers"}, "milestone": null, "locked": false, "url": "https://api.github.com/repos/opencart/opencart/issues/2853", "created_at": "2015-04-03T10:24:35Z", "assignees": []}, "id": 272576308}, {"commit_id": null, "commit_url": null, "url": "https://api.github.com/repos/opencart/opencart/issues/events/272575795", "created_at": "2015-04-03T10:36:46Z", "actor": {"following_url": "https://api.github.com/users/jamesallsup/following{/other_user}", "events_url": "https://api.github.com/users/jamesallsup/events{/privacy}", "organizations_url": "https://api.github.com/users/jamesallsup/orgs", "url": "https://api.github.com/users/jamesallsup", "gists_url": "https://api.github.com/users/jamesallsup/gists{/gist_id}", "html_url": "https://github.com/jamesallsup", "subscriptions_url": "https://api.github.com/users/jamesallsup/subscriptions", "avatar_url": "https://avatars.githubusercontent.com/u/2026129?v=3", "repos_url": "https://api.github.com/users/jamesallsup/repos", "received_events_url": "https://api.github.com/users/jamesallsup/received_events", "gravatar_id": "", "starred_url": "https://api.github.com/users/jamesallsup/starred{/owner}{/repo}", "site_admin": false, "login": "jamesallsup", "type": "User", "id": 2026129, "followers_url": "https://api.github.com/users/jamesallsup/followers"}, "event": "closed", "issue": {"labels": [], "number": 2853, "assignee": null, "repository_url": "https://api.github.com/repos/opencart/opencart", "closed_at": "2015-04-03T10:36:46Z", "id": 66122538, "title": "Fix pagination issue", "pull_request": {"url": "https://api.github.com/repos/opencart/opencart/pulls/2853", "diff_url": "https://github.com/opencart/opencart/pull/2853.diff", "html_url": "https://github.com/opencart/opencart/pull/2853", "patch_url": "https://github.com/opencart/opencart/pull/2853.patch"}, "comments": 1, "state": "closed", "body": "", "labels_url": "https://api.github.com/repos/opencart/opencart/issues/2853/labels{/name}", "events_url": "https://api.github.com/repos/opencart/opencart/issues/2853/events", "comments_url": "https://api.github.com/repos/opencart/opencart/issues/2853/comments", "html_url": "https://github.com/opencart/opencart/pull/2853", "updated_at": "2015-04-03T10:36:50Z", "user": {"following_url": "https://api.github.com/users/mariavilaro/following{/other_user}", "events_url": "https://api.github.com/users/mariavilaro/events{/privacy}", "organizations_url": "https://api.github.com/users/mariavilaro/orgs", "url": "https://api.github.com/users/mariavilaro", "gists_url": "https://api.github.com/users/mariavilaro/gists{/gist_id}", "html_url": "https://github.com/mariavilaro", "subscriptions_url": "https://api.github.com/users/mariavilaro/subscriptions", "avatar_url": "https://avatars.githubusercontent.com/u/10522884?v=3", "repos_url": "https://api.github.com/users/mariavilaro/repos", "received_events_url": "https://api.github.com/users/mariavilaro/received_events", "gravatar_id": "", "starred_url": "https://api.github.com/users/mariavilaro/starred{/owner}{/repo}", "site_admin": false, "login": "mariavilaro", "type": "User", "id": 10522884, "followers_url": "https://api.github.com/users/mariavilaro/followers"}, "milestone": null, "locked": false, "url": "https://api.github.com/repos/opencart/opencart/issues/2853", "created_at": "2015-04-03T10:24:35Z", "assignees": []}, "id": 272575795}, {"commit_id": "bd0de5a0385e083145b6b2cf1fac2b8fae44701e", "commit_url": "https://api.github.com/repos/opencart/opencart/commits/bd0de5a0385e083145b6b2cf1fac2b8fae44701e", "url": "https://api.github.com/repos/opencart/opencart/issues/events/272575794", "created_at": "2015-04-03T10:36:46Z", "actor": {"following_url": "https://api.github.com/users/jamesallsup/following{/other_user}", "events_url": "https://api.github.com/users/jamesallsup/events{/privacy}", "organizations_url": "https://api.github.com/users/jamesallsup/orgs", "url": "https://api.github.com/users/jamesallsup", "gists_url": "https://api.github.com/users/jamesallsup/gists{/gist_id}", "html_url": "https://github.com/jamesallsup", "subscriptions_url": "https://api.github.com/users/jamesallsup/subscriptions", "avatar_url": "https://avatars.githubusercontent.com/u/2026129?v=3", "repos_url": "https://api.github.com/users/jamesallsup/repos", "received_events_url": "https://api.github.com/users/jamesallsup/received_events", "gravatar_id": "", "starred_url": "https://api.github.com/users/jamesallsup/starred{/owner}{/repo}", "site_admin": false, "login": "jamesallsup", "type": "User", "id": 2026129, "followers_url": "https://api.github.com/users/jamesallsup/followers"}, "event": "merged", "issue": {"labels": [], "number": 2853, "assignee": null, "repository_url": "https://api.github.com/repos/opencart/opencart", "closed_at": "2015-04-03T10:36:46Z", "id": 66122538, "title": "Fix pagination issue", "pull_request": {"url": "https://api.github.com/repos/opencart/opencart/pulls/2853", "diff_url": "https://github.com/opencart/opencart/pull/2853.diff", "html_url": "https://github.com/opencart/opencart/pull/2853", "patch_url": "https://github.com/opencart/opencart/pull/2853.patch"}, "comments": 1, "state": "closed", "body": "", "labels_url": "https://api.github.com/repos/opencart/opencart/issues/2853/labels{/name}", "events_url": "https://api.github.com/repos/opencart/opencart/issues/2853/events", "comments_url": "https://api.github.com/repos/opencart/opencart/issues/2853/comments", "html_url": "https://github.com/opencart/opencart/pull/2853", "updated_at": "2015-04-03T10:36:50Z", "user": {"following_url": "https://api.github.com/users/mariavilaro/following{/other_user}", "events_url": "https://api.github.com/users/mariavilaro/events{/privacy}", "organizations_url": "https://api.github.com/users/mariavilaro/orgs", "url": "https://api.github.com/users/mariavilaro", "gists_url": "https://api.github.com/users/mariavilaro/gists{/gist_id}", "html_url": "https://github.com/mariavilaro", "subscriptions_url": "https://api.github.com/users/mariavilaro/subscriptions", "avatar_url": "https://avatars.githubusercontent.com/u/10522884?v=3", "repos_url": "https://api.github.com/users/mariavilaro/repos", "received_events_url": "https://api.github.com/users/mariavilaro/received_events", "gravatar_id": "", "starred_url": "https://api.github.com/users/mariavilaro/starred{/owner}{/repo}", "site_admin": false, "login": "mariavilaro", "type": "User", "id": 10522884, "followers_url": "https://api.github.com/users/mariavilaro/followers"}, "milestone": null, "locked": false, "url": "https://api.github.com/repos/opencart/opencart/issues/2853", "created_at": "2015-04-03T10:24:35Z", "assignees": []}, "id": 272575794}, {"commit_id": "bd0de5a0385e083145b6b2cf1fac2b8fae44701e", "commit_url": "https://api.github.com/repos/opencart/opencart/commits/bd0de5a0385e083145b6b2cf1fac2b8fae44701e", "url": "https://api.github.com/repos/opencart/opencart/issues/events/272575793", "created_at": "2015-04-03T10:36:46Z", "actor": {"following_url": "https://api.github.com/users/jamesallsup/following{/other_user}", "events_url": "https://api.github.com/users/jamesallsup/events{/privacy}", "organizations_url": "https://api.github.com/users/jamesallsup/orgs", "url": "https://api.github.com/users/jamesallsup", "gists_url": "https://api.github.com/users/jamesallsup/gists{/gist_id}", "html_url": "https://github.com/jamesallsup", "subscriptions_url": "https://api.github.com/users/jamesallsup/subscriptions", "avatar_url": "https://avatars.githubusercontent.com/u/2026129?v=3", "repos_url": "https://api.github.com/users/jamesallsup/repos", "received_events_url": "https://api.github.com/users/jamesallsup/received_events", "gravatar_id": "", "starred_url": "https://api.github.com/users/jamesallsup/starred{/owner}{/repo}", "site_admin": false, "login": "jamesallsup", "type": "User", "id": 2026129, "followers_url": "https://api.github.com/users/jamesallsup/followers"}, "event": "referenced", "issue": {"labels": [], "number": 2853, "assignee": null, "repository_url": "https://api.github.com/repos/opencart/opencart", "closed_at": "2015-04-03T10:36:46Z", "id": 66122538, "title": "Fix pagination issue", "pull_request": {"url": "https://api.github.com/repos/opencart/opencart/pulls/2853", "diff_url": "https://github.com/opencart/opencart/pull/2853.diff", "html_url": "https://github.com/opencart/opencart/pull/2853", "patch_url": "https://github.com/opencart/opencart/pull/2853.patch"}, "comments": 1, "state": "closed", "body": "", "labels_url": "https://api.github.com/repos/opencart/opencart/issues/2853/labels{/name}", "events_url": "https://api.github.com/repos/opencart/opencart/issues/2853/events", "comments_url": "https://api.github.com/repos/opencart/opencart/issues/2853/comments", "html_url": "https://github.com/opencart/opencart/pull/2853", "updated_at": "2015-04-03T10:36:50Z", "user": {"following_url": "https://api.github.com/users/mariavilaro/following{/other_user}", "events_url": "https://api.github.com/users/mariavilaro/events{/privacy}", "organizations_url": "https://api.github.com/users/mariavilaro/orgs", "url": "https://api.github.com/users/mariavilaro", "gists_url": "https://api.github.com/users/mariavilaro/gists{/gist_id}", "html_url": "https://github.com/mariavilaro", "subscriptions_url": "https://api.github.com/users/mariavilaro/subscriptions", "avatar_url": "https://avatars.githubusercontent.com/u/10522884?v=3", "repos_url": "https://api.github.com/users/mariavilaro/repos", "received_events_url": "https://api.github.com/users/mariavilaro/received_events", "gravatar_id": "", "starred_url": "https://api.github.com/users/mariavilaro/starred{/owner}{/repo}", "site_admin": false, "login": "mariavilaro", "type": "User", "id": 10522884, "followers_url": "https://api.github.com/users/mariavilaro/followers"}, "milestone": null, "locked": false, "url": "https://api.github.com/repos/opencart/opencart/issues/2853", "created_at": "2015-04-03T10:24:35Z", "assignees": []}, "id": 272575793}, {"commit_id": null, "commit_url": null, "url": "https://api.github.com/repos/opencart/opencart/issues/events/272543256", "created_at": "2015-04-03T09:34:47Z", "actor": {"following_url": "https://api.github.com/users/jamesallsup/following{/other_user}", "events_url": "https://api.github.com/users/jamesallsup/events{/privacy}", "organizations_url": "https://api.github.com/users/jamesallsup/orgs", "url": "https://api.github.com/users/jamesallsup", "gists_url": "https://api.github.com/users/jamesallsup/gists{/gist_id}", "html_url": "https://github.com/jamesallsup", "subscriptions_url": "https://api.github.com/users/jamesallsup/subscriptions", "avatar_url": "https://avatars.githubusercontent.com/u/2026129?v=3", "repos_url": "https://api.github.com/users/jamesallsup/repos", "received_events_url": "https://api.github.com/users/jamesallsup/received_events", "gravatar_id": "", "starred_url": "https://api.github.com/users/jamesallsup/starred{/owner}{/repo}", "site_admin": false, "login": "jamesallsup", "type": "User", "id": 2026129, "followers_url": "https://api.github.com/users/jamesallsup/followers"}, "event": "closed", "issue": {"labels": [], "number": 2632, "assignee": null, "repository_url": "https://api.github.com/repos/opencart/opencart", "closed_at": "2015-04-03T09:34:47Z", "id": 56120659, "title": "removed unused empty function", "pull_request": {"url": "https://api.github.com/repos/opencart/opencart/pulls/2632", "diff_url": "https://github.com/opencart/opencart/pull/2632.diff", "html_url": "https://github.com/opencart/opencart/pull/2632", "patch_url": "https://github.com/opencart/opencart/pull/2632.patch"}, "comments": 0, "state": "closed", "body": "", "labels_url": "https://api.github.com/repos/opencart/opencart/issues/2632/labels{/name}", "events_url": "https://api.github.com/repos/opencart/opencart/issues/2632/events", "comments_url": "https://api.github.com/repos/opencart/opencart/issues/2632/comments", "html_url": "https://github.com/opencart/opencart/pull/2632", "updated_at": "2015-04-03T09:34:47Z", "user": {"following_url": "https://api.github.com/users/tomkoo/following{/other_user}", "events_url": "https://api.github.com/users/tomkoo/events{/privacy}", "organizations_url": "https://api.github.com/users/tomkoo/orgs", "url": "https://api.github.com/users/tomkoo", "gists_url": "https://api.github.com/users/tomkoo/gists{/gist_id}", "html_url": "https://github.com/tomkoo", "subscriptions_url": "https://api.github.com/users/tomkoo/subscriptions", "avatar_url": "https://avatars.githubusercontent.com/u/4051167?v=3", "repos_url": "https://api.github.com/users/tomkoo/repos", "received_events_url": "https://api.github.com/users/tomkoo/received_events", "gravatar_id": "", "starred_url": "https://api.github.com/users/tomkoo/starred{/owner}{/repo}", "site_admin": false, "login": "tomkoo", "type": "User", "id": 4051167, "followers_url": "https://api.github.com/users/tomkoo/followers"}, "milestone": null, "locked": false, "url": "https://api.github.com/repos/opencart/opencart/issues/2632", "created_at": "2015-01-31T10:28:38Z", "assignees": []}, "id": 272543256}, {"commit_id": "612cc426b4a7f3a2fcd81b0cca2f67cef82e32c4", "commit_url": "https://api.github.com/repos/opencart/opencart/commits/612cc426b4a7f3a2fcd81b0cca2f67cef82e32c4", "url": "https://api.github.com/repos/opencart/opencart/issues/events/272543255", "created_at": "2015-04-03T09:34:47Z", "actor": {"following_url": "https://api.github.com/users/jamesallsup/following{/other_user}", "events_url": "https://api.github.com/users/jamesallsup/events{/privacy}", "organizations_url": "https://api.github.com/users/jamesallsup/orgs", "url": "https://api.github.com/users/jamesallsup", "gists_url": "https://api.github.com/users/jamesallsup/gists{/gist_id}", "html_url": "https://github.com/jamesallsup", "subscriptions_url": "https://api.github.com/users/jamesallsup/subscriptions", "avatar_url": "https://avatars.githubusercontent.com/u/2026129?v=3", "repos_url": "https://api.github.com/users/jamesallsup/repos", "received_events_url": "https://api.github.com/users/jamesallsup/received_events", "gravatar_id": "", "starred_url": "https://api.github.com/users/jamesallsup/starred{/owner}{/repo}", "site_admin": false, "login": "jamesallsup", "type": "User", "id": 2026129, "followers_url": "https://api.github.com/users/jamesallsup/followers"}, "event": "merged", "issue": {"labels": [], "number": 2632, "assignee": null, "repository_url": "https://api.github.com/repos/opencart/opencart", "closed_at": "2015-04-03T09:34:47Z", "id": 56120659, "title": "removed unused empty function", "pull_request": {"url": "https://api.github.com/repos/opencart/opencart/pulls/2632", "diff_url": "https://github.com/opencart/opencart/pull/2632.diff", "html_url": "https://github.com/opencart/opencart/pull/2632", "patch_url": "https://github.com/opencart/opencart/pull/2632.patch"}, "comments": 0, "state": "closed", "body": "", "labels_url": "https://api.github.com/repos/opencart/opencart/issues/2632/labels{/name}", "events_url": "https://api.github.com/repos/opencart/opencart/issues/2632/events", "comments_url": "https://api.github.com/repos/opencart/opencart/issues/2632/comments", "html_url": "https://github.com/opencart/opencart/pull/2632", "updated_at": "2015-04-03T09:34:47Z", "user": {"following_url": "https://api.github.com/users/tomkoo/following{/other_user}", "events_url": "https://api.github.com/users/tomkoo/events{/privacy}", "organizations_url": "https://api.github.com/users/tomkoo/orgs", "url": "https://api.github.com/users/tomkoo", "gists_url": "https://api.github.com/users/tomkoo/gists{/gist_id}", "html_url": "https://github.com/tomkoo", "subscriptions_url": "https://api.github.com/users/tomkoo/subscriptions", "avatar_url": "https://avatars.githubusercontent.com/u/4051167?v=3", "repos_url": "https://api.github.com/users/tomkoo/repos", "received_events_url": "https://api.github.com/users/tomkoo/received_events", "gravatar_id": "", "starred_url": "https://api.github.com/users/tomkoo/starred{/owner}{/repo}", "site_admin": false, "login": "tomkoo", "type": "User", "id": 4051167, "followers_url": "https://api.github.com/users/tomkoo/followers"}, "milestone": null, "locked": false, "url": "https://api.github.com/repos/opencart/opencart/issues/2632", "created_at": "2015-01-31T10:28:38Z", "assignees": []}, "id": 272543255}, {"commit_id": "612cc426b4a7f3a2fcd81b0cca2f67cef82e32c4", "commit_url": "https://api.github.com/repos/opencart/opencart/commits/612cc426b4a7f3a2fcd81b0cca2f67cef82e32c4", "url": "https://api.github.com/repos/opencart/opencart/issues/events/272543254", "created_at": "2015-04-03T09:34:47Z", "actor": {"following_url": "https://api.github.com/users/jamesallsup/following{/other_user}", "events_url": "https://api.github.com/users/jamesallsup/events{/privacy}", "organizations_url": "https://api.github.com/users/jamesallsup/orgs", "url": "https://api.github.com/users/jamesallsup", "gists_url": "https://api.github.com/users/jamesallsup/gists{/gist_id}", "html_url": "https://github.com/jamesallsup", "subscriptions_url": "https://api.github.com/users/jamesallsup/subscriptions", "avatar_url": "https://avatars.githubusercontent.com/u/2026129?v=3", "repos_url": "https://api.github.com/users/jamesallsup/repos", "received_events_url": "https://api.github.com/users/jamesallsup/received_events", "gravatar_id": "", "starred_url": "https://api.github.com/users/jamesallsup/starred{/owner}{/repo}", "site_admin": false, "login": "jamesallsup", "type": "User", "id": 2026129, "followers_url": "https://api.github.com/users/jamesallsup/followers"}, "event": "referenced", "issue": {"labels": [], "number": 2632, "assignee": null, "repository_url": "https://api.github.com/repos/opencart/opencart", "closed_at": "2015-04-03T09:34:47Z", "id": 56120659, "title": "removed unused empty function", "pull_request": {"url": "https://api.github.com/repos/opencart/opencart/pulls/2632", "diff_url": "https://github.com/opencart/opencart/pull/2632.diff", "html_url": "https://github.com/opencart/opencart/pull/2632", "patch_url": "https://github.com/opencart/opencart/pull/2632.patch"}, "comments": 0, "state": "closed", "body": "", "labels_url": "https://api.github.com/repos/opencart/opencart/issues/2632/labels{/name}", "events_url": "https://api.github.com/repos/opencart/opencart/issues/2632/events", "comments_url": "https://api.github.com/repos/opencart/opencart/issues/2632/comments", "html_url": "https://github.com/opencart/opencart/pull/2632", "updated_at": "2015-04-03T09:34:47Z", "user": {"following_url": "https://api.github.com/users/tomkoo/following{/other_user}", "events_url": "https://api.github.com/users/tomkoo/events{/privacy}", "organizations_url": "https://api.github.com/users/tomkoo/orgs", "url": "https://api.github.com/users/tomkoo", "gists_url": "https://api.github.com/users/tomkoo/gists{/gist_id}", "html_url": "https://github.com/tomkoo", "subscriptions_url": "https://api.github.com/users/tomkoo/subscriptions", "avatar_url": "https://avatars.githubusercontent.com/u/4051167?v=3", "repos_url": "https://api.github.com/users/tomkoo/repos", "received_events_url": "https://api.github.com/users/tomkoo/received_events", "gravatar_id": "", "starred_url": "https://api.github.com/users/tomkoo/starred{/owner}{/repo}", "site_admin": false, "login": "tomkoo", "type": "User", "id": 4051167, "followers_url": "https://api.github.com/users/tomkoo/followers"}, "milestone": null, "locked": false, "url": "https://api.github.com/repos/opencart/opencart/issues/2632", "created_at": "2015-01-31T10:28:38Z", "assignees": []}, "id": 272543254}, {"commit_id": null, "commit_url": null, "url": "https://api.github.com/repos/opencart/opencart/issues/events/272542755", "created_at": "2015-04-03T09:33:54Z", "actor": {"following_url": "https://api.github.com/users/jamesallsup/following{/other_user}", "events_url": "https://api.github.com/users/jamesallsup/events{/privacy}", "organizations_url": "https://api.github.com/users/jamesallsup/orgs", "url": "https://api.github.com/users/jamesallsup", "gists_url": "https://api.github.com/users/jamesallsup/gists{/gist_id}", "html_url": "https://github.com/jamesallsup", "subscriptions_url": "https://api.github.com/users/jamesallsup/subscriptions", "avatar_url": "https://avatars.githubusercontent.com/u/2026129?v=3", "repos_url": "https://api.github.com/users/jamesallsup/repos", "received_events_url": "https://api.github.com/users/jamesallsup/received_events", "gravatar_id": "", "starred_url": "https://api.github.com/users/jamesallsup/starred{/owner}{/repo}", "site_admin": false, "login": "jamesallsup", "type": "User", "id": 2026129, "followers_url": "https://api.github.com/users/jamesallsup/followers"}, "event": "closed", "issue": {"labels": [], "number": 2634, "assignee": null, "repository_url": "https://api.github.com/repos/opencart/opencart", "closed_at": "2015-04-03T09:33:54Z", "id": 56131568, "title": "removed unused empty function", "pull_request": {"url": "https://api.github.com/repos/opencart/opencart/pulls/2634", "diff_url": "https://github.com/opencart/opencart/pull/2634.diff", "html_url": "https://github.com/opencart/opencart/pull/2634", "patch_url": "https://github.com/opencart/opencart/pull/2634.patch"}, "comments": 0, "state": "closed", "body": "", "labels_url": "https://api.github.com/repos/opencart/opencart/issues/2634/labels{/name}", "events_url": "https://api.github.com/repos/opencart/opencart/issues/2634/events", "comments_url": "https://api.github.com/repos/opencart/opencart/issues/2634/comments", "html_url": "https://github.com/opencart/opencart/pull/2634", "updated_at": "2015-04-03T09:33:54Z", "user": {"following_url": "https://api.github.com/users/tomkoo/following{/other_user}", "events_url": "https://api.github.com/users/tomkoo/events{/privacy}", "organizations_url": "https://api.github.com/users/tomkoo/orgs", "url": "https://api.github.com/users/tomkoo", "gists_url": "https://api.github.com/users/tomkoo/gists{/gist_id}", "html_url": "https://github.com/tomkoo", "subscriptions_url": "https://api.github.com/users/tomkoo/subscriptions", "avatar_url": "https://avatars.githubusercontent.com/u/4051167?v=3", "repos_url": "https://api.github.com/users/tomkoo/repos", "received_events_url": "https://api.github.com/users/tomkoo/received_events", "gravatar_id": "", "starred_url": "https://api.github.com/users/tomkoo/starred{/owner}{/repo}", "site_admin": false, "login": "tomkoo", "type": "User", "id": 4051167, "followers_url": "https://api.github.com/users/tomkoo/followers"}, "milestone": null, "locked": false, "url": "https://api.github.com/repos/opencart/opencart/issues/2634", "created_at": "2015-01-31T17:14:21Z", "assignees": []}, "id": 272542755}, {"commit_id": "ef88ad762e9c8357b63e83e6ce64222a3f72e72d", "commit_url": "https://api.github.com/repos/opencart/opencart/commits/ef88ad762e9c8357b63e83e6ce64222a3f72e72d", "url": "https://api.github.com/repos/opencart/opencart/issues/events/272542750", "created_at": "2015-04-03T09:33:54Z", "actor": {"following_url": "https://api.github.com/users/jamesallsup/following{/other_user}", "events_url": "https://api.github.com/users/jamesallsup/events{/privacy}", "organizations_url": "https://api.github.com/users/jamesallsup/orgs", "url": "https://api.github.com/users/jamesallsup", "gists_url": "https://api.github.com/users/jamesallsup/gists{/gist_id}", "html_url": "https://github.com/jamesallsup", "subscriptions_url": "https://api.github.com/users/jamesallsup/subscriptions", "avatar_url": "https://avatars.githubusercontent.com/u/2026129?v=3", "repos_url": "https://api.github.com/users/jamesallsup/repos", "received_events_url": "https://api.github.com/users/jamesallsup/received_events", "gravatar_id": "", "starred_url": "https://api.github.com/users/jamesallsup/starred{/owner}{/repo}", "site_admin": false, "login": "jamesallsup", "type": "User", "id": 2026129, "followers_url": "https://api.github.com/users/jamesallsup/followers"}, "event": "merged", "issue": {"labels": [], "number": 2634, "assignee": null, "repository_url": "https://api.github.com/repos/opencart/opencart", "closed_at": "2015-04-03T09:33:54Z", "id": 56131568, "title": "removed unused empty function", "pull_request": {"url": "https://api.github.com/repos/opencart/opencart/pulls/2634", "diff_url": "https://github.com/opencart/opencart/pull/2634.diff", "html_url": "https://github.com/opencart/opencart/pull/2634", "patch_url": "https://github.com/opencart/opencart/pull/2634.patch"}, "comments": 0, "state": "closed", "body": "", "labels_url": "https://api.github.com/repos/opencart/opencart/issues/2634/labels{/name}", "events_url": "https://api.github.com/repos/opencart/opencart/issues/2634/events", "comments_url": "https://api.github.com/repos/opencart/opencart/issues/2634/comments", "html_url": "https://github.com/opencart/opencart/pull/2634", "updated_at": "2015-04-03T09:33:54Z", "user": {"following_url": "https://api.github.com/users/tomkoo/following{/other_user}", "events_url": "https://api.github.com/users/tomkoo/events{/privacy}", "organizations_url": "https://api.github.com/users/tomkoo/orgs", "url": "https://api.github.com/users/tomkoo", "gists_url": "https://api.github.com/users/tomkoo/gists{/gist_id}", "html_url": "https://github.com/tomkoo", "subscriptions_url": "https://api.github.com/users/tomkoo/subscriptions", "avatar_url": "https://avatars.githubusercontent.com/u/4051167?v=3", "repos_url": "https://api.github.com/users/tomkoo/repos", "received_events_url": "https://api.github.com/users/tomkoo/received_events", "gravatar_id": "", "starred_url": "https://api.github.com/users/tomkoo/starred{/owner}{/repo}", "site_admin": false, "login": "tomkoo", "type": "User", "id": 4051167, "followers_url": "https://api.github.com/users/tomkoo/followers"}, "milestone": null, "locked": false, "url": "https://api.github.com/repos/opencart/opencart/issues/2634", "created_at": "2015-01-31T17:14:21Z", "assignees": []}, "id": 272542750}, {"commit_id": "ef88ad762e9c8357b63e83e6ce64222a3f72e72d", "commit_url": "https://api.github.com/repos/opencart/opencart/commits/ef88ad762e9c8357b63e83e6ce64222a3f72e72d", "url": "https://api.github.com/repos/opencart/opencart/issues/events/272542749", "created_at": "2015-04-03T09:33:54Z", "actor": {"following_url": "https://api.github.com/users/jamesallsup/following{/other_user}", "events_url": "https://api.github.com/users/jamesallsup/events{/privacy}", "organizations_url": "https://api.github.com/users/jamesallsup/orgs", "url": "https://api.github.com/users/jamesallsup", "gists_url": "https://api.github.com/users/jamesallsup/gists{/gist_id}", "html_url": "https://github.com/jamesallsup", "subscriptions_url": "https://api.github.com/users/jamesallsup/subscriptions", "avatar_url": "https://avatars.githubusercontent.com/u/2026129?v=3", "repos_url": "https://api.github.com/users/jamesallsup/repos", "received_events_url": "https://api.github.com/users/jamesallsup/received_events", "gravatar_id": "", "starred_url": "https://api.github.com/users/jamesallsup/starred{/owner}{/repo}", "site_admin": false, "login": "jamesallsup", "type": "User", "id": 2026129, "followers_url": "https://api.github.com/users/jamesallsup/followers"}, "event": "referenced", "issue": {"labels": [], "number": 2634, "assignee": null, "repository_url": "https://api.github.com/repos/opencart/opencart", "closed_at": "2015-04-03T09:33:54Z", "id": 56131568, "title": "removed unused empty function", "pull_request": {"url": "https://api.github.com/repos/opencart/opencart/pulls/2634", "diff_url": "https://github.com/opencart/opencart/pull/2634.diff", "html_url": "https://github.com/opencart/opencart/pull/2634", "patch_url": "https://github.com/opencart/opencart/pull/2634.patch"}, "comments": 0, "state": "closed", "body": "", "labels_url": "https://api.github.com/repos/opencart/opencart/issues/2634/labels{/name}", "events_url": "https://api.github.com/repos/opencart/opencart/issues/2634/events", "comments_url": "https://api.github.com/repos/opencart/opencart/issues/2634/comments", "html_url": "https://github.com/opencart/opencart/pull/2634", "updated_at": "2015-04-03T09:33:54Z", "user": {"following_url": "https://api.github.com/users/tomkoo/following{/other_user}", "events_url": "https://api.github.com/users/tomkoo/events{/privacy}", "organizations_url": "https://api.github.com/users/tomkoo/orgs", "url": "https://api.github.com/users/tomkoo", "gists_url": "https://api.github.com/users/tomkoo/gists{/gist_id}", "html_url": "https://github.com/tomkoo", "subscriptions_url": "https://api.github.com/users/tomkoo/subscriptions", "avatar_url": "https://avatars.githubusercontent.com/u/4051167?v=3", "repos_url": "https://api.github.com/users/tomkoo/repos", "received_events_url": "https://api.github.com/users/tomkoo/received_events", "gravatar_id": "", "starred_url": "https://api.github.com/users/tomkoo/starred{/owner}{/repo}", "site_admin": false, "login": "tomkoo", "type": "User", "id": 4051167, "followers_url": "https://api.github.com/users/tomkoo/followers"}, "milestone": null, "locked": false, "url": "https://api.github.com/repos/opencart/opencart/issues/2634", "created_at": "2015-01-31T17:14:21Z", "assignees": []}, "id": 272542749}, {"commit_id": "faf463da8484d59cf7c2831aeabad106bbb08e15", "commit_url": "https://api.github.com/repos/opencart/opencart/commits/faf463da8484d59cf7c2831aeabad106bbb08e15", "url": "https://api.github.com/repos/opencart/opencart/issues/events/272541250", "created_at": "2015-04-03T09:31:33Z", "actor": {"following_url": "https://api.github.com/users/jamesallsup/following{/other_user}", "events_url": "https://api.github.com/users/jamesallsup/events{/privacy}", "organizations_url": "https://api.github.com/users/jamesallsup/orgs", "url": "https://api.github.com/users/jamesallsup", "gists_url": "https://api.github.com/users/jamesallsup/gists{/gist_id}", "html_url": "https://github.com/jamesallsup", "subscriptions_url": "https://api.github.com/users/jamesallsup/subscriptions", "avatar_url": "https://avatars.githubusercontent.com/u/2026129?v=3", "repos_url": "https://api.github.com/users/jamesallsup/repos", "received_events_url": "https://api.github.com/users/jamesallsup/received_events", "gravatar_id": "", "starred_url": "https://api.github.com/users/jamesallsup/starred{/owner}{/repo}", "site_admin": false, "login": "jamesallsup", "type": "User", "id": 2026129, "followers_url": "https://api.github.com/users/jamesallsup/followers"}, "event": "closed", "issue": {"labels": [], "number": 2817, "assignee": null, "repository_url": "https://api.github.com/repos/opencart/opencart", "closed_at": "2015-04-03T09:31:33Z", "id": 64283507, "title": "Fixes grammer in catalog api order language file", "pull_request": {"url": "https://api.github.com/repos/opencart/opencart/pulls/2817", "diff_url": "https://github.com/opencart/opencart/pull/2817.diff", "html_url": "https://github.com/opencart/opencart/pull/2817", "patch_url": "https://github.com/opencart/opencart/pull/2817.patch"}, "comments": 0, "state": "closed", "body": "", "labels_url": "https://api.github.com/repos/opencart/opencart/issues/2817/labels{/name}", "events_url": "https://api.github.com/repos/opencart/opencart/issues/2817/events", "comments_url": "https://api.github.com/repos/opencart/opencart/issues/2817/comments", "html_url": "https://github.com/opencart/opencart/pull/2817", "updated_at": "2015-04-03T09:31:33Z", "user": {"following_url": "https://api.github.com/users/Server4001/following{/other_user}", "events_url": "https://api.github.com/users/Server4001/events{/privacy}", "organizations_url": "https://api.github.com/users/Server4001/orgs", "url": "https://api.github.com/users/Server4001", "gists_url": "https://api.github.com/users/Server4001/gists{/gist_id}", "html_url": "https://github.com/Server4001", "subscriptions_url": "https://api.github.com/users/Server4001/subscriptions", "avatar_url": "https://avatars.githubusercontent.com/u/987264?v=3", "repos_url": "https://api.github.com/users/Server4001/repos", "received_events_url": "https://api.github.com/users/Server4001/received_events", "gravatar_id": "", "starred_url": "https://api.github.com/users/Server4001/starred{/owner}{/repo}", "site_admin": false, "login": "Server4001", "type": "User", "id": 987264, "followers_url": "https://api.github.com/users/Server4001/followers"}, "milestone": null, "locked": false, "url": "https://api.github.com/repos/opencart/opencart/issues/2817", "created_at": "2015-03-25T14:32:11Z", "assignees": []}, "id": 272541250}, {"commit_id": null, "commit_url": null, "url": "https://api.github.com/repos/opencart/opencart/issues/events/272331491", "created_at": "2015-04-03T02:42:30Z", "actor": {"following_url": "https://api.github.com/users/stockmaster/following{/other_user}", "events_url": "https://api.github.com/users/stockmaster/events{/privacy}", "organizations_url": "https://api.github.com/users/stockmaster/orgs", "url": "https://api.github.com/users/stockmaster", "gists_url": "https://api.github.com/users/stockmaster/gists{/gist_id}", "html_url": "https://github.com/stockmaster", "subscriptions_url": "https://api.github.com/users/stockmaster/subscriptions", "avatar_url": "https://avatars.githubusercontent.com/u/4859025?v=3", "repos_url": "https://api.github.com/users/stockmaster/repos", "received_events_url": "https://api.github.com/users/stockmaster/received_events", "gravatar_id": "", "starred_url": "https://api.github.com/users/stockmaster/starred{/owner}{/repo}", "site_admin": false, "login": "stockmaster", "type": "User", "id": 4859025, "followers_url": "https://api.github.com/users/stockmaster/followers"}, "event": "closed", "issue": {"body": "OC 2.0.2.1\n\nWhen trying the Log In With PayPal module and the SandBox mode enabled, it wont work. \n\nError message: \nRelying Party Validation error: redirect_uri provided in the request does not match with the registered redirect_uri. Please check the request.\n\nDoes Work in Live mode, perfectly.\nPayPal APIs configured properly - as in Client ID/secret Id used for sandbox mode vs Live mode.\n\nNo Error Logs Registered even though they are enabled on Module \n\nCan help reproduce if necessary\n", "labels": [], "locked": false, "title": "Log In With PayPal OC 2.0.2.1", "url": "https://api.github.com/repos/opencart/opencart/issues/2848", "labels_url": "https://api.github.com/repos/opencart/opencart/issues/2848/labels{/name}", "created_at": "2015-04-02T22:13:53Z", "events_url": "https://api.github.com/repos/opencart/opencart/issues/2848/events", "comments_url": "https://api.github.com/repos/opencart/opencart/issues/2848/comments", "html_url": "https://github.com/opencart/opencart/issues/2848", "comments": 1, "number": 2848, "updated_at": "2015-04-03T02:42:30Z", "assignee": null, "state": "closed", "user": {"following_url": "https://api.github.com/users/stockmaster/following{/other_user}", "events_url": "https://api.github.com/users/stockmaster/events{/privacy}", "organizations_url": "https://api.github.com/users/stockmaster/orgs", "url": "https://api.github.com/users/stockmaster", "gists_url": "https://api.github.com/users/stockmaster/gists{/gist_id}", "html_url": "https://github.com/stockmaster", "subscriptions_url": "https://api.github.com/users/stockmaster/subscriptions", "avatar_url": "https://avatars.githubusercontent.com/u/4859025?v=3", "repos_url": "https://api.github.com/users/stockmaster/repos", "received_events_url": "https://api.github.com/users/stockmaster/received_events", "gravatar_id": "", "starred_url": "https://api.github.com/users/stockmaster/starred{/owner}{/repo}", "site_admin": false, "login": "stockmaster", "type": "User", "id": 4859025, "followers_url": "https://api.github.com/users/stockmaster/followers"}, "milestone": null, "repository_url": "https://api.github.com/repos/opencart/opencart", "closed_at": "2015-04-03T02:42:30Z", "assignees": [], "id": 66021545}, "id": 272331491}, {"commit_id": null, "rename": {"to": "World Pay - on Module - gives 404 error if clicked - OC 2.0.2.1", "from": "World Pay - on Module - gives 404 error if clicked"}, "commit_url": null, "url": "https://api.github.com/repos/opencart/opencart/issues/events/272190852", "created_at": "2015-04-02T23:12:14Z", "actor": {"following_url": "https://api.github.com/users/stockmaster/following{/other_user}", "events_url": "https://api.github.com/users/stockmaster/events{/privacy}", "organizations_url": "https://api.github.com/users/stockmaster/orgs", "url": "https://api.github.com/users/stockmaster", "gists_url": "https://api.github.com/users/stockmaster/gists{/gist_id}", "html_url": "https://github.com/stockmaster", "subscriptions_url": "https://api.github.com/users/stockmaster/subscriptions", "avatar_url": "https://avatars.githubusercontent.com/u/4859025?v=3", "repos_url": "https://api.github.com/users/stockmaster/repos", "received_events_url": "https://api.github.com/users/stockmaster/received_events", "gravatar_id": "", "starred_url": "https://api.github.com/users/stockmaster/starred{/owner}{/repo}", "site_admin": false, "login": "stockmaster", "type": "User", "id": 4859025, "followers_url": "https://api.github.com/users/stockmaster/followers"}, "event": "renamed", "issue": {"body": "OC 2.0.2.1\non Extension -> Paying -> Clicking World Pay icon gives:\n\nNot Found\n\nThe requested URL /support/apply/default.aspx was not found on this server.\n\nURL:\nhttp://support.worldpay.com/support/apply/default.aspx?PartnerID=E511AF91-E4A0-42DE-80B0-09C981A3FB61\n", "labels": [], "locked": false, "title": "World Pay - on Module - gives 404 error if clicked - OC 2.0.2.1", "url": "https://api.github.com/repos/opencart/opencart/issues/2850", "labels_url": "https://api.github.com/repos/opencart/opencart/issues/2850/labels{/name}", "created_at": "2015-04-02T23:02:25Z", "events_url": "https://api.github.com/repos/opencart/opencart/issues/2850/events", "comments_url": "https://api.github.com/repos/opencart/opencart/issues/2850/comments", "html_url": "https://github.com/opencart/opencart/issues/2850", "comments": 4, "number": 2850, "updated_at": "2015-04-16T11:10:22Z", "assignee": null, "state": "closed", "user": {"following_url": "https://api.github.com/users/stockmaster/following{/other_user}", "events_url": "https://api.github.com/users/stockmaster/events{/privacy}", "organizations_url": "https://api.github.com/users/stockmaster/orgs", "url": "https://api.github.com/users/stockmaster", "gists_url": "https://api.github.com/users/stockmaster/gists{/gist_id}", "html_url": "https://github.com/stockmaster", "subscriptions_url": "https://api.github.com/users/stockmaster/subscriptions", "avatar_url": "https://avatars.githubusercontent.com/u/4859025?v=3", "repos_url": "https://api.github.com/users/stockmaster/repos", "received_events_url": "https://api.github.com/users/stockmaster/received_events", "gravatar_id": "", "starred_url": "https://api.github.com/users/stockmaster/starred{/owner}{/repo}", "site_admin": false, "login": "stockmaster", "type": "User", "id": 4859025, "followers_url": "https://api.github.com/users/stockmaster/followers"}, "milestone": null, "repository_url": "https://api.github.com/repos/opencart/opencart", "closed_at": "2015-04-03T11:50:34Z", "assignees": [], "id": 66027695}, "id": 272190852}, {"commit_id": null, "rename": {"to": "Log In With PayPal OC 2.0.2.1", "from": "Log In With PayPal"}, "commit_url": null, "url": "https://api.github.com/repos/opencart/opencart/issues/events/272190680", "created_at": "2015-04-02T23:11:59Z", "actor": {"following_url": "https://api.github.com/users/stockmaster/following{/other_user}", "events_url": "https://api.github.com/users/stockmaster/events{/privacy}", "organizations_url": "https://api.github.com/users/stockmaster/orgs", "url": "https://api.github.com/users/stockmaster", "gists_url": "https://api.github.com/users/stockmaster/gists{/gist_id}", "html_url": "https://github.com/stockmaster", "subscriptions_url": "https://api.github.com/users/stockmaster/subscriptions", "avatar_url": "https://avatars.githubusercontent.com/u/4859025?v=3", "repos_url": "https://api.github.com/users/stockmaster/repos", "received_events_url": "https://api.github.com/users/stockmaster/received_events", "gravatar_id": "", "starred_url": "https://api.github.com/users/stockmaster/starred{/owner}{/repo}", "site_admin": false, "login": "stockmaster", "type": "User", "id": 4859025, "followers_url": "https://api.github.com/users/stockmaster/followers"}, "event": "renamed", "issue": {"body": "OC 2.0.2.1\n\nWhen trying the Log In With PayPal module and the SandBox mode enabled, it wont work. \n\nError message: \nRelying Party Validation error: redirect_uri provided in the request does not match with the registered redirect_uri. Please check the request.\n\nDoes Work in Live mode, perfectly.\nPayPal APIs configured properly - as in Client ID/secret Id used for sandbox mode vs Live mode.\n\nNo Error Logs Registered even though they are enabled on Module \n\nCan help reproduce if necessary\n", "labels": [], "locked": false, "title": "Log In With PayPal OC 2.0.2.1", "url": "https://api.github.com/repos/opencart/opencart/issues/2848", "labels_url": "https://api.github.com/repos/opencart/opencart/issues/2848/labels{/name}", "created_at": "2015-04-02T22:13:53Z", "events_url": "https://api.github.com/repos/opencart/opencart/issues/2848/events", "comments_url": "https://api.github.com/repos/opencart/opencart/issues/2848/comments", "html_url": "https://github.com/opencart/opencart/issues/2848", "comments": 1, "number": 2848, "updated_at": "2015-04-03T02:42:30Z", "assignee": null, "state": "closed", "user": {"following_url": "https://api.github.com/users/stockmaster/following{/other_user}", "events_url": "https://api.github.com/users/stockmaster/events{/privacy}", "organizations_url": "https://api.github.com/users/stockmaster/orgs", "url": "https://api.github.com/users/stockmaster", "gists_url": "https://api.github.com/users/stockmaster/gists{/gist_id}", "html_url": "https://github.com/stockmaster", "subscriptions_url": "https://api.github.com/users/stockmaster/subscriptions", "avatar_url": "https://avatars.githubusercontent.com/u/4859025?v=3", "repos_url": "https://api.github.com/users/stockmaster/repos", "received_events_url": "https://api.github.com/users/stockmaster/received_events", "gravatar_id": "", "starred_url": "https://api.github.com/users/stockmaster/starred{/owner}{/repo}", "site_admin": false, "login": "stockmaster", "type": "User", "id": 4859025, "followers_url": "https://api.github.com/users/stockmaster/followers"}, "milestone": null, "repository_url": "https://api.github.com/repos/opencart/opencart", "closed_at": "2015-04-03T02:42:30Z", "assignees": [], "id": 66021545}, "id": 272190680}, {"commit_id": null, "commit_url": null, "url": "https://api.github.com/repos/opencart/opencart/issues/events/271745511", "created_at": "2015-04-02T14:14:28Z", "actor": {"following_url": "https://api.github.com/users/jamesallsup/following{/other_user}", "events_url": "https://api.github.com/users/jamesallsup/events{/privacy}", "organizations_url": "https://api.github.com/users/jamesallsup/orgs", "url": "https://api.github.com/users/jamesallsup", "gists_url": "https://api.github.com/users/jamesallsup/gists{/gist_id}", "html_url": "https://github.com/jamesallsup", "subscriptions_url": "https://api.github.com/users/jamesallsup/subscriptions", "avatar_url": "https://avatars.githubusercontent.com/u/2026129?v=3", "repos_url": "https://api.github.com/users/jamesallsup/repos", "received_events_url": "https://api.github.com/users/jamesallsup/received_events", "gravatar_id": "", "starred_url": "https://api.github.com/users/jamesallsup/starred{/owner}{/repo}", "site_admin": false, "login": "jamesallsup", "type": "User", "id": 2026129, "followers_url": "https://api.github.com/users/jamesallsup/followers"}, "event": "closed", "issue": {"body": "OpenCart 2.0.2.0\n\nWhen submitting a review with reCaptcha enabled, the recaptcha verification code is not submitted, therefore it is not possible to write reviews.\n", "labels": [], "locked": false, "title": "reCaptcha validation on product reviews", "url": "https://api.github.com/repos/opencart/opencart/issues/2839", "labels_url": "https://api.github.com/repos/opencart/opencart/issues/2839/labels{/name}", "created_at": "2015-04-01T06:20:59Z", "events_url": "https://api.github.com/repos/opencart/opencart/issues/2839/events", "comments_url": "https://api.github.com/repos/opencart/opencart/issues/2839/comments", "html_url": "https://github.com/opencart/opencart/issues/2839", "comments": 1, "number": 2839, "updated_at": "2015-04-02T14:14:28Z", "assignee": null, "state": "closed", "user": {"following_url": "https://api.github.com/users/bull5-i/following{/other_user}", "events_url": "https://api.github.com/users/bull5-i/events{/privacy}", "organizations_url": "https://api.github.com/users/bull5-i/orgs", "url": "https://api.github.com/users/bull5-i", "gists_url": "https://api.github.com/users/bull5-i/gists{/gist_id}", "html_url": "https://github.com/bull5-i", "subscriptions_url": "https://api.github.com/users/bull5-i/subscriptions", "avatar_url": "https://avatars.githubusercontent.com/u/2567658?v=3", "repos_url": "https://api.github.com/users/bull5-i/repos", "received_events_url": "https://api.github.com/users/bull5-i/received_events", "gravatar_id": "", "starred_url": "https://api.github.com/users/bull5-i/starred{/owner}{/repo}", "site_admin": false, "login": "bull5-i", "type": "User", "id": 2567658, "followers_url": "https://api.github.com/users/bull5-i/followers"}, "milestone": null, "repository_url": "https://api.github.com/repos/opencart/opencart", "closed_at": "2015-04-02T14:14:28Z", "assignees": [], "id": 65614834}, "id": 271745511}, {"commit_id": "fc956398ed57a96899b38c196ad72ee0859f9c25", "commit_url": "https://api.github.com/repos/opencart/opencart/commits/fc956398ed57a96899b38c196ad72ee0859f9c25", "url": "https://api.github.com/repos/opencart/opencart/issues/events/271745319", "created_at": "2015-04-02T14:14:14Z", "actor": {"following_url": "https://api.github.com/users/jamesallsup/following{/other_user}", "events_url": "https://api.github.com/users/jamesallsup/events{/privacy}", "organizations_url": "https://api.github.com/users/jamesallsup/orgs", "url": "https://api.github.com/users/jamesallsup", "gists_url": "https://api.github.com/users/jamesallsup/gists{/gist_id}", "html_url": "https://github.com/jamesallsup", "subscriptions_url": "https://api.github.com/users/jamesallsup/subscriptions", "avatar_url": "https://avatars.githubusercontent.com/u/2026129?v=3", "repos_url": "https://api.github.com/users/jamesallsup/repos", "received_events_url": "https://api.github.com/users/jamesallsup/received_events", "gravatar_id": "", "starred_url": "https://api.github.com/users/jamesallsup/starred{/owner}{/repo}", "site_admin": false, "login": "jamesallsup", "type": "User", "id": 2026129, "followers_url": "https://api.github.com/users/jamesallsup/followers"}, "event": "referenced", "issue": {"body": "OpenCart 2.0.2.0\n\nWhen submitting a review with reCaptcha enabled, the recaptcha verification code is not submitted, therefore it is not possible to write reviews.\n", "labels": [], "locked": false, "title": "reCaptcha validation on product reviews", "url": "https://api.github.com/repos/opencart/opencart/issues/2839", "labels_url": "https://api.github.com/repos/opencart/opencart/issues/2839/labels{/name}", "created_at": "2015-04-01T06:20:59Z", "events_url": "https://api.github.com/repos/opencart/opencart/issues/2839/events", "comments_url": "https://api.github.com/repos/opencart/opencart/issues/2839/comments", "html_url": "https://github.com/opencart/opencart/issues/2839", "comments": 1, "number": 2839, "updated_at": "2015-04-02T14:14:28Z", "assignee": null, "state": "closed", "user": {"following_url": "https://api.github.com/users/bull5-i/following{/other_user}", "events_url": "https://api.github.com/users/bull5-i/events{/privacy}", "organizations_url": "https://api.github.com/users/bull5-i/orgs", "url": "https://api.github.com/users/bull5-i", "gists_url": "https://api.github.com/users/bull5-i/gists{/gist_id}", "html_url": "https://github.com/bull5-i", "subscriptions_url": "https://api.github.com/users/bull5-i/subscriptions", "avatar_url": "https://avatars.githubusercontent.com/u/2567658?v=3", "repos_url": "https://api.github.com/users/bull5-i/repos", "received_events_url": "https://api.github.com/users/bull5-i/received_events", "gravatar_id": "", "starred_url": "https://api.github.com/users/bull5-i/starred{/owner}{/repo}", "site_admin": false, "login": "bull5-i", "type": "User", "id": 2567658, "followers_url": "https://api.github.com/users/bull5-i/followers"}, "milestone": null, "repository_url": "https://api.github.com/repos/opencart/opencart", "closed_at": "2015-04-02T14:14:28Z", "assignees": [], "id": 65614834}, "id": 271745319}, {"commit_id": "fc956398ed57a96899b38c196ad72ee0859f9c25", "commit_url": "https://api.github.com/repos/opencart/opencart/commits/fc956398ed57a96899b38c196ad72ee0859f9c25", "url": "https://api.github.com/repos/opencart/opencart/issues/events/271745318", "created_at": "2015-04-02T14:14:14Z", "actor": {"following_url": "https://api.github.com/users/jamesallsup/following{/other_user}", "events_url": "https://api.github.com/users/jamesallsup/events{/privacy}", "organizations_url": "https://api.github.com/users/jamesallsup/orgs", "url": "https://api.github.com/users/jamesallsup", "gists_url": "https://api.github.com/users/jamesallsup/gists{/gist_id}", "html_url": "https://github.com/jamesallsup", "subscriptions_url": "https://api.github.com/users/jamesallsup/subscriptions", "avatar_url": "https://avatars.githubusercontent.com/u/2026129?v=3", "repos_url": "https://api.github.com/users/jamesallsup/repos", "received_events_url": "https://api.github.com/users/jamesallsup/received_events", "gravatar_id": "", "starred_url": "https://api.github.com/users/jamesallsup/starred{/owner}{/repo}", "site_admin": false, "login": "jamesallsup", "type": "User", "id": 2026129, "followers_url": "https://api.github.com/users/jamesallsup/followers"}, "event": "closed", "issue": {"body": "unless you make changes to /controller/product/product.php as suggested by @k2tec  in #2744. \n\nThis line:\n\n$json['error'] = $this->language->get('error_captcha');\n\nshould be replaced by this one:\n\n$this->error['captcha'] = $this->language->get('error_captcha');\n", "labels": [], "locked": false, "title": "If the new G-recaptcha is enabled, the reviews are not sent in OC2.0.2.0", "url": "https://api.github.com/repos/opencart/opencart/issues/2843", "labels_url": "https://api.github.com/repos/opencart/opencart/issues/2843/labels{/name}", "created_at": "2015-04-01T15:25:01Z", "events_url": "https://api.github.com/repos/opencart/opencart/issues/2843/events", "comments_url": "https://api.github.com/repos/opencart/opencart/issues/2843/comments", "html_url": "https://github.com/opencart/opencart/issues/2843", "comments": 0, "number": 2843, "updated_at": "2015-04-02T14:14:14Z", "assignee": null, "state": "closed", "user": {"following_url": "https://api.github.com/users/milimar/following{/other_user}", "events_url": "https://api.github.com/users/milimar/events{/privacy}", "organizations_url": "https://api.github.com/users/milimar/orgs", "url": "https://api.github.com/users/milimar", "gists_url": "https://api.github.com/users/milimar/gists{/gist_id}", "html_url": "https://github.com/milimar", "subscriptions_url": "https://api.github.com/users/milimar/subscriptions", "avatar_url": "https://avatars.githubusercontent.com/u/9386798?v=3", "repos_url": "https://api.github.com/users/milimar/repos", "received_events_url": "https://api.github.com/users/milimar/received_events", "gravatar_id": "", "starred_url": "https://api.github.com/users/milimar/starred{/owner}{/repo}", "site_admin": false, "login": "milimar", "type": "User", "id": 9386798, "followers_url": "https://api.github.com/users/milimar/followers"}, "milestone": null, "repository_url": "https://api.github.com/repos/opencart/opencart", "closed_at": "2015-04-02T14:14:14Z", "assignees": [], "id": 65711183}, "id": 271745318}, {"commit_id": "7d26b0c7faadf266aebb50d3045d6194234c2837", "commit_url": "https://api.github.com/repos/opencart/opencart/commits/7d26b0c7faadf266aebb50d3045d6194234c2837", "url": "https://api.github.com/repos/opencart/opencart/issues/events/271486654", "created_at": "2015-04-02T08:26:13Z", "actor": {"following_url": "https://api.github.com/users/jamesallsup/following{/other_user}", "events_url": "https://api.github.com/users/jamesallsup/events{/privacy}", "organizations_url": "https://api.github.com/users/jamesallsup/orgs", "url": "https://api.github.com/users/jamesallsup", "gists_url": "https://api.github.com/users/jamesallsup/gists{/gist_id}", "html_url": "https://github.com/jamesallsup", "subscriptions_url": "https://api.github.com/users/jamesallsup/subscriptions", "avatar_url": "https://avatars.githubusercontent.com/u/2026129?v=3", "repos_url": "https://api.github.com/users/jamesallsup/repos", "received_events_url": "https://api.github.com/users/jamesallsup/received_events", "gravatar_id": "", "starred_url": "https://api.github.com/users/jamesallsup/starred{/owner}{/repo}", "site_admin": false, "login": "jamesallsup", "type": "User", "id": 2026129, "followers_url": "https://api.github.com/users/jamesallsup/followers"}, "event": "closed", "issue": {"labels": [], "number": 2847, "assignee": null, "repository_url": "https://api.github.com/repos/opencart/opencart", "closed_at": "2015-04-02T08:26:13Z", "id": 65846641, "title": "Error at New Account Alert Mail", "pull_request": {"url": "https://api.github.com/repos/opencart/opencart/pulls/2847", "diff_url": "https://github.com/opencart/opencart/pull/2847.diff", "html_url": "https://github.com/opencart/opencart/pull/2847", "patch_url": "https://github.com/opencart/opencart/pull/2847.patch"}, "comments": 1, "state": "closed", "body": "If you register a new customer at the catalog, the confirmation mail for the store owner is not sent.\n", "labels_url": "https://api.github.com/repos/opencart/opencart/issues/2847/labels{/name}", "events_url": "https://api.github.com/repos/opencart/opencart/issues/2847/events", "comments_url": "https://api.github.com/repos/opencart/opencart/issues/2847/comments", "html_url": "https://github.com/opencart/opencart/pull/2847", "updated_at": "2015-11-26T08:59:09Z", "user": {"following_url": "https://api.github.com/users/devtsit/following{/other_user}", "events_url": "https://api.github.com/users/devtsit/events{/privacy}", "organizations_url": "https://api.github.com/users/devtsit/orgs", "url": "https://api.github.com/users/devtsit", "gists_url": "https://api.github.com/users/devtsit/gists{/gist_id}", "html_url": "https://github.com/devtsit", "subscriptions_url": "https://api.github.com/users/devtsit/subscriptions", "avatar_url": "https://avatars.githubusercontent.com/u/2195073?v=3", "repos_url": "https://api.github.com/users/devtsit/repos", "received_events_url": "https://api.github.com/users/devtsit/received_events", "gravatar_id": "", "starred_url": "https://api.github.com/users/devtsit/starred{/owner}{/repo}", "site_admin": false, "login": "devtsit", "type": "User", "id": 2195073, "followers_url": "https://api.github.com/users/devtsit/followers"}, "milestone": null, "locked": false, "url": "https://api.github.com/repos/opencart/opencart/issues/2847", "created_at": "2015-04-02T05:56:41Z", "assignees": []}, "id": 271486654}, {"commit_id": null, "commit_url": null, "url": "https://api.github.com/repos/opencart/opencart/issues/events/270746424", "created_at": "2015-04-01T15:25:01Z", "actor": {"following_url": "https://api.github.com/users/k2tec/following{/other_user}", "events_url": "https://api.github.com/users/k2tec/events{/privacy}", "organizations_url": "https://api.github.com/users/k2tec/orgs", "url": "https://api.github.com/users/k2tec", "gists_url": "https://api.github.com/users/k2tec/gists{/gist_id}", "html_url": "https://github.com/k2tec", "subscriptions_url": "https://api.github.com/users/k2tec/subscriptions", "avatar_url": "https://avatars.githubusercontent.com/u/11543944?v=3", "repos_url": "https://api.github.com/users/k2tec/repos", "received_events_url": "https://api.github.com/users/k2tec/received_events", "gravatar_id": "", "starred_url": "https://api.github.com/users/k2tec/starred{/owner}{/repo}", "site_admin": false, "login": "k2tec", "type": "User", "id": 11543944, "followers_url": "https://api.github.com/users/k2tec/followers"}, "event": "subscribed", "issue": {"body": "unless you make changes to /controller/product/product.php as suggested by @k2tec  in #2744. \n\nThis line:\n\n$json['error'] = $this->language->get('error_captcha');\n\nshould be replaced by this one:\n\n$this->error['captcha'] = $this->language->get('error_captcha');\n", "labels": [], "locked": false, "title": "If the new G-recaptcha is enabled, the reviews are not sent in OC2.0.2.0", "url": "https://api.github.com/repos/opencart/opencart/issues/2843", "labels_url": "https://api.github.com/repos/opencart/opencart/issues/2843/labels{/name}", "created_at": "2015-04-01T15:25:01Z", "events_url": "https://api.github.com/repos/opencart/opencart/issues/2843/events", "comments_url": "https://api.github.com/repos/opencart/opencart/issues/2843/comments", "html_url": "https://github.com/opencart/opencart/issues/2843", "comments": 0, "number": 2843, "updated_at": "2015-04-02T14:14:14Z", "assignee": null, "state": "closed", "user": {"following_url": "https://api.github.com/users/milimar/following{/other_user}", "events_url": "https://api.github.com/users/milimar/events{/privacy}", "organizations_url": "https://api.github.com/users/milimar/orgs", "url": "https://api.github.com/users/milimar", "gists_url": "https://api.github.com/users/milimar/gists{/gist_id}", "html_url": "https://github.com/milimar", "subscriptions_url": "https://api.github.com/users/milimar/subscriptions", "avatar_url": "https://avatars.githubusercontent.com/u/9386798?v=3", "repos_url": "https://api.github.com/users/milimar/repos", "received_events_url": "https://api.github.com/users/milimar/received_events", "gravatar_id": "", "starred_url": "https://api.github.com/users/milimar/starred{/owner}{/repo}", "site_admin": false, "login": "milimar", "type": "User", "id": 9386798, "followers_url": "https://api.github.com/users/milimar/followers"}, "milestone": null, "repository_url": "https://api.github.com/repos/opencart/opencart", "closed_at": "2015-04-02T14:14:14Z", "assignees": [], "id": 65711183}, "id": 270746424}, {"commit_id": null, "commit_url": null, "url": "https://api.github.com/repos/opencart/opencart/issues/events/270746423", "created_at": "2015-04-01T15:25:01Z", "actor": {"following_url": "https://api.github.com/users/k2tec/following{/other_user}", "events_url": "https://api.github.com/users/k2tec/events{/privacy}", "organizations_url": "https://api.github.com/users/k2tec/orgs", "url": "https://api.github.com/users/k2tec", "gists_url": "https://api.github.com/users/k2tec/gists{/gist_id}", "html_url": "https://github.com/k2tec", "subscriptions_url": "https://api.github.com/users/k2tec/subscriptions", "avatar_url": "https://avatars.githubusercontent.com/u/11543944?v=3", "repos_url": "https://api.github.com/users/k2tec/repos", "received_events_url": "https://api.github.com/users/k2tec/received_events", "gravatar_id": "", "starred_url": "https://api.github.com/users/k2tec/starred{/owner}{/repo}", "site_admin": false, "login": "k2tec", "type": "User", "id": 11543944, "followers_url": "https://api.github.com/users/k2tec/followers"}, "event": "mentioned", "issue": {"body": "unless you make changes to /controller/product/product.php as suggested by @k2tec  in #2744. \n\nThis line:\n\n$json['error'] = $this->language->get('error_captcha');\n\nshould be replaced by this one:\n\n$this->error['captcha'] = $this->language->get('error_captcha');\n", "labels": [], "locked": false, "title": "If the new G-recaptcha is enabled, the reviews are not sent in OC2.0.2.0", "url": "https://api.github.com/repos/opencart/opencart/issues/2843", "labels_url": "https://api.github.com/repos/opencart/opencart/issues/2843/labels{/name}", "created_at": "2015-04-01T15:25:01Z", "events_url": "https://api.github.com/repos/opencart/opencart/issues/2843/events", "comments_url": "https://api.github.com/repos/opencart/opencart/issues/2843/comments", "html_url": "https://github.com/opencart/opencart/issues/2843", "comments": 0, "number": 2843, "updated_at": "2015-04-02T14:14:14Z", "assignee": null, "state": "closed", "user": {"following_url": "https://api.github.com/users/milimar/following{/other_user}", "events_url": "https://api.github.com/users/milimar/events{/privacy}", "organizations_url": "https://api.github.com/users/milimar/orgs", "url": "https://api.github.com/users/milimar", "gists_url": "https://api.github.com/users/milimar/gists{/gist_id}", "html_url": "https://github.com/milimar", "subscriptions_url": "https://api.github.com/users/milimar/subscriptions", "avatar_url": "https://avatars.githubusercontent.com/u/9386798?v=3", "repos_url": "https://api.github.com/users/milimar/repos", "received_events_url": "https://api.github.com/users/milimar/received_events", "gravatar_id": "", "starred_url": "https://api.github.com/users/milimar/starred{/owner}{/repo}", "site_admin": false, "login": "milimar", "type": "User", "id": 9386798, "followers_url": "https://api.github.com/users/milimar/followers"}, "milestone": null, "repository_url": "https://api.github.com/repos/opencart/opencart", "closed_at": "2015-04-02T14:14:14Z", "assignees": [], "id": 65711183}, "id": 270746423}, {"commit_id": "6a35754be58c5de0493933ea0f6fd02104cfe15b", "commit_url": "https://api.github.com/repos/opencart/opencart/commits/6a35754be58c5de0493933ea0f6fd02104cfe15b", "url": "https://api.github.com/repos/opencart/opencart/issues/events/270535608", "created_at": "2015-04-01T11:40:45Z", "actor": {"following_url": "https://api.github.com/users/denisdulici/following{/other_user}", "events_url": "https://api.github.com/users/denisdulici/events{/privacy}", "organizations_url": "https://api.github.com/users/denisdulici/orgs", "url": "https://api.github.com/users/denisdulici", "gists_url": "https://api.github.com/users/denisdulici/gists{/gist_id}", "html_url": "https://github.com/denisdulici", "subscriptions_url": "https://api.github.com/users/denisdulici/subscriptions", "avatar_url": "https://avatars.githubusercontent.com/u/5254835?v=3", "repos_url": "https://api.github.com/users/denisdulici/repos", "received_events_url": "https://api.github.com/users/denisdulici/received_events", "gravatar_id": "", "starred_url": "https://api.github.com/users/denisdulici/starred{/owner}{/repo}", "site_admin": false, "login": "denisdulici", "type": "User", "id": 5254835, "followers_url": "https://api.github.com/users/denisdulici/followers"}, "event": "referenced", "issue": {"body": "The length of 'order_status_id' should be 11 and not 5\n\nCREATE TABLE IF NOT EXISTS `oc_order_history` (\n..........................\n`order_status_id` int(5) NOT NULL,\n", "labels": [], "locked": false, "title": "opencart.sql small error", "url": "https://api.github.com/repos/opencart/opencart/issues/2820", "labels_url": "https://api.github.com/repos/opencart/opencart/issues/2820/labels{/name}", "created_at": "2015-03-27T10:54:18Z", "events_url": "https://api.github.com/repos/opencart/opencart/issues/2820/events", "comments_url": "https://api.github.com/repos/opencart/opencart/issues/2820/comments", "html_url": "https://github.com/opencart/opencart/issues/2820", "comments": 0, "number": 2820, "updated_at": "2015-04-01T11:35:23Z", "assignee": null, "state": "closed", "user": {"following_url": "https://api.github.com/users/gob33/following{/other_user}", "events_url": "https://api.github.com/users/gob33/events{/privacy}", "organizations_url": "https://api.github.com/users/gob33/orgs", "url": "https://api.github.com/users/gob33", "gists_url": "https://api.github.com/users/gob33/gists{/gist_id}", "html_url": "https://github.com/gob33", "subscriptions_url": "https://api.github.com/users/gob33/subscriptions", "avatar_url": "https://avatars.githubusercontent.com/u/4837882?v=3", "repos_url": "https://api.github.com/users/gob33/repos", "received_events_url": "https://api.github.com/users/gob33/received_events", "gravatar_id": "", "starred_url": "https://api.github.com/users/gob33/starred{/owner}{/repo}", "site_admin": false, "login": "gob33", "type": "User", "id": 4837882, "followers_url": "https://api.github.com/users/gob33/followers"}, "milestone": null, "repository_url": "https://api.github.com/repos/opencart/opencart", "closed_at": "2015-04-01T11:35:23Z", "assignees": [], "id": 64738662}, "id": 270535608}, {"commit_id": "e5dca8de505a64873c93913b6ba4d132abbc1f31", "commit_url": "https://api.github.com/repos/opencart/opencart/commits/e5dca8de505a64873c93913b6ba4d132abbc1f31", "url": "https://api.github.com/repos/opencart/opencart/issues/events/270532342", "created_at": "2015-04-01T11:35:23Z", "actor": {"following_url": "https://api.github.com/users/jamesallsup/following{/other_user}", "events_url": "https://api.github.com/users/jamesallsup/events{/privacy}", "organizations_url": "https://api.github.com/users/jamesallsup/orgs", "url": "https://api.github.com/users/jamesallsup", "gists_url": "https://api.github.com/users/jamesallsup/gists{/gist_id}", "html_url": "https://github.com/jamesallsup", "subscriptions_url": "https://api.github.com/users/jamesallsup/subscriptions", "avatar_url": "https://avatars.githubusercontent.com/u/2026129?v=3", "repos_url": "https://api.github.com/users/jamesallsup/repos", "received_events_url": "https://api.github.com/users/jamesallsup/received_events", "gravatar_id": "", "starred_url": "https://api.github.com/users/jamesallsup/starred{/owner}{/repo}", "site_admin": false, "login": "jamesallsup", "type": "User", "id": 2026129, "followers_url": "https://api.github.com/users/jamesallsup/followers"}, "event": "closed", "issue": {"body": "The length of 'order_status_id' should be 11 and not 5\n\nCREATE TABLE IF NOT EXISTS `oc_order_history` (\n..........................\n`order_status_id` int(5) NOT NULL,\n", "labels": [], "locked": false, "title": "opencart.sql small error", "url": "https://api.github.com/repos/opencart/opencart/issues/2820", "labels_url": "https://api.github.com/repos/opencart/opencart/issues/2820/labels{/name}", "created_at": "2015-03-27T10:54:18Z", "events_url": "https://api.github.com/repos/opencart/opencart/issues/2820/events", "comments_url": "https://api.github.com/repos/opencart/opencart/issues/2820/comments", "html_url": "https://github.com/opencart/opencart/issues/2820", "comments": 0, "number": 2820, "updated_at": "2015-04-01T11:35:23Z", "assignee": null, "state": "closed", "user": {"following_url": "https://api.github.com/users/gob33/following{/other_user}", "events_url": "https://api.github.com/users/gob33/events{/privacy}", "organizations_url": "https://api.github.com/users/gob33/orgs", "url": "https://api.github.com/users/gob33", "gists_url": "https://api.github.com/users/gob33/gists{/gist_id}", "html_url": "https://github.com/gob33", "subscriptions_url": "https://api.github.com/users/gob33/subscriptions", "avatar_url": "https://avatars.githubusercontent.com/u/4837882?v=3", "repos_url": "https://api.github.com/users/gob33/repos", "received_events_url": "https://api.github.com/users/gob33/received_events", "gravatar_id": "", "starred_url": "https://api.github.com/users/gob33/starred{/owner}{/repo}", "site_admin": false, "login": "gob33", "type": "User", "id": 4837882, "followers_url": "https://api.github.com/users/gob33/followers"}, "milestone": null, "repository_url": "https://api.github.com/repos/opencart/opencart", "closed_at": "2015-04-01T11:35:23Z", "assignees": [], "id": 64738662}, "id": 270532342}, {"commit_id": "131df823b173484ba7d579ee55a0df9e9fcb1dfc", "commit_url": "https://api.github.com/repos/opencart/opencart/commits/131df823b173484ba7d579ee55a0df9e9fcb1dfc", "url": "https://api.github.com/repos/opencart/opencart/issues/events/270532341", "created_at": "2015-04-01T11:35:23Z", "actor": {"following_url": "https://api.github.com/users/jamesallsup/following{/other_user}", "events_url": "https://api.github.com/users/jamesallsup/events{/privacy}", "organizations_url": "https://api.github.com/users/jamesallsup/orgs", "url": "https://api.github.com/users/jamesallsup", "gists_url": "https://api.github.com/users/jamesallsup/gists{/gist_id}", "html_url": "https://github.com/jamesallsup", "subscriptions_url": "https://api.github.com/users/jamesallsup/subscriptions", "avatar_url": "https://avatars.githubusercontent.com/u/2026129?v=3", "repos_url": "https://api.github.com/users/jamesallsup/repos", "received_events_url": "https://api.github.com/users/jamesallsup/received_events", "gravatar_id": "", "starred_url": "https://api.github.com/users/jamesallsup/starred{/owner}{/repo}", "site_admin": false, "login": "jamesallsup", "type": "User", "id": 2026129, "followers_url": "https://api.github.com/users/jamesallsup/followers"}, "event": "closed", "issue": {"body": "Like this or add it into the customer class and remove the other code. \n\nhttps://github.com/nuke123/opencart/commit/61e579e23755cbb824fed254ef13a2f54da6b51a\n", "labels": [], "locked": false, "title": "Customer.login event only called if login in via admin", "url": "https://api.github.com/repos/opencart/opencart/issues/2832", "labels_url": "https://api.github.com/repos/opencart/opencart/issues/2832/labels{/name}", "created_at": "2015-03-30T18:15:38Z", "events_url": "https://api.github.com/repos/opencart/opencart/issues/2832/events", "comments_url": "https://api.github.com/repos/opencart/opencart/issues/2832/comments", "html_url": "https://github.com/opencart/opencart/issues/2832", "comments": 0, "number": 2832, "updated_at": "2015-04-01T11:35:23Z", "assignee": null, "state": "closed", "user": {"following_url": "https://api.github.com/users/howdu/following{/other_user}", "events_url": "https://api.github.com/users/howdu/events{/privacy}", "organizations_url": "https://api.github.com/users/howdu/orgs", "url": "https://api.github.com/users/howdu", "gists_url": "https://api.github.com/users/howdu/gists{/gist_id}", "html_url": "https://github.com/howdu", "subscriptions_url": "https://api.github.com/users/howdu/subscriptions", "avatar_url": "https://avatars.githubusercontent.com/u/533658?v=3", "repos_url": "https://api.github.com/users/howdu/repos", "received_events_url": "https://api.github.com/users/howdu/received_events", "gravatar_id": "", "starred_url": "https://api.github.com/users/howdu/starred{/owner}{/repo}", "site_admin": false, "login": "howdu", "type": "User", "id": 533658, "followers_url": "https://api.github.com/users/howdu/followers"}, "milestone": null, "repository_url": "https://api.github.com/repos/opencart/opencart", "closed_at": "2015-04-01T11:35:23Z", "assignees": [], "id": 65269945}, "id": 270532341}, {"commit_id": null, "commit_url": null, "url": "https://api.github.com/repos/opencart/opencart/issues/events/270521582", "created_at": "2015-04-01T11:16:06Z", "actor": {"following_url": "https://api.github.com/users/jamesallsup/following{/other_user}", "events_url": "https://api.github.com/users/jamesallsup/events{/privacy}", "organizations_url": "https://api.github.com/users/jamesallsup/orgs", "url": "https://api.github.com/users/jamesallsup", "gists_url": "https://api.github.com/users/jamesallsup/gists{/gist_id}", "html_url": "https://github.com/jamesallsup", "subscriptions_url": "https://api.github.com/users/jamesallsup/subscriptions", "avatar_url": "https://avatars.githubusercontent.com/u/2026129?v=3", "repos_url": "https://api.github.com/users/jamesallsup/repos", "received_events_url": "https://api.github.com/users/jamesallsup/received_events", "gravatar_id": "", "starred_url": "https://api.github.com/users/jamesallsup/starred{/owner}{/repo}", "site_admin": false, "login": "jamesallsup", "type": "User", "id": 2026129, "followers_url": "https://api.github.com/users/jamesallsup/followers"}, "event": "closed", "issue": {"body": "Instead of using current auto-loader we can use Composer autoloader. But at first I would recommend using PSR-4. Users can use Composer for loading libraries and easier extending of opencart.\n", "labels": [], "locked": false, "title": "Composer and auto-loading support", "url": "https://api.github.com/repos/opencart/opencart/issues/2828", "labels_url": "https://api.github.com/repos/opencart/opencart/issues/2828/labels{/name}", "created_at": "2015-03-29T19:36:33Z", "events_url": "https://api.github.com/repos/opencart/opencart/issues/2828/events", "comments_url": "https://api.github.com/repos/opencart/opencart/issues/2828/comments", "html_url": "https://github.com/opencart/opencart/issues/2828", "comments": 1, "number": 2828, "updated_at": "2015-10-17T02:02:29Z", "assignee": null, "state": "closed", "user": {"following_url": "https://api.github.com/users/VeeeneX/following{/other_user}", "events_url": "https://api.github.com/users/VeeeneX/events{/privacy}", "organizations_url": "https://api.github.com/users/VeeeneX/orgs", "url": "https://api.github.com/users/VeeeneX", "gists_url": "https://api.github.com/users/VeeeneX/gists{/gist_id}", "html_url": "https://github.com/VeeeneX", "subscriptions_url": "https://api.github.com/users/VeeeneX/subscriptions", "avatar_url": "https://avatars.githubusercontent.com/u/5690163?v=3", "repos_url": "https://api.github.com/users/VeeeneX/repos", "received_events_url": "https://api.github.com/users/VeeeneX/received_events", "gravatar_id": "", "starred_url": "https://api.github.com/users/VeeeneX/starred{/owner}{/repo}", "site_admin": false, "login": "VeeeneX", "type": "User", "id": 5690163, "followers_url": "https://api.github.com/users/VeeeneX/followers"}, "milestone": null, "repository_url": "https://api.github.com/repos/opencart/opencart", "closed_at": "2015-04-01T11:16:06Z", "assignees": [], "id": 65088351}, "id": 270521582}, {"commit_id": null, "commit_url": null, "url": "https://api.github.com/repos/opencart/opencart/issues/events/270514769", "created_at": "2015-04-01T11:08:51Z", "actor": {"following_url": "https://api.github.com/users/jamesallsup/following{/other_user}", "events_url": "https://api.github.com/users/jamesallsup/events{/privacy}", "organizations_url": "https://api.github.com/users/jamesallsup/orgs", "url": "https://api.github.com/users/jamesallsup", "gists_url": "https://api.github.com/users/jamesallsup/gists{/gist_id}", "html_url": "https://github.com/jamesallsup", "subscriptions_url": "https://api.github.com/users/jamesallsup/subscriptions", "avatar_url": "https://avatars.githubusercontent.com/u/2026129?v=3", "repos_url": "https://api.github.com/users/jamesallsup/repos", "received_events_url": "https://api.github.com/users/jamesallsup/received_events", "gravatar_id": "", "starred_url": "https://api.github.com/users/jamesallsup/starred{/owner}{/repo}", "site_admin": false, "login": "jamesallsup", "type": "User", "id": 2026129, "followers_url": "https://api.github.com/users/jamesallsup/followers"}, "event": "closed", "issue": {"body": "Is there an issue with fresh install for db driver choice? only get mPDO cant see MYSQL\nif I didn't want a db created, can I comment out the install line?\n", "labels": [], "locked": false, "title": "OC 2.0.2.0", "url": "https://api.github.com/repos/opencart/opencart/issues/2841", "labels_url": "https://api.github.com/repos/opencart/opencart/issues/2841/labels{/name}", "created_at": "2015-04-01T09:38:05Z", "events_url": "https://api.github.com/repos/opencart/opencart/issues/2841/events", "comments_url": "https://api.github.com/repos/opencart/opencart/issues/2841/comments", "html_url": "https://github.com/opencart/opencart/issues/2841", "comments": 2, "number": 2841, "updated_at": "2015-04-01T12:00:10Z", "assignee": null, "state": "closed", "user": {"following_url": "https://api.github.com/users/gsc1ugs/following{/other_user}", "events_url": "https://api.github.com/users/gsc1ugs/events{/privacy}", "organizations_url": "https://api.github.com/users/gsc1ugs/orgs", "url": "https://api.github.com/users/gsc1ugs", "gists_url": "https://api.github.com/users/gsc1ugs/gists{/gist_id}", "html_url": "https://github.com/gsc1ugs", "subscriptions_url": "https://api.github.com/users/gsc1ugs/subscriptions", "avatar_url": "https://avatars.githubusercontent.com/u/11752019?v=3", "repos_url": "https://api.github.com/users/gsc1ugs/repos", "received_events_url": "https://api.github.com/users/gsc1ugs/received_events", "gravatar_id": "", "starred_url": "https://api.github.com/users/gsc1ugs/starred{/owner}{/repo}", "site_admin": false, "login": "gsc1ugs", "type": "User", "id": 11752019, "followers_url": "https://api.github.com/users/gsc1ugs/followers"}, "milestone": null, "repository_url": "https://api.github.com/repos/opencart/opencart", "closed_at": "2015-04-01T11:08:51Z", "assignees": [], "id": 65645225}, "id": 270514769}, {"commit_id": null, "commit_url": null, "url": "https://api.github.com/repos/opencart/opencart/issues/events/270514430", "created_at": "2015-04-01T11:08:14Z", "actor": {"following_url": "https://api.github.com/users/jamesallsup/following{/other_user}", "events_url": "https://api.github.com/users/jamesallsup/events{/privacy}", "organizations_url": "https://api.github.com/users/jamesallsup/orgs", "url": "https://api.github.com/users/jamesallsup", "gists_url": "https://api.github.com/users/jamesallsup/gists{/gist_id}", "html_url": "https://github.com/jamesallsup", "subscriptions_url": "https://api.github.com/users/jamesallsup/subscriptions", "avatar_url": "https://avatars.githubusercontent.com/u/2026129?v=3", "repos_url": "https://api.github.com/users/jamesallsup/repos", "received_events_url": "https://api.github.com/users/jamesallsup/received_events", "gravatar_id": "", "starred_url": "https://api.github.com/users/jamesallsup/starred{/owner}{/repo}", "site_admin": false, "login": "jamesallsup", "type": "User", "id": 2026129, "followers_url": "https://api.github.com/users/jamesallsup/followers"}, "event": "closed", "issue": {"body": "Hi\n\nMy site in chrome  run Fatal error: Unsupported operand types in /home/buytap5/public_html/vqmod/vqcache/vq2-system_library_cart.php on line 711\n\nsite name - www.buytapestrywallhanging.com\n\nOn IE its run fine.\n", "labels": [], "locked": false, "title": "Fatal error: Unsupported operand types in line 711", "url": "https://api.github.com/repos/opencart/opencart/issues/2834", "labels_url": "https://api.github.com/repos/opencart/opencart/issues/2834/labels{/name}", "created_at": "2015-03-30T23:50:53Z", "events_url": "https://api.github.com/repos/opencart/opencart/issues/2834/events", "comments_url": "https://api.github.com/repos/opencart/opencart/issues/2834/comments", "html_url": "https://github.com/opencart/opencart/issues/2834", "comments": 1, "number": 2834, "updated_at": "2015-04-01T11:08:14Z", "assignee": null, "state": "closed", "user": {"following_url": "https://api.github.com/users/koshmarik78/following{/other_user}", "events_url": "https://api.github.com/users/koshmarik78/events{/privacy}", "organizations_url": "https://api.github.com/users/koshmarik78/orgs", "url": "https://api.github.com/users/koshmarik78", "gists_url": "https://api.github.com/users/koshmarik78/gists{/gist_id}", "html_url": "https://github.com/koshmarik78", "subscriptions_url": "https://api.github.com/users/koshmarik78/subscriptions", "avatar_url": "https://avatars.githubusercontent.com/u/11728631?v=3", "repos_url": "https://api.github.com/users/koshmarik78/repos", "received_events_url": "https://api.github.com/users/koshmarik78/received_events", "gravatar_id": "", "starred_url": "https://api.github.com/users/koshmarik78/starred{/owner}{/repo}", "site_admin": false, "login": "koshmarik78", "type": "User", "id": 11728631, "followers_url": "https://api.github.com/users/koshmarik78/followers"}, "milestone": null, "repository_url": "https://api.github.com/repos/opencart/opencart", "closed_at": "2015-04-01T11:08:14Z", "assignees": [], "id": 65329911}, "id": 270514430}, {"commit_id": "b03149e4802cc4ac7e9f9ec59c7be4759840c98f", "commit_url": "https://api.github.com/repos/opencart/opencart/commits/b03149e4802cc4ac7e9f9ec59c7be4759840c98f", "url": "https://api.github.com/repos/opencart/opencart/issues/events/270513494", "created_at": "2015-04-01T11:06:43Z", "actor": {"following_url": "https://api.github.com/users/jamesallsup/following{/other_user}", "events_url": "https://api.github.com/users/jamesallsup/events{/privacy}", "organizations_url": "https://api.github.com/users/jamesallsup/orgs", "url": "https://api.github.com/users/jamesallsup", "gists_url": "https://api.github.com/users/jamesallsup/gists{/gist_id}", "html_url": "https://github.com/jamesallsup", "subscriptions_url": "https://api.github.com/users/jamesallsup/subscriptions", "avatar_url": "https://avatars.githubusercontent.com/u/2026129?v=3", "repos_url": "https://api.github.com/users/jamesallsup/repos", "received_events_url": "https://api.github.com/users/jamesallsup/received_events", "gravatar_id": "", "starred_url": "https://api.github.com/users/jamesallsup/starred{/owner}{/repo}", "site_admin": false, "login": "jamesallsup", "type": "User", "id": 2026129, "followers_url": "https://api.github.com/users/jamesallsup/followers"}, "event": "closed", "issue": {"body": "OpenCart 2.0.2.0\n\nAt the settings the key for the mail hostname is \"config_mail_smtp_hostname\".\n\nMultiple files contains the line:\n$this->config->get('config_mail_smtp_host')\n\nI think it must be replaced with:\n$this->config->get('config_mail_smtp_hostname')\n\ne.g. admin/controller/common/forgotten.php\nLine 37: $mail->smtp_hostname = $this->config->get('config_mail_smtp_host');\n", "labels": [], "locked": false, "title": "Mail error", "url": "https://api.github.com/repos/opencart/opencart/issues/2840", "labels_url": "https://api.github.com/repos/opencart/opencart/issues/2840/labels{/name}", "created_at": "2015-04-01T08:17:20Z", "events_url": "https://api.github.com/repos/opencart/opencart/issues/2840/events", "comments_url": "https://api.github.com/repos/opencart/opencart/issues/2840/comments", "html_url": "https://github.com/opencart/opencart/issues/2840", "comments": 1, "number": 2840, "updated_at": "2015-04-03T12:49:34Z", "assignee": null, "state": "closed", "user": {"following_url": "https://api.github.com/users/devtsit/following{/other_user}", "events_url": "https://api.github.com/users/devtsit/events{/privacy}", "organizations_url": "https://api.github.com/users/devtsit/orgs", "url": "https://api.github.com/users/devtsit", "gists_url": "https://api.github.com/users/devtsit/gists{/gist_id}", "html_url": "https://github.com/devtsit", "subscriptions_url": "https://api.github.com/users/devtsit/subscriptions", "avatar_url": "https://avatars.githubusercontent.com/u/2195073?v=3", "repos_url": "https://api.github.com/users/devtsit/repos", "received_events_url": "https://api.github.com/users/devtsit/received_events", "gravatar_id": "", "starred_url": "https://api.github.com/users/devtsit/starred{/owner}{/repo}", "site_admin": false, "login": "devtsit", "type": "User", "id": 2195073, "followers_url": "https://api.github.com/users/devtsit/followers"}, "milestone": null, "repository_url": "https://api.github.com/repos/opencart/opencart", "closed_at": "2015-04-01T11:06:43Z", "assignees": [], "id": 65630074}, "id": 270513494}]