[{"commit_id": null, "commit_url": null, "url": "https://api.github.com/repos/opencart/opencart/issues/events/444900230", "created_at": "2015-10-25T16:54:45Z", "actor": {"following_url": "https://api.github.com/users/danielkerr/following{/other_user}", "events_url": "https://api.github.com/users/danielkerr/events{/privacy}", "organizations_url": "https://api.github.com/users/danielkerr/orgs", "url": "https://api.github.com/users/danielkerr", "gists_url": "https://api.github.com/users/danielkerr/gists{/gist_id}", "html_url": "https://github.com/danielkerr", "subscriptions_url": "https://api.github.com/users/danielkerr/subscriptions", "avatar_url": "https://avatars.githubusercontent.com/u/5079756?v=3", "repos_url": "https://api.github.com/users/danielkerr/repos", "received_events_url": "https://api.github.com/users/danielkerr/received_events", "gravatar_id": "", "starred_url": "https://api.github.com/users/danielkerr/starred{/owner}{/repo}", "site_admin": false, "login": "danielkerr", "type": "User", "id": 5079756, "followers_url": "https://api.github.com/users/danielkerr/followers"}, "event": "subscribed", "issue": {"body": "In  opencart/upload/admin/model/sale/voucher.php function sendVoucher($voucher_id) is not added checking for order complete status\n\n```\nif (in_array($order_info['order_status_id'], $this->config->get('config_complete_status'))) {}\n```\n\nNow you can send the gift voucher even if the order not have complete status.\n", "labels": [], "locked": false, "title": "Admin voucher send and order complete status", "url": "https://api.github.com/repos/opencart/opencart/issues/3521", "labels_url": "https://api.github.com/repos/opencart/opencart/issues/3521/labels{/name}", "created_at": "2015-10-19T14:14:05Z", "events_url": "https://api.github.com/repos/opencart/opencart/issues/3521/events", "comments_url": "https://api.github.com/repos/opencart/opencart/issues/3521/comments", "html_url": "https://github.com/opencart/opencart/issues/3521", "comments": 7, "number": 3521, "updated_at": "2015-10-25T17:41:52Z", "assignee": null, "state": "closed", "user": {"following_url": "https://api.github.com/users/danijelGombac/following{/other_user}", "events_url": "https://api.github.com/users/danijelGombac/events{/privacy}", "organizations_url": "https://api.github.com/users/danijelGombac/orgs", "url": "https://api.github.com/users/danijelGombac", "gists_url": "https://api.github.com/users/danijelGombac/gists{/gist_id}", "html_url": "https://github.com/danijelGombac", "subscriptions_url": "https://api.github.com/users/danijelGombac/subscriptions", "avatar_url": "https://avatars.githubusercontent.com/u/3872726?v=3", "repos_url": "https://api.github.com/users/danijelGombac/repos", "received_events_url": "https://api.github.com/users/danijelGombac/received_events", "gravatar_id": "", "starred_url": "https://api.github.com/users/danijelGombac/starred{/owner}{/repo}", "site_admin": false, "login": "danijelGombac", "type": "User", "id": 3872726, "followers_url": "https://api.github.com/users/danijelGombac/followers"}, "milestone": null, "repository_url": "https://api.github.com/repos/opencart/opencart", "closed_at": "2015-10-25T17:41:52Z", "assignees": [], "id": 112153157}, "id": 444900230}, {"commit_id": null, "commit_url": null, "url": "https://api.github.com/repos/opencart/opencart/issues/events/444900229", "created_at": "2015-10-25T16:54:45Z", "actor": {"following_url": "https://api.github.com/users/danielkerr/following{/other_user}", "events_url": "https://api.github.com/users/danielkerr/events{/privacy}", "organizations_url": "https://api.github.com/users/danielkerr/orgs", "url": "https://api.github.com/users/danielkerr", "gists_url": "https://api.github.com/users/danielkerr/gists{/gist_id}", "html_url": "https://github.com/danielkerr", "subscriptions_url": "https://api.github.com/users/danielkerr/subscriptions", "avatar_url": "https://avatars.githubusercontent.com/u/5079756?v=3", "repos_url": "https://api.github.com/users/danielkerr/repos", "received_events_url": "https://api.github.com/users/danielkerr/received_events", "gravatar_id": "", "starred_url": "https://api.github.com/users/danielkerr/starred{/owner}{/repo}", "site_admin": false, "login": "danielkerr", "type": "User", "id": 5079756, "followers_url": "https://api.github.com/users/danielkerr/followers"}, "event": "mentioned", "issue": {"body": "In  opencart/upload/admin/model/sale/voucher.php function sendVoucher($voucher_id) is not added checking for order complete status\n\n```\nif (in_array($order_info['order_status_id'], $this->config->get('config_complete_status'))) {}\n```\n\nNow you can send the gift voucher even if the order not have complete status.\n", "labels": [], "locked": false, "title": "Admin voucher send and order complete status", "url": "https://api.github.com/repos/opencart/opencart/issues/3521", "labels_url": "https://api.github.com/repos/opencart/opencart/issues/3521/labels{/name}", "created_at": "2015-10-19T14:14:05Z", "events_url": "https://api.github.com/repos/opencart/opencart/issues/3521/events", "comments_url": "https://api.github.com/repos/opencart/opencart/issues/3521/comments", "html_url": "https://github.com/opencart/opencart/issues/3521", "comments": 7, "number": 3521, "updated_at": "2015-10-25T17:41:52Z", "assignee": null, "state": "closed", "user": {"following_url": "https://api.github.com/users/danijelGombac/following{/other_user}", "events_url": "https://api.github.com/users/danijelGombac/events{/privacy}", "organizations_url": "https://api.github.com/users/danijelGombac/orgs", "url": "https://api.github.com/users/danijelGombac", "gists_url": "https://api.github.com/users/danijelGombac/gists{/gist_id}", "html_url": "https://github.com/danijelGombac", "subscriptions_url": "https://api.github.com/users/danijelGombac/subscriptions", "avatar_url": "https://avatars.githubusercontent.com/u/3872726?v=3", "repos_url": "https://api.github.com/users/danijelGombac/repos", "received_events_url": "https://api.github.com/users/danijelGombac/received_events", "gravatar_id": "", "starred_url": "https://api.github.com/users/danijelGombac/starred{/owner}{/repo}", "site_admin": false, "login": "danijelGombac", "type": "User", "id": 3872726, "followers_url": "https://api.github.com/users/danijelGombac/followers"}, "milestone": null, "repository_url": "https://api.github.com/repos/opencart/opencart", "closed_at": "2015-10-25T17:41:52Z", "assignees": [], "id": 112153157}, "id": 444900229}, {"commit_id": null, "commit_url": null, "url": "https://api.github.com/repos/opencart/opencart/issues/events/444898013", "created_at": "2015-10-25T16:45:06Z", "actor": {"following_url": "https://api.github.com/users/danielkerr/following{/other_user}", "events_url": "https://api.github.com/users/danielkerr/events{/privacy}", "organizations_url": "https://api.github.com/users/danielkerr/orgs", "url": "https://api.github.com/users/danielkerr", "gists_url": "https://api.github.com/users/danielkerr/gists{/gist_id}", "html_url": "https://github.com/danielkerr", "subscriptions_url": "https://api.github.com/users/danielkerr/subscriptions", "avatar_url": "https://avatars.githubusercontent.com/u/5079756?v=3", "repos_url": "https://api.github.com/users/danielkerr/repos", "received_events_url": "https://api.github.com/users/danielkerr/received_events", "gravatar_id": "", "starred_url": "https://api.github.com/users/danielkerr/starred{/owner}{/repo}", "site_admin": false, "login": "danielkerr", "type": "User", "id": 5079756, "followers_url": "https://api.github.com/users/danielkerr/followers"}, "event": "closed", "issue": {"body": "Just reporting some typo and giving suggestion. I'll add as I see them.\n\n**Typo:**\nadmin/language/english/sale/order.php\nLine 25:\n$_['text_shipping_address']      = 'Shipping Adress';\n_should be_\n$_['text_shipping_address']      = 'Shipping Address';\n\nLine 31:\n$_['text_shipping_custom_field'] = 'Shipping Adress Custom Fields';\n_should be_\n$_['text_shipping_custom_field'] = 'Shipping Address Custom Fields';\n\nLine 78: (inconsistent with others)\n$_['column_weight']              = 'Product weight';\n_should be_\n$_['column_weight']              = 'Product Weight';\n\n**Suggestion:**\n1. Change the date_added from \"12/10/2015\" to \"12 Oct 2015 08:33AM\" for better legibility on invoice and shipping notes\nadmin/language/english/english.php\nLine 6: after line add\n$_['date_format_datetime']             = 'd M Y H:iA';\n\nadmin/controller/sale/order.php\nLine 1733, 1943:\n'date_added'       => date($this->language->get('date_format_short'), strtotime($order_info['date_added'])),\n_changed to_\n'date_added' => date($this->language->get('date_format_datetime'), strtotime($order_info['date_added'])),\n", "labels": [], "locked": false, "title": "Typo and Suggestion on OC 2.1.0.1", "url": "https://api.github.com/repos/opencart/opencart/issues/3494", "labels_url": "https://api.github.com/repos/opencart/opencart/issues/3494/labels{/name}", "created_at": "2015-10-15T07:27:40Z", "events_url": "https://api.github.com/repos/opencart/opencart/issues/3494/events", "comments_url": "https://api.github.com/repos/opencart/opencart/issues/3494/comments", "html_url": "https://github.com/opencart/opencart/issues/3494", "comments": 5, "number": 3494, "updated_at": "2015-11-08T07:41:41Z", "assignee": null, "state": "closed", "user": {"following_url": "https://api.github.com/users/hendrachristian/following{/other_user}", "events_url": "https://api.github.com/users/hendrachristian/events{/privacy}", "organizations_url": "https://api.github.com/users/hendrachristian/orgs", "url": "https://api.github.com/users/hendrachristian", "gists_url": "https://api.github.com/users/hendrachristian/gists{/gist_id}", "html_url": "https://github.com/hendrachristian", "subscriptions_url": "https://api.github.com/users/hendrachristian/subscriptions", "avatar_url": "https://avatars.githubusercontent.com/u/15137510?v=3", "repos_url": "https://api.github.com/users/hendrachristian/repos", "received_events_url": "https://api.github.com/users/hendrachristian/received_events", "gravatar_id": "", "starred_url": "https://api.github.com/users/hendrachristian/starred{/owner}{/repo}", "site_admin": false, "login": "hendrachristian", "type": "User", "id": 15137510, "followers_url": "https://api.github.com/users/hendrachristian/followers"}, "milestone": null, "repository_url": "https://api.github.com/repos/opencart/opencart", "closed_at": "2015-10-25T16:45:06Z", "assignees": [], "id": 111559995}, "id": 444898013}, {"commit_id": null, "commit_url": null, "url": "https://api.github.com/repos/opencart/opencart/issues/events/444896577", "created_at": "2015-10-25T16:42:15Z", "actor": {"following_url": "https://api.github.com/users/danielkerr/following{/other_user}", "events_url": "https://api.github.com/users/danielkerr/events{/privacy}", "organizations_url": "https://api.github.com/users/danielkerr/orgs", "url": "https://api.github.com/users/danielkerr", "gists_url": "https://api.github.com/users/danielkerr/gists{/gist_id}", "html_url": "https://github.com/danielkerr", "subscriptions_url": "https://api.github.com/users/danielkerr/subscriptions", "avatar_url": "https://avatars.githubusercontent.com/u/5079756?v=3", "repos_url": "https://api.github.com/users/danielkerr/repos", "received_events_url": "https://api.github.com/users/danielkerr/received_events", "gravatar_id": "", "starred_url": "https://api.github.com/users/danielkerr/starred{/owner}{/repo}", "site_admin": false, "login": "danielkerr", "type": "User", "id": 5079756, "followers_url": "https://api.github.com/users/danielkerr/followers"}, "event": "closed", "issue": {"body": "During the installation, after the second update page appears blank screen.\nI found the problem in the `system / library / session.php`\nThe problem was that I had for some reason `strlen ($_COOKIE [session_name ()])) == 52`\nand then check `'/^[a-zA-Z0-9, \\ -] {22,40}$/'`\nPomunyal from 40 to 52 and earned.\n\nPS: did not like it all falls without any messages\n", "labels": [], "locked": false, "title": "opencart installation - session bug. Session limit [22,40] chars", "url": "https://api.github.com/repos/opencart/opencart/issues/3541", "labels_url": "https://api.github.com/repos/opencart/opencart/issues/3541/labels{/name}", "created_at": "2015-10-23T02:27:23Z", "events_url": "https://api.github.com/repos/opencart/opencart/issues/3541/events", "comments_url": "https://api.github.com/repos/opencart/opencart/issues/3541/comments", "html_url": "https://github.com/opencart/opencart/issues/3541", "comments": 1, "number": 3541, "updated_at": "2015-10-25T16:42:15Z", "assignee": null, "state": "closed", "user": {"following_url": "https://api.github.com/users/ancor-dev/following{/other_user}", "events_url": "https://api.github.com/users/ancor-dev/events{/privacy}", "organizations_url": "https://api.github.com/users/ancor-dev/orgs", "url": "https://api.github.com/users/ancor-dev", "gists_url": "https://api.github.com/users/ancor-dev/gists{/gist_id}", "html_url": "https://github.com/ancor-dev", "subscriptions_url": "https://api.github.com/users/ancor-dev/subscriptions", "avatar_url": "https://avatars.githubusercontent.com/u/11693557?v=3", "repos_url": "https://api.github.com/users/ancor-dev/repos", "received_events_url": "https://api.github.com/users/ancor-dev/received_events", "gravatar_id": "", "starred_url": "https://api.github.com/users/ancor-dev/starred{/owner}{/repo}", "site_admin": false, "login": "ancor-dev", "type": "User", "id": 11693557, "followers_url": "https://api.github.com/users/ancor-dev/followers"}, "milestone": null, "repository_url": "https://api.github.com/repos/opencart/opencart", "closed_at": "2015-10-25T16:42:15Z", "assignees": [], "id": 112930006}, "id": 444896577}, {"commit_id": "d9c84a651dc504cf77a5b9806d54943c8273654f", "commit_url": "https://api.github.com/repos/opencart/opencart/commits/d9c84a651dc504cf77a5b9806d54943c8273654f", "url": "https://api.github.com/repos/opencart/opencart/issues/events/444896244", "created_at": "2015-10-25T16:41:45Z", "actor": {"following_url": "https://api.github.com/users/danielkerr/following{/other_user}", "events_url": "https://api.github.com/users/danielkerr/events{/privacy}", "organizations_url": "https://api.github.com/users/danielkerr/orgs", "url": "https://api.github.com/users/danielkerr", "gists_url": "https://api.github.com/users/danielkerr/gists{/gist_id}", "html_url": "https://github.com/danielkerr", "subscriptions_url": "https://api.github.com/users/danielkerr/subscriptions", "avatar_url": "https://avatars.githubusercontent.com/u/5079756?v=3", "repos_url": "https://api.github.com/users/danielkerr/repos", "received_events_url": "https://api.github.com/users/danielkerr/received_events", "gravatar_id": "", "starred_url": "https://api.github.com/users/danielkerr/starred{/owner}{/repo}", "site_admin": false, "login": "danielkerr", "type": "User", "id": 5079756, "followers_url": "https://api.github.com/users/danielkerr/followers"}, "event": "referenced", "issue": {"labels": [], "number": 3240, "assignee": null, "repository_url": "https://api.github.com/repos/opencart/opencart", "closed_at": "2015-10-25T16:41:27Z", "id": 100636001, "title": "renamed single voucher item to $voucher", "pull_request": {"url": "https://api.github.com/repos/opencart/opencart/pulls/3240", "diff_url": "https://github.com/opencart/opencart/pull/3240.diff", "html_url": "https://github.com/opencart/opencart/pull/3240", "patch_url": "https://github.com/opencart/opencart/pull/3240.patch"}, "comments": 1, "state": "closed", "body": "", "labels_url": "https://api.github.com/repos/opencart/opencart/issues/3240/labels{/name}", "events_url": "https://api.github.com/repos/opencart/opencart/issues/3240/events", "comments_url": "https://api.github.com/repos/opencart/opencart/issues/3240/comments", "html_url": "https://github.com/opencart/opencart/pull/3240", "updated_at": "2015-10-25T16:41:27Z", "user": {"following_url": "https://api.github.com/users/pine3ree/following{/other_user}", "events_url": "https://api.github.com/users/pine3ree/events{/privacy}", "organizations_url": "https://api.github.com/users/pine3ree/orgs", "url": "https://api.github.com/users/pine3ree", "gists_url": "https://api.github.com/users/pine3ree/gists{/gist_id}", "html_url": "https://github.com/pine3ree", "subscriptions_url": "https://api.github.com/users/pine3ree/subscriptions", "avatar_url": "https://avatars.githubusercontent.com/u/3229979?v=3", "repos_url": "https://api.github.com/users/pine3ree/repos", "received_events_url": "https://api.github.com/users/pine3ree/received_events", "gravatar_id": "", "starred_url": "https://api.github.com/users/pine3ree/starred{/owner}{/repo}", "site_admin": false, "login": "pine3ree", "type": "User", "id": 3229979, "followers_url": "https://api.github.com/users/pine3ree/followers"}, "milestone": null, "locked": false, "url": "https://api.github.com/repos/opencart/opencart/issues/3240", "created_at": "2015-08-12T21:06:15Z", "assignees": []}, "id": 444896244}, {"commit_id": null, "commit_url": null, "url": "https://api.github.com/repos/opencart/opencart/issues/events/444896198", "created_at": "2015-10-25T16:41:27Z", "actor": {"following_url": "https://api.github.com/users/danielkerr/following{/other_user}", "events_url": "https://api.github.com/users/danielkerr/events{/privacy}", "organizations_url": "https://api.github.com/users/danielkerr/orgs", "url": "https://api.github.com/users/danielkerr", "gists_url": "https://api.github.com/users/danielkerr/gists{/gist_id}", "html_url": "https://github.com/danielkerr", "subscriptions_url": "https://api.github.com/users/danielkerr/subscriptions", "avatar_url": "https://avatars.githubusercontent.com/u/5079756?v=3", "repos_url": "https://api.github.com/users/danielkerr/repos", "received_events_url": "https://api.github.com/users/danielkerr/received_events", "gravatar_id": "", "starred_url": "https://api.github.com/users/danielkerr/starred{/owner}{/repo}", "site_admin": false, "login": "danielkerr", "type": "User", "id": 5079756, "followers_url": "https://api.github.com/users/danielkerr/followers"}, "event": "closed", "issue": {"labels": [], "number": 3240, "assignee": null, "repository_url": "https://api.github.com/repos/opencart/opencart", "closed_at": "2015-10-25T16:41:27Z", "id": 100636001, "title": "renamed single voucher item to $voucher", "pull_request": {"url": "https://api.github.com/repos/opencart/opencart/pulls/3240", "diff_url": "https://github.com/opencart/opencart/pull/3240.diff", "html_url": "https://github.com/opencart/opencart/pull/3240", "patch_url": "https://github.com/opencart/opencart/pull/3240.patch"}, "comments": 1, "state": "closed", "body": "", "labels_url": "https://api.github.com/repos/opencart/opencart/issues/3240/labels{/name}", "events_url": "https://api.github.com/repos/opencart/opencart/issues/3240/events", "comments_url": "https://api.github.com/repos/opencart/opencart/issues/3240/comments", "html_url": "https://github.com/opencart/opencart/pull/3240", "updated_at": "2015-10-25T16:41:27Z", "user": {"following_url": "https://api.github.com/users/pine3ree/following{/other_user}", "events_url": "https://api.github.com/users/pine3ree/events{/privacy}", "organizations_url": "https://api.github.com/users/pine3ree/orgs", "url": "https://api.github.com/users/pine3ree", "gists_url": "https://api.github.com/users/pine3ree/gists{/gist_id}", "html_url": "https://github.com/pine3ree", "subscriptions_url": "https://api.github.com/users/pine3ree/subscriptions", "avatar_url": "https://avatars.githubusercontent.com/u/3229979?v=3", "repos_url": "https://api.github.com/users/pine3ree/repos", "received_events_url": "https://api.github.com/users/pine3ree/received_events", "gravatar_id": "", "starred_url": "https://api.github.com/users/pine3ree/starred{/owner}{/repo}", "site_admin": false, "login": "pine3ree", "type": "User", "id": 3229979, "followers_url": "https://api.github.com/users/pine3ree/followers"}, "milestone": null, "locked": false, "url": "https://api.github.com/repos/opencart/opencart/issues/3240", "created_at": "2015-08-12T21:06:15Z", "assignees": []}, "id": 444896198}, {"commit_id": null, "commit_url": null, "url": "https://api.github.com/repos/opencart/opencart/issues/events/444892034", "created_at": "2015-10-25T16:20:29Z", "actor": {"following_url": "https://api.github.com/users/OpenCartAddons/following{/other_user}", "events_url": "https://api.github.com/users/OpenCartAddons/events{/privacy}", "organizations_url": "https://api.github.com/users/OpenCartAddons/orgs", "url": "https://api.github.com/users/OpenCartAddons", "gists_url": "https://api.github.com/users/OpenCartAddons/gists{/gist_id}", "html_url": "https://github.com/OpenCartAddons", "subscriptions_url": "https://api.github.com/users/OpenCartAddons/subscriptions", "avatar_url": "https://avatars.githubusercontent.com/u/5317545?v=3", "repos_url": "https://api.github.com/users/OpenCartAddons/repos", "received_events_url": "https://api.github.com/users/OpenCartAddons/received_events", "gravatar_id": "", "starred_url": "https://api.github.com/users/OpenCartAddons/starred{/owner}{/repo}", "site_admin": false, "login": "OpenCartAddons", "type": "User", "id": 5317545, "followers_url": "https://api.github.com/users/OpenCartAddons/followers"}, "event": "head_ref_deleted", "issue": {"labels": [], "number": 3540, "assignee": null, "repository_url": "https://api.github.com/repos/opencart/opencart", "closed_at": "2015-10-25T16:01:34Z", "id": 112920160, "title": "Update store.php", "pull_request": {"url": "https://api.github.com/repos/opencart/opencart/pulls/3540", "diff_url": "https://github.com/opencart/opencart/pull/3540.diff", "html_url": "https://github.com/opencart/opencart/pull/3540", "patch_url": "https://github.com/opencart/opencart/pull/3540.patch"}, "comments": 1, "state": "closed", "body": "https://github.com/opencart/opencart/issues/3537\n", "labels_url": "https://api.github.com/repos/opencart/opencart/issues/3540/labels{/name}", "events_url": "https://api.github.com/repos/opencart/opencart/issues/3540/events", "comments_url": "https://api.github.com/repos/opencart/opencart/issues/3540/comments", "html_url": "https://github.com/opencart/opencart/pull/3540", "updated_at": "2015-10-25T16:20:29Z", "user": {"following_url": "https://api.github.com/users/OpenCartAddons/following{/other_user}", "events_url": "https://api.github.com/users/OpenCartAddons/events{/privacy}", "organizations_url": "https://api.github.com/users/OpenCartAddons/orgs", "url": "https://api.github.com/users/OpenCartAddons", "gists_url": "https://api.github.com/users/OpenCartAddons/gists{/gist_id}", "html_url": "https://github.com/OpenCartAddons", "subscriptions_url": "https://api.github.com/users/OpenCartAddons/subscriptions", "avatar_url": "https://avatars.githubusercontent.com/u/5317545?v=3", "repos_url": "https://api.github.com/users/OpenCartAddons/repos", "received_events_url": "https://api.github.com/users/OpenCartAddons/received_events", "gravatar_id": "", "starred_url": "https://api.github.com/users/OpenCartAddons/starred{/owner}{/repo}", "site_admin": false, "login": "OpenCartAddons", "type": "User", "id": 5317545, "followers_url": "https://api.github.com/users/OpenCartAddons/followers"}, "milestone": null, "locked": false, "url": "https://api.github.com/repos/opencart/opencart/issues/3540", "created_at": "2015-10-23T00:51:14Z", "assignees": []}, "id": 444892034}, {"commit_id": null, "commit_url": null, "url": "https://api.github.com/repos/opencart/opencart/issues/events/444889559", "created_at": "2015-10-25T16:10:39Z", "actor": {"following_url": "https://api.github.com/users/danielkerr/following{/other_user}", "events_url": "https://api.github.com/users/danielkerr/events{/privacy}", "organizations_url": "https://api.github.com/users/danielkerr/orgs", "url": "https://api.github.com/users/danielkerr", "gists_url": "https://api.github.com/users/danielkerr/gists{/gist_id}", "html_url": "https://github.com/danielkerr", "subscriptions_url": "https://api.github.com/users/danielkerr/subscriptions", "avatar_url": "https://avatars.githubusercontent.com/u/5079756?v=3", "repos_url": "https://api.github.com/users/danielkerr/repos", "received_events_url": "https://api.github.com/users/danielkerr/received_events", "gravatar_id": "", "starred_url": "https://api.github.com/users/danielkerr/starred{/owner}{/repo}", "site_admin": false, "login": "danielkerr", "type": "User", "id": 5079756, "followers_url": "https://api.github.com/users/danielkerr/followers"}, "event": "closed", "issue": {"body": "<img width=\"1257\" alt=\"screen shot 2015-10-16 at 4 57 04 am\" src=\"https://cloud.githubusercontent.com/assets/15151137/10532344/e1fb92b0-73c5-11e5-8d53-96d93336a05e.png\">\n", "labels": [], "locked": false, "title": "Missing Order tabs Version 2.1.0.1", "url": "https://api.github.com/repos/opencart/opencart/issues/3502", "labels_url": "https://api.github.com/repos/opencart/opencart/issues/3502/labels{/name}", "created_at": "2015-10-16T02:23:35Z", "events_url": "https://api.github.com/repos/opencart/opencart/issues/3502/events", "comments_url": "https://api.github.com/repos/opencart/opencart/issues/3502/comments", "html_url": "https://github.com/opencart/opencart/issues/3502", "comments": 3, "number": 3502, "updated_at": "2015-10-25T16:10:39Z", "assignee": null, "state": "closed", "user": {"following_url": "https://api.github.com/users/myln8/following{/other_user}", "events_url": "https://api.github.com/users/myln8/events{/privacy}", "organizations_url": "https://api.github.com/users/myln8/orgs", "url": "https://api.github.com/users/myln8", "gists_url": "https://api.github.com/users/myln8/gists{/gist_id}", "html_url": "https://github.com/myln8", "subscriptions_url": "https://api.github.com/users/myln8/subscriptions", "avatar_url": "https://avatars.githubusercontent.com/u/15151137?v=3", "repos_url": "https://api.github.com/users/myln8/repos", "received_events_url": "https://api.github.com/users/myln8/received_events", "gravatar_id": "", "starred_url": "https://api.github.com/users/myln8/starred{/owner}{/repo}", "site_admin": false, "login": "myln8", "type": "User", "id": 15151137, "followers_url": "https://api.github.com/users/myln8/followers"}, "milestone": null, "repository_url": "https://api.github.com/repos/opencart/opencart", "closed_at": "2015-10-25T16:10:39Z", "assignees": [], "id": 111745144}, "id": 444889559}, {"commit_id": null, "commit_url": null, "url": "https://api.github.com/repos/opencart/opencart/issues/events/444889503", "created_at": "2015-10-25T16:10:21Z", "actor": {"following_url": "https://api.github.com/users/danielkerr/following{/other_user}", "events_url": "https://api.github.com/users/danielkerr/events{/privacy}", "organizations_url": "https://api.github.com/users/danielkerr/orgs", "url": "https://api.github.com/users/danielkerr", "gists_url": "https://api.github.com/users/danielkerr/gists{/gist_id}", "html_url": "https://github.com/danielkerr", "subscriptions_url": "https://api.github.com/users/danielkerr/subscriptions", "avatar_url": "https://avatars.githubusercontent.com/u/5079756?v=3", "repos_url": "https://api.github.com/users/danielkerr/repos", "received_events_url": "https://api.github.com/users/danielkerr/received_events", "gravatar_id": "", "starred_url": "https://api.github.com/users/danielkerr/starred{/owner}{/repo}", "site_admin": false, "login": "danielkerr", "type": "User", "id": 5079756, "followers_url": "https://api.github.com/users/danielkerr/followers"}, "event": "closed", "issue": {"body": "During the installation, after the second update page appears blank screen.\nI found the problem in the `system / library / session.php`\nThe problem was that I had for some reason `strlen ($_COOKIE [session_name ()])) == 52`\nand then check `'/^[a-zA-Z0-9, \\ -] {22,40}$/'`\nPomunyal from 40 to 52 and earned.\n\nPS: did not like it all falls without any messages\n", "labels": [], "locked": false, "title": "opencart installation - session bug. Session limit [22,40] chars", "url": "https://api.github.com/repos/opencart/opencart/issues/3542", "labels_url": "https://api.github.com/repos/opencart/opencart/issues/3542/labels{/name}", "created_at": "2015-10-23T02:27:40Z", "events_url": "https://api.github.com/repos/opencart/opencart/issues/3542/events", "comments_url": "https://api.github.com/repos/opencart/opencart/issues/3542/comments", "html_url": "https://github.com/opencart/opencart/issues/3542", "comments": 0, "number": 3542, "updated_at": "2015-10-25T16:10:21Z", "assignee": null, "state": "closed", "user": {"following_url": "https://api.github.com/users/ancor-dev/following{/other_user}", "events_url": "https://api.github.com/users/ancor-dev/events{/privacy}", "organizations_url": "https://api.github.com/users/ancor-dev/orgs", "url": "https://api.github.com/users/ancor-dev", "gists_url": "https://api.github.com/users/ancor-dev/gists{/gist_id}", "html_url": "https://github.com/ancor-dev", "subscriptions_url": "https://api.github.com/users/ancor-dev/subscriptions", "avatar_url": "https://avatars.githubusercontent.com/u/11693557?v=3", "repos_url": "https://api.github.com/users/ancor-dev/repos", "received_events_url": "https://api.github.com/users/ancor-dev/received_events", "gravatar_id": "", "starred_url": "https://api.github.com/users/ancor-dev/starred{/owner}{/repo}", "site_admin": false, "login": "ancor-dev", "type": "User", "id": 11693557, "followers_url": "https://api.github.com/users/ancor-dev/followers"}, "milestone": null, "repository_url": "https://api.github.com/repos/opencart/opencart", "closed_at": "2015-10-25T16:10:21Z", "assignees": [], "id": 112930034}, "id": 444889503}, {"commit_id": "50f5d8915cc15d9cc123f5524382c9d88ffb764d", "commit_url": "https://api.github.com/repos/opencart/opencart/commits/50f5d8915cc15d9cc123f5524382c9d88ffb764d", "url": "https://api.github.com/repos/opencart/opencart/issues/events/444889492", "created_at": "2015-10-25T16:10:20Z", "actor": {"following_url": "https://api.github.com/users/danielkerr/following{/other_user}", "events_url": "https://api.github.com/users/danielkerr/events{/privacy}", "organizations_url": "https://api.github.com/users/danielkerr/orgs", "url": "https://api.github.com/users/danielkerr", "gists_url": "https://api.github.com/users/danielkerr/gists{/gist_id}", "html_url": "https://github.com/danielkerr", "subscriptions_url": "https://api.github.com/users/danielkerr/subscriptions", "avatar_url": "https://avatars.githubusercontent.com/u/5079756?v=3", "repos_url": "https://api.github.com/users/danielkerr/repos", "received_events_url": "https://api.github.com/users/danielkerr/received_events", "gravatar_id": "", "starred_url": "https://api.github.com/users/danielkerr/starred{/owner}{/repo}", "site_admin": false, "login": "danielkerr", "type": "User", "id": 5079756, "followers_url": "https://api.github.com/users/danielkerr/followers"}, "event": "referenced", "issue": {"body": "During the installation, after the second update page appears blank screen.\nI found the problem in the `system / library / session.php`\nThe problem was that I had for some reason `strlen ($_COOKIE [session_name ()])) == 52`\nand then check `'/^[a-zA-Z0-9, \\ -] {22,40}$/'`\nPomunyal from 40 to 52 and earned.\n\nPS: did not like it all falls without any messages\n", "labels": [], "locked": false, "title": "opencart installation - session bug. Session limit [22,40] chars", "url": "https://api.github.com/repos/opencart/opencart/issues/3542", "labels_url": "https://api.github.com/repos/opencart/opencart/issues/3542/labels{/name}", "created_at": "2015-10-23T02:27:40Z", "events_url": "https://api.github.com/repos/opencart/opencart/issues/3542/events", "comments_url": "https://api.github.com/repos/opencart/opencart/issues/3542/comments", "html_url": "https://github.com/opencart/opencart/issues/3542", "comments": 0, "number": 3542, "updated_at": "2015-10-25T16:10:21Z", "assignee": null, "state": "closed", "user": {"following_url": "https://api.github.com/users/ancor-dev/following{/other_user}", "events_url": "https://api.github.com/users/ancor-dev/events{/privacy}", "organizations_url": "https://api.github.com/users/ancor-dev/orgs", "url": "https://api.github.com/users/ancor-dev", "gists_url": "https://api.github.com/users/ancor-dev/gists{/gist_id}", "html_url": "https://github.com/ancor-dev", "subscriptions_url": "https://api.github.com/users/ancor-dev/subscriptions", "avatar_url": "https://avatars.githubusercontent.com/u/11693557?v=3", "repos_url": "https://api.github.com/users/ancor-dev/repos", "received_events_url": "https://api.github.com/users/ancor-dev/received_events", "gravatar_id": "", "starred_url": "https://api.github.com/users/ancor-dev/starred{/owner}{/repo}", "site_admin": false, "login": "ancor-dev", "type": "User", "id": 11693557, "followers_url": "https://api.github.com/users/ancor-dev/followers"}, "milestone": null, "repository_url": "https://api.github.com/repos/opencart/opencart", "closed_at": "2015-10-25T16:10:21Z", "assignees": [], "id": 112930034}, "id": 444889492}, {"commit_id": "394c318edd9e0324869b6533028d09d0947af6f6", "commit_url": "https://api.github.com/repos/opencart/opencart/commits/394c318edd9e0324869b6533028d09d0947af6f6", "url": "https://api.github.com/repos/opencart/opencart/issues/events/444889317", "created_at": "2015-10-25T16:09:35Z", "actor": {"following_url": "https://api.github.com/users/danielkerr/following{/other_user}", "events_url": "https://api.github.com/users/danielkerr/events{/privacy}", "organizations_url": "https://api.github.com/users/danielkerr/orgs", "url": "https://api.github.com/users/danielkerr", "gists_url": "https://api.github.com/users/danielkerr/gists{/gist_id}", "html_url": "https://github.com/danielkerr", "subscriptions_url": "https://api.github.com/users/danielkerr/subscriptions", "avatar_url": "https://avatars.githubusercontent.com/u/5079756?v=3", "repos_url": "https://api.github.com/users/danielkerr/repos", "received_events_url": "https://api.github.com/users/danielkerr/received_events", "gravatar_id": "", "starred_url": "https://api.github.com/users/danielkerr/starred{/owner}{/repo}", "site_admin": false, "login": "danielkerr", "type": "User", "id": 5079756, "followers_url": "https://api.github.com/users/danielkerr/followers"}, "event": "referenced", "issue": {"body": "During the installation, after the second update page appears blank screen.\nI found the problem in the `system / library / session.php`\nThe problem was that I had for some reason `strlen ($_COOKIE [session_name ()])) == 52`\nand then check `'/^[a-zA-Z0-9, \\ -] {22,40}$/'`\nPomunyal from 40 to 52 and earned.\n\nPS: did not like it all falls without any messages\n", "labels": [], "locked": false, "title": "opencart installation - session bug. Session limit [22,40] chars", "url": "https://api.github.com/repos/opencart/opencart/issues/3542", "labels_url": "https://api.github.com/repos/opencart/opencart/issues/3542/labels{/name}", "created_at": "2015-10-23T02:27:40Z", "events_url": "https://api.github.com/repos/opencart/opencart/issues/3542/events", "comments_url": "https://api.github.com/repos/opencart/opencart/issues/3542/comments", "html_url": "https://github.com/opencart/opencart/issues/3542", "comments": 0, "number": 3542, "updated_at": "2015-10-25T16:10:21Z", "assignee": null, "state": "closed", "user": {"following_url": "https://api.github.com/users/ancor-dev/following{/other_user}", "events_url": "https://api.github.com/users/ancor-dev/events{/privacy}", "organizations_url": "https://api.github.com/users/ancor-dev/orgs", "url": "https://api.github.com/users/ancor-dev", "gists_url": "https://api.github.com/users/ancor-dev/gists{/gist_id}", "html_url": "https://github.com/ancor-dev", "subscriptions_url": "https://api.github.com/users/ancor-dev/subscriptions", "avatar_url": "https://avatars.githubusercontent.com/u/11693557?v=3", "repos_url": "https://api.github.com/users/ancor-dev/repos", "received_events_url": "https://api.github.com/users/ancor-dev/received_events", "gravatar_id": "", "starred_url": "https://api.github.com/users/ancor-dev/starred{/owner}{/repo}", "site_admin": false, "login": "ancor-dev", "type": "User", "id": 11693557, "followers_url": "https://api.github.com/users/ancor-dev/followers"}, "milestone": null, "repository_url": "https://api.github.com/repos/opencart/opencart", "closed_at": "2015-10-25T16:10:21Z", "assignees": [], "id": 112930034}, "id": 444889317}, {"commit_id": null, "commit_url": null, "url": "https://api.github.com/repos/opencart/opencart/issues/events/444888169", "created_at": "2015-10-25T16:04:28Z", "actor": {"following_url": "https://api.github.com/users/danielkerr/following{/other_user}", "events_url": "https://api.github.com/users/danielkerr/events{/privacy}", "organizations_url": "https://api.github.com/users/danielkerr/orgs", "url": "https://api.github.com/users/danielkerr", "gists_url": "https://api.github.com/users/danielkerr/gists{/gist_id}", "html_url": "https://github.com/danielkerr", "subscriptions_url": "https://api.github.com/users/danielkerr/subscriptions", "avatar_url": "https://avatars.githubusercontent.com/u/5079756?v=3", "repos_url": "https://api.github.com/users/danielkerr/repos", "received_events_url": "https://api.github.com/users/danielkerr/received_events", "gravatar_id": "", "starred_url": "https://api.github.com/users/danielkerr/starred{/owner}{/repo}", "site_admin": false, "login": "danielkerr", "type": "User", "id": 5079756, "followers_url": "https://api.github.com/users/danielkerr/followers"}, "event": "closed", "issue": {"labels": [], "number": 3539, "assignee": null, "repository_url": "https://api.github.com/repos/opencart/opencart", "closed_at": "2015-10-25T16:04:28Z", "id": 112816564, "title": "[securetrading_ws_order.tpl] fix table layout", "pull_request": {"url": "https://api.github.com/repos/opencart/opencart/pulls/3539", "diff_url": "https://github.com/opencart/opencart/pull/3539.diff", "html_url": "https://github.com/opencart/opencart/pull/3539", "patch_url": "https://github.com/opencart/opencart/pull/3539.patch"}, "comments": 0, "state": "closed", "body": "the tables are using old table class layout (.list & .form) I change them to \"table table-bordered\"\n", "labels_url": "https://api.github.com/repos/opencart/opencart/issues/3539/labels{/name}", "events_url": "https://api.github.com/repos/opencart/opencart/issues/3539/events", "comments_url": "https://api.github.com/repos/opencart/opencart/issues/3539/comments", "html_url": "https://github.com/opencart/opencart/pull/3539", "updated_at": "2015-10-25T16:04:28Z", "user": {"following_url": "https://api.github.com/users/mgraph/following{/other_user}", "events_url": "https://api.github.com/users/mgraph/events{/privacy}", "organizations_url": "https://api.github.com/users/mgraph/orgs", "url": "https://api.github.com/users/mgraph", "gists_url": "https://api.github.com/users/mgraph/gists{/gist_id}", "html_url": "https://github.com/mgraph", "subscriptions_url": "https://api.github.com/users/mgraph/subscriptions", "avatar_url": "https://avatars.githubusercontent.com/u/670956?v=3", "repos_url": "https://api.github.com/users/mgraph/repos", "received_events_url": "https://api.github.com/users/mgraph/received_events", "gravatar_id": "", "starred_url": "https://api.github.com/users/mgraph/starred{/owner}{/repo}", "site_admin": false, "login": "mgraph", "type": "User", "id": 670956, "followers_url": "https://api.github.com/users/mgraph/followers"}, "milestone": null, "locked": false, "url": "https://api.github.com/repos/opencart/opencart/issues/3539", "created_at": "2015-10-22T14:35:25Z", "assignees": []}, "id": 444888169}, {"commit_id": "92c94424ac71db0cc82d254702fde313dc950d16", "commit_url": "https://api.github.com/repos/opencart/opencart/commits/92c94424ac71db0cc82d254702fde313dc950d16", "url": "https://api.github.com/repos/opencart/opencart/issues/events/444888168", "created_at": "2015-10-25T16:04:28Z", "actor": {"following_url": "https://api.github.com/users/danielkerr/following{/other_user}", "events_url": "https://api.github.com/users/danielkerr/events{/privacy}", "organizations_url": "https://api.github.com/users/danielkerr/orgs", "url": "https://api.github.com/users/danielkerr", "gists_url": "https://api.github.com/users/danielkerr/gists{/gist_id}", "html_url": "https://github.com/danielkerr", "subscriptions_url": "https://api.github.com/users/danielkerr/subscriptions", "avatar_url": "https://avatars.githubusercontent.com/u/5079756?v=3", "repos_url": "https://api.github.com/users/danielkerr/repos", "received_events_url": "https://api.github.com/users/danielkerr/received_events", "gravatar_id": "", "starred_url": "https://api.github.com/users/danielkerr/starred{/owner}{/repo}", "site_admin": false, "login": "danielkerr", "type": "User", "id": 5079756, "followers_url": "https://api.github.com/users/danielkerr/followers"}, "event": "merged", "issue": {"labels": [], "number": 3539, "assignee": null, "repository_url": "https://api.github.com/repos/opencart/opencart", "closed_at": "2015-10-25T16:04:28Z", "id": 112816564, "title": "[securetrading_ws_order.tpl] fix table layout", "pull_request": {"url": "https://api.github.com/repos/opencart/opencart/pulls/3539", "diff_url": "https://github.com/opencart/opencart/pull/3539.diff", "html_url": "https://github.com/opencart/opencart/pull/3539", "patch_url": "https://github.com/opencart/opencart/pull/3539.patch"}, "comments": 0, "state": "closed", "body": "the tables are using old table class layout (.list & .form) I change them to \"table table-bordered\"\n", "labels_url": "https://api.github.com/repos/opencart/opencart/issues/3539/labels{/name}", "events_url": "https://api.github.com/repos/opencart/opencart/issues/3539/events", "comments_url": "https://api.github.com/repos/opencart/opencart/issues/3539/comments", "html_url": "https://github.com/opencart/opencart/pull/3539", "updated_at": "2015-10-25T16:04:28Z", "user": {"following_url": "https://api.github.com/users/mgraph/following{/other_user}", "events_url": "https://api.github.com/users/mgraph/events{/privacy}", "organizations_url": "https://api.github.com/users/mgraph/orgs", "url": "https://api.github.com/users/mgraph", "gists_url": "https://api.github.com/users/mgraph/gists{/gist_id}", "html_url": "https://github.com/mgraph", "subscriptions_url": "https://api.github.com/users/mgraph/subscriptions", "avatar_url": "https://avatars.githubusercontent.com/u/670956?v=3", "repos_url": "https://api.github.com/users/mgraph/repos", "received_events_url": "https://api.github.com/users/mgraph/received_events", "gravatar_id": "", "starred_url": "https://api.github.com/users/mgraph/starred{/owner}{/repo}", "site_admin": false, "login": "mgraph", "type": "User", "id": 670956, "followers_url": "https://api.github.com/users/mgraph/followers"}, "milestone": null, "locked": false, "url": "https://api.github.com/repos/opencart/opencart/issues/3539", "created_at": "2015-10-22T14:35:25Z", "assignees": []}, "id": 444888168}, {"commit_id": "92c94424ac71db0cc82d254702fde313dc950d16", "commit_url": "https://api.github.com/repos/opencart/opencart/commits/92c94424ac71db0cc82d254702fde313dc950d16", "url": "https://api.github.com/repos/opencart/opencart/issues/events/444888167", "created_at": "2015-10-25T16:04:28Z", "actor": {"following_url": "https://api.github.com/users/danielkerr/following{/other_user}", "events_url": "https://api.github.com/users/danielkerr/events{/privacy}", "organizations_url": "https://api.github.com/users/danielkerr/orgs", "url": "https://api.github.com/users/danielkerr", "gists_url": "https://api.github.com/users/danielkerr/gists{/gist_id}", "html_url": "https://github.com/danielkerr", "subscriptions_url": "https://api.github.com/users/danielkerr/subscriptions", "avatar_url": "https://avatars.githubusercontent.com/u/5079756?v=3", "repos_url": "https://api.github.com/users/danielkerr/repos", "received_events_url": "https://api.github.com/users/danielkerr/received_events", "gravatar_id": "", "starred_url": "https://api.github.com/users/danielkerr/starred{/owner}{/repo}", "site_admin": false, "login": "danielkerr", "type": "User", "id": 5079756, "followers_url": "https://api.github.com/users/danielkerr/followers"}, "event": "referenced", "issue": {"labels": [], "number": 3539, "assignee": null, "repository_url": "https://api.github.com/repos/opencart/opencart", "closed_at": "2015-10-25T16:04:28Z", "id": 112816564, "title": "[securetrading_ws_order.tpl] fix table layout", "pull_request": {"url": "https://api.github.com/repos/opencart/opencart/pulls/3539", "diff_url": "https://github.com/opencart/opencart/pull/3539.diff", "html_url": "https://github.com/opencart/opencart/pull/3539", "patch_url": "https://github.com/opencart/opencart/pull/3539.patch"}, "comments": 0, "state": "closed", "body": "the tables are using old table class layout (.list & .form) I change them to \"table table-bordered\"\n", "labels_url": "https://api.github.com/repos/opencart/opencart/issues/3539/labels{/name}", "events_url": "https://api.github.com/repos/opencart/opencart/issues/3539/events", "comments_url": "https://api.github.com/repos/opencart/opencart/issues/3539/comments", "html_url": "https://github.com/opencart/opencart/pull/3539", "updated_at": "2015-10-25T16:04:28Z", "user": {"following_url": "https://api.github.com/users/mgraph/following{/other_user}", "events_url": "https://api.github.com/users/mgraph/events{/privacy}", "organizations_url": "https://api.github.com/users/mgraph/orgs", "url": "https://api.github.com/users/mgraph", "gists_url": "https://api.github.com/users/mgraph/gists{/gist_id}", "html_url": "https://github.com/mgraph", "subscriptions_url": "https://api.github.com/users/mgraph/subscriptions", "avatar_url": "https://avatars.githubusercontent.com/u/670956?v=3", "repos_url": "https://api.github.com/users/mgraph/repos", "received_events_url": "https://api.github.com/users/mgraph/received_events", "gravatar_id": "", "starred_url": "https://api.github.com/users/mgraph/starred{/owner}{/repo}", "site_admin": false, "login": "mgraph", "type": "User", "id": 670956, "followers_url": "https://api.github.com/users/mgraph/followers"}, "milestone": null, "locked": false, "url": "https://api.github.com/repos/opencart/opencart/issues/3539", "created_at": "2015-10-22T14:35:25Z", "assignees": []}, "id": 444888167}, {"commit_id": null, "commit_url": null, "url": "https://api.github.com/repos/opencart/opencart/issues/events/444888084", "created_at": "2015-10-25T16:04:09Z", "actor": {"following_url": "https://api.github.com/users/danielkerr/following{/other_user}", "events_url": "https://api.github.com/users/danielkerr/events{/privacy}", "organizations_url": "https://api.github.com/users/danielkerr/orgs", "url": "https://api.github.com/users/danielkerr", "gists_url": "https://api.github.com/users/danielkerr/gists{/gist_id}", "html_url": "https://github.com/danielkerr", "subscriptions_url": "https://api.github.com/users/danielkerr/subscriptions", "avatar_url": "https://avatars.githubusercontent.com/u/5079756?v=3", "repos_url": "https://api.github.com/users/danielkerr/repos", "received_events_url": "https://api.github.com/users/danielkerr/received_events", "gravatar_id": "", "starred_url": "https://api.github.com/users/danielkerr/starred{/owner}{/repo}", "site_admin": false, "login": "danielkerr", "type": "User", "id": 5079756, "followers_url": "https://api.github.com/users/danielkerr/followers"}, "event": "closed", "issue": {"body": "Upgrade from 2.0.3.1 to 2.1.0.0 does not work so. Do you think it would be wise to change the documentation as not an upgrade? \n", "labels": [], "locked": false, "title": "Any plans to remove and relabel 2.1.0.0 as not an upgrade or relabel it as Beta?", "url": "https://api.github.com/repos/opencart/opencart/issues/3548", "labels_url": "https://api.github.com/repos/opencart/opencart/issues/3548/labels{/name}", "created_at": "2015-10-24T14:16:54Z", "events_url": "https://api.github.com/repos/opencart/opencart/issues/3548/events", "comments_url": "https://api.github.com/repos/opencart/opencart/issues/3548/comments", "html_url": "https://github.com/opencart/opencart/issues/3548", "comments": 1, "number": 3548, "updated_at": "2015-10-25T16:08:29Z", "assignee": null, "state": "closed", "user": {"following_url": "https://api.github.com/users/pnair39/following{/other_user}", "events_url": "https://api.github.com/users/pnair39/events{/privacy}", "organizations_url": "https://api.github.com/users/pnair39/orgs", "url": "https://api.github.com/users/pnair39", "gists_url": "https://api.github.com/users/pnair39/gists{/gist_id}", "html_url": "https://github.com/pnair39", "subscriptions_url": "https://api.github.com/users/pnair39/subscriptions", "avatar_url": "https://avatars.githubusercontent.com/u/15057957?v=3", "repos_url": "https://api.github.com/users/pnair39/repos", "received_events_url": "https://api.github.com/users/pnair39/received_events", "gravatar_id": "", "starred_url": "https://api.github.com/users/pnair39/starred{/owner}{/repo}", "site_admin": false, "login": "pnair39", "type": "User", "id": 15057957, "followers_url": "https://api.github.com/users/pnair39/followers"}, "milestone": null, "repository_url": "https://api.github.com/repos/opencart/opencart", "closed_at": "2015-10-25T16:04:09Z", "assignees": [], "id": 113163143}, "id": 444888084}, {"commit_id": null, "commit_url": null, "url": "https://api.github.com/repos/opencart/opencart/issues/events/444887561", "created_at": "2015-10-25T16:01:34Z", "actor": {"following_url": "https://api.github.com/users/danielkerr/following{/other_user}", "events_url": "https://api.github.com/users/danielkerr/events{/privacy}", "organizations_url": "https://api.github.com/users/danielkerr/orgs", "url": "https://api.github.com/users/danielkerr", "gists_url": "https://api.github.com/users/danielkerr/gists{/gist_id}", "html_url": "https://github.com/danielkerr", "subscriptions_url": "https://api.github.com/users/danielkerr/subscriptions", "avatar_url": "https://avatars.githubusercontent.com/u/5079756?v=3", "repos_url": "https://api.github.com/users/danielkerr/repos", "received_events_url": "https://api.github.com/users/danielkerr/received_events", "gravatar_id": "", "starred_url": "https://api.github.com/users/danielkerr/starred{/owner}{/repo}", "site_admin": false, "login": "danielkerr", "type": "User", "id": 5079756, "followers_url": "https://api.github.com/users/danielkerr/followers"}, "event": "closed", "issue": {"labels": [], "number": 3540, "assignee": null, "repository_url": "https://api.github.com/repos/opencart/opencart", "closed_at": "2015-10-25T16:01:34Z", "id": 112920160, "title": "Update store.php", "pull_request": {"url": "https://api.github.com/repos/opencart/opencart/pulls/3540", "diff_url": "https://github.com/opencart/opencart/pull/3540.diff", "html_url": "https://github.com/opencart/opencart/pull/3540", "patch_url": "https://github.com/opencart/opencart/pull/3540.patch"}, "comments": 1, "state": "closed", "body": "https://github.com/opencart/opencart/issues/3537\n", "labels_url": "https://api.github.com/repos/opencart/opencart/issues/3540/labels{/name}", "events_url": "https://api.github.com/repos/opencart/opencart/issues/3540/events", "comments_url": "https://api.github.com/repos/opencart/opencart/issues/3540/comments", "html_url": "https://github.com/opencart/opencart/pull/3540", "updated_at": "2015-10-25T16:20:29Z", "user": {"following_url": "https://api.github.com/users/OpenCartAddons/following{/other_user}", "events_url": "https://api.github.com/users/OpenCartAddons/events{/privacy}", "organizations_url": "https://api.github.com/users/OpenCartAddons/orgs", "url": "https://api.github.com/users/OpenCartAddons", "gists_url": "https://api.github.com/users/OpenCartAddons/gists{/gist_id}", "html_url": "https://github.com/OpenCartAddons", "subscriptions_url": "https://api.github.com/users/OpenCartAddons/subscriptions", "avatar_url": "https://avatars.githubusercontent.com/u/5317545?v=3", "repos_url": "https://api.github.com/users/OpenCartAddons/repos", "received_events_url": "https://api.github.com/users/OpenCartAddons/received_events", "gravatar_id": "", "starred_url": "https://api.github.com/users/OpenCartAddons/starred{/owner}{/repo}", "site_admin": false, "login": "OpenCartAddons", "type": "User", "id": 5317545, "followers_url": "https://api.github.com/users/OpenCartAddons/followers"}, "milestone": null, "locked": false, "url": "https://api.github.com/repos/opencart/opencart/issues/3540", "created_at": "2015-10-23T00:51:14Z", "assignees": []}, "id": 444887561}, {"commit_id": "2d0a97125378f60139b429f0bcbecdc3b83a531e", "commit_url": "https://api.github.com/repos/opencart/opencart/commits/2d0a97125378f60139b429f0bcbecdc3b83a531e", "url": "https://api.github.com/repos/opencart/opencart/issues/events/444887560", "created_at": "2015-10-25T16:01:34Z", "actor": {"following_url": "https://api.github.com/users/danielkerr/following{/other_user}", "events_url": "https://api.github.com/users/danielkerr/events{/privacy}", "organizations_url": "https://api.github.com/users/danielkerr/orgs", "url": "https://api.github.com/users/danielkerr", "gists_url": "https://api.github.com/users/danielkerr/gists{/gist_id}", "html_url": "https://github.com/danielkerr", "subscriptions_url": "https://api.github.com/users/danielkerr/subscriptions", "avatar_url": "https://avatars.githubusercontent.com/u/5079756?v=3", "repos_url": "https://api.github.com/users/danielkerr/repos", "received_events_url": "https://api.github.com/users/danielkerr/received_events", "gravatar_id": "", "starred_url": "https://api.github.com/users/danielkerr/starred{/owner}{/repo}", "site_admin": false, "login": "danielkerr", "type": "User", "id": 5079756, "followers_url": "https://api.github.com/users/danielkerr/followers"}, "event": "merged", "issue": {"labels": [], "number": 3540, "assignee": null, "repository_url": "https://api.github.com/repos/opencart/opencart", "closed_at": "2015-10-25T16:01:34Z", "id": 112920160, "title": "Update store.php", "pull_request": {"url": "https://api.github.com/repos/opencart/opencart/pulls/3540", "diff_url": "https://github.com/opencart/opencart/pull/3540.diff", "html_url": "https://github.com/opencart/opencart/pull/3540", "patch_url": "https://github.com/opencart/opencart/pull/3540.patch"}, "comments": 1, "state": "closed", "body": "https://github.com/opencart/opencart/issues/3537\n", "labels_url": "https://api.github.com/repos/opencart/opencart/issues/3540/labels{/name}", "events_url": "https://api.github.com/repos/opencart/opencart/issues/3540/events", "comments_url": "https://api.github.com/repos/opencart/opencart/issues/3540/comments", "html_url": "https://github.com/opencart/opencart/pull/3540", "updated_at": "2015-10-25T16:20:29Z", "user": {"following_url": "https://api.github.com/users/OpenCartAddons/following{/other_user}", "events_url": "https://api.github.com/users/OpenCartAddons/events{/privacy}", "organizations_url": "https://api.github.com/users/OpenCartAddons/orgs", "url": "https://api.github.com/users/OpenCartAddons", "gists_url": "https://api.github.com/users/OpenCartAddons/gists{/gist_id}", "html_url": "https://github.com/OpenCartAddons", "subscriptions_url": "https://api.github.com/users/OpenCartAddons/subscriptions", "avatar_url": "https://avatars.githubusercontent.com/u/5317545?v=3", "repos_url": "https://api.github.com/users/OpenCartAddons/repos", "received_events_url": "https://api.github.com/users/OpenCartAddons/received_events", "gravatar_id": "", "starred_url": "https://api.github.com/users/OpenCartAddons/starred{/owner}{/repo}", "site_admin": false, "login": "OpenCartAddons", "type": "User", "id": 5317545, "followers_url": "https://api.github.com/users/OpenCartAddons/followers"}, "milestone": null, "locked": false, "url": "https://api.github.com/repos/opencart/opencart/issues/3540", "created_at": "2015-10-23T00:51:14Z", "assignees": []}, "id": 444887560}, {"commit_id": "2d0a97125378f60139b429f0bcbecdc3b83a531e", "commit_url": "https://api.github.com/repos/opencart/opencart/commits/2d0a97125378f60139b429f0bcbecdc3b83a531e", "url": "https://api.github.com/repos/opencart/opencart/issues/events/444887559", "created_at": "2015-10-25T16:01:34Z", "actor": {"following_url": "https://api.github.com/users/danielkerr/following{/other_user}", "events_url": "https://api.github.com/users/danielkerr/events{/privacy}", "organizations_url": "https://api.github.com/users/danielkerr/orgs", "url": "https://api.github.com/users/danielkerr", "gists_url": "https://api.github.com/users/danielkerr/gists{/gist_id}", "html_url": "https://github.com/danielkerr", "subscriptions_url": "https://api.github.com/users/danielkerr/subscriptions", "avatar_url": "https://avatars.githubusercontent.com/u/5079756?v=3", "repos_url": "https://api.github.com/users/danielkerr/repos", "received_events_url": "https://api.github.com/users/danielkerr/received_events", "gravatar_id": "", "starred_url": "https://api.github.com/users/danielkerr/starred{/owner}{/repo}", "site_admin": false, "login": "danielkerr", "type": "User", "id": 5079756, "followers_url": "https://api.github.com/users/danielkerr/followers"}, "event": "referenced", "issue": {"labels": [], "number": 3540, "assignee": null, "repository_url": "https://api.github.com/repos/opencart/opencart", "closed_at": "2015-10-25T16:01:34Z", "id": 112920160, "title": "Update store.php", "pull_request": {"url": "https://api.github.com/repos/opencart/opencart/pulls/3540", "diff_url": "https://github.com/opencart/opencart/pull/3540.diff", "html_url": "https://github.com/opencart/opencart/pull/3540", "patch_url": "https://github.com/opencart/opencart/pull/3540.patch"}, "comments": 1, "state": "closed", "body": "https://github.com/opencart/opencart/issues/3537\n", "labels_url": "https://api.github.com/repos/opencart/opencart/issues/3540/labels{/name}", "events_url": "https://api.github.com/repos/opencart/opencart/issues/3540/events", "comments_url": "https://api.github.com/repos/opencart/opencart/issues/3540/comments", "html_url": "https://github.com/opencart/opencart/pull/3540", "updated_at": "2015-10-25T16:20:29Z", "user": {"following_url": "https://api.github.com/users/OpenCartAddons/following{/other_user}", "events_url": "https://api.github.com/users/OpenCartAddons/events{/privacy}", "organizations_url": "https://api.github.com/users/OpenCartAddons/orgs", "url": "https://api.github.com/users/OpenCartAddons", "gists_url": "https://api.github.com/users/OpenCartAddons/gists{/gist_id}", "html_url": "https://github.com/OpenCartAddons", "subscriptions_url": "https://api.github.com/users/OpenCartAddons/subscriptions", "avatar_url": "https://avatars.githubusercontent.com/u/5317545?v=3", "repos_url": "https://api.github.com/users/OpenCartAddons/repos", "received_events_url": "https://api.github.com/users/OpenCartAddons/received_events", "gravatar_id": "", "starred_url": "https://api.github.com/users/OpenCartAddons/starred{/owner}{/repo}", "site_admin": false, "login": "OpenCartAddons", "type": "User", "id": 5317545, "followers_url": "https://api.github.com/users/OpenCartAddons/followers"}, "milestone": null, "locked": false, "url": "https://api.github.com/repos/opencart/opencart/issues/3540", "created_at": "2015-10-23T00:51:14Z", "assignees": []}, "id": 444887559}, {"commit_id": null, "commit_url": null, "url": "https://api.github.com/repos/opencart/opencart/issues/events/444884039", "created_at": "2015-10-25T15:42:14Z", "actor": {"following_url": "https://api.github.com/users/danielkerr/following{/other_user}", "events_url": "https://api.github.com/users/danielkerr/events{/privacy}", "organizations_url": "https://api.github.com/users/danielkerr/orgs", "url": "https://api.github.com/users/danielkerr", "gists_url": "https://api.github.com/users/danielkerr/gists{/gist_id}", "html_url": "https://github.com/danielkerr", "subscriptions_url": "https://api.github.com/users/danielkerr/subscriptions", "avatar_url": "https://avatars.githubusercontent.com/u/5079756?v=3", "repos_url": "https://api.github.com/users/danielkerr/repos", "received_events_url": "https://api.github.com/users/danielkerr/received_events", "gravatar_id": "", "starred_url": "https://api.github.com/users/danielkerr/starred{/owner}{/repo}", "site_admin": false, "login": "danielkerr", "type": "User", "id": 5079756, "followers_url": "https://api.github.com/users/danielkerr/followers"}, "event": "closed", "issue": {"body": "Hi\n\nI have replicated this on at least 3 devices\n\nopencart 2.0.3.1\nvarious versions of android\n\nif the paypal app is installed, when you come to checkout, it opens the app and asks you to login to the paypal app, a that point it looses its connection with opencart and the user cannot complete the sale.\n\nnot sure if its a problem with the data passed to the app, or the paypal app itself\n\nMany thanks\nPhil\n", "labels": [], "locked": false, "title": "Opencart 2 android/paypal error", "url": "https://api.github.com/repos/opencart/opencart/issues/3549", "labels_url": "https://api.github.com/repos/opencart/opencart/issues/3549/labels{/name}", "created_at": "2015-10-24T19:03:35Z", "events_url": "https://api.github.com/repos/opencart/opencart/issues/3549/events", "comments_url": "https://api.github.com/repos/opencart/opencart/issues/3549/comments", "html_url": "https://github.com/opencart/opencart/issues/3549", "comments": 1, "number": 3549, "updated_at": "2015-10-25T15:42:14Z", "assignee": null, "state": "closed", "user": {"following_url": "https://api.github.com/users/Philtrum/following{/other_user}", "events_url": "https://api.github.com/users/Philtrum/events{/privacy}", "organizations_url": "https://api.github.com/users/Philtrum/orgs", "url": "https://api.github.com/users/Philtrum", "gists_url": "https://api.github.com/users/Philtrum/gists{/gist_id}", "html_url": "https://github.com/Philtrum", "subscriptions_url": "https://api.github.com/users/Philtrum/subscriptions", "avatar_url": "https://avatars.githubusercontent.com/u/6342899?v=3", "repos_url": "https://api.github.com/users/Philtrum/repos", "received_events_url": "https://api.github.com/users/Philtrum/received_events", "gravatar_id": "", "starred_url": "https://api.github.com/users/Philtrum/starred{/owner}{/repo}", "site_admin": false, "login": "Philtrum", "type": "User", "id": 6342899, "followers_url": "https://api.github.com/users/Philtrum/followers"}, "milestone": null, "repository_url": "https://api.github.com/repos/opencart/opencart", "closed_at": "2015-10-25T15:42:14Z", "assignees": [], "id": 113177458}, "id": 444884039}, {"commit_id": null, "commit_url": null, "url": "https://api.github.com/repos/opencart/opencart/issues/events/444831523", "created_at": "2015-10-25T12:07:14Z", "actor": {"following_url": "https://api.github.com/users/craigbaines/following{/other_user}", "events_url": "https://api.github.com/users/craigbaines/events{/privacy}", "organizations_url": "https://api.github.com/users/craigbaines/orgs", "url": "https://api.github.com/users/craigbaines", "gists_url": "https://api.github.com/users/craigbaines/gists{/gist_id}", "html_url": "https://github.com/craigbaines", "subscriptions_url": "https://api.github.com/users/craigbaines/subscriptions", "avatar_url": "https://avatars.githubusercontent.com/u/9383958?v=3", "repos_url": "https://api.github.com/users/craigbaines/repos", "received_events_url": "https://api.github.com/users/craigbaines/received_events", "gravatar_id": "", "starred_url": "https://api.github.com/users/craigbaines/starred{/owner}{/repo}", "site_admin": false, "login": "craigbaines", "type": "User", "id": 9383958, "followers_url": "https://api.github.com/users/craigbaines/followers"}, "event": "subscribed", "issue": {"body": "Hi,\n\nI use opencart 2.0.3.1 with g2apay\nBut when i get a order it does not forward from pending to complete.\nWhen i go to g2apay merchent page i see there that the order is complete.\ni added some pictures of my settings.\n![orderstatus](https://cloud.githubusercontent.com/assets/9420026/9932379/bc27e9a0-5d43-11e5-89d2-fef736145908.JPG)\n\n![g2settins](https://cloud.githubusercontent.com/assets/9420026/9931826/3977f7ba-5d3f-11e5-9b0e-f57f85eadabf.JPG)\n\nI hope somebody knows a fix or see what i did wrong.\n\nKind regards\n", "labels": [], "locked": false, "title": "G2APAY order status doesnt forward to complete", "url": "https://api.github.com/repos/opencart/opencart/issues/3353", "labels_url": "https://api.github.com/repos/opencart/opencart/issues/3353/labels{/name}", "created_at": "2015-09-17T11:23:51Z", "events_url": "https://api.github.com/repos/opencart/opencart/issues/3353/events", "comments_url": "https://api.github.com/repos/opencart/opencart/issues/3353/comments", "html_url": "https://github.com/opencart/opencart/issues/3353", "comments": 20, "number": 3353, "updated_at": "2016-01-19T13:11:20Z", "assignee": null, "state": "closed", "user": {"following_url": "https://api.github.com/users/sterrek/following{/other_user}", "events_url": "https://api.github.com/users/sterrek/events{/privacy}", "organizations_url": "https://api.github.com/users/sterrek/orgs", "url": "https://api.github.com/users/sterrek", "gists_url": "https://api.github.com/users/sterrek/gists{/gist_id}", "html_url": "https://github.com/sterrek", "subscriptions_url": "https://api.github.com/users/sterrek/subscriptions", "avatar_url": "https://avatars.githubusercontent.com/u/9420026?v=3", "repos_url": "https://api.github.com/users/sterrek/repos", "received_events_url": "https://api.github.com/users/sterrek/received_events", "gravatar_id": "", "starred_url": "https://api.github.com/users/sterrek/starred{/owner}{/repo}", "site_admin": false, "login": "sterrek", "type": "User", "id": 9420026, "followers_url": "https://api.github.com/users/sterrek/followers"}, "milestone": null, "repository_url": "https://api.github.com/repos/opencart/opencart", "closed_at": "2016-01-19T13:11:20Z", "assignees": [], "id": 106963120}, "id": 444831523}, {"commit_id": null, "commit_url": null, "url": "https://api.github.com/repos/opencart/opencart/issues/events/444831522", "created_at": "2015-10-25T12:07:14Z", "actor": {"following_url": "https://api.github.com/users/craigbaines/following{/other_user}", "events_url": "https://api.github.com/users/craigbaines/events{/privacy}", "organizations_url": "https://api.github.com/users/craigbaines/orgs", "url": "https://api.github.com/users/craigbaines", "gists_url": "https://api.github.com/users/craigbaines/gists{/gist_id}", "html_url": "https://github.com/craigbaines", "subscriptions_url": "https://api.github.com/users/craigbaines/subscriptions", "avatar_url": "https://avatars.githubusercontent.com/u/9383958?v=3", "repos_url": "https://api.github.com/users/craigbaines/repos", "received_events_url": "https://api.github.com/users/craigbaines/received_events", "gravatar_id": "", "starred_url": "https://api.github.com/users/craigbaines/starred{/owner}{/repo}", "site_admin": false, "login": "craigbaines", "type": "User", "id": 9383958, "followers_url": "https://api.github.com/users/craigbaines/followers"}, "event": "mentioned", "issue": {"body": "Hi,\n\nI use opencart 2.0.3.1 with g2apay\nBut when i get a order it does not forward from pending to complete.\nWhen i go to g2apay merchent page i see there that the order is complete.\ni added some pictures of my settings.\n![orderstatus](https://cloud.githubusercontent.com/assets/9420026/9932379/bc27e9a0-5d43-11e5-89d2-fef736145908.JPG)\n\n![g2settins](https://cloud.githubusercontent.com/assets/9420026/9931826/3977f7ba-5d3f-11e5-9b0e-f57f85eadabf.JPG)\n\nI hope somebody knows a fix or see what i did wrong.\n\nKind regards\n", "labels": [], "locked": false, "title": "G2APAY order status doesnt forward to complete", "url": "https://api.github.com/repos/opencart/opencart/issues/3353", "labels_url": "https://api.github.com/repos/opencart/opencart/issues/3353/labels{/name}", "created_at": "2015-09-17T11:23:51Z", "events_url": "https://api.github.com/repos/opencart/opencart/issues/3353/events", "comments_url": "https://api.github.com/repos/opencart/opencart/issues/3353/comments", "html_url": "https://github.com/opencart/opencart/issues/3353", "comments": 20, "number": 3353, "updated_at": "2016-01-19T13:11:20Z", "assignee": null, "state": "closed", "user": {"following_url": "https://api.github.com/users/sterrek/following{/other_user}", "events_url": "https://api.github.com/users/sterrek/events{/privacy}", "organizations_url": "https://api.github.com/users/sterrek/orgs", "url": "https://api.github.com/users/sterrek", "gists_url": "https://api.github.com/users/sterrek/gists{/gist_id}", "html_url": "https://github.com/sterrek", "subscriptions_url": "https://api.github.com/users/sterrek/subscriptions", "avatar_url": "https://avatars.githubusercontent.com/u/9420026?v=3", "repos_url": "https://api.github.com/users/sterrek/repos", "received_events_url": "https://api.github.com/users/sterrek/received_events", "gravatar_id": "", "starred_url": "https://api.github.com/users/sterrek/starred{/owner}{/repo}", "site_admin": false, "login": "sterrek", "type": "User", "id": 9420026, "followers_url": "https://api.github.com/users/sterrek/followers"}, "milestone": null, "repository_url": "https://api.github.com/repos/opencart/opencart", "closed_at": "2016-01-19T13:11:20Z", "assignees": [], "id": 106963120}, "id": 444831522}, {"commit_id": null, "commit_url": null, "url": "https://api.github.com/repos/opencart/opencart/issues/events/444506105", "created_at": "2015-10-24T10:23:33Z", "actor": {"following_url": "https://api.github.com/users/danielkerr/following{/other_user}", "events_url": "https://api.github.com/users/danielkerr/events{/privacy}", "organizations_url": "https://api.github.com/users/danielkerr/orgs", "url": "https://api.github.com/users/danielkerr", "gists_url": "https://api.github.com/users/danielkerr/gists{/gist_id}", "html_url": "https://github.com/danielkerr", "subscriptions_url": "https://api.github.com/users/danielkerr/subscriptions", "avatar_url": "https://avatars.githubusercontent.com/u/5079756?v=3", "repos_url": "https://api.github.com/users/danielkerr/repos", "received_events_url": "https://api.github.com/users/danielkerr/received_events", "gravatar_id": "", "starred_url": "https://api.github.com/users/danielkerr/starred{/owner}{/repo}", "site_admin": false, "login": "danielkerr", "type": "User", "id": 5079756, "followers_url": "https://api.github.com/users/danielkerr/followers"}, "event": "closed", "issue": {"body": "I have upgrade opencart  to 2.0.3.1  from 2.0.1.1\nWhen i edit or add new order from admin then i have getting  \"SyntaxError: JSON.parse: unexpected end of data at line 1 column 1 of the JSON data  OK\"\nPls help me to resolve this error\n", "labels": [], "locked": false, "title": "SyntaxError: JSON.parse: unexpected end of data at line 1 column 1 of the JSON data  OK", "url": "https://api.github.com/repos/opencart/opencart/issues/3543", "labels_url": "https://api.github.com/repos/opencart/opencart/issues/3543/labels{/name}", "created_at": "2015-10-23T05:28:11Z", "events_url": "https://api.github.com/repos/opencart/opencart/issues/3543/events", "comments_url": "https://api.github.com/repos/opencart/opencart/issues/3543/comments", "html_url": "https://github.com/opencart/opencart/issues/3543", "comments": 4, "number": 3543, "updated_at": "2015-10-27T07:52:05Z", "assignee": null, "state": "closed", "user": {"following_url": "https://api.github.com/users/ranjeetOstech/following{/other_user}", "events_url": "https://api.github.com/users/ranjeetOstech/events{/privacy}", "organizations_url": "https://api.github.com/users/ranjeetOstech/orgs", "url": "https://api.github.com/users/ranjeetOstech", "gists_url": "https://api.github.com/users/ranjeetOstech/gists{/gist_id}", "html_url": "https://github.com/ranjeetOstech", "subscriptions_url": "https://api.github.com/users/ranjeetOstech/subscriptions", "avatar_url": "https://avatars.githubusercontent.com/u/15258986?v=3", "repos_url": "https://api.github.com/users/ranjeetOstech/repos", "received_events_url": "https://api.github.com/users/ranjeetOstech/received_events", "gravatar_id": "", "starred_url": "https://api.github.com/users/ranjeetOstech/starred{/owner}{/repo}", "site_admin": false, "login": "ranjeetOstech", "type": "User", "id": 15258986, "followers_url": "https://api.github.com/users/ranjeetOstech/followers"}, "milestone": null, "repository_url": "https://api.github.com/repos/opencart/opencart", "closed_at": "2015-10-24T10:23:33Z", "assignees": [], "id": 112954427}, "id": 444506105}, {"commit_id": null, "commit_url": null, "url": "https://api.github.com/repos/opencart/opencart/issues/events/444498798", "created_at": "2015-10-24T09:30:55Z", "actor": {"following_url": "https://api.github.com/users/bhavin30/following{/other_user}", "events_url": "https://api.github.com/users/bhavin30/events{/privacy}", "organizations_url": "https://api.github.com/users/bhavin30/orgs", "url": "https://api.github.com/users/bhavin30", "gists_url": "https://api.github.com/users/bhavin30/gists{/gist_id}", "html_url": "https://github.com/bhavin30", "subscriptions_url": "https://api.github.com/users/bhavin30/subscriptions", "avatar_url": "https://avatars.githubusercontent.com/u/15160716?v=3", "repos_url": "https://api.github.com/users/bhavin30/repos", "received_events_url": "https://api.github.com/users/bhavin30/received_events", "gravatar_id": "", "starred_url": "https://api.github.com/users/bhavin30/starred{/owner}{/repo}", "site_admin": false, "login": "bhavin30", "type": "User", "id": 15160716, "followers_url": "https://api.github.com/users/bhavin30/followers"}, "event": "closed", "issue": {"body": "Notice: Undefined index: sort_order in \\opencart-2.1.0.1\\upload\\admin\\controller\\design\\banner.php on line 386\nSave with out adding banner title and get notice.\n![fresh_opencart_issue](https://cloud.githubusercontent.com/assets/15160716/10546998/2dd1365c-744f-11e5-81ff-f08c4b5f15e2.png)\n", "labels": [], "locked": false, "title": "New banner image sort order not displaying. ", "url": "https://api.github.com/repos/opencart/opencart/issues/3510", "labels_url": "https://api.github.com/repos/opencart/opencart/issues/3510/labels{/name}", "created_at": "2015-10-16T16:16:18Z", "events_url": "https://api.github.com/repos/opencart/opencart/issues/3510/events", "comments_url": "https://api.github.com/repos/opencart/opencart/issues/3510/comments", "html_url": "https://github.com/opencart/opencart/issues/3510", "comments": 3, "number": 3510, "updated_at": "2015-10-24T09:30:55Z", "assignee": null, "state": "closed", "user": {"following_url": "https://api.github.com/users/bhavin30/following{/other_user}", "events_url": "https://api.github.com/users/bhavin30/events{/privacy}", "organizations_url": "https://api.github.com/users/bhavin30/orgs", "url": "https://api.github.com/users/bhavin30", "gists_url": "https://api.github.com/users/bhavin30/gists{/gist_id}", "html_url": "https://github.com/bhavin30", "subscriptions_url": "https://api.github.com/users/bhavin30/subscriptions", "avatar_url": "https://avatars.githubusercontent.com/u/15160716?v=3", "repos_url": "https://api.github.com/users/bhavin30/repos", "received_events_url": "https://api.github.com/users/bhavin30/received_events", "gravatar_id": "", "starred_url": "https://api.github.com/users/bhavin30/starred{/owner}{/repo}", "site_admin": false, "login": "bhavin30", "type": "User", "id": 15160716, "followers_url": "https://api.github.com/users/bhavin30/followers"}, "milestone": null, "repository_url": "https://api.github.com/repos/opencart/opencart", "closed_at": "2015-10-24T09:30:55Z", "assignees": [], "id": 111863097}, "id": 444498798}, {"commit_id": null, "commit_url": null, "url": "https://api.github.com/repos/opencart/opencart/issues/events/444447649", "created_at": "2015-10-24T04:52:17Z", "actor": {"following_url": "https://api.github.com/users/danielkerr/following{/other_user}", "events_url": "https://api.github.com/users/danielkerr/events{/privacy}", "organizations_url": "https://api.github.com/users/danielkerr/orgs", "url": "https://api.github.com/users/danielkerr", "gists_url": "https://api.github.com/users/danielkerr/gists{/gist_id}", "html_url": "https://github.com/danielkerr", "subscriptions_url": "https://api.github.com/users/danielkerr/subscriptions", "avatar_url": "https://avatars.githubusercontent.com/u/5079756?v=3", "repos_url": "https://api.github.com/users/danielkerr/repos", "received_events_url": "https://api.github.com/users/danielkerr/received_events", "gravatar_id": "", "starred_url": "https://api.github.com/users/danielkerr/starred{/owner}{/repo}", "site_admin": false, "login": "danielkerr", "type": "User", "id": 5079756, "followers_url": "https://api.github.com/users/danielkerr/followers"}, "event": "closed", "issue": {"body": "hi,guys,run a opencart 1.5.6 website.\n\ni found that whatever you search,the result page have the same title \"search\"\n\nnot good to SEO,so how can i improve this?\n\nbest regards,\n\nJohn\n", "labels": [], "locked": false, "title": "Result Title", "url": "https://api.github.com/repos/opencart/opencart/issues/3546", "labels_url": "https://api.github.com/repos/opencart/opencart/issues/3546/labels{/name}", "created_at": "2015-10-24T04:07:50Z", "events_url": "https://api.github.com/repos/opencart/opencart/issues/3546/events", "comments_url": "https://api.github.com/repos/opencart/opencart/issues/3546/comments", "html_url": "https://github.com/opencart/opencart/issues/3546", "comments": 0, "number": 3546, "updated_at": "2015-10-24T04:52:17Z", "assignee": null, "state": "closed", "user": {"following_url": "https://api.github.com/users/vapebe/following{/other_user}", "events_url": "https://api.github.com/users/vapebe/events{/privacy}", "organizations_url": "https://api.github.com/users/vapebe/orgs", "url": "https://api.github.com/users/vapebe", "gists_url": "https://api.github.com/users/vapebe/gists{/gist_id}", "html_url": "https://github.com/vapebe", "subscriptions_url": "https://api.github.com/users/vapebe/subscriptions", "avatar_url": "https://avatars.githubusercontent.com/u/14693861?v=3", "repos_url": "https://api.github.com/users/vapebe/repos", "received_events_url": "https://api.github.com/users/vapebe/received_events", "gravatar_id": "", "starred_url": "https://api.github.com/users/vapebe/starred{/owner}{/repo}", "site_admin": false, "login": "vapebe", "type": "User", "id": 14693861, "followers_url": "https://api.github.com/users/vapebe/followers"}, "milestone": null, "repository_url": "https://api.github.com/repos/opencart/opencart", "closed_at": "2015-10-24T04:52:17Z", "assignees": [], "id": 113134293}, "id": 444447649}, {"commit_id": null, "commit_url": null, "url": "https://api.github.com/repos/opencart/opencart/issues/events/443299116", "created_at": "2015-10-23T00:51:36Z", "actor": {"following_url": "https://api.github.com/users/danijelGombac/following{/other_user}", "events_url": "https://api.github.com/users/danijelGombac/events{/privacy}", "organizations_url": "https://api.github.com/users/danijelGombac/orgs", "url": "https://api.github.com/users/danijelGombac", "gists_url": "https://api.github.com/users/danijelGombac/gists{/gist_id}", "html_url": "https://github.com/danijelGombac", "subscriptions_url": "https://api.github.com/users/danijelGombac/subscriptions", "avatar_url": "https://avatars.githubusercontent.com/u/3872726?v=3", "repos_url": "https://api.github.com/users/danijelGombac/repos", "received_events_url": "https://api.github.com/users/danijelGombac/received_events", "gravatar_id": "", "starred_url": "https://api.github.com/users/danijelGombac/starred{/owner}{/repo}", "site_admin": false, "login": "danijelGombac", "type": "User", "id": 3872726, "followers_url": "https://api.github.com/users/danijelGombac/followers"}, "event": "subscribed", "issue": {"body": "In upload/catalog/controller/module/store.php need change\n\n```\nnew User($this->registry);\n```\n\nto \n\n```\nnew Cart\\User($registry);\n```\n", "labels": [], "locked": false, "title": "Missing Cart\\", "url": "https://api.github.com/repos/opencart/opencart/issues/3537", "labels_url": "https://api.github.com/repos/opencart/opencart/issues/3537/labels{/name}", "created_at": "2015-10-22T13:08:20Z", "events_url": "https://api.github.com/repos/opencart/opencart/issues/3537/events", "comments_url": "https://api.github.com/repos/opencart/opencart/issues/3537/comments", "html_url": "https://github.com/opencart/opencart/issues/3537", "comments": 1, "number": 3537, "updated_at": "2015-10-25T17:42:17Z", "assignee": null, "state": "closed", "user": {"following_url": "https://api.github.com/users/danijelGombac/following{/other_user}", "events_url": "https://api.github.com/users/danijelGombac/events{/privacy}", "organizations_url": "https://api.github.com/users/danijelGombac/orgs", "url": "https://api.github.com/users/danijelGombac", "gists_url": "https://api.github.com/users/danijelGombac/gists{/gist_id}", "html_url": "https://github.com/danijelGombac", "subscriptions_url": "https://api.github.com/users/danijelGombac/subscriptions", "avatar_url": "https://avatars.githubusercontent.com/u/3872726?v=3", "repos_url": "https://api.github.com/users/danijelGombac/repos", "received_events_url": "https://api.github.com/users/danijelGombac/received_events", "gravatar_id": "", "starred_url": "https://api.github.com/users/danijelGombac/starred{/owner}{/repo}", "site_admin": false, "login": "danijelGombac", "type": "User", "id": 3872726, "followers_url": "https://api.github.com/users/danijelGombac/followers"}, "milestone": null, "repository_url": "https://api.github.com/repos/opencart/opencart", "closed_at": "2015-10-25T17:42:17Z", "assignees": [], "id": 112798905}, "id": 443299116}, {"commit_id": null, "commit_url": null, "url": "https://api.github.com/repos/opencart/opencart/issues/events/443299115", "created_at": "2015-10-23T00:51:36Z", "actor": {"following_url": "https://api.github.com/users/danijelGombac/following{/other_user}", "events_url": "https://api.github.com/users/danijelGombac/events{/privacy}", "organizations_url": "https://api.github.com/users/danijelGombac/orgs", "url": "https://api.github.com/users/danijelGombac", "gists_url": "https://api.github.com/users/danijelGombac/gists{/gist_id}", "html_url": "https://github.com/danijelGombac", "subscriptions_url": "https://api.github.com/users/danijelGombac/subscriptions", "avatar_url": "https://avatars.githubusercontent.com/u/3872726?v=3", "repos_url": "https://api.github.com/users/danijelGombac/repos", "received_events_url": "https://api.github.com/users/danijelGombac/received_events", "gravatar_id": "", "starred_url": "https://api.github.com/users/danijelGombac/starred{/owner}{/repo}", "site_admin": false, "login": "danijelGombac", "type": "User", "id": 3872726, "followers_url": "https://api.github.com/users/danijelGombac/followers"}, "event": "mentioned", "issue": {"body": "In upload/catalog/controller/module/store.php need change\n\n```\nnew User($this->registry);\n```\n\nto \n\n```\nnew Cart\\User($registry);\n```\n", "labels": [], "locked": false, "title": "Missing Cart\\", "url": "https://api.github.com/repos/opencart/opencart/issues/3537", "labels_url": "https://api.github.com/repos/opencart/opencart/issues/3537/labels{/name}", "created_at": "2015-10-22T13:08:20Z", "events_url": "https://api.github.com/repos/opencart/opencart/issues/3537/events", "comments_url": "https://api.github.com/repos/opencart/opencart/issues/3537/comments", "html_url": "https://github.com/opencart/opencart/issues/3537", "comments": 1, "number": 3537, "updated_at": "2015-10-25T17:42:17Z", "assignee": null, "state": "closed", "user": {"following_url": "https://api.github.com/users/danijelGombac/following{/other_user}", "events_url": "https://api.github.com/users/danijelGombac/events{/privacy}", "organizations_url": "https://api.github.com/users/danijelGombac/orgs", "url": "https://api.github.com/users/danijelGombac", "gists_url": "https://api.github.com/users/danijelGombac/gists{/gist_id}", "html_url": "https://github.com/danijelGombac", "subscriptions_url": "https://api.github.com/users/danijelGombac/subscriptions", "avatar_url": "https://avatars.githubusercontent.com/u/3872726?v=3", "repos_url": "https://api.github.com/users/danijelGombac/repos", "received_events_url": "https://api.github.com/users/danijelGombac/received_events", "gravatar_id": "", "starred_url": "https://api.github.com/users/danijelGombac/starred{/owner}{/repo}", "site_admin": false, "login": "danijelGombac", "type": "User", "id": 3872726, "followers_url": "https://api.github.com/users/danijelGombac/followers"}, "milestone": null, "repository_url": "https://api.github.com/repos/opencart/opencart", "closed_at": "2015-10-25T17:42:17Z", "assignees": [], "id": 112798905}, "id": 443299115}, {"commit_id": "6e1ae5a996ffb31cfe78e81a5036fad2092c665d", "commit_url": "https://api.github.com/repos/opencart/opencart/commits/6e1ae5a996ffb31cfe78e81a5036fad2092c665d", "url": "https://api.github.com/repos/opencart/opencart/issues/events/443298897", "created_at": "2015-10-23T00:51:07Z", "actor": {"following_url": "https://api.github.com/users/OpenCartAddons/following{/other_user}", "events_url": "https://api.github.com/users/OpenCartAddons/events{/privacy}", "organizations_url": "https://api.github.com/users/OpenCartAddons/orgs", "url": "https://api.github.com/users/OpenCartAddons", "gists_url": "https://api.github.com/users/OpenCartAddons/gists{/gist_id}", "html_url": "https://github.com/OpenCartAddons", "subscriptions_url": "https://api.github.com/users/OpenCartAddons/subscriptions", "avatar_url": "https://avatars.githubusercontent.com/u/5317545?v=3", "repos_url": "https://api.github.com/users/OpenCartAddons/repos", "received_events_url": "https://api.github.com/users/OpenCartAddons/received_events", "gravatar_id": "", "starred_url": "https://api.github.com/users/OpenCartAddons/starred{/owner}{/repo}", "site_admin": false, "login": "OpenCartAddons", "type": "User", "id": 5317545, "followers_url": "https://api.github.com/users/OpenCartAddons/followers"}, "event": "referenced", "issue": {"body": "In upload/catalog/controller/module/store.php need change\n\n```\nnew User($this->registry);\n```\n\nto \n\n```\nnew Cart\\User($registry);\n```\n", "labels": [], "locked": false, "title": "Missing Cart\\", "url": "https://api.github.com/repos/opencart/opencart/issues/3537", "labels_url": "https://api.github.com/repos/opencart/opencart/issues/3537/labels{/name}", "created_at": "2015-10-22T13:08:20Z", "events_url": "https://api.github.com/repos/opencart/opencart/issues/3537/events", "comments_url": "https://api.github.com/repos/opencart/opencart/issues/3537/comments", "html_url": "https://github.com/opencart/opencart/issues/3537", "comments": 1, "number": 3537, "updated_at": "2015-10-25T17:42:17Z", "assignee": null, "state": "closed", "user": {"following_url": "https://api.github.com/users/danijelGombac/following{/other_user}", "events_url": "https://api.github.com/users/danijelGombac/events{/privacy}", "organizations_url": "https://api.github.com/users/danijelGombac/orgs", "url": "https://api.github.com/users/danijelGombac", "gists_url": "https://api.github.com/users/danijelGombac/gists{/gist_id}", "html_url": "https://github.com/danijelGombac", "subscriptions_url": "https://api.github.com/users/danijelGombac/subscriptions", "avatar_url": "https://avatars.githubusercontent.com/u/3872726?v=3", "repos_url": "https://api.github.com/users/danijelGombac/repos", "received_events_url": "https://api.github.com/users/danijelGombac/received_events", "gravatar_id": "", "starred_url": "https://api.github.com/users/danijelGombac/starred{/owner}{/repo}", "site_admin": false, "login": "danijelGombac", "type": "User", "id": 3872726, "followers_url": "https://api.github.com/users/danijelGombac/followers"}, "milestone": null, "repository_url": "https://api.github.com/repos/opencart/opencart", "closed_at": "2015-10-25T17:42:17Z", "assignees": [], "id": 112798905}, "id": 443298897}, {"commit_id": null, "commit_url": null, "url": "https://api.github.com/repos/opencart/opencart/issues/events/442455628", "created_at": "2015-10-22T09:42:59Z", "actor": {"following_url": "https://api.github.com/users/craigbaines/following{/other_user}", "events_url": "https://api.github.com/users/craigbaines/events{/privacy}", "organizations_url": "https://api.github.com/users/craigbaines/orgs", "url": "https://api.github.com/users/craigbaines", "gists_url": "https://api.github.com/users/craigbaines/gists{/gist_id}", "html_url": "https://github.com/craigbaines", "subscriptions_url": "https://api.github.com/users/craigbaines/subscriptions", "avatar_url": "https://avatars.githubusercontent.com/u/9383958?v=3", "repos_url": "https://api.github.com/users/craigbaines/repos", "received_events_url": "https://api.github.com/users/craigbaines/received_events", "gravatar_id": "", "starred_url": "https://api.github.com/users/craigbaines/starred{/owner}{/repo}", "site_admin": false, "login": "craigbaines", "type": "User", "id": 9383958, "followers_url": "https://api.github.com/users/craigbaines/followers"}, "event": "subscribed", "issue": {"body": "Hi guys, \nThe G2A Pay Module is not working on VAT zones. Without the vat, it works, but if i setup VAT zones, the module does not work anymore. I get this message: \n\n\"Some order parameters are wrong\"\n\nWhat can be done?\n\n![c7db1426-50bd-11e5-9c35-0f955f168431](https://cloud.githubusercontent.com/assets/14073554/9606814/4e2273ac-50ce-11e5-951c-2ced76182e82.JPG)\n", "labels": [], "locked": false, "title": "G2A Pay Module Not Working", "url": "https://api.github.com/repos/opencart/opencart/issues/3290", "labels_url": "https://api.github.com/repos/opencart/opencart/issues/3290/labels{/name}", "created_at": "2015-09-01T12:26:23Z", "events_url": "https://api.github.com/repos/opencart/opencart/issues/3290/events", "comments_url": "https://api.github.com/repos/opencart/opencart/issues/3290/comments", "html_url": "https://github.com/opencart/opencart/issues/3290", "comments": 23, "number": 3290, "updated_at": "2015-10-22T09:42:59Z", "assignee": null, "state": "closed", "user": {"following_url": "https://api.github.com/users/djeby/following{/other_user}", "events_url": "https://api.github.com/users/djeby/events{/privacy}", "organizations_url": "https://api.github.com/users/djeby/orgs", "url": "https://api.github.com/users/djeby", "gists_url": "https://api.github.com/users/djeby/gists{/gist_id}", "html_url": "https://github.com/djeby", "subscriptions_url": "https://api.github.com/users/djeby/subscriptions", "avatar_url": "https://avatars.githubusercontent.com/u/14073554?v=3", "repos_url": "https://api.github.com/users/djeby/repos", "received_events_url": "https://api.github.com/users/djeby/received_events", "gravatar_id": "", "starred_url": "https://api.github.com/users/djeby/starred{/owner}{/repo}", "site_admin": false, "login": "djeby", "type": "User", "id": 14073554, "followers_url": "https://api.github.com/users/djeby/followers"}, "milestone": null, "repository_url": "https://api.github.com/repos/opencart/opencart", "closed_at": "2015-09-10T08:52:05Z", "assignees": [], "id": 104253790}, "id": 442455628}, {"commit_id": null, "commit_url": null, "url": "https://api.github.com/repos/opencart/opencart/issues/events/442455627", "created_at": "2015-10-22T09:42:59Z", "actor": {"following_url": "https://api.github.com/users/craigbaines/following{/other_user}", "events_url": "https://api.github.com/users/craigbaines/events{/privacy}", "organizations_url": "https://api.github.com/users/craigbaines/orgs", "url": "https://api.github.com/users/craigbaines", "gists_url": "https://api.github.com/users/craigbaines/gists{/gist_id}", "html_url": "https://github.com/craigbaines", "subscriptions_url": "https://api.github.com/users/craigbaines/subscriptions", "avatar_url": "https://avatars.githubusercontent.com/u/9383958?v=3", "repos_url": "https://api.github.com/users/craigbaines/repos", "received_events_url": "https://api.github.com/users/craigbaines/received_events", "gravatar_id": "", "starred_url": "https://api.github.com/users/craigbaines/starred{/owner}{/repo}", "site_admin": false, "login": "craigbaines", "type": "User", "id": 9383958, "followers_url": "https://api.github.com/users/craigbaines/followers"}, "event": "mentioned", "issue": {"body": "Hi guys, \nThe G2A Pay Module is not working on VAT zones. Without the vat, it works, but if i setup VAT zones, the module does not work anymore. I get this message: \n\n\"Some order parameters are wrong\"\n\nWhat can be done?\n\n![c7db1426-50bd-11e5-9c35-0f955f168431](https://cloud.githubusercontent.com/assets/14073554/9606814/4e2273ac-50ce-11e5-951c-2ced76182e82.JPG)\n", "labels": [], "locked": false, "title": "G2A Pay Module Not Working", "url": "https://api.github.com/repos/opencart/opencart/issues/3290", "labels_url": "https://api.github.com/repos/opencart/opencart/issues/3290/labels{/name}", "created_at": "2015-09-01T12:26:23Z", "events_url": "https://api.github.com/repos/opencart/opencart/issues/3290/events", "comments_url": "https://api.github.com/repos/opencart/opencart/issues/3290/comments", "html_url": "https://github.com/opencart/opencart/issues/3290", "comments": 23, "number": 3290, "updated_at": "2015-10-22T09:42:59Z", "assignee": null, "state": "closed", "user": {"following_url": "https://api.github.com/users/djeby/following{/other_user}", "events_url": "https://api.github.com/users/djeby/events{/privacy}", "organizations_url": "https://api.github.com/users/djeby/orgs", "url": "https://api.github.com/users/djeby", "gists_url": "https://api.github.com/users/djeby/gists{/gist_id}", "html_url": "https://github.com/djeby", "subscriptions_url": "https://api.github.com/users/djeby/subscriptions", "avatar_url": "https://avatars.githubusercontent.com/u/14073554?v=3", "repos_url": "https://api.github.com/users/djeby/repos", "received_events_url": "https://api.github.com/users/djeby/received_events", "gravatar_id": "", "starred_url": "https://api.github.com/users/djeby/starred{/owner}{/repo}", "site_admin": false, "login": "djeby", "type": "User", "id": 14073554, "followers_url": "https://api.github.com/users/djeby/followers"}, "milestone": null, "repository_url": "https://api.github.com/repos/opencart/opencart", "closed_at": "2015-09-10T08:52:05Z", "assignees": [], "id": 104253790}, "id": 442455627}, {"commit_id": null, "commit_url": null, "url": "https://api.github.com/repos/opencart/opencart/issues/events/442454529", "created_at": "2015-10-22T09:41:26Z", "actor": {"following_url": "https://api.github.com/users/sterrek/following{/other_user}", "events_url": "https://api.github.com/users/sterrek/events{/privacy}", "organizations_url": "https://api.github.com/users/sterrek/orgs", "url": "https://api.github.com/users/sterrek", "gists_url": "https://api.github.com/users/sterrek/gists{/gist_id}", "html_url": "https://github.com/sterrek", "subscriptions_url": "https://api.github.com/users/sterrek/subscriptions", "avatar_url": "https://avatars.githubusercontent.com/u/9420026?v=3", "repos_url": "https://api.github.com/users/sterrek/repos", "received_events_url": "https://api.github.com/users/sterrek/received_events", "gravatar_id": "", "starred_url": "https://api.github.com/users/sterrek/starred{/owner}{/repo}", "site_admin": false, "login": "sterrek", "type": "User", "id": 9420026, "followers_url": "https://api.github.com/users/sterrek/followers"}, "event": "subscribed", "issue": {"body": "Hi,\n\nI use opencart 2.0.3.1 with g2apay\nBut when i get a order it does not forward from pending to complete.\nWhen i go to g2apay merchent page i see there that the order is complete.\ni added some pictures of my settings.\n![orderstatus](https://cloud.githubusercontent.com/assets/9420026/9932379/bc27e9a0-5d43-11e5-89d2-fef736145908.JPG)\n\n![g2settins](https://cloud.githubusercontent.com/assets/9420026/9931826/3977f7ba-5d3f-11e5-9b0e-f57f85eadabf.JPG)\n\nI hope somebody knows a fix or see what i did wrong.\n\nKind regards\n", "labels": [], "locked": false, "title": "G2APAY order status doesnt forward to complete", "url": "https://api.github.com/repos/opencart/opencart/issues/3353", "labels_url": "https://api.github.com/repos/opencart/opencart/issues/3353/labels{/name}", "created_at": "2015-09-17T11:23:51Z", "events_url": "https://api.github.com/repos/opencart/opencart/issues/3353/events", "comments_url": "https://api.github.com/repos/opencart/opencart/issues/3353/comments", "html_url": "https://github.com/opencart/opencart/issues/3353", "comments": 20, "number": 3353, "updated_at": "2016-01-19T13:11:20Z", "assignee": null, "state": "closed", "user": {"following_url": "https://api.github.com/users/sterrek/following{/other_user}", "events_url": "https://api.github.com/users/sterrek/events{/privacy}", "organizations_url": "https://api.github.com/users/sterrek/orgs", "url": "https://api.github.com/users/sterrek", "gists_url": "https://api.github.com/users/sterrek/gists{/gist_id}", "html_url": "https://github.com/sterrek", "subscriptions_url": "https://api.github.com/users/sterrek/subscriptions", "avatar_url": "https://avatars.githubusercontent.com/u/9420026?v=3", "repos_url": "https://api.github.com/users/sterrek/repos", "received_events_url": "https://api.github.com/users/sterrek/received_events", "gravatar_id": "", "starred_url": "https://api.github.com/users/sterrek/starred{/owner}{/repo}", "site_admin": false, "login": "sterrek", "type": "User", "id": 9420026, "followers_url": "https://api.github.com/users/sterrek/followers"}, "milestone": null, "repository_url": "https://api.github.com/repos/opencart/opencart", "closed_at": "2016-01-19T13:11:20Z", "assignees": [], "id": 106963120}, "id": 442454529}]