[{"commit_id": null, "commit_url": null, "url": "https://api.github.com/repos/opencart/opencart/issues/events/481974117", "created_at": "2015-12-03T21:31:34Z", "actor": {"following_url": "https://api.github.com/users/osworx/following{/other_user}", "events_url": "https://api.github.com/users/osworx/events{/privacy}", "organizations_url": "https://api.github.com/users/osworx/orgs", "url": "https://api.github.com/users/osworx", "gists_url": "https://api.github.com/users/osworx/gists{/gist_id}", "html_url": "https://github.com/osworx", "subscriptions_url": "https://api.github.com/users/osworx/subscriptions", "avatar_url": "https://avatars.githubusercontent.com/u/1905204?v=3", "repos_url": "https://api.github.com/users/osworx/repos", "received_events_url": "https://api.github.com/users/osworx/received_events", "gravatar_id": "", "starred_url": "https://api.github.com/users/osworx/starred{/owner}{/repo}", "site_admin": false, "login": "osworx", "type": "User", "id": 1905204, "followers_url": "https://api.github.com/users/osworx/followers"}, "event": "subscribed", "issue": {"body": "i have realized there is a problem with the meta data tags on each page such as the meta description and key words etc. \nthe coding is as follows <meta name=\"description\" content=\"text_here\" />\nhowever i need to change the ending tag on this from \" /> to just \">\nhow can i achieve this thank you\n", "labels": [], "locked": false, "title": "opencart meta description meta tag closing tags", "url": "https://api.github.com/repos/opencart/opencart/issues/3697", "labels_url": "https://api.github.com/repos/opencart/opencart/issues/3697/labels{/name}", "created_at": "2015-12-03T10:45:37Z", "events_url": "https://api.github.com/repos/opencart/opencart/issues/3697/events", "comments_url": "https://api.github.com/repos/opencart/opencart/issues/3697/comments", "html_url": "https://github.com/opencart/opencart/issues/3697", "comments": 5, "number": 3697, "updated_at": "2015-12-03T21:31:34Z", "assignee": null, "state": "closed", "user": {"following_url": "https://api.github.com/users/shadowcurtains/following{/other_user}", "events_url": "https://api.github.com/users/shadowcurtains/events{/privacy}", "organizations_url": "https://api.github.com/users/shadowcurtains/orgs", "url": "https://api.github.com/users/shadowcurtains", "gists_url": "https://api.github.com/users/shadowcurtains/gists{/gist_id}", "html_url": "https://github.com/shadowcurtains", "subscriptions_url": "https://api.github.com/users/shadowcurtains/subscriptions", "avatar_url": "https://avatars.githubusercontent.com/u/16133117?v=3", "repos_url": "https://api.github.com/users/shadowcurtains/repos", "received_events_url": "https://api.github.com/users/shadowcurtains/received_events", "gravatar_id": "", "starred_url": "https://api.github.com/users/shadowcurtains/starred{/owner}{/repo}", "site_admin": false, "login": "shadowcurtains", "type": "User", "id": 16133117, "followers_url": "https://api.github.com/users/shadowcurtains/followers"}, "milestone": null, "repository_url": "https://api.github.com/repos/opencart/opencart", "closed_at": "2015-12-03T21:31:34Z", "assignees": [], "id": 120142462}, "id": 481974117}, {"commit_id": null, "commit_url": null, "url": "https://api.github.com/repos/opencart/opencart/issues/events/481974116", "created_at": "2015-12-03T21:31:34Z", "actor": {"following_url": "https://api.github.com/users/osworx/following{/other_user}", "events_url": "https://api.github.com/users/osworx/events{/privacy}", "organizations_url": "https://api.github.com/users/osworx/orgs", "url": "https://api.github.com/users/osworx", "gists_url": "https://api.github.com/users/osworx/gists{/gist_id}", "html_url": "https://github.com/osworx", "subscriptions_url": "https://api.github.com/users/osworx/subscriptions", "avatar_url": "https://avatars.githubusercontent.com/u/1905204?v=3", "repos_url": "https://api.github.com/users/osworx/repos", "received_events_url": "https://api.github.com/users/osworx/received_events", "gravatar_id": "", "starred_url": "https://api.github.com/users/osworx/starred{/owner}{/repo}", "site_admin": false, "login": "osworx", "type": "User", "id": 1905204, "followers_url": "https://api.github.com/users/osworx/followers"}, "event": "mentioned", "issue": {"body": "i have realized there is a problem with the meta data tags on each page such as the meta description and key words etc. \nthe coding is as follows <meta name=\"description\" content=\"text_here\" />\nhowever i need to change the ending tag on this from \" /> to just \">\nhow can i achieve this thank you\n", "labels": [], "locked": false, "title": "opencart meta description meta tag closing tags", "url": "https://api.github.com/repos/opencart/opencart/issues/3697", "labels_url": "https://api.github.com/repos/opencart/opencart/issues/3697/labels{/name}", "created_at": "2015-12-03T10:45:37Z", "events_url": "https://api.github.com/repos/opencart/opencart/issues/3697/events", "comments_url": "https://api.github.com/repos/opencart/opencart/issues/3697/comments", "html_url": "https://github.com/opencart/opencart/issues/3697", "comments": 5, "number": 3697, "updated_at": "2015-12-03T21:31:34Z", "assignee": null, "state": "closed", "user": {"following_url": "https://api.github.com/users/shadowcurtains/following{/other_user}", "events_url": "https://api.github.com/users/shadowcurtains/events{/privacy}", "organizations_url": "https://api.github.com/users/shadowcurtains/orgs", "url": "https://api.github.com/users/shadowcurtains", "gists_url": "https://api.github.com/users/shadowcurtains/gists{/gist_id}", "html_url": "https://github.com/shadowcurtains", "subscriptions_url": "https://api.github.com/users/shadowcurtains/subscriptions", "avatar_url": "https://avatars.githubusercontent.com/u/16133117?v=3", "repos_url": "https://api.github.com/users/shadowcurtains/repos", "received_events_url": "https://api.github.com/users/shadowcurtains/received_events", "gravatar_id": "", "starred_url": "https://api.github.com/users/shadowcurtains/starred{/owner}{/repo}", "site_admin": false, "login": "shadowcurtains", "type": "User", "id": 16133117, "followers_url": "https://api.github.com/users/shadowcurtains/followers"}, "milestone": null, "repository_url": "https://api.github.com/repos/opencart/opencart", "closed_at": "2015-12-03T21:31:34Z", "assignees": [], "id": 120142462}, "id": 481974116}, {"commit_id": null, "commit_url": null, "url": "https://api.github.com/repos/opencart/opencart/issues/events/481974114", "created_at": "2015-12-03T21:31:34Z", "actor": {"following_url": "https://api.github.com/users/shadowcurtains/following{/other_user}", "events_url": "https://api.github.com/users/shadowcurtains/events{/privacy}", "organizations_url": "https://api.github.com/users/shadowcurtains/orgs", "url": "https://api.github.com/users/shadowcurtains", "gists_url": "https://api.github.com/users/shadowcurtains/gists{/gist_id}", "html_url": "https://github.com/shadowcurtains", "subscriptions_url": "https://api.github.com/users/shadowcurtains/subscriptions", "avatar_url": "https://avatars.githubusercontent.com/u/16133117?v=3", "repos_url": "https://api.github.com/users/shadowcurtains/repos", "received_events_url": "https://api.github.com/users/shadowcurtains/received_events", "gravatar_id": "", "starred_url": "https://api.github.com/users/shadowcurtains/starred{/owner}{/repo}", "site_admin": false, "login": "shadowcurtains", "type": "User", "id": 16133117, "followers_url": "https://api.github.com/users/shadowcurtains/followers"}, "event": "subscribed", "issue": {"body": "i have realized there is a problem with the meta data tags on each page such as the meta description and key words etc. \nthe coding is as follows <meta name=\"description\" content=\"text_here\" />\nhowever i need to change the ending tag on this from \" /> to just \">\nhow can i achieve this thank you\n", "labels": [], "locked": false, "title": "opencart meta description meta tag closing tags", "url": "https://api.github.com/repos/opencart/opencart/issues/3697", "labels_url": "https://api.github.com/repos/opencart/opencart/issues/3697/labels{/name}", "created_at": "2015-12-03T10:45:37Z", "events_url": "https://api.github.com/repos/opencart/opencart/issues/3697/events", "comments_url": "https://api.github.com/repos/opencart/opencart/issues/3697/comments", "html_url": "https://github.com/opencart/opencart/issues/3697", "comments": 5, "number": 3697, "updated_at": "2015-12-03T21:31:34Z", "assignee": null, "state": "closed", "user": {"following_url": "https://api.github.com/users/shadowcurtains/following{/other_user}", "events_url": "https://api.github.com/users/shadowcurtains/events{/privacy}", "organizations_url": "https://api.github.com/users/shadowcurtains/orgs", "url": "https://api.github.com/users/shadowcurtains", "gists_url": "https://api.github.com/users/shadowcurtains/gists{/gist_id}", "html_url": "https://github.com/shadowcurtains", "subscriptions_url": "https://api.github.com/users/shadowcurtains/subscriptions", "avatar_url": "https://avatars.githubusercontent.com/u/16133117?v=3", "repos_url": "https://api.github.com/users/shadowcurtains/repos", "received_events_url": "https://api.github.com/users/shadowcurtains/received_events", "gravatar_id": "", "starred_url": "https://api.github.com/users/shadowcurtains/starred{/owner}{/repo}", "site_admin": false, "login": "shadowcurtains", "type": "User", "id": 16133117, "followers_url": "https://api.github.com/users/shadowcurtains/followers"}, "milestone": null, "repository_url": "https://api.github.com/repos/opencart/opencart", "closed_at": "2015-12-03T21:31:34Z", "assignees": [], "id": 120142462}, "id": 481974114}, {"commit_id": null, "commit_url": null, "url": "https://api.github.com/repos/opencart/opencart/issues/events/481974113", "created_at": "2015-12-03T21:31:34Z", "actor": {"following_url": "https://api.github.com/users/shadowcurtains/following{/other_user}", "events_url": "https://api.github.com/users/shadowcurtains/events{/privacy}", "organizations_url": "https://api.github.com/users/shadowcurtains/orgs", "url": "https://api.github.com/users/shadowcurtains", "gists_url": "https://api.github.com/users/shadowcurtains/gists{/gist_id}", "html_url": "https://github.com/shadowcurtains", "subscriptions_url": "https://api.github.com/users/shadowcurtains/subscriptions", "avatar_url": "https://avatars.githubusercontent.com/u/16133117?v=3", "repos_url": "https://api.github.com/users/shadowcurtains/repos", "received_events_url": "https://api.github.com/users/shadowcurtains/received_events", "gravatar_id": "", "starred_url": "https://api.github.com/users/shadowcurtains/starred{/owner}{/repo}", "site_admin": false, "login": "shadowcurtains", "type": "User", "id": 16133117, "followers_url": "https://api.github.com/users/shadowcurtains/followers"}, "event": "mentioned", "issue": {"body": "i have realized there is a problem with the meta data tags on each page such as the meta description and key words etc. \nthe coding is as follows <meta name=\"description\" content=\"text_here\" />\nhowever i need to change the ending tag on this from \" /> to just \">\nhow can i achieve this thank you\n", "labels": [], "locked": false, "title": "opencart meta description meta tag closing tags", "url": "https://api.github.com/repos/opencart/opencart/issues/3697", "labels_url": "https://api.github.com/repos/opencart/opencart/issues/3697/labels{/name}", "created_at": "2015-12-03T10:45:37Z", "events_url": "https://api.github.com/repos/opencart/opencart/issues/3697/events", "comments_url": "https://api.github.com/repos/opencart/opencart/issues/3697/comments", "html_url": "https://github.com/opencart/opencart/issues/3697", "comments": 5, "number": 3697, "updated_at": "2015-12-03T21:31:34Z", "assignee": null, "state": "closed", "user": {"following_url": "https://api.github.com/users/shadowcurtains/following{/other_user}", "events_url": "https://api.github.com/users/shadowcurtains/events{/privacy}", "organizations_url": "https://api.github.com/users/shadowcurtains/orgs", "url": "https://api.github.com/users/shadowcurtains", "gists_url": "https://api.github.com/users/shadowcurtains/gists{/gist_id}", "html_url": "https://github.com/shadowcurtains", "subscriptions_url": "https://api.github.com/users/shadowcurtains/subscriptions", "avatar_url": "https://avatars.githubusercontent.com/u/16133117?v=3", "repos_url": "https://api.github.com/users/shadowcurtains/repos", "received_events_url": "https://api.github.com/users/shadowcurtains/received_events", "gravatar_id": "", "starred_url": "https://api.github.com/users/shadowcurtains/starred{/owner}{/repo}", "site_admin": false, "login": "shadowcurtains", "type": "User", "id": 16133117, "followers_url": "https://api.github.com/users/shadowcurtains/followers"}, "milestone": null, "repository_url": "https://api.github.com/repos/opencart/opencart", "closed_at": "2015-12-03T21:31:34Z", "assignees": [], "id": 120142462}, "id": 481974113}, {"commit_id": null, "commit_url": null, "url": "https://api.github.com/repos/opencart/opencart/issues/events/481970856", "created_at": "2015-12-03T21:28:33Z", "actor": {"following_url": "https://api.github.com/users/jamesallsup/following{/other_user}", "events_url": "https://api.github.com/users/jamesallsup/events{/privacy}", "organizations_url": "https://api.github.com/users/jamesallsup/orgs", "url": "https://api.github.com/users/jamesallsup", "gists_url": "https://api.github.com/users/jamesallsup/gists{/gist_id}", "html_url": "https://github.com/jamesallsup", "subscriptions_url": "https://api.github.com/users/jamesallsup/subscriptions", "avatar_url": "https://avatars.githubusercontent.com/u/2026129?v=3", "repos_url": "https://api.github.com/users/jamesallsup/repos", "received_events_url": "https://api.github.com/users/jamesallsup/received_events", "gravatar_id": "", "starred_url": "https://api.github.com/users/jamesallsup/starred{/owner}{/repo}", "site_admin": false, "login": "jamesallsup", "type": "User", "id": 2026129, "followers_url": "https://api.github.com/users/jamesallsup/followers"}, "event": "closed", "issue": {"body": "Google captch still contains telephone field: \ncatalog/view/theme/default/template/captcha/google_captcha.tpl\n\nhttps://github.com/opencart/opencart/issues/3462\n", "labels": [], "locked": false, "title": "Google captcha with telephone", "url": "https://api.github.com/repos/opencart/opencart/issues/3700", "labels_url": "https://api.github.com/repos/opencart/opencart/issues/3700/labels{/name}", "created_at": "2015-12-03T19:02:09Z", "events_url": "https://api.github.com/repos/opencart/opencart/issues/3700/events", "comments_url": "https://api.github.com/repos/opencart/opencart/issues/3700/comments", "html_url": "https://github.com/opencart/opencart/issues/3700", "comments": 1, "number": 3700, "updated_at": "2015-12-03T21:28:33Z", "assignee": null, "state": "closed", "user": {"following_url": "https://api.github.com/users/howdu/following{/other_user}", "events_url": "https://api.github.com/users/howdu/events{/privacy}", "organizations_url": "https://api.github.com/users/howdu/orgs", "url": "https://api.github.com/users/howdu", "gists_url": "https://api.github.com/users/howdu/gists{/gist_id}", "html_url": "https://github.com/howdu", "subscriptions_url": "https://api.github.com/users/howdu/subscriptions", "avatar_url": "https://avatars.githubusercontent.com/u/533658?v=3", "repos_url": "https://api.github.com/users/howdu/repos", "received_events_url": "https://api.github.com/users/howdu/received_events", "gravatar_id": "", "starred_url": "https://api.github.com/users/howdu/starred{/owner}{/repo}", "site_admin": false, "login": "howdu", "type": "User", "id": 533658, "followers_url": "https://api.github.com/users/howdu/followers"}, "milestone": null, "repository_url": "https://api.github.com/repos/opencart/opencart", "closed_at": "2015-12-03T21:28:33Z", "assignees": [], "id": 120244596}, "id": 481970856}, {"commit_id": null, "commit_url": null, "url": "https://api.github.com/repos/opencart/opencart/issues/events/481967908", "created_at": "2015-12-03T21:25:53Z", "actor": {"following_url": "https://api.github.com/users/jamesallsup/following{/other_user}", "events_url": "https://api.github.com/users/jamesallsup/events{/privacy}", "organizations_url": "https://api.github.com/users/jamesallsup/orgs", "url": "https://api.github.com/users/jamesallsup", "gists_url": "https://api.github.com/users/jamesallsup/gists{/gist_id}", "html_url": "https://github.com/jamesallsup", "subscriptions_url": "https://api.github.com/users/jamesallsup/subscriptions", "avatar_url": "https://avatars.githubusercontent.com/u/2026129?v=3", "repos_url": "https://api.github.com/users/jamesallsup/repos", "received_events_url": "https://api.github.com/users/jamesallsup/received_events", "gravatar_id": "", "starred_url": "https://api.github.com/users/jamesallsup/starred{/owner}{/repo}", "site_admin": false, "login": "jamesallsup", "type": "User", "id": 2026129, "followers_url": "https://api.github.com/users/jamesallsup/followers"}, "event": "closed", "issue": {"body": "Not sure if it ia  a bug however \ncannot log into the api with current api  for few days.\n\n\"error\":{\"key\":\"Warning: Incorrect API Key!\"}}\" \n\nDid not see anyone mention it in the forum. I suspect it is the authenticion key I am missing \n.. BASE  ..... \nHowever I do not know where should I state this key in the cms interface httaccess database or somwhere else?   \n\nhttp://forum.opencart.com/viewtopic.php?f=10&t=137250 \n", "labels": [], "locked": false, "title": "cannot login to api 2.1.0.1 ", "url": "https://api.github.com/repos/opencart/opencart/issues/3701", "labels_url": "https://api.github.com/repos/opencart/opencart/issues/3701/labels{/name}", "created_at": "2015-12-03T19:37:00Z", "events_url": "https://api.github.com/repos/opencart/opencart/issues/3701/events", "comments_url": "https://api.github.com/repos/opencart/opencart/issues/3701/comments", "html_url": "https://github.com/opencart/opencart/issues/3701", "comments": 1, "number": 3701, "updated_at": "2015-12-03T21:25:53Z", "assignee": null, "state": "closed", "user": {"following_url": "https://api.github.com/users/sivi29y/following{/other_user}", "events_url": "https://api.github.com/users/sivi29y/events{/privacy}", "organizations_url": "https://api.github.com/users/sivi29y/orgs", "url": "https://api.github.com/users/sivi29y", "gists_url": "https://api.github.com/users/sivi29y/gists{/gist_id}", "html_url": "https://github.com/sivi29y", "subscriptions_url": "https://api.github.com/users/sivi29y/subscriptions", "avatar_url": "https://avatars.githubusercontent.com/u/535881?v=3", "repos_url": "https://api.github.com/users/sivi29y/repos", "received_events_url": "https://api.github.com/users/sivi29y/received_events", "gravatar_id": "", "starred_url": "https://api.github.com/users/sivi29y/starred{/owner}{/repo}", "site_admin": false, "login": "sivi29y", "type": "User", "id": 535881, "followers_url": "https://api.github.com/users/sivi29y/followers"}, "milestone": null, "repository_url": "https://api.github.com/repos/opencart/opencart", "closed_at": "2015-12-03T21:25:53Z", "assignees": [], "id": 120251436}, "id": 481967908}, {"commit_id": null, "commit_url": null, "url": "https://api.github.com/repos/opencart/opencart/issues/events/481966814", "created_at": "2015-12-03T21:24:43Z", "actor": {"following_url": "https://api.github.com/users/jamesallsup/following{/other_user}", "events_url": "https://api.github.com/users/jamesallsup/events{/privacy}", "organizations_url": "https://api.github.com/users/jamesallsup/orgs", "url": "https://api.github.com/users/jamesallsup", "gists_url": "https://api.github.com/users/jamesallsup/gists{/gist_id}", "html_url": "https://github.com/jamesallsup", "subscriptions_url": "https://api.github.com/users/jamesallsup/subscriptions", "avatar_url": "https://avatars.githubusercontent.com/u/2026129?v=3", "repos_url": "https://api.github.com/users/jamesallsup/repos", "received_events_url": "https://api.github.com/users/jamesallsup/received_events", "gravatar_id": "", "starred_url": "https://api.github.com/users/jamesallsup/starred{/owner}{/repo}", "site_admin": false, "login": "jamesallsup", "type": "User", "id": 2026129, "followers_url": "https://api.github.com/users/jamesallsup/followers"}, "event": "closed", "issue": {"body": "escape() uses mysql_real_escape_string,mysql  -- which is deprecated possible sql injections.\n", "labels": [], "locked": false, "title": "Security possible bug 2.1.0.1  mysql_real_escape_string deprecated", "url": "https://api.github.com/repos/opencart/opencart/issues/3702", "labels_url": "https://api.github.com/repos/opencart/opencart/issues/3702/labels{/name}", "created_at": "2015-12-03T19:45:30Z", "events_url": "https://api.github.com/repos/opencart/opencart/issues/3702/events", "comments_url": "https://api.github.com/repos/opencart/opencart/issues/3702/comments", "html_url": "https://github.com/opencart/opencart/issues/3702", "comments": 1, "number": 3702, "updated_at": "2015-12-03T21:24:44Z", "assignee": null, "state": "closed", "user": {"following_url": "https://api.github.com/users/sivi29y/following{/other_user}", "events_url": "https://api.github.com/users/sivi29y/events{/privacy}", "organizations_url": "https://api.github.com/users/sivi29y/orgs", "url": "https://api.github.com/users/sivi29y", "gists_url": "https://api.github.com/users/sivi29y/gists{/gist_id}", "html_url": "https://github.com/sivi29y", "subscriptions_url": "https://api.github.com/users/sivi29y/subscriptions", "avatar_url": "https://avatars.githubusercontent.com/u/535881?v=3", "repos_url": "https://api.github.com/users/sivi29y/repos", "received_events_url": "https://api.github.com/users/sivi29y/received_events", "gravatar_id": "", "starred_url": "https://api.github.com/users/sivi29y/starred{/owner}{/repo}", "site_admin": false, "login": "sivi29y", "type": "User", "id": 535881, "followers_url": "https://api.github.com/users/sivi29y/followers"}, "milestone": null, "repository_url": "https://api.github.com/repos/opencart/opencart", "closed_at": "2015-12-03T21:24:43Z", "assignees": [], "id": 120253569}, "id": 481966814}, {"commit_id": null, "rename": {"to": "cannot login to api 2.1.0.1 ", "from": "cannot login to api 2.0.1.0 "}, "commit_url": null, "url": "https://api.github.com/repos/opencart/opencart/issues/events/481848730", "created_at": "2015-12-03T19:39:50Z", "actor": {"following_url": "https://api.github.com/users/sivi29y/following{/other_user}", "events_url": "https://api.github.com/users/sivi29y/events{/privacy}", "organizations_url": "https://api.github.com/users/sivi29y/orgs", "url": "https://api.github.com/users/sivi29y", "gists_url": "https://api.github.com/users/sivi29y/gists{/gist_id}", "html_url": "https://github.com/sivi29y", "subscriptions_url": "https://api.github.com/users/sivi29y/subscriptions", "avatar_url": "https://avatars.githubusercontent.com/u/535881?v=3", "repos_url": "https://api.github.com/users/sivi29y/repos", "received_events_url": "https://api.github.com/users/sivi29y/received_events", "gravatar_id": "", "starred_url": "https://api.github.com/users/sivi29y/starred{/owner}{/repo}", "site_admin": false, "login": "sivi29y", "type": "User", "id": 535881, "followers_url": "https://api.github.com/users/sivi29y/followers"}, "event": "renamed", "issue": {"body": "Not sure if it ia  a bug however \ncannot log into the api with current api  for few days.\n\n\"error\":{\"key\":\"Warning: Incorrect API Key!\"}}\" \n\nDid not see anyone mention it in the forum. I suspect it is the authenticion key I am missing \n.. BASE  ..... \nHowever I do not know where should I state this key in the cms interface httaccess database or somwhere else?   \n\nhttp://forum.opencart.com/viewtopic.php?f=10&t=137250 \n", "labels": [], "locked": false, "title": "cannot login to api 2.1.0.1 ", "url": "https://api.github.com/repos/opencart/opencart/issues/3701", "labels_url": "https://api.github.com/repos/opencart/opencart/issues/3701/labels{/name}", "created_at": "2015-12-03T19:37:00Z", "events_url": "https://api.github.com/repos/opencart/opencart/issues/3701/events", "comments_url": "https://api.github.com/repos/opencart/opencart/issues/3701/comments", "html_url": "https://github.com/opencart/opencart/issues/3701", "comments": 1, "number": 3701, "updated_at": "2015-12-03T21:25:53Z", "assignee": null, "state": "closed", "user": {"following_url": "https://api.github.com/users/sivi29y/following{/other_user}", "events_url": "https://api.github.com/users/sivi29y/events{/privacy}", "organizations_url": "https://api.github.com/users/sivi29y/orgs", "url": "https://api.github.com/users/sivi29y", "gists_url": "https://api.github.com/users/sivi29y/gists{/gist_id}", "html_url": "https://github.com/sivi29y", "subscriptions_url": "https://api.github.com/users/sivi29y/subscriptions", "avatar_url": "https://avatars.githubusercontent.com/u/535881?v=3", "repos_url": "https://api.github.com/users/sivi29y/repos", "received_events_url": "https://api.github.com/users/sivi29y/received_events", "gravatar_id": "", "starred_url": "https://api.github.com/users/sivi29y/starred{/owner}{/repo}", "site_admin": false, "login": "sivi29y", "type": "User", "id": 535881, "followers_url": "https://api.github.com/users/sivi29y/followers"}, "milestone": null, "repository_url": "https://api.github.com/repos/opencart/opencart", "closed_at": "2015-12-03T21:25:53Z", "assignees": [], "id": 120251436}, "id": 481848730}, {"commit_id": null, "commit_url": null, "url": "https://api.github.com/repos/opencart/opencart/issues/events/481736253", "created_at": "2015-12-03T17:55:03Z", "actor": {"following_url": "https://api.github.com/users/idhamhafidz/following{/other_user}", "events_url": "https://api.github.com/users/idhamhafidz/events{/privacy}", "organizations_url": "https://api.github.com/users/idhamhafidz/orgs", "url": "https://api.github.com/users/idhamhafidz", "gists_url": "https://api.github.com/users/idhamhafidz/gists{/gist_id}", "html_url": "https://github.com/idhamhafidz", "subscriptions_url": "https://api.github.com/users/idhamhafidz/subscriptions", "avatar_url": "https://avatars.githubusercontent.com/u/1255203?v=3", "repos_url": "https://api.github.com/users/idhamhafidz/repos", "received_events_url": "https://api.github.com/users/idhamhafidz/received_events", "gravatar_id": "", "starred_url": "https://api.github.com/users/idhamhafidz/starred{/owner}{/repo}", "site_admin": false, "login": "idhamhafidz", "type": "User", "id": 1255203, "followers_url": "https://api.github.com/users/idhamhafidz/followers"}, "event": "closed", "issue": {"body": "After selecting a file to upload in product detail page, loading icon keep on looping.\nLooking at chrome console, showing errors.\n![screenshot from 2015-12-02 01-34-35](https://cloud.githubusercontent.com/assets/1255203/11508649/e2fe8624-9894-11e5-9b07-b9bba06ac883.png)\n\nWe have been trying to find a solution for this but unsuccessful. Please help\n", "labels": [], "locked": false, "title": "Error uploading file option in product detail page", "url": "https://api.github.com/repos/opencart/opencart/issues/3690", "labels_url": "https://api.github.com/repos/opencart/opencart/issues/3690/labels{/name}", "created_at": "2015-12-01T17:35:32Z", "events_url": "https://api.github.com/repos/opencart/opencart/issues/3690/events", "comments_url": "https://api.github.com/repos/opencart/opencart/issues/3690/comments", "html_url": "https://github.com/opencart/opencart/issues/3690", "comments": 1, "number": 3690, "updated_at": "2015-12-03T17:55:03Z", "assignee": null, "state": "closed", "user": {"following_url": "https://api.github.com/users/idhamhafidz/following{/other_user}", "events_url": "https://api.github.com/users/idhamhafidz/events{/privacy}", "organizations_url": "https://api.github.com/users/idhamhafidz/orgs", "url": "https://api.github.com/users/idhamhafidz", "gists_url": "https://api.github.com/users/idhamhafidz/gists{/gist_id}", "html_url": "https://github.com/idhamhafidz", "subscriptions_url": "https://api.github.com/users/idhamhafidz/subscriptions", "avatar_url": "https://avatars.githubusercontent.com/u/1255203?v=3", "repos_url": "https://api.github.com/users/idhamhafidz/repos", "received_events_url": "https://api.github.com/users/idhamhafidz/received_events", "gravatar_id": "", "starred_url": "https://api.github.com/users/idhamhafidz/starred{/owner}{/repo}", "site_admin": false, "login": "idhamhafidz", "type": "User", "id": 1255203, "followers_url": "https://api.github.com/users/idhamhafidz/followers"}, "milestone": null, "repository_url": "https://api.github.com/repos/opencart/opencart", "closed_at": "2015-12-03T17:55:03Z", "assignees": [], "id": 119768982}, "id": 481736253}, {"commit_id": null, "commit_url": null, "url": "https://api.github.com/repos/opencart/opencart/issues/events/481232330", "created_at": "2015-12-03T10:15:06Z", "actor": {"following_url": "https://api.github.com/users/danielkerr/following{/other_user}", "events_url": "https://api.github.com/users/danielkerr/events{/privacy}", "organizations_url": "https://api.github.com/users/danielkerr/orgs", "url": "https://api.github.com/users/danielkerr", "gists_url": "https://api.github.com/users/danielkerr/gists{/gist_id}", "html_url": "https://github.com/danielkerr", "subscriptions_url": "https://api.github.com/users/danielkerr/subscriptions", "avatar_url": "https://avatars.githubusercontent.com/u/5079756?v=3", "repos_url": "https://api.github.com/users/danielkerr/repos", "received_events_url": "https://api.github.com/users/danielkerr/received_events", "gravatar_id": "", "starred_url": "https://api.github.com/users/danielkerr/starred{/owner}{/repo}", "site_admin": false, "login": "danielkerr", "type": "User", "id": 5079756, "followers_url": "https://api.github.com/users/danielkerr/followers"}, "event": "closed", "issue": {"body": "Missing `$data['header'] = $this->load->controller('common/header');` in `catalog/controller/account/account.tpl`\n", "labels": [], "locked": false, "title": "Account/account \"Undefined variable: header\"", "url": "https://api.github.com/repos/opencart/opencart/issues/3688", "labels_url": "https://api.github.com/repos/opencart/opencart/issues/3688/labels{/name}", "created_at": "2015-12-01T11:35:38Z", "events_url": "https://api.github.com/repos/opencart/opencart/issues/3688/events", "comments_url": "https://api.github.com/repos/opencart/opencart/issues/3688/comments", "html_url": "https://github.com/opencart/opencart/issues/3688", "comments": 1, "number": 3688, "updated_at": "2015-12-03T10:15:06Z", "assignee": null, "state": "closed", "user": {"following_url": "https://api.github.com/users/mroffice/following{/other_user}", "events_url": "https://api.github.com/users/mroffice/events{/privacy}", "organizations_url": "https://api.github.com/users/mroffice/orgs", "url": "https://api.github.com/users/mroffice", "gists_url": "https://api.github.com/users/mroffice/gists{/gist_id}", "html_url": "https://github.com/mroffice", "subscriptions_url": "https://api.github.com/users/mroffice/subscriptions", "avatar_url": "https://avatars.githubusercontent.com/u/3415835?v=3", "repos_url": "https://api.github.com/users/mroffice/repos", "received_events_url": "https://api.github.com/users/mroffice/received_events", "gravatar_id": "", "starred_url": "https://api.github.com/users/mroffice/starred{/owner}{/repo}", "site_admin": false, "login": "mroffice", "type": "User", "id": 3415835, "followers_url": "https://api.github.com/users/mroffice/followers"}, "milestone": null, "repository_url": "https://api.github.com/repos/opencart/opencart", "closed_at": "2015-12-03T10:15:06Z", "assignees": [], "id": 119698608}, "id": 481232330}, {"commit_id": null, "commit_url": null, "url": "https://api.github.com/repos/opencart/opencart/issues/events/481232150", "created_at": "2015-12-03T10:14:52Z", "actor": {"following_url": "https://api.github.com/users/danielkerr/following{/other_user}", "events_url": "https://api.github.com/users/danielkerr/events{/privacy}", "organizations_url": "https://api.github.com/users/danielkerr/orgs", "url": "https://api.github.com/users/danielkerr", "gists_url": "https://api.github.com/users/danielkerr/gists{/gist_id}", "html_url": "https://github.com/danielkerr", "subscriptions_url": "https://api.github.com/users/danielkerr/subscriptions", "avatar_url": "https://avatars.githubusercontent.com/u/5079756?v=3", "repos_url": "https://api.github.com/users/danielkerr/repos", "received_events_url": "https://api.github.com/users/danielkerr/received_events", "gravatar_id": "", "starred_url": "https://api.github.com/users/danielkerr/starred{/owner}{/repo}", "site_admin": false, "login": "danielkerr", "type": "User", "id": 5079756, "followers_url": "https://api.github.com/users/danielkerr/followers"}, "event": "closed", "issue": {"body": "How to install and configure OpenCart on NGINX instead of Apache Server.\n", "labels": [], "locked": false, "title": "How to install and configure OpenCart on NGINX", "url": "https://api.github.com/repos/opencart/opencart/issues/3692", "labels_url": "https://api.github.com/repos/opencart/opencart/issues/3692/labels{/name}", "created_at": "2015-12-01T22:31:48Z", "events_url": "https://api.github.com/repos/opencart/opencart/issues/3692/events", "comments_url": "https://api.github.com/repos/opencart/opencart/issues/3692/comments", "html_url": "https://github.com/opencart/opencart/issues/3692", "comments": 1, "number": 3692, "updated_at": "2015-12-03T10:14:52Z", "assignee": null, "state": "closed", "user": {"following_url": "https://api.github.com/users/vivekkiran/following{/other_user}", "events_url": "https://api.github.com/users/vivekkiran/events{/privacy}", "organizations_url": "https://api.github.com/users/vivekkiran/orgs", "url": "https://api.github.com/users/vivekkiran", "gists_url": "https://api.github.com/users/vivekkiran/gists{/gist_id}", "html_url": "https://github.com/vivekkiran", "subscriptions_url": "https://api.github.com/users/vivekkiran/subscriptions", "avatar_url": "https://avatars.githubusercontent.com/u/5557539?v=3", "repos_url": "https://api.github.com/users/vivekkiran/repos", "received_events_url": "https://api.github.com/users/vivekkiran/received_events", "gravatar_id": "", "starred_url": "https://api.github.com/users/vivekkiran/starred{/owner}{/repo}", "site_admin": false, "login": "vivekkiran", "type": "User", "id": 5557539, "followers_url": "https://api.github.com/users/vivekkiran/followers"}, "milestone": null, "repository_url": "https://api.github.com/repos/opencart/opencart", "closed_at": "2015-12-03T10:14:52Z", "assignees": [], "id": 119823408}, "id": 481232150}, {"commit_id": null, "commit_url": null, "url": "https://api.github.com/repos/opencart/opencart/issues/events/481206130", "created_at": "2015-12-03T09:50:49Z", "actor": {"following_url": "https://api.github.com/users/danielkerr/following{/other_user}", "events_url": "https://api.github.com/users/danielkerr/events{/privacy}", "organizations_url": "https://api.github.com/users/danielkerr/orgs", "url": "https://api.github.com/users/danielkerr", "gists_url": "https://api.github.com/users/danielkerr/gists{/gist_id}", "html_url": "https://github.com/danielkerr", "subscriptions_url": "https://api.github.com/users/danielkerr/subscriptions", "avatar_url": "https://avatars.githubusercontent.com/u/5079756?v=3", "repos_url": "https://api.github.com/users/danielkerr/repos", "received_events_url": "https://api.github.com/users/danielkerr/received_events", "gravatar_id": "", "starred_url": "https://api.github.com/users/danielkerr/starred{/owner}{/repo}", "site_admin": false, "login": "danielkerr", "type": "User", "id": 5079756, "followers_url": "https://api.github.com/users/danielkerr/followers"}, "event": "closed", "issue": {"body": "I had done upgrade from 2.0.3.1 to 2.1.0.1.\n\nI see lot of difference in settings file and main thing my site analytic is down.\n\nNotice: Undefined variable: icon in /var/www/projects/xxxxx/catalog/view/theme/handletrade/template/common/header.tpl on line 20 Notice: Undefined variable: google_analytics in /var/www/projects/xxxxx/catalog/view/theme/handletrade/template/common/header.tpl on line 39\n\nI see in admin \nAdmin => System => Settings => Edit => Google tab is removed.\nGoogle tab is removed.\n", "labels": [], "locked": false, "title": "Admin => System => Settings => Edit => Google tab is removed.", "url": "https://api.github.com/repos/opencart/opencart/issues/3694", "labels_url": "https://api.github.com/repos/opencart/opencart/issues/3694/labels{/name}", "created_at": "2015-12-02T19:44:28Z", "events_url": "https://api.github.com/repos/opencart/opencart/issues/3694/events", "comments_url": "https://api.github.com/repos/opencart/opencart/issues/3694/comments", "html_url": "https://github.com/opencart/opencart/issues/3694", "comments": 1, "number": 3694, "updated_at": "2015-12-03T09:50:49Z", "assignee": null, "state": "closed", "user": {"following_url": "https://api.github.com/users/devenpateldp/following{/other_user}", "events_url": "https://api.github.com/users/devenpateldp/events{/privacy}", "organizations_url": "https://api.github.com/users/devenpateldp/orgs", "url": "https://api.github.com/users/devenpateldp", "gists_url": "https://api.github.com/users/devenpateldp/gists{/gist_id}", "html_url": "https://github.com/devenpateldp", "subscriptions_url": "https://api.github.com/users/devenpateldp/subscriptions", "avatar_url": "https://avatars.githubusercontent.com/u/990786?v=3", "repos_url": "https://api.github.com/users/devenpateldp/repos", "received_events_url": "https://api.github.com/users/devenpateldp/received_events", "gravatar_id": "", "starred_url": "https://api.github.com/users/devenpateldp/starred{/owner}{/repo}", "site_admin": false, "login": "devenpateldp", "type": "User", "id": 990786, "followers_url": "https://api.github.com/users/devenpateldp/followers"}, "milestone": null, "repository_url": "https://api.github.com/repos/opencart/opencart", "closed_at": "2015-12-03T09:50:49Z", "assignees": [], "id": 120020634}, "id": 481206130}, {"commit_id": null, "commit_url": null, "url": "https://api.github.com/repos/opencart/opencart/issues/events/480954152", "created_at": "2015-12-03T02:40:36Z", "actor": {"following_url": "https://api.github.com/users/syslogic/following{/other_user}", "events_url": "https://api.github.com/users/syslogic/events{/privacy}", "organizations_url": "https://api.github.com/users/syslogic/orgs", "url": "https://api.github.com/users/syslogic", "gists_url": "https://api.github.com/users/syslogic/gists{/gist_id}", "html_url": "https://github.com/syslogic", "subscriptions_url": "https://api.github.com/users/syslogic/subscriptions", "avatar_url": "https://avatars.githubusercontent.com/u/736481?v=3", "repos_url": "https://api.github.com/users/syslogic/repos", "received_events_url": "https://api.github.com/users/syslogic/received_events", "gravatar_id": "", "starred_url": "https://api.github.com/users/syslogic/starred{/owner}{/repo}", "site_admin": false, "login": "syslogic", "type": "User", "id": 736481, "followers_url": "https://api.github.com/users/syslogic/followers"}, "event": "reopened", "issue": {"body": "\"Login with PayPal\" only returns the user_id unless changing the endpoint of the TokenService:\n`$endpoint = 'https://api.paypal.com/v1/identity/openidconnect/tokenservice';`\nscope `https://uri.paypal.com/services/paypalattributes` seems to be missing, too.\n", "labels": [], "locked": false, "title": "ModelModulePPLogin::getTokens() has an outdated TokenService endpoint.", "url": "https://api.github.com/repos/opencart/opencart/issues/3695", "labels_url": "https://api.github.com/repos/opencart/opencart/issues/3695/labels{/name}", "created_at": "2015-12-03T02:33:35Z", "events_url": "https://api.github.com/repos/opencart/opencart/issues/3695/events", "comments_url": "https://api.github.com/repos/opencart/opencart/issues/3695/comments", "html_url": "https://github.com/opencart/opencart/issues/3695", "comments": 5, "number": 3695, "updated_at": "2016-01-19T19:11:26Z", "assignee": null, "state": "closed", "user": {"following_url": "https://api.github.com/users/syslogic/following{/other_user}", "events_url": "https://api.github.com/users/syslogic/events{/privacy}", "organizations_url": "https://api.github.com/users/syslogic/orgs", "url": "https://api.github.com/users/syslogic", "gists_url": "https://api.github.com/users/syslogic/gists{/gist_id}", "html_url": "https://github.com/syslogic", "subscriptions_url": "https://api.github.com/users/syslogic/subscriptions", "avatar_url": "https://avatars.githubusercontent.com/u/736481?v=3", "repos_url": "https://api.github.com/users/syslogic/repos", "received_events_url": "https://api.github.com/users/syslogic/received_events", "gravatar_id": "", "starred_url": "https://api.github.com/users/syslogic/starred{/owner}{/repo}", "site_admin": false, "login": "syslogic", "type": "User", "id": 736481, "followers_url": "https://api.github.com/users/syslogic/followers"}, "milestone": null, "repository_url": "https://api.github.com/repos/opencart/opencart", "closed_at": "2016-01-19T13:11:20Z", "assignees": [], "id": 120081828}, "id": 480954152}, {"commit_id": null, "commit_url": null, "url": "https://api.github.com/repos/opencart/opencart/issues/events/480954084", "created_at": "2015-12-03T02:40:32Z", "actor": {"following_url": "https://api.github.com/users/syslogic/following{/other_user}", "events_url": "https://api.github.com/users/syslogic/events{/privacy}", "organizations_url": "https://api.github.com/users/syslogic/orgs", "url": "https://api.github.com/users/syslogic", "gists_url": "https://api.github.com/users/syslogic/gists{/gist_id}", "html_url": "https://github.com/syslogic", "subscriptions_url": "https://api.github.com/users/syslogic/subscriptions", "avatar_url": "https://avatars.githubusercontent.com/u/736481?v=3", "repos_url": "https://api.github.com/users/syslogic/repos", "received_events_url": "https://api.github.com/users/syslogic/received_events", "gravatar_id": "", "starred_url": "https://api.github.com/users/syslogic/starred{/owner}{/repo}", "site_admin": false, "login": "syslogic", "type": "User", "id": 736481, "followers_url": "https://api.github.com/users/syslogic/followers"}, "event": "closed", "issue": {"body": "\"Login with PayPal\" only returns the user_id unless changing the endpoint of the TokenService:\n`$endpoint = 'https://api.paypal.com/v1/identity/openidconnect/tokenservice';`\nscope `https://uri.paypal.com/services/paypalattributes` seems to be missing, too.\n", "labels": [], "locked": false, "title": "ModelModulePPLogin::getTokens() has an outdated TokenService endpoint.", "url": "https://api.github.com/repos/opencart/opencart/issues/3695", "labels_url": "https://api.github.com/repos/opencart/opencart/issues/3695/labels{/name}", "created_at": "2015-12-03T02:33:35Z", "events_url": "https://api.github.com/repos/opencart/opencart/issues/3695/events", "comments_url": "https://api.github.com/repos/opencart/opencart/issues/3695/comments", "html_url": "https://github.com/opencart/opencart/issues/3695", "comments": 5, "number": 3695, "updated_at": "2016-01-19T19:11:26Z", "assignee": null, "state": "closed", "user": {"following_url": "https://api.github.com/users/syslogic/following{/other_user}", "events_url": "https://api.github.com/users/syslogic/events{/privacy}", "organizations_url": "https://api.github.com/users/syslogic/orgs", "url": "https://api.github.com/users/syslogic", "gists_url": "https://api.github.com/users/syslogic/gists{/gist_id}", "html_url": "https://github.com/syslogic", "subscriptions_url": "https://api.github.com/users/syslogic/subscriptions", "avatar_url": "https://avatars.githubusercontent.com/u/736481?v=3", "repos_url": "https://api.github.com/users/syslogic/repos", "received_events_url": "https://api.github.com/users/syslogic/received_events", "gravatar_id": "", "starred_url": "https://api.github.com/users/syslogic/starred{/owner}{/repo}", "site_admin": false, "login": "syslogic", "type": "User", "id": 736481, "followers_url": "https://api.github.com/users/syslogic/followers"}, "milestone": null, "repository_url": "https://api.github.com/repos/opencart/opencart", "closed_at": "2016-01-19T13:11:20Z", "assignees": [], "id": 120081828}, "id": 480954084}, {"commit_id": null, "commit_url": null, "url": "https://api.github.com/repos/opencart/opencart/issues/events/480651299", "created_at": "2015-12-02T20:24:34Z", "actor": {"following_url": "https://api.github.com/users/devenpateldp/following{/other_user}", "events_url": "https://api.github.com/users/devenpateldp/events{/privacy}", "organizations_url": "https://api.github.com/users/devenpateldp/orgs", "url": "https://api.github.com/users/devenpateldp", "gists_url": "https://api.github.com/users/devenpateldp/gists{/gist_id}", "html_url": "https://github.com/devenpateldp", "subscriptions_url": "https://api.github.com/users/devenpateldp/subscriptions", "avatar_url": "https://avatars.githubusercontent.com/u/990786?v=3", "repos_url": "https://api.github.com/users/devenpateldp/repos", "received_events_url": "https://api.github.com/users/devenpateldp/received_events", "gravatar_id": "", "starred_url": "https://api.github.com/users/devenpateldp/starred{/owner}{/repo}", "site_admin": false, "login": "devenpateldp", "type": "User", "id": 990786, "followers_url": "https://api.github.com/users/devenpateldp/followers"}, "event": "subscribed", "issue": {"body": "I had done upgrade from 2.0.3.1 to 2.1.0.1.\n\nI see lot of difference in settings file and main thing my site analytic is down.\n\nNotice: Undefined variable: icon in /var/www/projects/xxxxx/catalog/view/theme/handletrade/template/common/header.tpl on line 20 Notice: Undefined variable: google_analytics in /var/www/projects/xxxxx/catalog/view/theme/handletrade/template/common/header.tpl on line 39\n\nI see in admin \nAdmin => System => Settings => Edit => Google tab is removed.\nGoogle tab is removed.\n", "labels": [], "locked": false, "title": "Admin => System => Settings => Edit => Google tab is removed.", "url": "https://api.github.com/repos/opencart/opencart/issues/3694", "labels_url": "https://api.github.com/repos/opencart/opencart/issues/3694/labels{/name}", "created_at": "2015-12-02T19:44:28Z", "events_url": "https://api.github.com/repos/opencart/opencart/issues/3694/events", "comments_url": "https://api.github.com/repos/opencart/opencart/issues/3694/comments", "html_url": "https://github.com/opencart/opencart/issues/3694", "comments": 1, "number": 3694, "updated_at": "2015-12-03T09:50:49Z", "assignee": null, "state": "closed", "user": {"following_url": "https://api.github.com/users/devenpateldp/following{/other_user}", "events_url": "https://api.github.com/users/devenpateldp/events{/privacy}", "organizations_url": "https://api.github.com/users/devenpateldp/orgs", "url": "https://api.github.com/users/devenpateldp", "gists_url": "https://api.github.com/users/devenpateldp/gists{/gist_id}", "html_url": "https://github.com/devenpateldp", "subscriptions_url": "https://api.github.com/users/devenpateldp/subscriptions", "avatar_url": "https://avatars.githubusercontent.com/u/990786?v=3", "repos_url": "https://api.github.com/users/devenpateldp/repos", "received_events_url": "https://api.github.com/users/devenpateldp/received_events", "gravatar_id": "", "starred_url": "https://api.github.com/users/devenpateldp/starred{/owner}{/repo}", "site_admin": false, "login": "devenpateldp", "type": "User", "id": 990786, "followers_url": "https://api.github.com/users/devenpateldp/followers"}, "milestone": null, "repository_url": "https://api.github.com/repos/opencart/opencart", "closed_at": "2015-12-03T09:50:49Z", "assignees": [], "id": 120020634}, "id": 480651299}, {"commit_id": null, "commit_url": null, "url": "https://api.github.com/repos/opencart/opencart/issues/events/480651298", "created_at": "2015-12-02T20:24:34Z", "actor": {"following_url": "https://api.github.com/users/devenpateldp/following{/other_user}", "events_url": "https://api.github.com/users/devenpateldp/events{/privacy}", "organizations_url": "https://api.github.com/users/devenpateldp/orgs", "url": "https://api.github.com/users/devenpateldp", "gists_url": "https://api.github.com/users/devenpateldp/gists{/gist_id}", "html_url": "https://github.com/devenpateldp", "subscriptions_url": "https://api.github.com/users/devenpateldp/subscriptions", "avatar_url": "https://avatars.githubusercontent.com/u/990786?v=3", "repos_url": "https://api.github.com/users/devenpateldp/repos", "received_events_url": "https://api.github.com/users/devenpateldp/received_events", "gravatar_id": "", "starred_url": "https://api.github.com/users/devenpateldp/starred{/owner}{/repo}", "site_admin": false, "login": "devenpateldp", "type": "User", "id": 990786, "followers_url": "https://api.github.com/users/devenpateldp/followers"}, "event": "mentioned", "issue": {"body": "I had done upgrade from 2.0.3.1 to 2.1.0.1.\n\nI see lot of difference in settings file and main thing my site analytic is down.\n\nNotice: Undefined variable: icon in /var/www/projects/xxxxx/catalog/view/theme/handletrade/template/common/header.tpl on line 20 Notice: Undefined variable: google_analytics in /var/www/projects/xxxxx/catalog/view/theme/handletrade/template/common/header.tpl on line 39\n\nI see in admin \nAdmin => System => Settings => Edit => Google tab is removed.\nGoogle tab is removed.\n", "labels": [], "locked": false, "title": "Admin => System => Settings => Edit => Google tab is removed.", "url": "https://api.github.com/repos/opencart/opencart/issues/3694", "labels_url": "https://api.github.com/repos/opencart/opencart/issues/3694/labels{/name}", "created_at": "2015-12-02T19:44:28Z", "events_url": "https://api.github.com/repos/opencart/opencart/issues/3694/events", "comments_url": "https://api.github.com/repos/opencart/opencart/issues/3694/comments", "html_url": "https://github.com/opencart/opencart/issues/3694", "comments": 1, "number": 3694, "updated_at": "2015-12-03T09:50:49Z", "assignee": null, "state": "closed", "user": {"following_url": "https://api.github.com/users/devenpateldp/following{/other_user}", "events_url": "https://api.github.com/users/devenpateldp/events{/privacy}", "organizations_url": "https://api.github.com/users/devenpateldp/orgs", "url": "https://api.github.com/users/devenpateldp", "gists_url": "https://api.github.com/users/devenpateldp/gists{/gist_id}", "html_url": "https://github.com/devenpateldp", "subscriptions_url": "https://api.github.com/users/devenpateldp/subscriptions", "avatar_url": "https://avatars.githubusercontent.com/u/990786?v=3", "repos_url": "https://api.github.com/users/devenpateldp/repos", "received_events_url": "https://api.github.com/users/devenpateldp/received_events", "gravatar_id": "", "starred_url": "https://api.github.com/users/devenpateldp/starred{/owner}{/repo}", "site_admin": false, "login": "devenpateldp", "type": "User", "id": 990786, "followers_url": "https://api.github.com/users/devenpateldp/followers"}, "milestone": null, "repository_url": "https://api.github.com/repos/opencart/opencart", "closed_at": "2015-12-03T09:50:49Z", "assignees": [], "id": 120020634}, "id": 480651298}, {"commit_id": null, "commit_url": null, "url": "https://api.github.com/repos/opencart/opencart/issues/events/480435641", "created_at": "2015-12-02T17:09:11Z", "actor": {"following_url": "https://api.github.com/users/kalpeshdesai20/following{/other_user}", "events_url": "https://api.github.com/users/kalpeshdesai20/events{/privacy}", "organizations_url": "https://api.github.com/users/kalpeshdesai20/orgs", "url": "https://api.github.com/users/kalpeshdesai20", "gists_url": "https://api.github.com/users/kalpeshdesai20/gists{/gist_id}", "html_url": "https://github.com/kalpeshdesai20", "subscriptions_url": "https://api.github.com/users/kalpeshdesai20/subscriptions", "avatar_url": "https://avatars.githubusercontent.com/u/15693783?v=3", "repos_url": "https://api.github.com/users/kalpeshdesai20/repos", "received_events_url": "https://api.github.com/users/kalpeshdesai20/received_events", "gravatar_id": "", "starred_url": "https://api.github.com/users/kalpeshdesai20/starred{/owner}{/repo}", "site_admin": false, "login": "kalpeshdesai20", "type": "User", "id": 15693783, "followers_url": "https://api.github.com/users/kalpeshdesai20/followers"}, "event": "subscribed", "issue": {"body": "Problem: OcMod loads Admin modifications in Frontend because (I think) Installatron defined DIR_CATALOG in config.php.\n\nMore: \nhttps://forum.opencart.com/viewtopic.php?f=183&t=154953&p=592503#p592503\n", "labels": [], "locked": false, "title": "OcMod loads Admin modifications in Frontend", "url": "https://api.github.com/repos/opencart/opencart/issues/3684", "labels_url": "https://api.github.com/repos/opencart/opencart/issues/3684/labels{/name}", "created_at": "2015-11-29T14:10:31Z", "events_url": "https://api.github.com/repos/opencart/opencart/issues/3684/events", "comments_url": "https://api.github.com/repos/opencart/opencart/issues/3684/comments", "html_url": "https://github.com/opencart/opencart/issues/3684", "comments": 11, "number": 3684, "updated_at": "2015-12-29T08:38:19Z", "assignee": null, "state": "closed", "user": {"following_url": "https://api.github.com/users/basvandenberg77/following{/other_user}", "events_url": "https://api.github.com/users/basvandenberg77/events{/privacy}", "organizations_url": "https://api.github.com/users/basvandenberg77/orgs", "url": "https://api.github.com/users/basvandenberg77", "gists_url": "https://api.github.com/users/basvandenberg77/gists{/gist_id}", "html_url": "https://github.com/basvandenberg77", "subscriptions_url": "https://api.github.com/users/basvandenberg77/subscriptions", "avatar_url": "https://avatars.githubusercontent.com/u/14803480?v=3", "repos_url": "https://api.github.com/users/basvandenberg77/repos", "received_events_url": "https://api.github.com/users/basvandenberg77/received_events", "gravatar_id": "", "starred_url": "https://api.github.com/users/basvandenberg77/starred{/owner}{/repo}", "site_admin": false, "login": "basvandenberg77", "type": "User", "id": 14803480, "followers_url": "https://api.github.com/users/basvandenberg77/followers"}, "milestone": null, "repository_url": "https://api.github.com/repos/opencart/opencart", "closed_at": "2015-12-29T08:38:19Z", "assignees": [], "id": 119361826}, "id": 480435641}, {"commit_id": null, "commit_url": null, "url": "https://api.github.com/repos/opencart/opencart/issues/events/480435640", "created_at": "2015-12-02T17:09:11Z", "actor": {"following_url": "https://api.github.com/users/kalpeshdesai20/following{/other_user}", "events_url": "https://api.github.com/users/kalpeshdesai20/events{/privacy}", "organizations_url": "https://api.github.com/users/kalpeshdesai20/orgs", "url": "https://api.github.com/users/kalpeshdesai20", "gists_url": "https://api.github.com/users/kalpeshdesai20/gists{/gist_id}", "html_url": "https://github.com/kalpeshdesai20", "subscriptions_url": "https://api.github.com/users/kalpeshdesai20/subscriptions", "avatar_url": "https://avatars.githubusercontent.com/u/15693783?v=3", "repos_url": "https://api.github.com/users/kalpeshdesai20/repos", "received_events_url": "https://api.github.com/users/kalpeshdesai20/received_events", "gravatar_id": "", "starred_url": "https://api.github.com/users/kalpeshdesai20/starred{/owner}{/repo}", "site_admin": false, "login": "kalpeshdesai20", "type": "User", "id": 15693783, "followers_url": "https://api.github.com/users/kalpeshdesai20/followers"}, "event": "mentioned", "issue": {"body": "Problem: OcMod loads Admin modifications in Frontend because (I think) Installatron defined DIR_CATALOG in config.php.\n\nMore: \nhttps://forum.opencart.com/viewtopic.php?f=183&t=154953&p=592503#p592503\n", "labels": [], "locked": false, "title": "OcMod loads Admin modifications in Frontend", "url": "https://api.github.com/repos/opencart/opencart/issues/3684", "labels_url": "https://api.github.com/repos/opencart/opencart/issues/3684/labels{/name}", "created_at": "2015-11-29T14:10:31Z", "events_url": "https://api.github.com/repos/opencart/opencart/issues/3684/events", "comments_url": "https://api.github.com/repos/opencart/opencart/issues/3684/comments", "html_url": "https://github.com/opencart/opencart/issues/3684", "comments": 11, "number": 3684, "updated_at": "2015-12-29T08:38:19Z", "assignee": null, "state": "closed", "user": {"following_url": "https://api.github.com/users/basvandenberg77/following{/other_user}", "events_url": "https://api.github.com/users/basvandenberg77/events{/privacy}", "organizations_url": "https://api.github.com/users/basvandenberg77/orgs", "url": "https://api.github.com/users/basvandenberg77", "gists_url": "https://api.github.com/users/basvandenberg77/gists{/gist_id}", "html_url": "https://github.com/basvandenberg77", "subscriptions_url": "https://api.github.com/users/basvandenberg77/subscriptions", "avatar_url": "https://avatars.githubusercontent.com/u/14803480?v=3", "repos_url": "https://api.github.com/users/basvandenberg77/repos", "received_events_url": "https://api.github.com/users/basvandenberg77/received_events", "gravatar_id": "", "starred_url": "https://api.github.com/users/basvandenberg77/starred{/owner}{/repo}", "site_admin": false, "login": "basvandenberg77", "type": "User", "id": 14803480, "followers_url": "https://api.github.com/users/basvandenberg77/followers"}, "milestone": null, "repository_url": "https://api.github.com/repos/opencart/opencart", "closed_at": "2015-12-29T08:38:19Z", "assignees": [], "id": 119361826}, "id": 480435640}, {"commit_id": null, "commit_url": null, "url": "https://api.github.com/repos/opencart/opencart/issues/events/480076455", "created_at": "2015-12-02T11:35:56Z", "actor": {"following_url": "https://api.github.com/users/apsega/following{/other_user}", "events_url": "https://api.github.com/users/apsega/events{/privacy}", "organizations_url": "https://api.github.com/users/apsega/orgs", "url": "https://api.github.com/users/apsega", "gists_url": "https://api.github.com/users/apsega/gists{/gist_id}", "html_url": "https://github.com/apsega", "subscriptions_url": "https://api.github.com/users/apsega/subscriptions", "avatar_url": "https://avatars.githubusercontent.com/u/15917655?v=3", "repos_url": "https://api.github.com/users/apsega/repos", "received_events_url": "https://api.github.com/users/apsega/received_events", "gravatar_id": "", "starred_url": "https://api.github.com/users/apsega/starred{/owner}{/repo}", "site_admin": false, "login": "apsega", "type": "User", "id": 15917655, "followers_url": "https://api.github.com/users/apsega/followers"}, "event": "closed", "issue": {"body": "Getting `images/cache/` and `images/catalog` unwritable even if I'm chmod'ing to 0666 or 0777:\n\n```\nmode of \u201econfig.php\u201c changed from 0755 (rwxr-xr-x) to 0666 (rw-rw-rw-)\nmode of \u201eadmin/config.php\u201c changed from 0755 (rwxr-xr-x) to 0666 (rw-rw-rw-)\nmode of \u201eimage/\u201c changed from 0755 (rwxr-xr-x) to 0666 (rw-rw-rw-)\nmode of \u201eimage/cache\u201c changed from 0755 (rwxr-xr-x) to 0666 (rw-rw-rw-)\nmode of \u201eimage/catalog\u201c changed from 0755 (rwxr-xr-x) to 0666 (rw-rw-rw-)\nmode of \u201esystem/storage/cache/\u201c changed from 0755 (rwxr-xr-x) to 0666 (rw-rw-rw-)\nmode of \u201esystem/storage/logs/\u201c changed from 0755 (rwxr-xr-x) to 0666 (rw-rw-rw-)\nmode of \u201esystem/storage/download/\u201c changed from 0755 (rwxr-xr-x) to 0666 (rw-rw-rw-)\nmode of \u201esystem/storage/upload/\u201c changed from 0755 (rwxr-xr-x) to 0666 (rw-rw-rw-)\nmode of \u201esystem/storage/modification/\u201c changed from 0755 (rwxr-xr-x) to 0666 (rw-rw-rw-)\nmode of \u201eimage/cache\u201c changed from 0666 (rw-rw-rw-) to 0777 (rwxrwxrwx)\nmode of \u201eimage/catalog\u201c changed from 0666 (rw-rw-rw-) to 0777 (rwxrwxrwx)\n```\n\n![pre-installation](https://cloud.githubusercontent.com/assets/15917655/11529115/89e7a494-98f3-11e5-97b7-cbf93ffbdbc8.png)\n\nDoes anyone have any ideas how to fix this?\n", "labels": [], "locked": false, "title": "Permission issues while installing (Step 2)", "url": "https://api.github.com/repos/opencart/opencart/issues/3693", "labels_url": "https://api.github.com/repos/opencart/opencart/issues/3693/labels{/name}", "created_at": "2015-12-02T10:52:45Z", "events_url": "https://api.github.com/repos/opencart/opencart/issues/3693/events", "comments_url": "https://api.github.com/repos/opencart/opencart/issues/3693/comments", "html_url": "https://github.com/opencart/opencart/issues/3693", "comments": 3, "number": 3693, "updated_at": "2015-12-02T11:37:40Z", "assignee": null, "state": "closed", "user": {"following_url": "https://api.github.com/users/apsega/following{/other_user}", "events_url": "https://api.github.com/users/apsega/events{/privacy}", "organizations_url": "https://api.github.com/users/apsega/orgs", "url": "https://api.github.com/users/apsega", "gists_url": "https://api.github.com/users/apsega/gists{/gist_id}", "html_url": "https://github.com/apsega", "subscriptions_url": "https://api.github.com/users/apsega/subscriptions", "avatar_url": "https://avatars.githubusercontent.com/u/15917655?v=3", "repos_url": "https://api.github.com/users/apsega/repos", "received_events_url": "https://api.github.com/users/apsega/received_events", "gravatar_id": "", "starred_url": "https://api.github.com/users/apsega/starred{/owner}{/repo}", "site_admin": false, "login": "apsega", "type": "User", "id": 15917655, "followers_url": "https://api.github.com/users/apsega/followers"}, "milestone": null, "repository_url": "https://api.github.com/repos/opencart/opencart", "closed_at": "2015-12-02T11:35:56Z", "assignees": [], "id": 119916392}, "id": 480076455}, {"commit_id": null, "commit_url": null, "url": "https://api.github.com/repos/opencart/opencart/issues/events/479081509", "created_at": "2015-12-01T15:37:45Z", "actor": {"following_url": "https://api.github.com/users/danielkerr/following{/other_user}", "events_url": "https://api.github.com/users/danielkerr/events{/privacy}", "organizations_url": "https://api.github.com/users/danielkerr/orgs", "url": "https://api.github.com/users/danielkerr", "gists_url": "https://api.github.com/users/danielkerr/gists{/gist_id}", "html_url": "https://github.com/danielkerr", "subscriptions_url": "https://api.github.com/users/danielkerr/subscriptions", "avatar_url": "https://avatars.githubusercontent.com/u/5079756?v=3", "repos_url": "https://api.github.com/users/danielkerr/repos", "received_events_url": "https://api.github.com/users/danielkerr/received_events", "gravatar_id": "", "starred_url": "https://api.github.com/users/danielkerr/starred{/owner}{/repo}", "site_admin": false, "login": "danielkerr", "type": "User", "id": 5079756, "followers_url": "https://api.github.com/users/danielkerr/followers"}, "event": "closed", "issue": {"labels": [], "number": 3689, "assignee": null, "repository_url": "https://api.github.com/repos/opencart/opencart", "closed_at": "2015-12-01T15:37:45Z", "id": 119700895, "title": "Undefined variable 'header' on line 1 of account.tpl when trying to v\u2026", "pull_request": {"url": "https://api.github.com/repos/opencart/opencart/pulls/3689", "diff_url": "https://github.com/opencart/opencart/pull/3689.diff", "html_url": "https://github.com/opencart/opencart/pull/3689", "patch_url": "https://github.com/opencart/opencart/pull/3689.patch"}, "comments": 0, "state": "closed", "body": "\u2026iew account/account. See image:\n\nhttps://dl.dropboxusercontent.com/u/31484274/Screen%20Shot%202015-12-01%20at%2011.40.50.png\n\nAdded the $data['header'] declaration back into the account/account.php controller.\n", "labels_url": "https://api.github.com/repos/opencart/opencart/issues/3689/labels{/name}", "events_url": "https://api.github.com/repos/opencart/opencart/issues/3689/events", "comments_url": "https://api.github.com/repos/opencart/opencart/issues/3689/comments", "html_url": "https://github.com/opencart/opencart/pull/3689", "updated_at": "2015-12-01T15:37:45Z", "user": {"following_url": "https://api.github.com/users/mroffice/following{/other_user}", "events_url": "https://api.github.com/users/mroffice/events{/privacy}", "organizations_url": "https://api.github.com/users/mroffice/orgs", "url": "https://api.github.com/users/mroffice", "gists_url": "https://api.github.com/users/mroffice/gists{/gist_id}", "html_url": "https://github.com/mroffice", "subscriptions_url": "https://api.github.com/users/mroffice/subscriptions", "avatar_url": "https://avatars.githubusercontent.com/u/3415835?v=3", "repos_url": "https://api.github.com/users/mroffice/repos", "received_events_url": "https://api.github.com/users/mroffice/received_events", "gravatar_id": "", "starred_url": "https://api.github.com/users/mroffice/starred{/owner}{/repo}", "site_admin": false, "login": "mroffice", "type": "User", "id": 3415835, "followers_url": "https://api.github.com/users/mroffice/followers"}, "milestone": null, "locked": false, "url": "https://api.github.com/repos/opencart/opencart/issues/3689", "created_at": "2015-12-01T11:52:09Z", "assignees": []}, "id": 479081509}, {"commit_id": "72f8b505a12d1a5e722f790c2fd7638b6ab1de9b", "commit_url": "https://api.github.com/repos/opencart/opencart/commits/72f8b505a12d1a5e722f790c2fd7638b6ab1de9b", "url": "https://api.github.com/repos/opencart/opencart/issues/events/479081507", "created_at": "2015-12-01T15:37:45Z", "actor": {"following_url": "https://api.github.com/users/danielkerr/following{/other_user}", "events_url": "https://api.github.com/users/danielkerr/events{/privacy}", "organizations_url": "https://api.github.com/users/danielkerr/orgs", "url": "https://api.github.com/users/danielkerr", "gists_url": "https://api.github.com/users/danielkerr/gists{/gist_id}", "html_url": "https://github.com/danielkerr", "subscriptions_url": "https://api.github.com/users/danielkerr/subscriptions", "avatar_url": "https://avatars.githubusercontent.com/u/5079756?v=3", "repos_url": "https://api.github.com/users/danielkerr/repos", "received_events_url": "https://api.github.com/users/danielkerr/received_events", "gravatar_id": "", "starred_url": "https://api.github.com/users/danielkerr/starred{/owner}{/repo}", "site_admin": false, "login": "danielkerr", "type": "User", "id": 5079756, "followers_url": "https://api.github.com/users/danielkerr/followers"}, "event": "merged", "issue": {"labels": [], "number": 3689, "assignee": null, "repository_url": "https://api.github.com/repos/opencart/opencart", "closed_at": "2015-12-01T15:37:45Z", "id": 119700895, "title": "Undefined variable 'header' on line 1 of account.tpl when trying to v\u2026", "pull_request": {"url": "https://api.github.com/repos/opencart/opencart/pulls/3689", "diff_url": "https://github.com/opencart/opencart/pull/3689.diff", "html_url": "https://github.com/opencart/opencart/pull/3689", "patch_url": "https://github.com/opencart/opencart/pull/3689.patch"}, "comments": 0, "state": "closed", "body": "\u2026iew account/account. See image:\n\nhttps://dl.dropboxusercontent.com/u/31484274/Screen%20Shot%202015-12-01%20at%2011.40.50.png\n\nAdded the $data['header'] declaration back into the account/account.php controller.\n", "labels_url": "https://api.github.com/repos/opencart/opencart/issues/3689/labels{/name}", "events_url": "https://api.github.com/repos/opencart/opencart/issues/3689/events", "comments_url": "https://api.github.com/repos/opencart/opencart/issues/3689/comments", "html_url": "https://github.com/opencart/opencart/pull/3689", "updated_at": "2015-12-01T15:37:45Z", "user": {"following_url": "https://api.github.com/users/mroffice/following{/other_user}", "events_url": "https://api.github.com/users/mroffice/events{/privacy}", "organizations_url": "https://api.github.com/users/mroffice/orgs", "url": "https://api.github.com/users/mroffice", "gists_url": "https://api.github.com/users/mroffice/gists{/gist_id}", "html_url": "https://github.com/mroffice", "subscriptions_url": "https://api.github.com/users/mroffice/subscriptions", "avatar_url": "https://avatars.githubusercontent.com/u/3415835?v=3", "repos_url": "https://api.github.com/users/mroffice/repos", "received_events_url": "https://api.github.com/users/mroffice/received_events", "gravatar_id": "", "starred_url": "https://api.github.com/users/mroffice/starred{/owner}{/repo}", "site_admin": false, "login": "mroffice", "type": "User", "id": 3415835, "followers_url": "https://api.github.com/users/mroffice/followers"}, "milestone": null, "locked": false, "url": "https://api.github.com/repos/opencart/opencart/issues/3689", "created_at": "2015-12-01T11:52:09Z", "assignees": []}, "id": 479081507}, {"commit_id": "72f8b505a12d1a5e722f790c2fd7638b6ab1de9b", "commit_url": "https://api.github.com/repos/opencart/opencart/commits/72f8b505a12d1a5e722f790c2fd7638b6ab1de9b", "url": "https://api.github.com/repos/opencart/opencart/issues/events/479081505", "created_at": "2015-12-01T15:37:45Z", "actor": {"following_url": "https://api.github.com/users/danielkerr/following{/other_user}", "events_url": "https://api.github.com/users/danielkerr/events{/privacy}", "organizations_url": "https://api.github.com/users/danielkerr/orgs", "url": "https://api.github.com/users/danielkerr", "gists_url": "https://api.github.com/users/danielkerr/gists{/gist_id}", "html_url": "https://github.com/danielkerr", "subscriptions_url": "https://api.github.com/users/danielkerr/subscriptions", "avatar_url": "https://avatars.githubusercontent.com/u/5079756?v=3", "repos_url": "https://api.github.com/users/danielkerr/repos", "received_events_url": "https://api.github.com/users/danielkerr/received_events", "gravatar_id": "", "starred_url": "https://api.github.com/users/danielkerr/starred{/owner}{/repo}", "site_admin": false, "login": "danielkerr", "type": "User", "id": 5079756, "followers_url": "https://api.github.com/users/danielkerr/followers"}, "event": "referenced", "issue": {"labels": [], "number": 3689, "assignee": null, "repository_url": "https://api.github.com/repos/opencart/opencart", "closed_at": "2015-12-01T15:37:45Z", "id": 119700895, "title": "Undefined variable 'header' on line 1 of account.tpl when trying to v\u2026", "pull_request": {"url": "https://api.github.com/repos/opencart/opencart/pulls/3689", "diff_url": "https://github.com/opencart/opencart/pull/3689.diff", "html_url": "https://github.com/opencart/opencart/pull/3689", "patch_url": "https://github.com/opencart/opencart/pull/3689.patch"}, "comments": 0, "state": "closed", "body": "\u2026iew account/account. See image:\n\nhttps://dl.dropboxusercontent.com/u/31484274/Screen%20Shot%202015-12-01%20at%2011.40.50.png\n\nAdded the $data['header'] declaration back into the account/account.php controller.\n", "labels_url": "https://api.github.com/repos/opencart/opencart/issues/3689/labels{/name}", "events_url": "https://api.github.com/repos/opencart/opencart/issues/3689/events", "comments_url": "https://api.github.com/repos/opencart/opencart/issues/3689/comments", "html_url": "https://github.com/opencart/opencart/pull/3689", "updated_at": "2015-12-01T15:37:45Z", "user": {"following_url": "https://api.github.com/users/mroffice/following{/other_user}", "events_url": "https://api.github.com/users/mroffice/events{/privacy}", "organizations_url": "https://api.github.com/users/mroffice/orgs", "url": "https://api.github.com/users/mroffice", "gists_url": "https://api.github.com/users/mroffice/gists{/gist_id}", "html_url": "https://github.com/mroffice", "subscriptions_url": "https://api.github.com/users/mroffice/subscriptions", "avatar_url": "https://avatars.githubusercontent.com/u/3415835?v=3", "repos_url": "https://api.github.com/users/mroffice/repos", "received_events_url": "https://api.github.com/users/mroffice/received_events", "gravatar_id": "", "starred_url": "https://api.github.com/users/mroffice/starred{/owner}{/repo}", "site_admin": false, "login": "mroffice", "type": "User", "id": 3415835, "followers_url": "https://api.github.com/users/mroffice/followers"}, "milestone": null, "locked": false, "url": "https://api.github.com/repos/opencart/opencart/issues/3689", "created_at": "2015-12-01T11:52:09Z", "assignees": []}, "id": 479081505}, {"commit_id": null, "commit_url": null, "url": "https://api.github.com/repos/opencart/opencart/issues/events/479050336", "created_at": "2015-12-01T15:12:58Z", "actor": {"following_url": "https://api.github.com/users/sivi29y/following{/other_user}", "events_url": "https://api.github.com/users/sivi29y/events{/privacy}", "organizations_url": "https://api.github.com/users/sivi29y/orgs", "url": "https://api.github.com/users/sivi29y", "gists_url": "https://api.github.com/users/sivi29y/gists{/gist_id}", "html_url": "https://github.com/sivi29y", "subscriptions_url": "https://api.github.com/users/sivi29y/subscriptions", "avatar_url": "https://avatars.githubusercontent.com/u/535881?v=3", "repos_url": "https://api.github.com/users/sivi29y/repos", "received_events_url": "https://api.github.com/users/sivi29y/received_events", "gravatar_id": "", "starred_url": "https://api.github.com/users/sivi29y/starred{/owner}{/repo}", "site_admin": false, "login": "sivi29y", "type": "User", "id": 535881, "followers_url": "https://api.github.com/users/sivi29y/followers"}, "event": "closed", "issue": {"body": "Needs to add I think it is not to many line of codes. \n\nif language is hebrew or arabic just do everything rtl else do nothing. If someone can help me I am willing to do it but I don't know open cart so much just downloaded it today\n", "labels": [], "locked": false, "title": "RTL native support for RTL locales ", "url": "https://api.github.com/repos/opencart/opencart/issues/3654", "labels_url": "https://api.github.com/repos/opencart/opencart/issues/3654/labels{/name}", "created_at": "2015-11-22T19:54:33Z", "events_url": "https://api.github.com/repos/opencart/opencart/issues/3654/events", "comments_url": "https://api.github.com/repos/opencart/opencart/issues/3654/comments", "html_url": "https://github.com/opencart/opencart/issues/3654", "comments": 1, "number": 3654, "updated_at": "2015-12-01T15:12:58Z", "assignee": null, "state": "closed", "user": {"following_url": "https://api.github.com/users/sivi29y/following{/other_user}", "events_url": "https://api.github.com/users/sivi29y/events{/privacy}", "organizations_url": "https://api.github.com/users/sivi29y/orgs", "url": "https://api.github.com/users/sivi29y", "gists_url": "https://api.github.com/users/sivi29y/gists{/gist_id}", "html_url": "https://github.com/sivi29y", "subscriptions_url": "https://api.github.com/users/sivi29y/subscriptions", "avatar_url": "https://avatars.githubusercontent.com/u/535881?v=3", "repos_url": "https://api.github.com/users/sivi29y/repos", "received_events_url": "https://api.github.com/users/sivi29y/received_events", "gravatar_id": "", "starred_url": "https://api.github.com/users/sivi29y/starred{/owner}{/repo}", "site_admin": false, "login": "sivi29y", "type": "User", "id": 535881, "followers_url": "https://api.github.com/users/sivi29y/followers"}, "milestone": null, "repository_url": "https://api.github.com/repos/opencart/opencart", "closed_at": "2015-12-01T15:12:58Z", "assignees": [], "id": 118284561}, "id": 479050336}, {"commit_id": null, "commit_url": null, "url": "https://api.github.com/repos/opencart/opencart/issues/events/478556434", "created_at": "2015-12-01T05:13:17Z", "actor": {"following_url": "https://api.github.com/users/danielkerr/following{/other_user}", "events_url": "https://api.github.com/users/danielkerr/events{/privacy}", "organizations_url": "https://api.github.com/users/danielkerr/orgs", "url": "https://api.github.com/users/danielkerr", "gists_url": "https://api.github.com/users/danielkerr/gists{/gist_id}", "html_url": "https://github.com/danielkerr", "subscriptions_url": "https://api.github.com/users/danielkerr/subscriptions", "avatar_url": "https://avatars.githubusercontent.com/u/5079756?v=3", "repos_url": "https://api.github.com/users/danielkerr/repos", "received_events_url": "https://api.github.com/users/danielkerr/received_events", "gravatar_id": "", "starred_url": "https://api.github.com/users/danielkerr/starred{/owner}{/repo}", "site_admin": false, "login": "danielkerr", "type": "User", "id": 5079756, "followers_url": "https://api.github.com/users/danielkerr/followers"}, "event": "closed", "issue": {"body": "Hi. On every static information page \"title\" tag is empty. But in control panel this field is not empty.\n![notitle](https://cloud.githubusercontent.com/assets/4015892/11464437/da73e996-973f-11e5-8164-1a535962ad46.png)\n", "labels": [], "locked": false, "title": "Empty <title> at static information pages 2.1.0.1", "url": "https://api.github.com/repos/opencart/opencart/issues/3687", "labels_url": "https://api.github.com/repos/opencart/opencart/issues/3687/labels{/name}", "created_at": "2015-11-30T05:55:25Z", "events_url": "https://api.github.com/repos/opencart/opencart/issues/3687/events", "comments_url": "https://api.github.com/repos/opencart/opencart/issues/3687/comments", "html_url": "https://github.com/opencart/opencart/issues/3687", "comments": 3, "number": 3687, "updated_at": "2015-12-08T04:08:09Z", "assignee": null, "state": "closed", "user": {"following_url": "https://api.github.com/users/dtinside/following{/other_user}", "events_url": "https://api.github.com/users/dtinside/events{/privacy}", "organizations_url": "https://api.github.com/users/dtinside/orgs", "url": "https://api.github.com/users/dtinside", "gists_url": "https://api.github.com/users/dtinside/gists{/gist_id}", "html_url": "https://github.com/dtinside", "subscriptions_url": "https://api.github.com/users/dtinside/subscriptions", "avatar_url": "https://avatars.githubusercontent.com/u/4015892?v=3", "repos_url": "https://api.github.com/users/dtinside/repos", "received_events_url": "https://api.github.com/users/dtinside/received_events", "gravatar_id": "", "starred_url": "https://api.github.com/users/dtinside/starred{/owner}{/repo}", "site_admin": false, "login": "dtinside", "type": "User", "id": 4015892, "followers_url": "https://api.github.com/users/dtinside/followers"}, "milestone": null, "repository_url": "https://api.github.com/repos/opencart/opencart", "closed_at": "2015-12-01T05:13:17Z", "assignees": [], "id": 119424149}, "id": 478556434}, {"commit_id": "2d8f3e5a6ecc4019f376444053c2c9e9fb9cde86", "commit_url": "https://api.github.com/repos/opencart/opencart/commits/2d8f3e5a6ecc4019f376444053c2c9e9fb9cde86", "url": "https://api.github.com/repos/opencart/opencart/issues/events/477307091", "created_at": "2015-11-30T03:56:44Z", "actor": {"following_url": "https://api.github.com/users/danielkerr/following{/other_user}", "events_url": "https://api.github.com/users/danielkerr/events{/privacy}", "organizations_url": "https://api.github.com/users/danielkerr/orgs", "url": "https://api.github.com/users/danielkerr", "gists_url": "https://api.github.com/users/danielkerr/gists{/gist_id}", "html_url": "https://github.com/danielkerr", "subscriptions_url": "https://api.github.com/users/danielkerr/subscriptions", "avatar_url": "https://avatars.githubusercontent.com/u/5079756?v=3", "repos_url": "https://api.github.com/users/danielkerr/repos", "received_events_url": "https://api.github.com/users/danielkerr/received_events", "gravatar_id": "", "starred_url": "https://api.github.com/users/danielkerr/starred{/owner}{/repo}", "site_admin": false, "login": "danielkerr", "type": "User", "id": 5079756, "followers_url": "https://api.github.com/users/danielkerr/followers"}, "event": "referenced", "issue": {"labels": [], "number": 3624, "assignee": null, "repository_url": "https://api.github.com/repos/opencart/opencart", "closed_at": "2015-11-22T18:14:25Z", "id": 116920733, "title": "Update pp_express.php", "pull_request": {"url": "https://api.github.com/repos/opencart/opencart/pulls/3624", "diff_url": "https://github.com/opencart/opencart/pull/3624.diff", "html_url": "https://github.com/opencart/opencart/pull/3624", "patch_url": "https://github.com/opencart/opencart/pull/3624.patch"}, "comments": 0, "state": "closed", "body": "missed variable $data\n", "labels_url": "https://api.github.com/repos/opencart/opencart/issues/3624/labels{/name}", "events_url": "https://api.github.com/repos/opencart/opencart/issues/3624/events", "comments_url": "https://api.github.com/repos/opencart/opencart/issues/3624/comments", "html_url": "https://github.com/opencart/opencart/pull/3624", "updated_at": "2015-11-22T18:14:25Z", "user": {"following_url": "https://api.github.com/users/PhamToan/following{/other_user}", "events_url": "https://api.github.com/users/PhamToan/events{/privacy}", "organizations_url": "https://api.github.com/users/PhamToan/orgs", "url": "https://api.github.com/users/PhamToan", "gists_url": "https://api.github.com/users/PhamToan/gists{/gist_id}", "html_url": "https://github.com/PhamToan", "subscriptions_url": "https://api.github.com/users/PhamToan/subscriptions", "avatar_url": "https://avatars.githubusercontent.com/u/5422312?v=3", "repos_url": "https://api.github.com/users/PhamToan/repos", "received_events_url": "https://api.github.com/users/PhamToan/received_events", "gravatar_id": "", "starred_url": "https://api.github.com/users/PhamToan/starred{/owner}{/repo}", "site_admin": false, "login": "PhamToan", "type": "User", "id": 5422312, "followers_url": "https://api.github.com/users/PhamToan/followers"}, "milestone": null, "locked": false, "url": "https://api.github.com/repos/opencart/opencart/issues/3624", "created_at": "2015-11-14T11:43:32Z", "assignees": []}, "id": 477307091}, {"commit_id": null, "commit_url": null, "url": "https://api.github.com/repos/opencart/opencart/issues/events/477123676", "created_at": "2015-11-29T17:47:15Z", "actor": {"following_url": "https://api.github.com/users/danielkerr/following{/other_user}", "events_url": "https://api.github.com/users/danielkerr/events{/privacy}", "organizations_url": "https://api.github.com/users/danielkerr/orgs", "url": "https://api.github.com/users/danielkerr", "gists_url": "https://api.github.com/users/danielkerr/gists{/gist_id}", "html_url": "https://github.com/danielkerr", "subscriptions_url": "https://api.github.com/users/danielkerr/subscriptions", "avatar_url": "https://avatars.githubusercontent.com/u/5079756?v=3", "repos_url": "https://api.github.com/users/danielkerr/repos", "received_events_url": "https://api.github.com/users/danielkerr/received_events", "gravatar_id": "", "starred_url": "https://api.github.com/users/danielkerr/starred{/owner}{/repo}", "site_admin": false, "login": "danielkerr", "type": "User", "id": 5079756, "followers_url": "https://api.github.com/users/danielkerr/followers"}, "event": "closed", "issue": {"body": "I am using opencart 2.1.0.1 with vqmod 2.5.1 and non of extensions of ocmod working. It installing correctly but can't see on front side without any error. I don't why it happens I doubt on ocmod but how to check whether it is working properly or not.\nI can share FTP if you guys can check the issues.\n", "labels": [], "locked": false, "title": "how to check whether ocmod is working properly or not", "url": "https://api.github.com/repos/opencart/opencart/issues/3683", "labels_url": "https://api.github.com/repos/opencart/opencart/issues/3683/labels{/name}", "created_at": "2015-11-29T11:52:42Z", "events_url": "https://api.github.com/repos/opencart/opencart/issues/3683/events", "comments_url": "https://api.github.com/repos/opencart/opencart/issues/3683/comments", "html_url": "https://github.com/opencart/opencart/issues/3683", "comments": 2, "number": 3683, "updated_at": "2015-11-29T22:09:50Z", "assignee": null, "state": "closed", "user": {"following_url": "https://api.github.com/users/kalpeshdesai20/following{/other_user}", "events_url": "https://api.github.com/users/kalpeshdesai20/events{/privacy}", "organizations_url": "https://api.github.com/users/kalpeshdesai20/orgs", "url": "https://api.github.com/users/kalpeshdesai20", "gists_url": "https://api.github.com/users/kalpeshdesai20/gists{/gist_id}", "html_url": "https://github.com/kalpeshdesai20", "subscriptions_url": "https://api.github.com/users/kalpeshdesai20/subscriptions", "avatar_url": "https://avatars.githubusercontent.com/u/15693783?v=3", "repos_url": "https://api.github.com/users/kalpeshdesai20/repos", "received_events_url": "https://api.github.com/users/kalpeshdesai20/received_events", "gravatar_id": "", "starred_url": "https://api.github.com/users/kalpeshdesai20/starred{/owner}{/repo}", "site_admin": false, "login": "kalpeshdesai20", "type": "User", "id": 15693783, "followers_url": "https://api.github.com/users/kalpeshdesai20/followers"}, "milestone": null, "repository_url": "https://api.github.com/repos/opencart/opencart", "closed_at": "2015-11-29T17:47:15Z", "assignees": [], "id": 119356020}, "id": 477123676}, {"commit_id": null, "commit_url": null, "url": "https://api.github.com/repos/opencart/opencart/issues/events/477123579", "created_at": "2015-11-29T17:46:56Z", "actor": {"following_url": "https://api.github.com/users/danielkerr/following{/other_user}", "events_url": "https://api.github.com/users/danielkerr/events{/privacy}", "organizations_url": "https://api.github.com/users/danielkerr/orgs", "url": "https://api.github.com/users/danielkerr", "gists_url": "https://api.github.com/users/danielkerr/gists{/gist_id}", "html_url": "https://github.com/danielkerr", "subscriptions_url": "https://api.github.com/users/danielkerr/subscriptions", "avatar_url": "https://avatars.githubusercontent.com/u/5079756?v=3", "repos_url": "https://api.github.com/users/danielkerr/repos", "received_events_url": "https://api.github.com/users/danielkerr/received_events", "gravatar_id": "", "starred_url": "https://api.github.com/users/danielkerr/starred{/owner}{/repo}", "site_admin": false, "login": "danielkerr", "type": "User", "id": 5079756, "followers_url": "https://api.github.com/users/danielkerr/followers"}, "event": "closed", "issue": {"body": "I don't understand for what to save description of shipping method in oc_order table in DB?\nWhen i add in description of one shipping method some HTML tags, i see that this field have limit for 128 symbols. This mean that in DB goes not full string of description. Only 128 symbols. And when i open order to edit something, i can't save it because shipping_method selector shows description that broke next selector (payment_method).\nI think selectors must generates by another way. By shipping code, for examle.\n", "labels": [], "locked": false, "title": "$shipping_method in orders", "url": "https://api.github.com/repos/opencart/opencart/issues/3685", "labels_url": "https://api.github.com/repos/opencart/opencart/issues/3685/labels{/name}", "created_at": "2015-11-29T15:06:34Z", "events_url": "https://api.github.com/repos/opencart/opencart/issues/3685/events", "comments_url": "https://api.github.com/repos/opencart/opencart/issues/3685/comments", "html_url": "https://github.com/opencart/opencart/issues/3685", "comments": 1, "number": 3685, "updated_at": "2015-11-29T17:46:56Z", "assignee": null, "state": "closed", "user": {"following_url": "https://api.github.com/users/Red-Lolik/following{/other_user}", "events_url": "https://api.github.com/users/Red-Lolik/events{/privacy}", "organizations_url": "https://api.github.com/users/Red-Lolik/orgs", "url": "https://api.github.com/users/Red-Lolik", "gists_url": "https://api.github.com/users/Red-Lolik/gists{/gist_id}", "html_url": "https://github.com/Red-Lolik", "subscriptions_url": "https://api.github.com/users/Red-Lolik/subscriptions", "avatar_url": "https://avatars.githubusercontent.com/u/4174845?v=3", "repos_url": "https://api.github.com/users/Red-Lolik/repos", "received_events_url": "https://api.github.com/users/Red-Lolik/received_events", "gravatar_id": "", "starred_url": "https://api.github.com/users/Red-Lolik/starred{/owner}{/repo}", "site_admin": false, "login": "Red-Lolik", "type": "User", "id": 4174845, "followers_url": "https://api.github.com/users/Red-Lolik/followers"}, "milestone": null, "repository_url": "https://api.github.com/repos/opencart/opencart", "closed_at": "2015-11-29T17:46:56Z", "assignees": [], "id": 119364385}, "id": 477123579}, {"commit_id": null, "rename": {"to": "OcMod loads Admin modifications in Frontend", "from": "OcMod / Installatron / Config.php"}, "commit_url": null, "url": "https://api.github.com/repos/opencart/opencart/issues/events/477075810", "created_at": "2015-11-29T14:11:00Z", "actor": {"following_url": "https://api.github.com/users/basvandenberg77/following{/other_user}", "events_url": "https://api.github.com/users/basvandenberg77/events{/privacy}", "organizations_url": "https://api.github.com/users/basvandenberg77/orgs", "url": "https://api.github.com/users/basvandenberg77", "gists_url": "https://api.github.com/users/basvandenberg77/gists{/gist_id}", "html_url": "https://github.com/basvandenberg77", "subscriptions_url": "https://api.github.com/users/basvandenberg77/subscriptions", "avatar_url": "https://avatars.githubusercontent.com/u/14803480?v=3", "repos_url": "https://api.github.com/users/basvandenberg77/repos", "received_events_url": "https://api.github.com/users/basvandenberg77/received_events", "gravatar_id": "", "starred_url": "https://api.github.com/users/basvandenberg77/starred{/owner}{/repo}", "site_admin": false, "login": "basvandenberg77", "type": "User", "id": 14803480, "followers_url": "https://api.github.com/users/basvandenberg77/followers"}, "event": "renamed", "issue": {"body": "Problem: OcMod loads Admin modifications in Frontend because (I think) Installatron defined DIR_CATALOG in config.php.\n\nMore: \nhttps://forum.opencart.com/viewtopic.php?f=183&t=154953&p=592503#p592503\n", "labels": [], "locked": false, "title": "OcMod loads Admin modifications in Frontend", "url": "https://api.github.com/repos/opencart/opencart/issues/3684", "labels_url": "https://api.github.com/repos/opencart/opencart/issues/3684/labels{/name}", "created_at": "2015-11-29T14:10:31Z", "events_url": "https://api.github.com/repos/opencart/opencart/issues/3684/events", "comments_url": "https://api.github.com/repos/opencart/opencart/issues/3684/comments", "html_url": "https://github.com/opencart/opencart/issues/3684", "comments": 11, "number": 3684, "updated_at": "2015-12-29T08:38:19Z", "assignee": null, "state": "closed", "user": {"following_url": "https://api.github.com/users/basvandenberg77/following{/other_user}", "events_url": "https://api.github.com/users/basvandenberg77/events{/privacy}", "organizations_url": "https://api.github.com/users/basvandenberg77/orgs", "url": "https://api.github.com/users/basvandenberg77", "gists_url": "https://api.github.com/users/basvandenberg77/gists{/gist_id}", "html_url": "https://github.com/basvandenberg77", "subscriptions_url": "https://api.github.com/users/basvandenberg77/subscriptions", "avatar_url": "https://avatars.githubusercontent.com/u/14803480?v=3", "repos_url": "https://api.github.com/users/basvandenberg77/repos", "received_events_url": "https://api.github.com/users/basvandenberg77/received_events", "gravatar_id": "", "starred_url": "https://api.github.com/users/basvandenberg77/starred{/owner}{/repo}", "site_admin": false, "login": "basvandenberg77", "type": "User", "id": 14803480, "followers_url": "https://api.github.com/users/basvandenberg77/followers"}, "milestone": null, "repository_url": "https://api.github.com/repos/opencart/opencart", "closed_at": "2015-12-29T08:38:19Z", "assignees": [], "id": 119361826}, "id": 477075810}, {"commit_id": null, "commit_url": null, "url": "https://api.github.com/repos/opencart/opencart/issues/events/476975955", "created_at": "2015-11-29T04:54:13Z", "actor": {"following_url": "https://api.github.com/users/danielkerr/following{/other_user}", "events_url": "https://api.github.com/users/danielkerr/events{/privacy}", "organizations_url": "https://api.github.com/users/danielkerr/orgs", "url": "https://api.github.com/users/danielkerr", "gists_url": "https://api.github.com/users/danielkerr/gists{/gist_id}", "html_url": "https://github.com/danielkerr", "subscriptions_url": "https://api.github.com/users/danielkerr/subscriptions", "avatar_url": "https://avatars.githubusercontent.com/u/5079756?v=3", "repos_url": "https://api.github.com/users/danielkerr/repos", "received_events_url": "https://api.github.com/users/danielkerr/received_events", "gravatar_id": "", "starred_url": "https://api.github.com/users/danielkerr/starred{/owner}{/repo}", "site_admin": false, "login": "danielkerr", "type": "User", "id": 5079756, "followers_url": "https://api.github.com/users/danielkerr/followers"}, "event": "closed", "issue": {"body": "Template directory is not correct:\n\n`Notice: Error: Could not load template /var/www/html/catalog/view/theme/common/column_left.tpl! in /var/www/html/system/library/template/basic.php on line 26`\n\nShould be `view/theme/default/template/common/`\n", "labels": [], "locked": false, "title": "Error: Could not load template /var/www/html/catalog/view/theme/common/column_left.tpl!", "url": "https://api.github.com/repos/opencart/opencart/issues/3676", "labels_url": "https://api.github.com/repos/opencart/opencart/issues/3676/labels{/name}", "created_at": "2015-11-28T00:10:38Z", "events_url": "https://api.github.com/repos/opencart/opencart/issues/3676/events", "comments_url": "https://api.github.com/repos/opencart/opencart/issues/3676/comments", "html_url": "https://github.com/opencart/opencart/issues/3676", "comments": 3, "number": 3676, "updated_at": "2015-11-29T07:34:54Z", "assignee": null, "state": "closed", "user": {"following_url": "https://api.github.com/users/w4ilun/following{/other_user}", "events_url": "https://api.github.com/users/w4ilun/events{/privacy}", "organizations_url": "https://api.github.com/users/w4ilun/orgs", "url": "https://api.github.com/users/w4ilun", "gists_url": "https://api.github.com/users/w4ilun/gists{/gist_id}", "html_url": "https://github.com/w4ilun", "subscriptions_url": "https://api.github.com/users/w4ilun/subscriptions", "avatar_url": "https://avatars.githubusercontent.com/u/2881361?v=3", "repos_url": "https://api.github.com/users/w4ilun/repos", "received_events_url": "https://api.github.com/users/w4ilun/received_events", "gravatar_id": "", "starred_url": "https://api.github.com/users/w4ilun/starred{/owner}{/repo}", "site_admin": false, "login": "w4ilun", "type": "User", "id": 2881361, "followers_url": "https://api.github.com/users/w4ilun/followers"}, "milestone": null, "repository_url": "https://api.github.com/repos/opencart/opencart", "closed_at": "2015-11-29T04:54:13Z", "assignees": [], "id": 119259103}, "id": 476975955}, {"commit_id": null, "commit_url": null, "url": "https://api.github.com/repos/opencart/opencart/issues/events/476975826", "created_at": "2015-11-29T04:52:57Z", "actor": {"following_url": "https://api.github.com/users/danielkerr/following{/other_user}", "events_url": "https://api.github.com/users/danielkerr/events{/privacy}", "organizations_url": "https://api.github.com/users/danielkerr/orgs", "url": "https://api.github.com/users/danielkerr", "gists_url": "https://api.github.com/users/danielkerr/gists{/gist_id}", "html_url": "https://github.com/danielkerr", "subscriptions_url": "https://api.github.com/users/danielkerr/subscriptions", "avatar_url": "https://avatars.githubusercontent.com/u/5079756?v=3", "repos_url": "https://api.github.com/users/danielkerr/repos", "received_events_url": "https://api.github.com/users/danielkerr/received_events", "gravatar_id": "", "starred_url": "https://api.github.com/users/danielkerr/starred{/owner}{/repo}", "site_admin": false, "login": "danielkerr", "type": "User", "id": 5079756, "followers_url": "https://api.github.com/users/danielkerr/followers"}, "event": "closed", "issue": {"body": "Hello Daniel,\n\njust a couple of opinions/considerations\n\n1)\ni noticed you are moving core/system classes to namespaced versions.\nwhat about following PSR the way Yii2 frameworks does?\n\n/system/library/cart/Customer.php\n\n``` php\nnamespace system/library/cart; // or even including vendor name oc/system/library/cart\n\nclass Customer {\n// ...\n}\n```\n\nYii2 uses lowercase for directory paths and namespaces (this does not break PSR) and camel case for  class names and files. I believe this would be less confusing for people coming from or using other frameworks.\n\n2)\neven not following PSR standards i believe it would be better to keep class names related to file names, for example\n\n\"session/default.php\"  could be less confusing if written as \"session/file.php\" and setting the \"file\" session adapter in the configuration as the default adapter/driver.\n\nkind regards,\nmaks\n", "labels": [], "locked": false, "title": "DISCUSSION: namespaces and PSR", "url": "https://api.github.com/repos/opencart/opencart/issues/3545", "labels_url": "https://api.github.com/repos/opencart/opencart/issues/3545/labels{/name}", "created_at": "2015-10-23T15:00:27Z", "events_url": "https://api.github.com/repos/opencart/opencart/issues/3545/events", "comments_url": "https://api.github.com/repos/opencart/opencart/issues/3545/comments", "html_url": "https://github.com/opencart/opencart/issues/3545", "comments": 2, "number": 3545, "updated_at": "2015-11-29T04:53:04Z", "assignee": null, "state": "closed", "user": {"following_url": "https://api.github.com/users/pine3ree/following{/other_user}", "events_url": "https://api.github.com/users/pine3ree/events{/privacy}", "organizations_url": "https://api.github.com/users/pine3ree/orgs", "url": "https://api.github.com/users/pine3ree", "gists_url": "https://api.github.com/users/pine3ree/gists{/gist_id}", "html_url": "https://github.com/pine3ree", "subscriptions_url": "https://api.github.com/users/pine3ree/subscriptions", "avatar_url": "https://avatars.githubusercontent.com/u/3229979?v=3", "repos_url": "https://api.github.com/users/pine3ree/repos", "received_events_url": "https://api.github.com/users/pine3ree/received_events", "gravatar_id": "", "starred_url": "https://api.github.com/users/pine3ree/starred{/owner}{/repo}", "site_admin": false, "login": "pine3ree", "type": "User", "id": 3229979, "followers_url": "https://api.github.com/users/pine3ree/followers"}, "milestone": null, "repository_url": "https://api.github.com/repos/opencart/opencart", "closed_at": "2015-11-29T04:52:57Z", "assignees": [], "id": 113037304}, "id": 476975826}]