[{"commit_id": "20f7ad44e06a4f2cdd27aab087bb3b95babe547e", "commit_url": "https://api.github.com/repos/opencart/opencart/commits/20f7ad44e06a4f2cdd27aab087bb3b95babe547e", "url": "https://api.github.com/repos/opencart/opencart/issues/events/575792397", "created_at": "2016-03-03T06:29:35Z", "actor": {"following_url": "https://api.github.com/users/danielkerr/following{/other_user}", "events_url": "https://api.github.com/users/danielkerr/events{/privacy}", "organizations_url": "https://api.github.com/users/danielkerr/orgs", "url": "https://api.github.com/users/danielkerr", "gists_url": "https://api.github.com/users/danielkerr/gists{/gist_id}", "html_url": "https://github.com/danielkerr", "subscriptions_url": "https://api.github.com/users/danielkerr/subscriptions", "avatar_url": "https://avatars.githubusercontent.com/u/5079756?v=3", "repos_url": "https://api.github.com/users/danielkerr/repos", "received_events_url": "https://api.github.com/users/danielkerr/received_events", "gravatar_id": "", "starred_url": "https://api.github.com/users/danielkerr/starred{/owner}{/repo}", "site_admin": false, "login": "danielkerr", "type": "User", "id": 5079756, "followers_url": "https://api.github.com/users/danielkerr/followers"}, "event": "referenced", "issue": {"labels": [], "number": 4027, "assignee": null, "repository_url": "https://api.github.com/repos/opencart/opencart", "closed_at": "2016-03-03T06:29:35Z", "id": 137869928, "title": "Need to change $order_data to $customer_data", "pull_request": {"url": "https://api.github.com/repos/opencart/opencart/pulls/4027", "diff_url": "https://github.com/opencart/opencart/pull/4027.diff", "html_url": "https://github.com/opencart/opencart/pull/4027", "patch_url": "https://github.com/opencart/opencart/pull/4027.patch"}, "comments": 0, "state": "closed", "body": "Misprint (\u041e\u0447\u0435\u043f\u044f\u0442\u043a\u0430)\n", "labels_url": "https://api.github.com/repos/opencart/opencart/issues/4027/labels{/name}", "events_url": "https://api.github.com/repos/opencart/opencart/issues/4027/events", "comments_url": "https://api.github.com/repos/opencart/opencart/issues/4027/comments", "html_url": "https://github.com/opencart/opencart/pull/4027", "updated_at": "2016-03-03T06:29:39Z", "user": {"following_url": "https://api.github.com/users/AlexanderKovalchuk/following{/other_user}", "events_url": "https://api.github.com/users/AlexanderKovalchuk/events{/privacy}", "organizations_url": "https://api.github.com/users/AlexanderKovalchuk/orgs", "url": "https://api.github.com/users/AlexanderKovalchuk", "gists_url": "https://api.github.com/users/AlexanderKovalchuk/gists{/gist_id}", "html_url": "https://github.com/AlexanderKovalchuk", "subscriptions_url": "https://api.github.com/users/AlexanderKovalchuk/subscriptions", "avatar_url": "https://avatars.githubusercontent.com/u/14261969?v=3", "repos_url": "https://api.github.com/users/AlexanderKovalchuk/repos", "received_events_url": "https://api.github.com/users/AlexanderKovalchuk/received_events", "gravatar_id": "", "starred_url": "https://api.github.com/users/AlexanderKovalchuk/starred{/owner}{/repo}", "site_admin": false, "login": "AlexanderKovalchuk", "type": "User", "id": 14261969, "followers_url": "https://api.github.com/users/AlexanderKovalchuk/followers"}, "milestone": null, "locked": false, "url": "https://api.github.com/repos/opencart/opencart/issues/4027", "created_at": "2016-03-02T13:09:41Z", "assignees": []}, "id": 575792397}, {"commit_id": null, "commit_url": null, "url": "https://api.github.com/repos/opencart/opencart/issues/events/575792129", "created_at": "2016-03-03T06:29:16Z", "actor": {"following_url": "https://api.github.com/users/danielkerr/following{/other_user}", "events_url": "https://api.github.com/users/danielkerr/events{/privacy}", "organizations_url": "https://api.github.com/users/danielkerr/orgs", "url": "https://api.github.com/users/danielkerr", "gists_url": "https://api.github.com/users/danielkerr/gists{/gist_id}", "html_url": "https://github.com/danielkerr", "subscriptions_url": "https://api.github.com/users/danielkerr/subscriptions", "avatar_url": "https://avatars.githubusercontent.com/u/5079756?v=3", "repos_url": "https://api.github.com/users/danielkerr/repos", "received_events_url": "https://api.github.com/users/danielkerr/received_events", "gravatar_id": "", "starred_url": "https://api.github.com/users/danielkerr/starred{/owner}{/repo}", "site_admin": false, "login": "danielkerr", "type": "User", "id": 5079756, "followers_url": "https://api.github.com/users/danielkerr/followers"}, "event": "closed", "issue": {"labels": [], "number": 4028, "assignee": null, "repository_url": "https://api.github.com/repos/opencart/opencart", "closed_at": "2016-03-03T06:29:16Z", "id": 137977016, "title": "correct file name _error.log", "pull_request": {"url": "https://api.github.com/repos/opencart/opencart/pulls/4028", "diff_url": "https://github.com/opencart/opencart/pull/4028.diff", "html_url": "https://github.com/opencart/opencart/pull/4028", "patch_url": "https://github.com/opencart/opencart/pull/4028.patch"}, "comments": 0, "state": "closed", "body": "", "labels_url": "https://api.github.com/repos/opencart/opencart/issues/4028/labels{/name}", "events_url": "https://api.github.com/repos/opencart/opencart/issues/4028/events", "comments_url": "https://api.github.com/repos/opencart/opencart/issues/4028/comments", "html_url": "https://github.com/opencart/opencart/pull/4028", "updated_at": "2016-03-03T06:29:20Z", "user": {"following_url": "https://api.github.com/users/opencart-russia/following{/other_user}", "events_url": "https://api.github.com/users/opencart-russia/events{/privacy}", "organizations_url": "https://api.github.com/users/opencart-russia/orgs", "url": "https://api.github.com/users/opencart-russia", "gists_url": "https://api.github.com/users/opencart-russia/gists{/gist_id}", "html_url": "https://github.com/opencart-russia", "subscriptions_url": "https://api.github.com/users/opencart-russia/subscriptions", "avatar_url": "https://avatars.githubusercontent.com/u/7591442?v=3", "repos_url": "https://api.github.com/users/opencart-russia/repos", "received_events_url": "https://api.github.com/users/opencart-russia/received_events", "gravatar_id": "", "starred_url": "https://api.github.com/users/opencart-russia/starred{/owner}{/repo}", "site_admin": false, "login": "opencart-russia", "type": "User", "id": 7591442, "followers_url": "https://api.github.com/users/opencart-russia/followers"}, "milestone": null, "locked": false, "url": "https://api.github.com/repos/opencart/opencart/issues/4028", "created_at": "2016-03-02T20:02:34Z", "assignees": []}, "id": 575792129}, {"commit_id": "9f9d452ad482773d073ffdfaaeaa14024d9213dd", "commit_url": "https://api.github.com/repos/opencart/opencart/commits/9f9d452ad482773d073ffdfaaeaa14024d9213dd", "url": "https://api.github.com/repos/opencart/opencart/issues/events/575792128", "created_at": "2016-03-03T06:29:16Z", "actor": {"following_url": "https://api.github.com/users/danielkerr/following{/other_user}", "events_url": "https://api.github.com/users/danielkerr/events{/privacy}", "organizations_url": "https://api.github.com/users/danielkerr/orgs", "url": "https://api.github.com/users/danielkerr", "gists_url": "https://api.github.com/users/danielkerr/gists{/gist_id}", "html_url": "https://github.com/danielkerr", "subscriptions_url": "https://api.github.com/users/danielkerr/subscriptions", "avatar_url": "https://avatars.githubusercontent.com/u/5079756?v=3", "repos_url": "https://api.github.com/users/danielkerr/repos", "received_events_url": "https://api.github.com/users/danielkerr/received_events", "gravatar_id": "", "starred_url": "https://api.github.com/users/danielkerr/starred{/owner}{/repo}", "site_admin": false, "login": "danielkerr", "type": "User", "id": 5079756, "followers_url": "https://api.github.com/users/danielkerr/followers"}, "event": "merged", "issue": {"labels": [], "number": 4028, "assignee": null, "repository_url": "https://api.github.com/repos/opencart/opencart", "closed_at": "2016-03-03T06:29:16Z", "id": 137977016, "title": "correct file name _error.log", "pull_request": {"url": "https://api.github.com/repos/opencart/opencart/pulls/4028", "diff_url": "https://github.com/opencart/opencart/pull/4028.diff", "html_url": "https://github.com/opencart/opencart/pull/4028", "patch_url": "https://github.com/opencart/opencart/pull/4028.patch"}, "comments": 0, "state": "closed", "body": "", "labels_url": "https://api.github.com/repos/opencart/opencart/issues/4028/labels{/name}", "events_url": "https://api.github.com/repos/opencart/opencart/issues/4028/events", "comments_url": "https://api.github.com/repos/opencart/opencart/issues/4028/comments", "html_url": "https://github.com/opencart/opencart/pull/4028", "updated_at": "2016-03-03T06:29:20Z", "user": {"following_url": "https://api.github.com/users/opencart-russia/following{/other_user}", "events_url": "https://api.github.com/users/opencart-russia/events{/privacy}", "organizations_url": "https://api.github.com/users/opencart-russia/orgs", "url": "https://api.github.com/users/opencart-russia", "gists_url": "https://api.github.com/users/opencart-russia/gists{/gist_id}", "html_url": "https://github.com/opencart-russia", "subscriptions_url": "https://api.github.com/users/opencart-russia/subscriptions", "avatar_url": "https://avatars.githubusercontent.com/u/7591442?v=3", "repos_url": "https://api.github.com/users/opencart-russia/repos", "received_events_url": "https://api.github.com/users/opencart-russia/received_events", "gravatar_id": "", "starred_url": "https://api.github.com/users/opencart-russia/starred{/owner}{/repo}", "site_admin": false, "login": "opencart-russia", "type": "User", "id": 7591442, "followers_url": "https://api.github.com/users/opencart-russia/followers"}, "milestone": null, "locked": false, "url": "https://api.github.com/repos/opencart/opencart/issues/4028", "created_at": "2016-03-02T20:02:34Z", "assignees": []}, "id": 575792128}, {"commit_id": "9f9d452ad482773d073ffdfaaeaa14024d9213dd", "commit_url": "https://api.github.com/repos/opencart/opencart/commits/9f9d452ad482773d073ffdfaaeaa14024d9213dd", "url": "https://api.github.com/repos/opencart/opencart/issues/events/575792127", "created_at": "2016-03-03T06:29:16Z", "actor": {"following_url": "https://api.github.com/users/danielkerr/following{/other_user}", "events_url": "https://api.github.com/users/danielkerr/events{/privacy}", "organizations_url": "https://api.github.com/users/danielkerr/orgs", "url": "https://api.github.com/users/danielkerr", "gists_url": "https://api.github.com/users/danielkerr/gists{/gist_id}", "html_url": "https://github.com/danielkerr", "subscriptions_url": "https://api.github.com/users/danielkerr/subscriptions", "avatar_url": "https://avatars.githubusercontent.com/u/5079756?v=3", "repos_url": "https://api.github.com/users/danielkerr/repos", "received_events_url": "https://api.github.com/users/danielkerr/received_events", "gravatar_id": "", "starred_url": "https://api.github.com/users/danielkerr/starred{/owner}{/repo}", "site_admin": false, "login": "danielkerr", "type": "User", "id": 5079756, "followers_url": "https://api.github.com/users/danielkerr/followers"}, "event": "referenced", "issue": {"labels": [], "number": 4028, "assignee": null, "repository_url": "https://api.github.com/repos/opencart/opencart", "closed_at": "2016-03-03T06:29:16Z", "id": 137977016, "title": "correct file name _error.log", "pull_request": {"url": "https://api.github.com/repos/opencart/opencart/pulls/4028", "diff_url": "https://github.com/opencart/opencart/pull/4028.diff", "html_url": "https://github.com/opencart/opencart/pull/4028", "patch_url": "https://github.com/opencart/opencart/pull/4028.patch"}, "comments": 0, "state": "closed", "body": "", "labels_url": "https://api.github.com/repos/opencart/opencart/issues/4028/labels{/name}", "events_url": "https://api.github.com/repos/opencart/opencart/issues/4028/events", "comments_url": "https://api.github.com/repos/opencart/opencart/issues/4028/comments", "html_url": "https://github.com/opencart/opencart/pull/4028", "updated_at": "2016-03-03T06:29:20Z", "user": {"following_url": "https://api.github.com/users/opencart-russia/following{/other_user}", "events_url": "https://api.github.com/users/opencart-russia/events{/privacy}", "organizations_url": "https://api.github.com/users/opencart-russia/orgs", "url": "https://api.github.com/users/opencart-russia", "gists_url": "https://api.github.com/users/opencart-russia/gists{/gist_id}", "html_url": "https://github.com/opencart-russia", "subscriptions_url": "https://api.github.com/users/opencart-russia/subscriptions", "avatar_url": "https://avatars.githubusercontent.com/u/7591442?v=3", "repos_url": "https://api.github.com/users/opencart-russia/repos", "received_events_url": "https://api.github.com/users/opencart-russia/received_events", "gravatar_id": "", "starred_url": "https://api.github.com/users/opencart-russia/starred{/owner}{/repo}", "site_admin": false, "login": "opencart-russia", "type": "User", "id": 7591442, "followers_url": "https://api.github.com/users/opencart-russia/followers"}, "milestone": null, "locked": false, "url": "https://api.github.com/repos/opencart/opencart/issues/4028", "created_at": "2016-03-02T20:02:34Z", "assignees": []}, "id": 575792127}, {"commit_id": null, "commit_url": null, "url": "https://api.github.com/repos/opencart/opencart/issues/events/574637979", "created_at": "2016-03-02T13:18:39Z", "actor": {"following_url": "https://api.github.com/users/danielkerr/following{/other_user}", "events_url": "https://api.github.com/users/danielkerr/events{/privacy}", "organizations_url": "https://api.github.com/users/danielkerr/orgs", "url": "https://api.github.com/users/danielkerr", "gists_url": "https://api.github.com/users/danielkerr/gists{/gist_id}", "html_url": "https://github.com/danielkerr", "subscriptions_url": "https://api.github.com/users/danielkerr/subscriptions", "avatar_url": "https://avatars.githubusercontent.com/u/5079756?v=3", "repos_url": "https://api.github.com/users/danielkerr/repos", "received_events_url": "https://api.github.com/users/danielkerr/received_events", "gravatar_id": "", "starred_url": "https://api.github.com/users/danielkerr/starred{/owner}{/repo}", "site_admin": false, "login": "danielkerr", "type": "User", "id": 5079756, "followers_url": "https://api.github.com/users/danielkerr/followers"}, "event": "closed", "issue": {"body": "1. customer account recurring order page showing errors.\n2. admin recurring order needs redesign\n", "labels": [], "locked": false, "title": "Recurring order problem", "url": "https://api.github.com/repos/opencart/opencart/issues/3872", "labels_url": "https://api.github.com/repos/opencart/opencart/issues/3872/labels{/name}", "created_at": "2016-01-26T14:27:19Z", "events_url": "https://api.github.com/repos/opencart/opencart/issues/3872/events", "comments_url": "https://api.github.com/repos/opencart/opencart/issues/3872/comments", "html_url": "https://github.com/opencart/opencart/issues/3872", "comments": 2, "number": 3872, "updated_at": "2016-03-02T13:18:43Z", "assignee": null, "state": "closed", "user": {"following_url": "https://api.github.com/users/danielkerr/following{/other_user}", "events_url": "https://api.github.com/users/danielkerr/events{/privacy}", "organizations_url": "https://api.github.com/users/danielkerr/orgs", "url": "https://api.github.com/users/danielkerr", "gists_url": "https://api.github.com/users/danielkerr/gists{/gist_id}", "html_url": "https://github.com/danielkerr", "subscriptions_url": "https://api.github.com/users/danielkerr/subscriptions", "avatar_url": "https://avatars.githubusercontent.com/u/5079756?v=3", "repos_url": "https://api.github.com/users/danielkerr/repos", "received_events_url": "https://api.github.com/users/danielkerr/received_events", "gravatar_id": "", "starred_url": "https://api.github.com/users/danielkerr/starred{/owner}{/repo}", "site_admin": false, "login": "danielkerr", "type": "User", "id": 5079756, "followers_url": "https://api.github.com/users/danielkerr/followers"}, "milestone": null, "repository_url": "https://api.github.com/repos/opencart/opencart", "closed_at": "2016-03-02T13:18:39Z", "assignees": [], "id": 128835659}, "id": 574637979}, {"commit_id": null, "commit_url": null, "url": "https://api.github.com/repos/opencart/opencart/issues/events/573729111", "created_at": "2016-03-01T21:43:53Z", "actor": {"following_url": "https://api.github.com/users/jamesallsup/following{/other_user}", "events_url": "https://api.github.com/users/jamesallsup/events{/privacy}", "organizations_url": "https://api.github.com/users/jamesallsup/orgs", "url": "https://api.github.com/users/jamesallsup", "gists_url": "https://api.github.com/users/jamesallsup/gists{/gist_id}", "html_url": "https://github.com/jamesallsup", "subscriptions_url": "https://api.github.com/users/jamesallsup/subscriptions", "avatar_url": "https://avatars.githubusercontent.com/u/2026129?v=3", "repos_url": "https://api.github.com/users/jamesallsup/repos", "received_events_url": "https://api.github.com/users/jamesallsup/received_events", "gravatar_id": "", "starred_url": "https://api.github.com/users/jamesallsup/starred{/owner}{/repo}", "site_admin": false, "login": "jamesallsup", "type": "User", "id": 2026129, "followers_url": "https://api.github.com/users/jamesallsup/followers"}, "event": "closed", "issue": {"body": "Hello Guys, \n\nI m working on ecommerce Website where i need an module for automated Payment Tranfer..\nIn this Project, Seller means Owner wants to provide Men & Women Dress on Rent with some Security Amounts...\nOwner want thats when Users/Customers return the dress to him then Secuirity amount should be Tranfer in Customers Account automatically...\nCan anyone help me for same..\n", "labels": [], "locked": false, "title": "I want an Automated Payment System in Opencart", "url": "https://api.github.com/repos/opencart/opencart/issues/4023", "labels_url": "https://api.github.com/repos/opencart/opencart/issues/4023/labels{/name}", "created_at": "2016-03-01T19:45:47Z", "events_url": "https://api.github.com/repos/opencart/opencart/issues/4023/events", "comments_url": "https://api.github.com/repos/opencart/opencart/issues/4023/comments", "html_url": "https://github.com/opencart/opencart/issues/4023", "comments": 1, "number": 4023, "updated_at": "2016-03-01T21:43:57Z", "assignee": null, "state": "closed", "user": {"following_url": "https://api.github.com/users/gabaparas/following{/other_user}", "events_url": "https://api.github.com/users/gabaparas/events{/privacy}", "organizations_url": "https://api.github.com/users/gabaparas/orgs", "url": "https://api.github.com/users/gabaparas", "gists_url": "https://api.github.com/users/gabaparas/gists{/gist_id}", "html_url": "https://github.com/gabaparas", "subscriptions_url": "https://api.github.com/users/gabaparas/subscriptions", "avatar_url": "https://avatars.githubusercontent.com/u/17094876?v=3", "repos_url": "https://api.github.com/users/gabaparas/repos", "received_events_url": "https://api.github.com/users/gabaparas/received_events", "gravatar_id": "", "starred_url": "https://api.github.com/users/gabaparas/starred{/owner}{/repo}", "site_admin": false, "login": "gabaparas", "type": "User", "id": 17094876, "followers_url": "https://api.github.com/users/gabaparas/followers"}, "milestone": null, "repository_url": "https://api.github.com/repos/opencart/opencart", "closed_at": "2016-03-01T21:43:53Z", "assignees": [], "id": 137667881}, "id": 573729111}, {"commit_id": null, "commit_url": null, "url": "https://api.github.com/repos/opencart/opencart/issues/events/573728236", "created_at": "2016-03-01T21:43:16Z", "actor": {"following_url": "https://api.github.com/users/jamesallsup/following{/other_user}", "events_url": "https://api.github.com/users/jamesallsup/events{/privacy}", "organizations_url": "https://api.github.com/users/jamesallsup/orgs", "url": "https://api.github.com/users/jamesallsup", "gists_url": "https://api.github.com/users/jamesallsup/gists{/gist_id}", "html_url": "https://github.com/jamesallsup", "subscriptions_url": "https://api.github.com/users/jamesallsup/subscriptions", "avatar_url": "https://avatars.githubusercontent.com/u/2026129?v=3", "repos_url": "https://api.github.com/users/jamesallsup/repos", "received_events_url": "https://api.github.com/users/jamesallsup/received_events", "gravatar_id": "", "starred_url": "https://api.github.com/users/jamesallsup/starred{/owner}{/repo}", "site_admin": false, "login": "jamesallsup", "type": "User", "id": 2026129, "followers_url": "https://api.github.com/users/jamesallsup/followers"}, "event": "unlabeled", "label": {"color": "ededed", "name": "in progress"}, "issue": {"labels": [], "number": 4024, "assignee": null, "repository_url": "https://api.github.com/repos/opencart/opencart", "closed_at": "2016-03-01T21:43:13Z", "id": 137695474, "title": "Update OpenBay Pro to latest stable version.", "pull_request": {"url": "https://api.github.com/repos/opencart/opencart/pulls/4024", "diff_url": "https://github.com/opencart/opencart/pull/4024.diff", "html_url": "https://github.com/opencart/opencart/pull/4024", "patch_url": "https://github.com/opencart/opencart/pull/4024.patch"}, "comments": 0, "state": "closed", "body": "", "labels_url": "https://api.github.com/repos/opencart/opencart/issues/4024/labels{/name}", "events_url": "https://api.github.com/repos/opencart/opencart/issues/4024/events", "comments_url": "https://api.github.com/repos/opencart/opencart/issues/4024/comments", "html_url": "https://github.com/opencart/opencart/pull/4024", "updated_at": "2016-03-01T21:43:16Z", "user": {"following_url": "https://api.github.com/users/jamesallsup/following{/other_user}", "events_url": "https://api.github.com/users/jamesallsup/events{/privacy}", "organizations_url": "https://api.github.com/users/jamesallsup/orgs", "url": "https://api.github.com/users/jamesallsup", "gists_url": "https://api.github.com/users/jamesallsup/gists{/gist_id}", "html_url": "https://github.com/jamesallsup", "subscriptions_url": "https://api.github.com/users/jamesallsup/subscriptions", "avatar_url": "https://avatars.githubusercontent.com/u/2026129?v=3", "repos_url": "https://api.github.com/users/jamesallsup/repos", "received_events_url": "https://api.github.com/users/jamesallsup/received_events", "gravatar_id": "", "starred_url": "https://api.github.com/users/jamesallsup/starred{/owner}{/repo}", "site_admin": false, "login": "jamesallsup", "type": "User", "id": 2026129, "followers_url": "https://api.github.com/users/jamesallsup/followers"}, "milestone": null, "locked": false, "url": "https://api.github.com/repos/opencart/opencart/issues/4024", "created_at": "2016-03-01T21:43:03Z", "assignees": []}, "id": 573728236}, {"commit_id": null, "commit_url": null, "url": "https://api.github.com/repos/opencart/opencart/issues/events/573728149", "created_at": "2016-03-01T21:43:13Z", "actor": {"following_url": "https://api.github.com/users/jamesallsup/following{/other_user}", "events_url": "https://api.github.com/users/jamesallsup/events{/privacy}", "organizations_url": "https://api.github.com/users/jamesallsup/orgs", "url": "https://api.github.com/users/jamesallsup", "gists_url": "https://api.github.com/users/jamesallsup/gists{/gist_id}", "html_url": "https://github.com/jamesallsup", "subscriptions_url": "https://api.github.com/users/jamesallsup/subscriptions", "avatar_url": "https://avatars.githubusercontent.com/u/2026129?v=3", "repos_url": "https://api.github.com/users/jamesallsup/repos", "received_events_url": "https://api.github.com/users/jamesallsup/received_events", "gravatar_id": "", "starred_url": "https://api.github.com/users/jamesallsup/starred{/owner}{/repo}", "site_admin": false, "login": "jamesallsup", "type": "User", "id": 2026129, "followers_url": "https://api.github.com/users/jamesallsup/followers"}, "event": "closed", "issue": {"labels": [], "number": 4024, "assignee": null, "repository_url": "https://api.github.com/repos/opencart/opencart", "closed_at": "2016-03-01T21:43:13Z", "id": 137695474, "title": "Update OpenBay Pro to latest stable version.", "pull_request": {"url": "https://api.github.com/repos/opencart/opencart/pulls/4024", "diff_url": "https://github.com/opencart/opencart/pull/4024.diff", "html_url": "https://github.com/opencart/opencart/pull/4024", "patch_url": "https://github.com/opencart/opencart/pull/4024.patch"}, "comments": 0, "state": "closed", "body": "", "labels_url": "https://api.github.com/repos/opencart/opencart/issues/4024/labels{/name}", "events_url": "https://api.github.com/repos/opencart/opencart/issues/4024/events", "comments_url": "https://api.github.com/repos/opencart/opencart/issues/4024/comments", "html_url": "https://github.com/opencart/opencart/pull/4024", "updated_at": "2016-03-01T21:43:16Z", "user": {"following_url": "https://api.github.com/users/jamesallsup/following{/other_user}", "events_url": "https://api.github.com/users/jamesallsup/events{/privacy}", "organizations_url": "https://api.github.com/users/jamesallsup/orgs", "url": "https://api.github.com/users/jamesallsup", "gists_url": "https://api.github.com/users/jamesallsup/gists{/gist_id}", "html_url": "https://github.com/jamesallsup", "subscriptions_url": "https://api.github.com/users/jamesallsup/subscriptions", "avatar_url": "https://avatars.githubusercontent.com/u/2026129?v=3", "repos_url": "https://api.github.com/users/jamesallsup/repos", "received_events_url": "https://api.github.com/users/jamesallsup/received_events", "gravatar_id": "", "starred_url": "https://api.github.com/users/jamesallsup/starred{/owner}{/repo}", "site_admin": false, "login": "jamesallsup", "type": "User", "id": 2026129, "followers_url": "https://api.github.com/users/jamesallsup/followers"}, "milestone": null, "locked": false, "url": "https://api.github.com/repos/opencart/opencart/issues/4024", "created_at": "2016-03-01T21:43:03Z", "assignees": []}, "id": 573728149}, {"commit_id": "f2f9bbba8e1cb2735326a942e031328bf218f75e", "commit_url": "https://api.github.com/repos/opencart/opencart/commits/f2f9bbba8e1cb2735326a942e031328bf218f75e", "url": "https://api.github.com/repos/opencart/opencart/issues/events/573728146", "created_at": "2016-03-01T21:43:13Z", "actor": {"following_url": "https://api.github.com/users/jamesallsup/following{/other_user}", "events_url": "https://api.github.com/users/jamesallsup/events{/privacy}", "organizations_url": "https://api.github.com/users/jamesallsup/orgs", "url": "https://api.github.com/users/jamesallsup", "gists_url": "https://api.github.com/users/jamesallsup/gists{/gist_id}", "html_url": "https://github.com/jamesallsup", "subscriptions_url": "https://api.github.com/users/jamesallsup/subscriptions", "avatar_url": "https://avatars.githubusercontent.com/u/2026129?v=3", "repos_url": "https://api.github.com/users/jamesallsup/repos", "received_events_url": "https://api.github.com/users/jamesallsup/received_events", "gravatar_id": "", "starred_url": "https://api.github.com/users/jamesallsup/starred{/owner}{/repo}", "site_admin": false, "login": "jamesallsup", "type": "User", "id": 2026129, "followers_url": "https://api.github.com/users/jamesallsup/followers"}, "event": "merged", "issue": {"labels": [], "number": 4024, "assignee": null, "repository_url": "https://api.github.com/repos/opencart/opencart", "closed_at": "2016-03-01T21:43:13Z", "id": 137695474, "title": "Update OpenBay Pro to latest stable version.", "pull_request": {"url": "https://api.github.com/repos/opencart/opencart/pulls/4024", "diff_url": "https://github.com/opencart/opencart/pull/4024.diff", "html_url": "https://github.com/opencart/opencart/pull/4024", "patch_url": "https://github.com/opencart/opencart/pull/4024.patch"}, "comments": 0, "state": "closed", "body": "", "labels_url": "https://api.github.com/repos/opencart/opencart/issues/4024/labels{/name}", "events_url": "https://api.github.com/repos/opencart/opencart/issues/4024/events", "comments_url": "https://api.github.com/repos/opencart/opencart/issues/4024/comments", "html_url": "https://github.com/opencart/opencart/pull/4024", "updated_at": "2016-03-01T21:43:16Z", "user": {"following_url": "https://api.github.com/users/jamesallsup/following{/other_user}", "events_url": "https://api.github.com/users/jamesallsup/events{/privacy}", "organizations_url": "https://api.github.com/users/jamesallsup/orgs", "url": "https://api.github.com/users/jamesallsup", "gists_url": "https://api.github.com/users/jamesallsup/gists{/gist_id}", "html_url": "https://github.com/jamesallsup", "subscriptions_url": "https://api.github.com/users/jamesallsup/subscriptions", "avatar_url": "https://avatars.githubusercontent.com/u/2026129?v=3", "repos_url": "https://api.github.com/users/jamesallsup/repos", "received_events_url": "https://api.github.com/users/jamesallsup/received_events", "gravatar_id": "", "starred_url": "https://api.github.com/users/jamesallsup/starred{/owner}{/repo}", "site_admin": false, "login": "jamesallsup", "type": "User", "id": 2026129, "followers_url": "https://api.github.com/users/jamesallsup/followers"}, "milestone": null, "locked": false, "url": "https://api.github.com/repos/opencart/opencart/issues/4024", "created_at": "2016-03-01T21:43:03Z", "assignees": []}, "id": 573728146}, {"commit_id": "f2f9bbba8e1cb2735326a942e031328bf218f75e", "commit_url": "https://api.github.com/repos/opencart/opencart/commits/f2f9bbba8e1cb2735326a942e031328bf218f75e", "url": "https://api.github.com/repos/opencart/opencart/issues/events/573728145", "created_at": "2016-03-01T21:43:13Z", "actor": {"following_url": "https://api.github.com/users/jamesallsup/following{/other_user}", "events_url": "https://api.github.com/users/jamesallsup/events{/privacy}", "organizations_url": "https://api.github.com/users/jamesallsup/orgs", "url": "https://api.github.com/users/jamesallsup", "gists_url": "https://api.github.com/users/jamesallsup/gists{/gist_id}", "html_url": "https://github.com/jamesallsup", "subscriptions_url": "https://api.github.com/users/jamesallsup/subscriptions", "avatar_url": "https://avatars.githubusercontent.com/u/2026129?v=3", "repos_url": "https://api.github.com/users/jamesallsup/repos", "received_events_url": "https://api.github.com/users/jamesallsup/received_events", "gravatar_id": "", "starred_url": "https://api.github.com/users/jamesallsup/starred{/owner}{/repo}", "site_admin": false, "login": "jamesallsup", "type": "User", "id": 2026129, "followers_url": "https://api.github.com/users/jamesallsup/followers"}, "event": "referenced", "issue": {"labels": [], "number": 4024, "assignee": null, "repository_url": "https://api.github.com/repos/opencart/opencart", "closed_at": "2016-03-01T21:43:13Z", "id": 137695474, "title": "Update OpenBay Pro to latest stable version.", "pull_request": {"url": "https://api.github.com/repos/opencart/opencart/pulls/4024", "diff_url": "https://github.com/opencart/opencart/pull/4024.diff", "html_url": "https://github.com/opencart/opencart/pull/4024", "patch_url": "https://github.com/opencart/opencart/pull/4024.patch"}, "comments": 0, "state": "closed", "body": "", "labels_url": "https://api.github.com/repos/opencart/opencart/issues/4024/labels{/name}", "events_url": "https://api.github.com/repos/opencart/opencart/issues/4024/events", "comments_url": "https://api.github.com/repos/opencart/opencart/issues/4024/comments", "html_url": "https://github.com/opencart/opencart/pull/4024", "updated_at": "2016-03-01T21:43:16Z", "user": {"following_url": "https://api.github.com/users/jamesallsup/following{/other_user}", "events_url": "https://api.github.com/users/jamesallsup/events{/privacy}", "organizations_url": "https://api.github.com/users/jamesallsup/orgs", "url": "https://api.github.com/users/jamesallsup", "gists_url": "https://api.github.com/users/jamesallsup/gists{/gist_id}", "html_url": "https://github.com/jamesallsup", "subscriptions_url": "https://api.github.com/users/jamesallsup/subscriptions", "avatar_url": "https://avatars.githubusercontent.com/u/2026129?v=3", "repos_url": "https://api.github.com/users/jamesallsup/repos", "received_events_url": "https://api.github.com/users/jamesallsup/received_events", "gravatar_id": "", "starred_url": "https://api.github.com/users/jamesallsup/starred{/owner}{/repo}", "site_admin": false, "login": "jamesallsup", "type": "User", "id": 2026129, "followers_url": "https://api.github.com/users/jamesallsup/followers"}, "milestone": null, "locked": false, "url": "https://api.github.com/repos/opencart/opencart/issues/4024", "created_at": "2016-03-01T21:43:03Z", "assignees": []}, "id": 573728145}, {"commit_id": null, "commit_url": null, "url": "https://api.github.com/repos/opencart/opencart/issues/events/573727987", "created_at": "2016-03-01T21:43:07Z", "actor": {"following_url": "https://api.github.com/users/jamesallsup/following{/other_user}", "events_url": "https://api.github.com/users/jamesallsup/events{/privacy}", "organizations_url": "https://api.github.com/users/jamesallsup/orgs", "url": "https://api.github.com/users/jamesallsup", "gists_url": "https://api.github.com/users/jamesallsup/gists{/gist_id}", "html_url": "https://github.com/jamesallsup", "subscriptions_url": "https://api.github.com/users/jamesallsup/subscriptions", "avatar_url": "https://avatars.githubusercontent.com/u/2026129?v=3", "repos_url": "https://api.github.com/users/jamesallsup/repos", "received_events_url": "https://api.github.com/users/jamesallsup/received_events", "gravatar_id": "", "starred_url": "https://api.github.com/users/jamesallsup/starred{/owner}{/repo}", "site_admin": false, "login": "jamesallsup", "type": "User", "id": 2026129, "followers_url": "https://api.github.com/users/jamesallsup/followers"}, "event": "labeled", "label": {"color": "ededed", "name": "in progress"}, "issue": {"labels": [], "number": 4024, "assignee": null, "repository_url": "https://api.github.com/repos/opencart/opencart", "closed_at": "2016-03-01T21:43:13Z", "id": 137695474, "title": "Update OpenBay Pro to latest stable version.", "pull_request": {"url": "https://api.github.com/repos/opencart/opencart/pulls/4024", "diff_url": "https://github.com/opencart/opencart/pull/4024.diff", "html_url": "https://github.com/opencart/opencart/pull/4024", "patch_url": "https://github.com/opencart/opencart/pull/4024.patch"}, "comments": 0, "state": "closed", "body": "", "labels_url": "https://api.github.com/repos/opencart/opencart/issues/4024/labels{/name}", "events_url": "https://api.github.com/repos/opencart/opencart/issues/4024/events", "comments_url": "https://api.github.com/repos/opencart/opencart/issues/4024/comments", "html_url": "https://github.com/opencart/opencart/pull/4024", "updated_at": "2016-03-01T21:43:16Z", "user": {"following_url": "https://api.github.com/users/jamesallsup/following{/other_user}", "events_url": "https://api.github.com/users/jamesallsup/events{/privacy}", "organizations_url": "https://api.github.com/users/jamesallsup/orgs", "url": "https://api.github.com/users/jamesallsup", "gists_url": "https://api.github.com/users/jamesallsup/gists{/gist_id}", "html_url": "https://github.com/jamesallsup", "subscriptions_url": "https://api.github.com/users/jamesallsup/subscriptions", "avatar_url": "https://avatars.githubusercontent.com/u/2026129?v=3", "repos_url": "https://api.github.com/users/jamesallsup/repos", "received_events_url": "https://api.github.com/users/jamesallsup/received_events", "gravatar_id": "", "starred_url": "https://api.github.com/users/jamesallsup/starred{/owner}{/repo}", "site_admin": false, "login": "jamesallsup", "type": "User", "id": 2026129, "followers_url": "https://api.github.com/users/jamesallsup/followers"}, "milestone": null, "locked": false, "url": "https://api.github.com/repos/opencart/opencart/issues/4024", "created_at": "2016-03-01T21:43:03Z", "assignees": []}, "id": 573727987}, {"commit_id": null, "commit_url": null, "url": "https://api.github.com/repos/opencart/opencart/issues/events/573314737", "created_at": "2016-03-01T16:45:55Z", "actor": {"following_url": "https://api.github.com/users/davidteal/following{/other_user}", "events_url": "https://api.github.com/users/davidteal/events{/privacy}", "organizations_url": "https://api.github.com/users/davidteal/orgs", "url": "https://api.github.com/users/davidteal", "gists_url": "https://api.github.com/users/davidteal/gists{/gist_id}", "html_url": "https://github.com/davidteal", "subscriptions_url": "https://api.github.com/users/davidteal/subscriptions", "avatar_url": "https://avatars.githubusercontent.com/u/5495327?v=3", "repos_url": "https://api.github.com/users/davidteal/repos", "received_events_url": "https://api.github.com/users/davidteal/received_events", "gravatar_id": "", "starred_url": "https://api.github.com/users/davidteal/starred{/owner}{/repo}", "site_admin": false, "login": "davidteal", "type": "User", "id": 5495327, "followers_url": "https://api.github.com/users/davidteal/followers"}, "event": "closed", "issue": {"labels": [], "number": 4021, "assignee": null, "repository_url": "https://api.github.com/repos/opencart/opencart", "closed_at": "2016-03-01T16:45:55Z", "id": 137540612, "title": "Lay-Buy implementing hash equals.", "pull_request": {"url": "https://api.github.com/repos/opencart/opencart/pulls/4021", "diff_url": "https://github.com/opencart/opencart/pull/4021.diff", "html_url": "https://github.com/opencart/opencart/pull/4021", "patch_url": "https://github.com/opencart/opencart/pull/4021.patch"}, "comments": 0, "state": "closed", "body": "", "labels_url": "https://api.github.com/repos/opencart/opencart/issues/4021/labels{/name}", "events_url": "https://api.github.com/repos/opencart/opencart/issues/4021/events", "comments_url": "https://api.github.com/repos/opencart/opencart/issues/4021/comments", "html_url": "https://github.com/opencart/opencart/pull/4021", "updated_at": "2016-03-01T16:45:58Z", "user": {"following_url": "https://api.github.com/users/steven-wm/following{/other_user}", "events_url": "https://api.github.com/users/steven-wm/events{/privacy}", "organizations_url": "https://api.github.com/users/steven-wm/orgs", "url": "https://api.github.com/users/steven-wm", "gists_url": "https://api.github.com/users/steven-wm/gists{/gist_id}", "html_url": "https://github.com/steven-wm", "subscriptions_url": "https://api.github.com/users/steven-wm/subscriptions", "avatar_url": "https://avatars.githubusercontent.com/u/8375427?v=3", "repos_url": "https://api.github.com/users/steven-wm/repos", "received_events_url": "https://api.github.com/users/steven-wm/received_events", "gravatar_id": "", "starred_url": "https://api.github.com/users/steven-wm/starred{/owner}{/repo}", "site_admin": false, "login": "steven-wm", "type": "User", "id": 8375427, "followers_url": "https://api.github.com/users/steven-wm/followers"}, "milestone": null, "locked": false, "url": "https://api.github.com/repos/opencart/opencart/issues/4021", "created_at": "2016-03-01T10:56:25Z", "assignees": []}, "id": 573314737}, {"commit_id": "e092d4685d26031ada3a0c0b5cacda32b6f88657", "commit_url": "https://api.github.com/repos/opencart/opencart/commits/e092d4685d26031ada3a0c0b5cacda32b6f88657", "url": "https://api.github.com/repos/opencart/opencart/issues/events/573314736", "created_at": "2016-03-01T16:45:55Z", "actor": {"following_url": "https://api.github.com/users/davidteal/following{/other_user}", "events_url": "https://api.github.com/users/davidteal/events{/privacy}", "organizations_url": "https://api.github.com/users/davidteal/orgs", "url": "https://api.github.com/users/davidteal", "gists_url": "https://api.github.com/users/davidteal/gists{/gist_id}", "html_url": "https://github.com/davidteal", "subscriptions_url": "https://api.github.com/users/davidteal/subscriptions", "avatar_url": "https://avatars.githubusercontent.com/u/5495327?v=3", "repos_url": "https://api.github.com/users/davidteal/repos", "received_events_url": "https://api.github.com/users/davidteal/received_events", "gravatar_id": "", "starred_url": "https://api.github.com/users/davidteal/starred{/owner}{/repo}", "site_admin": false, "login": "davidteal", "type": "User", "id": 5495327, "followers_url": "https://api.github.com/users/davidteal/followers"}, "event": "merged", "issue": {"labels": [], "number": 4021, "assignee": null, "repository_url": "https://api.github.com/repos/opencart/opencart", "closed_at": "2016-03-01T16:45:55Z", "id": 137540612, "title": "Lay-Buy implementing hash equals.", "pull_request": {"url": "https://api.github.com/repos/opencart/opencart/pulls/4021", "diff_url": "https://github.com/opencart/opencart/pull/4021.diff", "html_url": "https://github.com/opencart/opencart/pull/4021", "patch_url": "https://github.com/opencart/opencart/pull/4021.patch"}, "comments": 0, "state": "closed", "body": "", "labels_url": "https://api.github.com/repos/opencart/opencart/issues/4021/labels{/name}", "events_url": "https://api.github.com/repos/opencart/opencart/issues/4021/events", "comments_url": "https://api.github.com/repos/opencart/opencart/issues/4021/comments", "html_url": "https://github.com/opencart/opencart/pull/4021", "updated_at": "2016-03-01T16:45:58Z", "user": {"following_url": "https://api.github.com/users/steven-wm/following{/other_user}", "events_url": "https://api.github.com/users/steven-wm/events{/privacy}", "organizations_url": "https://api.github.com/users/steven-wm/orgs", "url": "https://api.github.com/users/steven-wm", "gists_url": "https://api.github.com/users/steven-wm/gists{/gist_id}", "html_url": "https://github.com/steven-wm", "subscriptions_url": "https://api.github.com/users/steven-wm/subscriptions", "avatar_url": "https://avatars.githubusercontent.com/u/8375427?v=3", "repos_url": "https://api.github.com/users/steven-wm/repos", "received_events_url": "https://api.github.com/users/steven-wm/received_events", "gravatar_id": "", "starred_url": "https://api.github.com/users/steven-wm/starred{/owner}{/repo}", "site_admin": false, "login": "steven-wm", "type": "User", "id": 8375427, "followers_url": "https://api.github.com/users/steven-wm/followers"}, "milestone": null, "locked": false, "url": "https://api.github.com/repos/opencart/opencart/issues/4021", "created_at": "2016-03-01T10:56:25Z", "assignees": []}, "id": 573314736}, {"commit_id": "e092d4685d26031ada3a0c0b5cacda32b6f88657", "commit_url": "https://api.github.com/repos/opencart/opencart/commits/e092d4685d26031ada3a0c0b5cacda32b6f88657", "url": "https://api.github.com/repos/opencart/opencart/issues/events/573314735", "created_at": "2016-03-01T16:45:55Z", "actor": {"following_url": "https://api.github.com/users/davidteal/following{/other_user}", "events_url": "https://api.github.com/users/davidteal/events{/privacy}", "organizations_url": "https://api.github.com/users/davidteal/orgs", "url": "https://api.github.com/users/davidteal", "gists_url": "https://api.github.com/users/davidteal/gists{/gist_id}", "html_url": "https://github.com/davidteal", "subscriptions_url": "https://api.github.com/users/davidteal/subscriptions", "avatar_url": "https://avatars.githubusercontent.com/u/5495327?v=3", "repos_url": "https://api.github.com/users/davidteal/repos", "received_events_url": "https://api.github.com/users/davidteal/received_events", "gravatar_id": "", "starred_url": "https://api.github.com/users/davidteal/starred{/owner}{/repo}", "site_admin": false, "login": "davidteal", "type": "User", "id": 5495327, "followers_url": "https://api.github.com/users/davidteal/followers"}, "event": "referenced", "issue": {"labels": [], "number": 4021, "assignee": null, "repository_url": "https://api.github.com/repos/opencart/opencart", "closed_at": "2016-03-01T16:45:55Z", "id": 137540612, "title": "Lay-Buy implementing hash equals.", "pull_request": {"url": "https://api.github.com/repos/opencart/opencart/pulls/4021", "diff_url": "https://github.com/opencart/opencart/pull/4021.diff", "html_url": "https://github.com/opencart/opencart/pull/4021", "patch_url": "https://github.com/opencart/opencart/pull/4021.patch"}, "comments": 0, "state": "closed", "body": "", "labels_url": "https://api.github.com/repos/opencart/opencart/issues/4021/labels{/name}", "events_url": "https://api.github.com/repos/opencart/opencart/issues/4021/events", "comments_url": "https://api.github.com/repos/opencart/opencart/issues/4021/comments", "html_url": "https://github.com/opencart/opencart/pull/4021", "updated_at": "2016-03-01T16:45:58Z", "user": {"following_url": "https://api.github.com/users/steven-wm/following{/other_user}", "events_url": "https://api.github.com/users/steven-wm/events{/privacy}", "organizations_url": "https://api.github.com/users/steven-wm/orgs", "url": "https://api.github.com/users/steven-wm", "gists_url": "https://api.github.com/users/steven-wm/gists{/gist_id}", "html_url": "https://github.com/steven-wm", "subscriptions_url": "https://api.github.com/users/steven-wm/subscriptions", "avatar_url": "https://avatars.githubusercontent.com/u/8375427?v=3", "repos_url": "https://api.github.com/users/steven-wm/repos", "received_events_url": "https://api.github.com/users/steven-wm/received_events", "gravatar_id": "", "starred_url": "https://api.github.com/users/steven-wm/starred{/owner}{/repo}", "site_admin": false, "login": "steven-wm", "type": "User", "id": 8375427, "followers_url": "https://api.github.com/users/steven-wm/followers"}, "milestone": null, "locked": false, "url": "https://api.github.com/repos/opencart/opencart/issues/4021", "created_at": "2016-03-01T10:56:25Z", "assignees": []}, "id": 573314735}, {"commit_id": null, "commit_url": null, "url": "https://api.github.com/repos/opencart/opencart/issues/events/572795400", "created_at": "2016-03-01T10:14:22Z", "actor": {"following_url": "https://api.github.com/users/davidteal/following{/other_user}", "events_url": "https://api.github.com/users/davidteal/events{/privacy}", "organizations_url": "https://api.github.com/users/davidteal/orgs", "url": "https://api.github.com/users/davidteal", "gists_url": "https://api.github.com/users/davidteal/gists{/gist_id}", "html_url": "https://github.com/davidteal", "subscriptions_url": "https://api.github.com/users/davidteal/subscriptions", "avatar_url": "https://avatars.githubusercontent.com/u/5495327?v=3", "repos_url": "https://api.github.com/users/davidteal/repos", "received_events_url": "https://api.github.com/users/davidteal/received_events", "gravatar_id": "", "starred_url": "https://api.github.com/users/davidteal/starred{/owner}{/repo}", "site_admin": false, "login": "davidteal", "type": "User", "id": 5495327, "followers_url": "https://api.github.com/users/davidteal/followers"}, "event": "closed", "issue": {"labels": [], "number": 4019, "assignee": null, "repository_url": "https://api.github.com/repos/opencart/opencart", "closed_at": "2016-03-01T10:14:22Z", "id": 137253547, "title": "Lay-Buy check row exists.", "pull_request": {"url": "https://api.github.com/repos/opencart/opencart/pulls/4019", "diff_url": "https://github.com/opencart/opencart/pull/4019.diff", "html_url": "https://github.com/opencart/opencart/pull/4019", "patch_url": "https://github.com/opencart/opencart/pull/4019.patch"}, "comments": 0, "state": "closed", "body": "", "labels_url": "https://api.github.com/repos/opencart/opencart/issues/4019/labels{/name}", "events_url": "https://api.github.com/repos/opencart/opencart/issues/4019/events", "comments_url": "https://api.github.com/repos/opencart/opencart/issues/4019/comments", "html_url": "https://github.com/opencart/opencart/pull/4019", "updated_at": "2016-03-01T10:14:26Z", "user": {"following_url": "https://api.github.com/users/steven-wm/following{/other_user}", "events_url": "https://api.github.com/users/steven-wm/events{/privacy}", "organizations_url": "https://api.github.com/users/steven-wm/orgs", "url": "https://api.github.com/users/steven-wm", "gists_url": "https://api.github.com/users/steven-wm/gists{/gist_id}", "html_url": "https://github.com/steven-wm", "subscriptions_url": "https://api.github.com/users/steven-wm/subscriptions", "avatar_url": "https://avatars.githubusercontent.com/u/8375427?v=3", "repos_url": "https://api.github.com/users/steven-wm/repos", "received_events_url": "https://api.github.com/users/steven-wm/received_events", "gravatar_id": "", "starred_url": "https://api.github.com/users/steven-wm/starred{/owner}{/repo}", "site_admin": false, "login": "steven-wm", "type": "User", "id": 8375427, "followers_url": "https://api.github.com/users/steven-wm/followers"}, "milestone": null, "locked": false, "url": "https://api.github.com/repos/opencart/opencart/issues/4019", "created_at": "2016-02-29T13:23:37Z", "assignees": []}, "id": 572795400}, {"commit_id": "aca3fa35650167b128e03195f734d17cfc9e44d4", "commit_url": "https://api.github.com/repos/opencart/opencart/commits/aca3fa35650167b128e03195f734d17cfc9e44d4", "url": "https://api.github.com/repos/opencart/opencart/issues/events/572795397", "created_at": "2016-03-01T10:14:22Z", "actor": {"following_url": "https://api.github.com/users/davidteal/following{/other_user}", "events_url": "https://api.github.com/users/davidteal/events{/privacy}", "organizations_url": "https://api.github.com/users/davidteal/orgs", "url": "https://api.github.com/users/davidteal", "gists_url": "https://api.github.com/users/davidteal/gists{/gist_id}", "html_url": "https://github.com/davidteal", "subscriptions_url": "https://api.github.com/users/davidteal/subscriptions", "avatar_url": "https://avatars.githubusercontent.com/u/5495327?v=3", "repos_url": "https://api.github.com/users/davidteal/repos", "received_events_url": "https://api.github.com/users/davidteal/received_events", "gravatar_id": "", "starred_url": "https://api.github.com/users/davidteal/starred{/owner}{/repo}", "site_admin": false, "login": "davidteal", "type": "User", "id": 5495327, "followers_url": "https://api.github.com/users/davidteal/followers"}, "event": "merged", "issue": {"labels": [], "number": 4019, "assignee": null, "repository_url": "https://api.github.com/repos/opencart/opencart", "closed_at": "2016-03-01T10:14:22Z", "id": 137253547, "title": "Lay-Buy check row exists.", "pull_request": {"url": "https://api.github.com/repos/opencart/opencart/pulls/4019", "diff_url": "https://github.com/opencart/opencart/pull/4019.diff", "html_url": "https://github.com/opencart/opencart/pull/4019", "patch_url": "https://github.com/opencart/opencart/pull/4019.patch"}, "comments": 0, "state": "closed", "body": "", "labels_url": "https://api.github.com/repos/opencart/opencart/issues/4019/labels{/name}", "events_url": "https://api.github.com/repos/opencart/opencart/issues/4019/events", "comments_url": "https://api.github.com/repos/opencart/opencart/issues/4019/comments", "html_url": "https://github.com/opencart/opencart/pull/4019", "updated_at": "2016-03-01T10:14:26Z", "user": {"following_url": "https://api.github.com/users/steven-wm/following{/other_user}", "events_url": "https://api.github.com/users/steven-wm/events{/privacy}", "organizations_url": "https://api.github.com/users/steven-wm/orgs", "url": "https://api.github.com/users/steven-wm", "gists_url": "https://api.github.com/users/steven-wm/gists{/gist_id}", "html_url": "https://github.com/steven-wm", "subscriptions_url": "https://api.github.com/users/steven-wm/subscriptions", "avatar_url": "https://avatars.githubusercontent.com/u/8375427?v=3", "repos_url": "https://api.github.com/users/steven-wm/repos", "received_events_url": "https://api.github.com/users/steven-wm/received_events", "gravatar_id": "", "starred_url": "https://api.github.com/users/steven-wm/starred{/owner}{/repo}", "site_admin": false, "login": "steven-wm", "type": "User", "id": 8375427, "followers_url": "https://api.github.com/users/steven-wm/followers"}, "milestone": null, "locked": false, "url": "https://api.github.com/repos/opencart/opencart/issues/4019", "created_at": "2016-02-29T13:23:37Z", "assignees": []}, "id": 572795397}, {"commit_id": "aca3fa35650167b128e03195f734d17cfc9e44d4", "commit_url": "https://api.github.com/repos/opencart/opencart/commits/aca3fa35650167b128e03195f734d17cfc9e44d4", "url": "https://api.github.com/repos/opencart/opencart/issues/events/572795396", "created_at": "2016-03-01T10:14:22Z", "actor": {"following_url": "https://api.github.com/users/davidteal/following{/other_user}", "events_url": "https://api.github.com/users/davidteal/events{/privacy}", "organizations_url": "https://api.github.com/users/davidteal/orgs", "url": "https://api.github.com/users/davidteal", "gists_url": "https://api.github.com/users/davidteal/gists{/gist_id}", "html_url": "https://github.com/davidteal", "subscriptions_url": "https://api.github.com/users/davidteal/subscriptions", "avatar_url": "https://avatars.githubusercontent.com/u/5495327?v=3", "repos_url": "https://api.github.com/users/davidteal/repos", "received_events_url": "https://api.github.com/users/davidteal/received_events", "gravatar_id": "", "starred_url": "https://api.github.com/users/davidteal/starred{/owner}{/repo}", "site_admin": false, "login": "davidteal", "type": "User", "id": 5495327, "followers_url": "https://api.github.com/users/davidteal/followers"}, "event": "referenced", "issue": {"labels": [], "number": 4019, "assignee": null, "repository_url": "https://api.github.com/repos/opencart/opencart", "closed_at": "2016-03-01T10:14:22Z", "id": 137253547, "title": "Lay-Buy check row exists.", "pull_request": {"url": "https://api.github.com/repos/opencart/opencart/pulls/4019", "diff_url": "https://github.com/opencart/opencart/pull/4019.diff", "html_url": "https://github.com/opencart/opencart/pull/4019", "patch_url": "https://github.com/opencart/opencart/pull/4019.patch"}, "comments": 0, "state": "closed", "body": "", "labels_url": "https://api.github.com/repos/opencart/opencart/issues/4019/labels{/name}", "events_url": "https://api.github.com/repos/opencart/opencart/issues/4019/events", "comments_url": "https://api.github.com/repos/opencart/opencart/issues/4019/comments", "html_url": "https://github.com/opencart/opencart/pull/4019", "updated_at": "2016-03-01T10:14:26Z", "user": {"following_url": "https://api.github.com/users/steven-wm/following{/other_user}", "events_url": "https://api.github.com/users/steven-wm/events{/privacy}", "organizations_url": "https://api.github.com/users/steven-wm/orgs", "url": "https://api.github.com/users/steven-wm", "gists_url": "https://api.github.com/users/steven-wm/gists{/gist_id}", "html_url": "https://github.com/steven-wm", "subscriptions_url": "https://api.github.com/users/steven-wm/subscriptions", "avatar_url": "https://avatars.githubusercontent.com/u/8375427?v=3", "repos_url": "https://api.github.com/users/steven-wm/repos", "received_events_url": "https://api.github.com/users/steven-wm/received_events", "gravatar_id": "", "starred_url": "https://api.github.com/users/steven-wm/starred{/owner}{/repo}", "site_admin": false, "login": "steven-wm", "type": "User", "id": 8375427, "followers_url": "https://api.github.com/users/steven-wm/followers"}, "milestone": null, "locked": false, "url": "https://api.github.com/repos/opencart/opencart/issues/4019", "created_at": "2016-02-29T13:23:37Z", "assignees": []}, "id": 572795396}, {"commit_id": null, "commit_url": null, "url": "https://api.github.com/repos/opencart/opencart/issues/events/572795035", "created_at": "2016-03-01T10:14:03Z", "actor": {"following_url": "https://api.github.com/users/davidteal/following{/other_user}", "events_url": "https://api.github.com/users/davidteal/events{/privacy}", "organizations_url": "https://api.github.com/users/davidteal/orgs", "url": "https://api.github.com/users/davidteal", "gists_url": "https://api.github.com/users/davidteal/gists{/gist_id}", "html_url": "https://github.com/davidteal", "subscriptions_url": "https://api.github.com/users/davidteal/subscriptions", "avatar_url": "https://avatars.githubusercontent.com/u/5495327?v=3", "repos_url": "https://api.github.com/users/davidteal/repos", "received_events_url": "https://api.github.com/users/davidteal/received_events", "gravatar_id": "", "starred_url": "https://api.github.com/users/davidteal/starred{/owner}{/repo}", "site_admin": false, "login": "davidteal", "type": "User", "id": 5495327, "followers_url": "https://api.github.com/users/davidteal/followers"}, "event": "closed", "issue": {"labels": [], "number": 4018, "assignee": null, "repository_url": "https://api.github.com/repos/opencart/opencart", "closed_at": "2016-03-01T10:14:03Z", "id": 137253364, "title": "Lay-Buy events fix.", "pull_request": {"url": "https://api.github.com/repos/opencart/opencart/pulls/4018", "diff_url": "https://github.com/opencart/opencart/pull/4018.diff", "html_url": "https://github.com/opencart/opencart/pull/4018", "patch_url": "https://github.com/opencart/opencart/pull/4018.patch"}, "comments": 0, "state": "closed", "body": "", "labels_url": "https://api.github.com/repos/opencart/opencart/issues/4018/labels{/name}", "events_url": "https://api.github.com/repos/opencart/opencart/issues/4018/events", "comments_url": "https://api.github.com/repos/opencart/opencart/issues/4018/comments", "html_url": "https://github.com/opencart/opencart/pull/4018", "updated_at": "2016-03-01T10:14:07Z", "user": {"following_url": "https://api.github.com/users/steven-wm/following{/other_user}", "events_url": "https://api.github.com/users/steven-wm/events{/privacy}", "organizations_url": "https://api.github.com/users/steven-wm/orgs", "url": "https://api.github.com/users/steven-wm", "gists_url": "https://api.github.com/users/steven-wm/gists{/gist_id}", "html_url": "https://github.com/steven-wm", "subscriptions_url": "https://api.github.com/users/steven-wm/subscriptions", "avatar_url": "https://avatars.githubusercontent.com/u/8375427?v=3", "repos_url": "https://api.github.com/users/steven-wm/repos", "received_events_url": "https://api.github.com/users/steven-wm/received_events", "gravatar_id": "", "starred_url": "https://api.github.com/users/steven-wm/starred{/owner}{/repo}", "site_admin": false, "login": "steven-wm", "type": "User", "id": 8375427, "followers_url": "https://api.github.com/users/steven-wm/followers"}, "milestone": null, "locked": false, "url": "https://api.github.com/repos/opencart/opencart/issues/4018", "created_at": "2016-02-29T13:22:42Z", "assignees": []}, "id": 572795035}, {"commit_id": "eca5acf86addd7fa559e764fe4ab0b60deda195c", "commit_url": "https://api.github.com/repos/opencart/opencart/commits/eca5acf86addd7fa559e764fe4ab0b60deda195c", "url": "https://api.github.com/repos/opencart/opencart/issues/events/572795032", "created_at": "2016-03-01T10:14:03Z", "actor": {"following_url": "https://api.github.com/users/davidteal/following{/other_user}", "events_url": "https://api.github.com/users/davidteal/events{/privacy}", "organizations_url": "https://api.github.com/users/davidteal/orgs", "url": "https://api.github.com/users/davidteal", "gists_url": "https://api.github.com/users/davidteal/gists{/gist_id}", "html_url": "https://github.com/davidteal", "subscriptions_url": "https://api.github.com/users/davidteal/subscriptions", "avatar_url": "https://avatars.githubusercontent.com/u/5495327?v=3", "repos_url": "https://api.github.com/users/davidteal/repos", "received_events_url": "https://api.github.com/users/davidteal/received_events", "gravatar_id": "", "starred_url": "https://api.github.com/users/davidteal/starred{/owner}{/repo}", "site_admin": false, "login": "davidteal", "type": "User", "id": 5495327, "followers_url": "https://api.github.com/users/davidteal/followers"}, "event": "merged", "issue": {"labels": [], "number": 4018, "assignee": null, "repository_url": "https://api.github.com/repos/opencart/opencart", "closed_at": "2016-03-01T10:14:03Z", "id": 137253364, "title": "Lay-Buy events fix.", "pull_request": {"url": "https://api.github.com/repos/opencart/opencart/pulls/4018", "diff_url": "https://github.com/opencart/opencart/pull/4018.diff", "html_url": "https://github.com/opencart/opencart/pull/4018", "patch_url": "https://github.com/opencart/opencart/pull/4018.patch"}, "comments": 0, "state": "closed", "body": "", "labels_url": "https://api.github.com/repos/opencart/opencart/issues/4018/labels{/name}", "events_url": "https://api.github.com/repos/opencart/opencart/issues/4018/events", "comments_url": "https://api.github.com/repos/opencart/opencart/issues/4018/comments", "html_url": "https://github.com/opencart/opencart/pull/4018", "updated_at": "2016-03-01T10:14:07Z", "user": {"following_url": "https://api.github.com/users/steven-wm/following{/other_user}", "events_url": "https://api.github.com/users/steven-wm/events{/privacy}", "organizations_url": "https://api.github.com/users/steven-wm/orgs", "url": "https://api.github.com/users/steven-wm", "gists_url": "https://api.github.com/users/steven-wm/gists{/gist_id}", "html_url": "https://github.com/steven-wm", "subscriptions_url": "https://api.github.com/users/steven-wm/subscriptions", "avatar_url": "https://avatars.githubusercontent.com/u/8375427?v=3", "repos_url": "https://api.github.com/users/steven-wm/repos", "received_events_url": "https://api.github.com/users/steven-wm/received_events", "gravatar_id": "", "starred_url": "https://api.github.com/users/steven-wm/starred{/owner}{/repo}", "site_admin": false, "login": "steven-wm", "type": "User", "id": 8375427, "followers_url": "https://api.github.com/users/steven-wm/followers"}, "milestone": null, "locked": false, "url": "https://api.github.com/repos/opencart/opencart/issues/4018", "created_at": "2016-02-29T13:22:42Z", "assignees": []}, "id": 572795032}, {"commit_id": "eca5acf86addd7fa559e764fe4ab0b60deda195c", "commit_url": "https://api.github.com/repos/opencart/opencart/commits/eca5acf86addd7fa559e764fe4ab0b60deda195c", "url": "https://api.github.com/repos/opencart/opencart/issues/events/572795029", "created_at": "2016-03-01T10:14:03Z", "actor": {"following_url": "https://api.github.com/users/davidteal/following{/other_user}", "events_url": "https://api.github.com/users/davidteal/events{/privacy}", "organizations_url": "https://api.github.com/users/davidteal/orgs", "url": "https://api.github.com/users/davidteal", "gists_url": "https://api.github.com/users/davidteal/gists{/gist_id}", "html_url": "https://github.com/davidteal", "subscriptions_url": "https://api.github.com/users/davidteal/subscriptions", "avatar_url": "https://avatars.githubusercontent.com/u/5495327?v=3", "repos_url": "https://api.github.com/users/davidteal/repos", "received_events_url": "https://api.github.com/users/davidteal/received_events", "gravatar_id": "", "starred_url": "https://api.github.com/users/davidteal/starred{/owner}{/repo}", "site_admin": false, "login": "davidteal", "type": "User", "id": 5495327, "followers_url": "https://api.github.com/users/davidteal/followers"}, "event": "referenced", "issue": {"labels": [], "number": 4018, "assignee": null, "repository_url": "https://api.github.com/repos/opencart/opencart", "closed_at": "2016-03-01T10:14:03Z", "id": 137253364, "title": "Lay-Buy events fix.", "pull_request": {"url": "https://api.github.com/repos/opencart/opencart/pulls/4018", "diff_url": "https://github.com/opencart/opencart/pull/4018.diff", "html_url": "https://github.com/opencart/opencart/pull/4018", "patch_url": "https://github.com/opencart/opencart/pull/4018.patch"}, "comments": 0, "state": "closed", "body": "", "labels_url": "https://api.github.com/repos/opencart/opencart/issues/4018/labels{/name}", "events_url": "https://api.github.com/repos/opencart/opencart/issues/4018/events", "comments_url": "https://api.github.com/repos/opencart/opencart/issues/4018/comments", "html_url": "https://github.com/opencart/opencart/pull/4018", "updated_at": "2016-03-01T10:14:07Z", "user": {"following_url": "https://api.github.com/users/steven-wm/following{/other_user}", "events_url": "https://api.github.com/users/steven-wm/events{/privacy}", "organizations_url": "https://api.github.com/users/steven-wm/orgs", "url": "https://api.github.com/users/steven-wm", "gists_url": "https://api.github.com/users/steven-wm/gists{/gist_id}", "html_url": "https://github.com/steven-wm", "subscriptions_url": "https://api.github.com/users/steven-wm/subscriptions", "avatar_url": "https://avatars.githubusercontent.com/u/8375427?v=3", "repos_url": "https://api.github.com/users/steven-wm/repos", "received_events_url": "https://api.github.com/users/steven-wm/received_events", "gravatar_id": "", "starred_url": "https://api.github.com/users/steven-wm/starred{/owner}{/repo}", "site_admin": false, "login": "steven-wm", "type": "User", "id": 8375427, "followers_url": "https://api.github.com/users/steven-wm/followers"}, "milestone": null, "locked": false, "url": "https://api.github.com/repos/opencart/opencart/issues/4018", "created_at": "2016-02-29T13:22:42Z", "assignees": []}, "id": 572795029}, {"commit_id": null, "commit_url": null, "url": "https://api.github.com/repos/opencart/opencart/issues/events/572793980", "created_at": "2016-03-01T10:13:12Z", "actor": {"following_url": "https://api.github.com/users/jamesallsup/following{/other_user}", "events_url": "https://api.github.com/users/jamesallsup/events{/privacy}", "organizations_url": "https://api.github.com/users/jamesallsup/orgs", "url": "https://api.github.com/users/jamesallsup", "gists_url": "https://api.github.com/users/jamesallsup/gists{/gist_id}", "html_url": "https://github.com/jamesallsup", "subscriptions_url": "https://api.github.com/users/jamesallsup/subscriptions", "avatar_url": "https://avatars.githubusercontent.com/u/2026129?v=3", "repos_url": "https://api.github.com/users/jamesallsup/repos", "received_events_url": "https://api.github.com/users/jamesallsup/received_events", "gravatar_id": "", "starred_url": "https://api.github.com/users/jamesallsup/starred{/owner}{/repo}", "site_admin": false, "login": "jamesallsup", "type": "User", "id": 2026129, "followers_url": "https://api.github.com/users/jamesallsup/followers"}, "event": "unlabeled", "label": {"color": "ededed", "name": "in progress"}, "issue": {"labels": [], "number": 4020, "assignee": null, "repository_url": "https://api.github.com/repos/opencart/opencart", "closed_at": "2016-03-01T10:13:08Z", "id": 137530218, "title": "Using hash_equals for Cardinity hash comparison", "pull_request": {"url": "https://api.github.com/repos/opencart/opencart/pulls/4020", "diff_url": "https://github.com/opencart/opencart/pull/4020.diff", "html_url": "https://github.com/opencart/opencart/pull/4020", "patch_url": "https://github.com/opencart/opencart/pull/4020.patch"}, "comments": 0, "state": "closed", "body": "", "labels_url": "https://api.github.com/repos/opencart/opencart/issues/4020/labels{/name}", "events_url": "https://api.github.com/repos/opencart/opencart/issues/4020/events", "comments_url": "https://api.github.com/repos/opencart/opencart/issues/4020/comments", "html_url": "https://github.com/opencart/opencart/pull/4020", "updated_at": "2016-03-01T10:13:12Z", "user": {"following_url": "https://api.github.com/users/davidteal/following{/other_user}", "events_url": "https://api.github.com/users/davidteal/events{/privacy}", "organizations_url": "https://api.github.com/users/davidteal/orgs", "url": "https://api.github.com/users/davidteal", "gists_url": "https://api.github.com/users/davidteal/gists{/gist_id}", "html_url": "https://github.com/davidteal", "subscriptions_url": "https://api.github.com/users/davidteal/subscriptions", "avatar_url": "https://avatars.githubusercontent.com/u/5495327?v=3", "repos_url": "https://api.github.com/users/davidteal/repos", "received_events_url": "https://api.github.com/users/davidteal/received_events", "gravatar_id": "", "starred_url": "https://api.github.com/users/davidteal/starred{/owner}{/repo}", "site_admin": false, "login": "davidteal", "type": "User", "id": 5495327, "followers_url": "https://api.github.com/users/davidteal/followers"}, "milestone": null, "locked": false, "url": "https://api.github.com/repos/opencart/opencart/issues/4020", "created_at": "2016-03-01T10:13:02Z", "assignees": []}, "id": 572793980}, {"commit_id": null, "commit_url": null, "url": "https://api.github.com/repos/opencart/opencart/issues/events/572793856", "created_at": "2016-03-01T10:13:08Z", "actor": {"following_url": "https://api.github.com/users/davidteal/following{/other_user}", "events_url": "https://api.github.com/users/davidteal/events{/privacy}", "organizations_url": "https://api.github.com/users/davidteal/orgs", "url": "https://api.github.com/users/davidteal", "gists_url": "https://api.github.com/users/davidteal/gists{/gist_id}", "html_url": "https://github.com/davidteal", "subscriptions_url": "https://api.github.com/users/davidteal/subscriptions", "avatar_url": "https://avatars.githubusercontent.com/u/5495327?v=3", "repos_url": "https://api.github.com/users/davidteal/repos", "received_events_url": "https://api.github.com/users/davidteal/received_events", "gravatar_id": "", "starred_url": "https://api.github.com/users/davidteal/starred{/owner}{/repo}", "site_admin": false, "login": "davidteal", "type": "User", "id": 5495327, "followers_url": "https://api.github.com/users/davidteal/followers"}, "event": "closed", "issue": {"labels": [], "number": 4020, "assignee": null, "repository_url": "https://api.github.com/repos/opencart/opencart", "closed_at": "2016-03-01T10:13:08Z", "id": 137530218, "title": "Using hash_equals for Cardinity hash comparison", "pull_request": {"url": "https://api.github.com/repos/opencart/opencart/pulls/4020", "diff_url": "https://github.com/opencart/opencart/pull/4020.diff", "html_url": "https://github.com/opencart/opencart/pull/4020", "patch_url": "https://github.com/opencart/opencart/pull/4020.patch"}, "comments": 0, "state": "closed", "body": "", "labels_url": "https://api.github.com/repos/opencart/opencart/issues/4020/labels{/name}", "events_url": "https://api.github.com/repos/opencart/opencart/issues/4020/events", "comments_url": "https://api.github.com/repos/opencart/opencart/issues/4020/comments", "html_url": "https://github.com/opencart/opencart/pull/4020", "updated_at": "2016-03-01T10:13:12Z", "user": {"following_url": "https://api.github.com/users/davidteal/following{/other_user}", "events_url": "https://api.github.com/users/davidteal/events{/privacy}", "organizations_url": "https://api.github.com/users/davidteal/orgs", "url": "https://api.github.com/users/davidteal", "gists_url": "https://api.github.com/users/davidteal/gists{/gist_id}", "html_url": "https://github.com/davidteal", "subscriptions_url": "https://api.github.com/users/davidteal/subscriptions", "avatar_url": "https://avatars.githubusercontent.com/u/5495327?v=3", "repos_url": "https://api.github.com/users/davidteal/repos", "received_events_url": "https://api.github.com/users/davidteal/received_events", "gravatar_id": "", "starred_url": "https://api.github.com/users/davidteal/starred{/owner}{/repo}", "site_admin": false, "login": "davidteal", "type": "User", "id": 5495327, "followers_url": "https://api.github.com/users/davidteal/followers"}, "milestone": null, "locked": false, "url": "https://api.github.com/repos/opencart/opencart/issues/4020", "created_at": "2016-03-01T10:13:02Z", "assignees": []}, "id": 572793856}, {"commit_id": "57de1130d0c8baaa483d6ffbec769701e43b855d", "commit_url": "https://api.github.com/repos/opencart/opencart/commits/57de1130d0c8baaa483d6ffbec769701e43b855d", "url": "https://api.github.com/repos/opencart/opencart/issues/events/572793855", "created_at": "2016-03-01T10:13:08Z", "actor": {"following_url": "https://api.github.com/users/davidteal/following{/other_user}", "events_url": "https://api.github.com/users/davidteal/events{/privacy}", "organizations_url": "https://api.github.com/users/davidteal/orgs", "url": "https://api.github.com/users/davidteal", "gists_url": "https://api.github.com/users/davidteal/gists{/gist_id}", "html_url": "https://github.com/davidteal", "subscriptions_url": "https://api.github.com/users/davidteal/subscriptions", "avatar_url": "https://avatars.githubusercontent.com/u/5495327?v=3", "repos_url": "https://api.github.com/users/davidteal/repos", "received_events_url": "https://api.github.com/users/davidteal/received_events", "gravatar_id": "", "starred_url": "https://api.github.com/users/davidteal/starred{/owner}{/repo}", "site_admin": false, "login": "davidteal", "type": "User", "id": 5495327, "followers_url": "https://api.github.com/users/davidteal/followers"}, "event": "merged", "issue": {"labels": [], "number": 4020, "assignee": null, "repository_url": "https://api.github.com/repos/opencart/opencart", "closed_at": "2016-03-01T10:13:08Z", "id": 137530218, "title": "Using hash_equals for Cardinity hash comparison", "pull_request": {"url": "https://api.github.com/repos/opencart/opencart/pulls/4020", "diff_url": "https://github.com/opencart/opencart/pull/4020.diff", "html_url": "https://github.com/opencart/opencart/pull/4020", "patch_url": "https://github.com/opencart/opencart/pull/4020.patch"}, "comments": 0, "state": "closed", "body": "", "labels_url": "https://api.github.com/repos/opencart/opencart/issues/4020/labels{/name}", "events_url": "https://api.github.com/repos/opencart/opencart/issues/4020/events", "comments_url": "https://api.github.com/repos/opencart/opencart/issues/4020/comments", "html_url": "https://github.com/opencart/opencart/pull/4020", "updated_at": "2016-03-01T10:13:12Z", "user": {"following_url": "https://api.github.com/users/davidteal/following{/other_user}", "events_url": "https://api.github.com/users/davidteal/events{/privacy}", "organizations_url": "https://api.github.com/users/davidteal/orgs", "url": "https://api.github.com/users/davidteal", "gists_url": "https://api.github.com/users/davidteal/gists{/gist_id}", "html_url": "https://github.com/davidteal", "subscriptions_url": "https://api.github.com/users/davidteal/subscriptions", "avatar_url": "https://avatars.githubusercontent.com/u/5495327?v=3", "repos_url": "https://api.github.com/users/davidteal/repos", "received_events_url": "https://api.github.com/users/davidteal/received_events", "gravatar_id": "", "starred_url": "https://api.github.com/users/davidteal/starred{/owner}{/repo}", "site_admin": false, "login": "davidteal", "type": "User", "id": 5495327, "followers_url": "https://api.github.com/users/davidteal/followers"}, "milestone": null, "locked": false, "url": "https://api.github.com/repos/opencart/opencart/issues/4020", "created_at": "2016-03-01T10:13:02Z", "assignees": []}, "id": 572793855}, {"commit_id": "57de1130d0c8baaa483d6ffbec769701e43b855d", "commit_url": "https://api.github.com/repos/opencart/opencart/commits/57de1130d0c8baaa483d6ffbec769701e43b855d", "url": "https://api.github.com/repos/opencart/opencart/issues/events/572793854", "created_at": "2016-03-01T10:13:08Z", "actor": {"following_url": "https://api.github.com/users/davidteal/following{/other_user}", "events_url": "https://api.github.com/users/davidteal/events{/privacy}", "organizations_url": "https://api.github.com/users/davidteal/orgs", "url": "https://api.github.com/users/davidteal", "gists_url": "https://api.github.com/users/davidteal/gists{/gist_id}", "html_url": "https://github.com/davidteal", "subscriptions_url": "https://api.github.com/users/davidteal/subscriptions", "avatar_url": "https://avatars.githubusercontent.com/u/5495327?v=3", "repos_url": "https://api.github.com/users/davidteal/repos", "received_events_url": "https://api.github.com/users/davidteal/received_events", "gravatar_id": "", "starred_url": "https://api.github.com/users/davidteal/starred{/owner}{/repo}", "site_admin": false, "login": "davidteal", "type": "User", "id": 5495327, "followers_url": "https://api.github.com/users/davidteal/followers"}, "event": "referenced", "issue": {"labels": [], "number": 4020, "assignee": null, "repository_url": "https://api.github.com/repos/opencart/opencart", "closed_at": "2016-03-01T10:13:08Z", "id": 137530218, "title": "Using hash_equals for Cardinity hash comparison", "pull_request": {"url": "https://api.github.com/repos/opencart/opencart/pulls/4020", "diff_url": "https://github.com/opencart/opencart/pull/4020.diff", "html_url": "https://github.com/opencart/opencart/pull/4020", "patch_url": "https://github.com/opencart/opencart/pull/4020.patch"}, "comments": 0, "state": "closed", "body": "", "labels_url": "https://api.github.com/repos/opencart/opencart/issues/4020/labels{/name}", "events_url": "https://api.github.com/repos/opencart/opencart/issues/4020/events", "comments_url": "https://api.github.com/repos/opencart/opencart/issues/4020/comments", "html_url": "https://github.com/opencart/opencart/pull/4020", "updated_at": "2016-03-01T10:13:12Z", "user": {"following_url": "https://api.github.com/users/davidteal/following{/other_user}", "events_url": "https://api.github.com/users/davidteal/events{/privacy}", "organizations_url": "https://api.github.com/users/davidteal/orgs", "url": "https://api.github.com/users/davidteal", "gists_url": "https://api.github.com/users/davidteal/gists{/gist_id}", "html_url": "https://github.com/davidteal", "subscriptions_url": "https://api.github.com/users/davidteal/subscriptions", "avatar_url": "https://avatars.githubusercontent.com/u/5495327?v=3", "repos_url": "https://api.github.com/users/davidteal/repos", "received_events_url": "https://api.github.com/users/davidteal/received_events", "gravatar_id": "", "starred_url": "https://api.github.com/users/davidteal/starred{/owner}{/repo}", "site_admin": false, "login": "davidteal", "type": "User", "id": 5495327, "followers_url": "https://api.github.com/users/davidteal/followers"}, "milestone": null, "locked": false, "url": "https://api.github.com/repos/opencart/opencart/issues/4020", "created_at": "2016-03-01T10:13:02Z", "assignees": []}, "id": 572793854}, {"commit_id": null, "commit_url": null, "url": "https://api.github.com/repos/opencart/opencart/issues/events/572793807", "created_at": "2016-03-01T10:13:06Z", "actor": {"following_url": "https://api.github.com/users/jamesallsup/following{/other_user}", "events_url": "https://api.github.com/users/jamesallsup/events{/privacy}", "organizations_url": "https://api.github.com/users/jamesallsup/orgs", "url": "https://api.github.com/users/jamesallsup", "gists_url": "https://api.github.com/users/jamesallsup/gists{/gist_id}", "html_url": "https://github.com/jamesallsup", "subscriptions_url": "https://api.github.com/users/jamesallsup/subscriptions", "avatar_url": "https://avatars.githubusercontent.com/u/2026129?v=3", "repos_url": "https://api.github.com/users/jamesallsup/repos", "received_events_url": "https://api.github.com/users/jamesallsup/received_events", "gravatar_id": "", "starred_url": "https://api.github.com/users/jamesallsup/starred{/owner}{/repo}", "site_admin": false, "login": "jamesallsup", "type": "User", "id": 2026129, "followers_url": "https://api.github.com/users/jamesallsup/followers"}, "event": "labeled", "label": {"color": "ededed", "name": "in progress"}, "issue": {"labels": [], "number": 4020, "assignee": null, "repository_url": "https://api.github.com/repos/opencart/opencart", "closed_at": "2016-03-01T10:13:08Z", "id": 137530218, "title": "Using hash_equals for Cardinity hash comparison", "pull_request": {"url": "https://api.github.com/repos/opencart/opencart/pulls/4020", "diff_url": "https://github.com/opencart/opencart/pull/4020.diff", "html_url": "https://github.com/opencart/opencart/pull/4020", "patch_url": "https://github.com/opencart/opencart/pull/4020.patch"}, "comments": 0, "state": "closed", "body": "", "labels_url": "https://api.github.com/repos/opencart/opencart/issues/4020/labels{/name}", "events_url": "https://api.github.com/repos/opencart/opencart/issues/4020/events", "comments_url": "https://api.github.com/repos/opencart/opencart/issues/4020/comments", "html_url": "https://github.com/opencart/opencart/pull/4020", "updated_at": "2016-03-01T10:13:12Z", "user": {"following_url": "https://api.github.com/users/davidteal/following{/other_user}", "events_url": "https://api.github.com/users/davidteal/events{/privacy}", "organizations_url": "https://api.github.com/users/davidteal/orgs", "url": "https://api.github.com/users/davidteal", "gists_url": "https://api.github.com/users/davidteal/gists{/gist_id}", "html_url": "https://github.com/davidteal", "subscriptions_url": "https://api.github.com/users/davidteal/subscriptions", "avatar_url": "https://avatars.githubusercontent.com/u/5495327?v=3", "repos_url": "https://api.github.com/users/davidteal/repos", "received_events_url": "https://api.github.com/users/davidteal/received_events", "gravatar_id": "", "starred_url": "https://api.github.com/users/davidteal/starred{/owner}{/repo}", "site_admin": false, "login": "davidteal", "type": "User", "id": 5495327, "followers_url": "https://api.github.com/users/davidteal/followers"}, "milestone": null, "locked": false, "url": "https://api.github.com/repos/opencart/opencart/issues/4020", "created_at": "2016-03-01T10:13:02Z", "assignees": []}, "id": 572793807}, {"commit_id": null, "commit_url": null, "url": "https://api.github.com/repos/opencart/opencart/issues/events/572752643", "created_at": "2016-03-01T09:42:05Z", "actor": {"following_url": "https://api.github.com/users/jamesallsup/following{/other_user}", "events_url": "https://api.github.com/users/jamesallsup/events{/privacy}", "organizations_url": "https://api.github.com/users/jamesallsup/orgs", "url": "https://api.github.com/users/jamesallsup", "gists_url": "https://api.github.com/users/jamesallsup/gists{/gist_id}", "html_url": "https://github.com/jamesallsup", "subscriptions_url": "https://api.github.com/users/jamesallsup/subscriptions", "avatar_url": "https://avatars.githubusercontent.com/u/2026129?v=3", "repos_url": "https://api.github.com/users/jamesallsup/repos", "received_events_url": "https://api.github.com/users/jamesallsup/received_events", "gravatar_id": "", "starred_url": "https://api.github.com/users/jamesallsup/starred{/owner}{/repo}", "site_admin": false, "login": "jamesallsup", "type": "User", "id": 2026129, "followers_url": "https://api.github.com/users/jamesallsup/followers"}, "event": "closed", "issue": {"body": "Hi,\nThere are areas where you're comparing \"tokens\" to user inputs using \"==\" which is not timing-safe and can lead to timing attacks and leak the token, for example that can lead to a further attack:\n\n[amazon_login_pay.php#L848](https://github.com/opencart/opencart/blob/master/upload/catalog/controller/payment/amazon_login_pay.php#L848)\n\nIf an attacker made a tool that calculates the time it takes for every character then he can get amazon_login_pay_ipn_token used to validate this request => calling \"parseRawMessage\" which is:\n\n[amazon_login_pay.php#L393,L435](https://github.com/opencart/opencart/blob/master/upload/catalog/model/payment/amazon_login_pay.php#L393,L435)\n\nIt calls \"simplexml_load_string\" on \"file_get_contents('php://input')\" which is an exception of the sanitization using \"htmlspecialchars\", so this might lead to an XXE after amazon_login_pay_ipn_token is leaked. Not-timing-safe comparison is used in other places as well.\nTo avoid this, it's better to use \"hash_equals\" which is timing-safe.\nMore about timing attacks:\n\n```\nhttps://codeseekah.com/2012/04/29/timing-attacks-in-web-applications/\nhttp://blog.ircmaxell.com/2014/11/its-all-about-time.html\n```\n\nRegards.\n", "labels": [], "locked": false, "title": "Timing attack leading to XXE", "url": "https://api.github.com/repos/opencart/opencart/issues/4009", "labels_url": "https://api.github.com/repos/opencart/opencart/issues/4009/labels{/name}", "created_at": "2016-02-25T23:38:21Z", "events_url": "https://api.github.com/repos/opencart/opencart/issues/4009/events", "comments_url": "https://api.github.com/repos/opencart/opencart/issues/4009/comments", "html_url": "https://github.com/opencart/opencart/issues/4009", "comments": 3, "number": 4009, "updated_at": "2016-03-01T09:42:09Z", "assignee": null, "state": "closed", "user": {"following_url": "https://api.github.com/users/abdogdn/following{/other_user}", "events_url": "https://api.github.com/users/abdogdn/events{/privacy}", "organizations_url": "https://api.github.com/users/abdogdn/orgs", "url": "https://api.github.com/users/abdogdn", "gists_url": "https://api.github.com/users/abdogdn/gists{/gist_id}", "html_url": "https://github.com/abdogdn", "subscriptions_url": "https://api.github.com/users/abdogdn/subscriptions", "avatar_url": "https://avatars.githubusercontent.com/u/17485044?v=3", "repos_url": "https://api.github.com/users/abdogdn/repos", "received_events_url": "https://api.github.com/users/abdogdn/received_events", "gravatar_id": "", "starred_url": "https://api.github.com/users/abdogdn/starred{/owner}{/repo}", "site_admin": false, "login": "abdogdn", "type": "User", "id": 17485044, "followers_url": "https://api.github.com/users/abdogdn/followers"}, "milestone": null, "repository_url": "https://api.github.com/repos/opencart/opencart", "closed_at": "2016-03-01T09:42:05Z", "assignees": [], "id": 136547027}, "id": 572752643}, {"commit_id": null, "commit_url": null, "url": "https://api.github.com/repos/opencart/opencart/issues/events/572659473", "created_at": "2016-03-01T08:15:06Z", "actor": {"following_url": "https://api.github.com/users/danielkerr/following{/other_user}", "events_url": "https://api.github.com/users/danielkerr/events{/privacy}", "organizations_url": "https://api.github.com/users/danielkerr/orgs", "url": "https://api.github.com/users/danielkerr", "gists_url": "https://api.github.com/users/danielkerr/gists{/gist_id}", "html_url": "https://github.com/danielkerr", "subscriptions_url": "https://api.github.com/users/danielkerr/subscriptions", "avatar_url": "https://avatars.githubusercontent.com/u/5079756?v=3", "repos_url": "https://api.github.com/users/danielkerr/repos", "received_events_url": "https://api.github.com/users/danielkerr/received_events", "gravatar_id": "", "starred_url": "https://api.github.com/users/danielkerr/starred{/owner}{/repo}", "site_admin": false, "login": "danielkerr", "type": "User", "id": 5079756, "followers_url": "https://api.github.com/users/danielkerr/followers"}, "event": "closed", "issue": {"body": "I have migrated from local system to live server. when i ran the admin script after changing absolute path in config file getting 500 Internal server error. \n\nNeed help. \n", "labels": [], "locked": false, "title": "500 Internal server error", "url": "https://api.github.com/repos/opencart/opencart/issues/4017", "labels_url": "https://api.github.com/repos/opencart/opencart/issues/4017/labels{/name}", "created_at": "2016-02-29T12:24:13Z", "events_url": "https://api.github.com/repos/opencart/opencart/issues/4017/events", "comments_url": "https://api.github.com/repos/opencart/opencart/issues/4017/comments", "html_url": "https://github.com/opencart/opencart/issues/4017", "comments": 1, "number": 4017, "updated_at": "2016-03-01T10:06:28Z", "assignee": null, "state": "closed", "user": {"following_url": "https://api.github.com/users/cyberformed/following{/other_user}", "events_url": "https://api.github.com/users/cyberformed/events{/privacy}", "organizations_url": "https://api.github.com/users/cyberformed/orgs", "url": "https://api.github.com/users/cyberformed", "gists_url": "https://api.github.com/users/cyberformed/gists{/gist_id}", "html_url": "https://github.com/cyberformed", "subscriptions_url": "https://api.github.com/users/cyberformed/subscriptions", "avatar_url": "https://avatars.githubusercontent.com/u/13065921?v=3", "repos_url": "https://api.github.com/users/cyberformed/repos", "received_events_url": "https://api.github.com/users/cyberformed/received_events", "gravatar_id": "", "starred_url": "https://api.github.com/users/cyberformed/starred{/owner}{/repo}", "site_admin": false, "login": "cyberformed", "type": "User", "id": 13065921, "followers_url": "https://api.github.com/users/cyberformed/followers"}, "milestone": null, "repository_url": "https://api.github.com/repos/opencart/opencart", "closed_at": "2016-03-01T08:15:06Z", "assignees": [], "id": 137240232}, "id": 572659473}, {"commit_id": null, "commit_url": null, "url": "https://api.github.com/repos/opencart/opencart/issues/events/570897603", "created_at": "2016-02-29T11:11:56Z", "actor": {"following_url": "https://api.github.com/users/jamesallsup/following{/other_user}", "events_url": "https://api.github.com/users/jamesallsup/events{/privacy}", "organizations_url": "https://api.github.com/users/jamesallsup/orgs", "url": "https://api.github.com/users/jamesallsup", "gists_url": "https://api.github.com/users/jamesallsup/gists{/gist_id}", "html_url": "https://github.com/jamesallsup", "subscriptions_url": "https://api.github.com/users/jamesallsup/subscriptions", "avatar_url": "https://avatars.githubusercontent.com/u/2026129?v=3", "repos_url": "https://api.github.com/users/jamesallsup/repos", "received_events_url": "https://api.github.com/users/jamesallsup/received_events", "gravatar_id": "", "starred_url": "https://api.github.com/users/jamesallsup/starred{/owner}{/repo}", "site_admin": false, "login": "jamesallsup", "type": "User", "id": 2026129, "followers_url": "https://api.github.com/users/jamesallsup/followers"}, "event": "unlabeled", "label": {"color": "ededed", "name": "in progress"}, "issue": {"labels": [], "number": 4016, "assignee": null, "repository_url": "https://api.github.com/repos/opencart/opencart", "closed_at": "2016-02-29T11:11:53Z", "id": 137223077, "title": "Log in With PayPal event fix", "pull_request": {"url": "https://api.github.com/repos/opencart/opencart/pulls/4016", "diff_url": "https://github.com/opencart/opencart/pull/4016.diff", "html_url": "https://github.com/opencart/opencart/pull/4016", "patch_url": "https://github.com/opencart/opencart/pull/4016.patch"}, "comments": 0, "state": "closed", "body": "", "labels_url": "https://api.github.com/repos/opencart/opencart/issues/4016/labels{/name}", "events_url": "https://api.github.com/repos/opencart/opencart/issues/4016/events", "comments_url": "https://api.github.com/repos/opencart/opencart/issues/4016/comments", "html_url": "https://github.com/opencart/opencart/pull/4016", "updated_at": "2016-02-29T11:11:57Z", "user": {"following_url": "https://api.github.com/users/davidteal/following{/other_user}", "events_url": "https://api.github.com/users/davidteal/events{/privacy}", "organizations_url": "https://api.github.com/users/davidteal/orgs", "url": "https://api.github.com/users/davidteal", "gists_url": "https://api.github.com/users/davidteal/gists{/gist_id}", "html_url": "https://github.com/davidteal", "subscriptions_url": "https://api.github.com/users/davidteal/subscriptions", "avatar_url": "https://avatars.githubusercontent.com/u/5495327?v=3", "repos_url": "https://api.github.com/users/davidteal/repos", "received_events_url": "https://api.github.com/users/davidteal/received_events", "gravatar_id": "", "starred_url": "https://api.github.com/users/davidteal/starred{/owner}{/repo}", "site_admin": false, "login": "davidteal", "type": "User", "id": 5495327, "followers_url": "https://api.github.com/users/davidteal/followers"}, "milestone": null, "locked": false, "url": "https://api.github.com/repos/opencart/opencart/issues/4016", "created_at": "2016-02-29T11:11:47Z", "assignees": []}, "id": 570897603}, {"commit_id": null, "commit_url": null, "url": "https://api.github.com/repos/opencart/opencart/issues/events/570897500", "created_at": "2016-02-29T11:11:53Z", "actor": {"following_url": "https://api.github.com/users/davidteal/following{/other_user}", "events_url": "https://api.github.com/users/davidteal/events{/privacy}", "organizations_url": "https://api.github.com/users/davidteal/orgs", "url": "https://api.github.com/users/davidteal", "gists_url": "https://api.github.com/users/davidteal/gists{/gist_id}", "html_url": "https://github.com/davidteal", "subscriptions_url": "https://api.github.com/users/davidteal/subscriptions", "avatar_url": "https://avatars.githubusercontent.com/u/5495327?v=3", "repos_url": "https://api.github.com/users/davidteal/repos", "received_events_url": "https://api.github.com/users/davidteal/received_events", "gravatar_id": "", "starred_url": "https://api.github.com/users/davidteal/starred{/owner}{/repo}", "site_admin": false, "login": "davidteal", "type": "User", "id": 5495327, "followers_url": "https://api.github.com/users/davidteal/followers"}, "event": "closed", "issue": {"labels": [], "number": 4016, "assignee": null, "repository_url": "https://api.github.com/repos/opencart/opencart", "closed_at": "2016-02-29T11:11:53Z", "id": 137223077, "title": "Log in With PayPal event fix", "pull_request": {"url": "https://api.github.com/repos/opencart/opencart/pulls/4016", "diff_url": "https://github.com/opencart/opencart/pull/4016.diff", "html_url": "https://github.com/opencart/opencart/pull/4016", "patch_url": "https://github.com/opencart/opencart/pull/4016.patch"}, "comments": 0, "state": "closed", "body": "", "labels_url": "https://api.github.com/repos/opencart/opencart/issues/4016/labels{/name}", "events_url": "https://api.github.com/repos/opencart/opencart/issues/4016/events", "comments_url": "https://api.github.com/repos/opencart/opencart/issues/4016/comments", "html_url": "https://github.com/opencart/opencart/pull/4016", "updated_at": "2016-02-29T11:11:57Z", "user": {"following_url": "https://api.github.com/users/davidteal/following{/other_user}", "events_url": "https://api.github.com/users/davidteal/events{/privacy}", "organizations_url": "https://api.github.com/users/davidteal/orgs", "url": "https://api.github.com/users/davidteal", "gists_url": "https://api.github.com/users/davidteal/gists{/gist_id}", "html_url": "https://github.com/davidteal", "subscriptions_url": "https://api.github.com/users/davidteal/subscriptions", "avatar_url": "https://avatars.githubusercontent.com/u/5495327?v=3", "repos_url": "https://api.github.com/users/davidteal/repos", "received_events_url": "https://api.github.com/users/davidteal/received_events", "gravatar_id": "", "starred_url": "https://api.github.com/users/davidteal/starred{/owner}{/repo}", "site_admin": false, "login": "davidteal", "type": "User", "id": 5495327, "followers_url": "https://api.github.com/users/davidteal/followers"}, "milestone": null, "locked": false, "url": "https://api.github.com/repos/opencart/opencart/issues/4016", "created_at": "2016-02-29T11:11:47Z", "assignees": []}, "id": 570897500}, {"commit_id": "d09fdc137e622e26594baa0476b31a2aa1366222", "commit_url": "https://api.github.com/repos/opencart/opencart/commits/d09fdc137e622e26594baa0476b31a2aa1366222", "url": "https://api.github.com/repos/opencart/opencart/issues/events/570897497", "created_at": "2016-02-29T11:11:53Z", "actor": {"following_url": "https://api.github.com/users/davidteal/following{/other_user}", "events_url": "https://api.github.com/users/davidteal/events{/privacy}", "organizations_url": "https://api.github.com/users/davidteal/orgs", "url": "https://api.github.com/users/davidteal", "gists_url": "https://api.github.com/users/davidteal/gists{/gist_id}", "html_url": "https://github.com/davidteal", "subscriptions_url": "https://api.github.com/users/davidteal/subscriptions", "avatar_url": "https://avatars.githubusercontent.com/u/5495327?v=3", "repos_url": "https://api.github.com/users/davidteal/repos", "received_events_url": "https://api.github.com/users/davidteal/received_events", "gravatar_id": "", "starred_url": "https://api.github.com/users/davidteal/starred{/owner}{/repo}", "site_admin": false, "login": "davidteal", "type": "User", "id": 5495327, "followers_url": "https://api.github.com/users/davidteal/followers"}, "event": "merged", "issue": {"labels": [], "number": 4016, "assignee": null, "repository_url": "https://api.github.com/repos/opencart/opencart", "closed_at": "2016-02-29T11:11:53Z", "id": 137223077, "title": "Log in With PayPal event fix", "pull_request": {"url": "https://api.github.com/repos/opencart/opencart/pulls/4016", "diff_url": "https://github.com/opencart/opencart/pull/4016.diff", "html_url": "https://github.com/opencart/opencart/pull/4016", "patch_url": "https://github.com/opencart/opencart/pull/4016.patch"}, "comments": 0, "state": "closed", "body": "", "labels_url": "https://api.github.com/repos/opencart/opencart/issues/4016/labels{/name}", "events_url": "https://api.github.com/repos/opencart/opencart/issues/4016/events", "comments_url": "https://api.github.com/repos/opencart/opencart/issues/4016/comments", "html_url": "https://github.com/opencart/opencart/pull/4016", "updated_at": "2016-02-29T11:11:57Z", "user": {"following_url": "https://api.github.com/users/davidteal/following{/other_user}", "events_url": "https://api.github.com/users/davidteal/events{/privacy}", "organizations_url": "https://api.github.com/users/davidteal/orgs", "url": "https://api.github.com/users/davidteal", "gists_url": "https://api.github.com/users/davidteal/gists{/gist_id}", "html_url": "https://github.com/davidteal", "subscriptions_url": "https://api.github.com/users/davidteal/subscriptions", "avatar_url": "https://avatars.githubusercontent.com/u/5495327?v=3", "repos_url": "https://api.github.com/users/davidteal/repos", "received_events_url": "https://api.github.com/users/davidteal/received_events", "gravatar_id": "", "starred_url": "https://api.github.com/users/davidteal/starred{/owner}{/repo}", "site_admin": false, "login": "davidteal", "type": "User", "id": 5495327, "followers_url": "https://api.github.com/users/davidteal/followers"}, "milestone": null, "locked": false, "url": "https://api.github.com/repos/opencart/opencart/issues/4016", "created_at": "2016-02-29T11:11:47Z", "assignees": []}, "id": 570897497}]