[{"commit_id": null, "commit_url": null, "url": "https://api.github.com/repos/opencart/opencart/issues/events/533720883", "created_at": "2016-02-01T06:30:08Z", "actor": {"following_url": "https://api.github.com/users/ocextension/following{/other_user}", "events_url": "https://api.github.com/users/ocextension/events{/privacy}", "organizations_url": "https://api.github.com/users/ocextension/orgs", "url": "https://api.github.com/users/ocextension", "gists_url": "https://api.github.com/users/ocextension/gists{/gist_id}", "html_url": "https://github.com/ocextension", "subscriptions_url": "https://api.github.com/users/ocextension/subscriptions", "avatar_url": "https://avatars.githubusercontent.com/u/15631453?v=3", "repos_url": "https://api.github.com/users/ocextension/repos", "received_events_url": "https://api.github.com/users/ocextension/received_events", "gravatar_id": "", "starred_url": "https://api.github.com/users/ocextension/starred{/owner}{/repo}", "site_admin": false, "login": "ocextension", "type": "User", "id": 15631453, "followers_url": "https://api.github.com/users/ocextension/followers"}, "event": "closed", "issue": {"labels": [], "number": 3895, "assignee": null, "repository_url": "https://api.github.com/repos/opencart/opencart", "closed_at": "2016-02-01T06:30:08Z", "id": 130018570, "title": "Fix the admin reset password link from email", "pull_request": {"url": "https://api.github.com/repos/opencart/opencart/pulls/3895", "diff_url": "https://github.com/opencart/opencart/pull/3895.diff", "html_url": "https://github.com/opencart/opencart/pull/3895", "patch_url": "https://github.com/opencart/opencart/pull/3895.patch"}, "comments": 1, "state": "closed", "body": "", "labels_url": "https://api.github.com/repos/opencart/opencart/issues/3895/labels{/name}", "events_url": "https://api.github.com/repos/opencart/opencart/issues/3895/events", "comments_url": "https://api.github.com/repos/opencart/opencart/issues/3895/comments", "html_url": "https://github.com/opencart/opencart/pull/3895", "updated_at": "2016-02-01T06:30:12Z", "user": {"following_url": "https://api.github.com/users/ocextension/following{/other_user}", "events_url": "https://api.github.com/users/ocextension/events{/privacy}", "organizations_url": "https://api.github.com/users/ocextension/orgs", "url": "https://api.github.com/users/ocextension", "gists_url": "https://api.github.com/users/ocextension/gists{/gist_id}", "html_url": "https://github.com/ocextension", "subscriptions_url": "https://api.github.com/users/ocextension/subscriptions", "avatar_url": "https://avatars.githubusercontent.com/u/15631453?v=3", "repos_url": "https://api.github.com/users/ocextension/repos", "received_events_url": "https://api.github.com/users/ocextension/received_events", "gravatar_id": "", "starred_url": "https://api.github.com/users/ocextension/starred{/owner}{/repo}", "site_admin": false, "login": "ocextension", "type": "User", "id": 15631453, "followers_url": "https://api.github.com/users/ocextension/followers"}, "milestone": null, "locked": false, "url": "https://api.github.com/repos/opencart/opencart/issues/3895", "created_at": "2016-01-30T18:01:41Z", "assignees": []}, "id": 533720883}, {"commit_id": null, "commit_url": null, "url": "https://api.github.com/repos/opencart/opencart/issues/events/533685005", "created_at": "2016-02-01T05:52:48Z", "actor": {"following_url": "https://api.github.com/users/danielkerr/following{/other_user}", "events_url": "https://api.github.com/users/danielkerr/events{/privacy}", "organizations_url": "https://api.github.com/users/danielkerr/orgs", "url": "https://api.github.com/users/danielkerr", "gists_url": "https://api.github.com/users/danielkerr/gists{/gist_id}", "html_url": "https://github.com/danielkerr", "subscriptions_url": "https://api.github.com/users/danielkerr/subscriptions", "avatar_url": "https://avatars.githubusercontent.com/u/5079756?v=3", "repos_url": "https://api.github.com/users/danielkerr/repos", "received_events_url": "https://api.github.com/users/danielkerr/received_events", "gravatar_id": "", "starred_url": "https://api.github.com/users/danielkerr/starred{/owner}{/repo}", "site_admin": false, "login": "danielkerr", "type": "User", "id": 5079756, "followers_url": "https://api.github.com/users/danielkerr/followers"}, "event": "closed", "issue": {"labels": [], "number": 3893, "assignee": null, "repository_url": "https://api.github.com/repos/opencart/opencart", "closed_at": "2016-02-01T05:52:48Z", "id": 129921149, "title": "Fixed tooltip remove", "pull_request": {"url": "https://api.github.com/repos/opencart/opencart/pulls/3893", "diff_url": "https://github.com/opencart/opencart/pull/3893.diff", "html_url": "https://github.com/opencart/opencart/pull/3893", "patch_url": "https://github.com/opencart/opencart/pull/3893.patch"}, "comments": 0, "state": "closed", "body": "![tooltip-error](https://cloud.githubusercontent.com/assets/5789807/12692137/024b9a68-c6fc-11e5-8394-c854795977f1.png)\n", "labels_url": "https://api.github.com/repos/opencart/opencart/issues/3893/labels{/name}", "events_url": "https://api.github.com/repos/opencart/opencart/issues/3893/events", "comments_url": "https://api.github.com/repos/opencart/opencart/issues/3893/comments", "html_url": "https://github.com/opencart/opencart/pull/3893", "updated_at": "2016-02-08T09:58:05Z", "user": {"following_url": "https://api.github.com/users/eka7a/following{/other_user}", "events_url": "https://api.github.com/users/eka7a/events{/privacy}", "organizations_url": "https://api.github.com/users/eka7a/orgs", "url": "https://api.github.com/users/eka7a", "gists_url": "https://api.github.com/users/eka7a/gists{/gist_id}", "html_url": "https://github.com/eka7a", "subscriptions_url": "https://api.github.com/users/eka7a/subscriptions", "avatar_url": "https://avatars.githubusercontent.com/u/5789807?v=3", "repos_url": "https://api.github.com/users/eka7a/repos", "received_events_url": "https://api.github.com/users/eka7a/received_events", "gravatar_id": "", "starred_url": "https://api.github.com/users/eka7a/starred{/owner}{/repo}", "site_admin": false, "login": "eka7a", "type": "User", "id": 5789807, "followers_url": "https://api.github.com/users/eka7a/followers"}, "milestone": null, "locked": false, "url": "https://api.github.com/repos/opencart/opencart/issues/3893", "created_at": "2016-01-30T00:49:32Z", "assignees": []}, "id": 533685005}, {"commit_id": "0d7e436d08dfb600ed9215a5c82759378d1e8d0f", "commit_url": "https://api.github.com/repos/opencart/opencart/commits/0d7e436d08dfb600ed9215a5c82759378d1e8d0f", "url": "https://api.github.com/repos/opencart/opencart/issues/events/533685004", "created_at": "2016-02-01T05:52:48Z", "actor": {"following_url": "https://api.github.com/users/danielkerr/following{/other_user}", "events_url": "https://api.github.com/users/danielkerr/events{/privacy}", "organizations_url": "https://api.github.com/users/danielkerr/orgs", "url": "https://api.github.com/users/danielkerr", "gists_url": "https://api.github.com/users/danielkerr/gists{/gist_id}", "html_url": "https://github.com/danielkerr", "subscriptions_url": "https://api.github.com/users/danielkerr/subscriptions", "avatar_url": "https://avatars.githubusercontent.com/u/5079756?v=3", "repos_url": "https://api.github.com/users/danielkerr/repos", "received_events_url": "https://api.github.com/users/danielkerr/received_events", "gravatar_id": "", "starred_url": "https://api.github.com/users/danielkerr/starred{/owner}{/repo}", "site_admin": false, "login": "danielkerr", "type": "User", "id": 5079756, "followers_url": "https://api.github.com/users/danielkerr/followers"}, "event": "merged", "issue": {"labels": [], "number": 3893, "assignee": null, "repository_url": "https://api.github.com/repos/opencart/opencart", "closed_at": "2016-02-01T05:52:48Z", "id": 129921149, "title": "Fixed tooltip remove", "pull_request": {"url": "https://api.github.com/repos/opencart/opencart/pulls/3893", "diff_url": "https://github.com/opencart/opencart/pull/3893.diff", "html_url": "https://github.com/opencart/opencart/pull/3893", "patch_url": "https://github.com/opencart/opencart/pull/3893.patch"}, "comments": 0, "state": "closed", "body": "![tooltip-error](https://cloud.githubusercontent.com/assets/5789807/12692137/024b9a68-c6fc-11e5-8394-c854795977f1.png)\n", "labels_url": "https://api.github.com/repos/opencart/opencart/issues/3893/labels{/name}", "events_url": "https://api.github.com/repos/opencart/opencart/issues/3893/events", "comments_url": "https://api.github.com/repos/opencart/opencart/issues/3893/comments", "html_url": "https://github.com/opencart/opencart/pull/3893", "updated_at": "2016-02-08T09:58:05Z", "user": {"following_url": "https://api.github.com/users/eka7a/following{/other_user}", "events_url": "https://api.github.com/users/eka7a/events{/privacy}", "organizations_url": "https://api.github.com/users/eka7a/orgs", "url": "https://api.github.com/users/eka7a", "gists_url": "https://api.github.com/users/eka7a/gists{/gist_id}", "html_url": "https://github.com/eka7a", "subscriptions_url": "https://api.github.com/users/eka7a/subscriptions", "avatar_url": "https://avatars.githubusercontent.com/u/5789807?v=3", "repos_url": "https://api.github.com/users/eka7a/repos", "received_events_url": "https://api.github.com/users/eka7a/received_events", "gravatar_id": "", "starred_url": "https://api.github.com/users/eka7a/starred{/owner}{/repo}", "site_admin": false, "login": "eka7a", "type": "User", "id": 5789807, "followers_url": "https://api.github.com/users/eka7a/followers"}, "milestone": null, "locked": false, "url": "https://api.github.com/repos/opencart/opencart/issues/3893", "created_at": "2016-01-30T00:49:32Z", "assignees": []}, "id": 533685004}, {"commit_id": "0d7e436d08dfb600ed9215a5c82759378d1e8d0f", "commit_url": "https://api.github.com/repos/opencart/opencart/commits/0d7e436d08dfb600ed9215a5c82759378d1e8d0f", "url": "https://api.github.com/repos/opencart/opencart/issues/events/533685003", "created_at": "2016-02-01T05:52:48Z", "actor": {"following_url": "https://api.github.com/users/danielkerr/following{/other_user}", "events_url": "https://api.github.com/users/danielkerr/events{/privacy}", "organizations_url": "https://api.github.com/users/danielkerr/orgs", "url": "https://api.github.com/users/danielkerr", "gists_url": "https://api.github.com/users/danielkerr/gists{/gist_id}", "html_url": "https://github.com/danielkerr", "subscriptions_url": "https://api.github.com/users/danielkerr/subscriptions", "avatar_url": "https://avatars.githubusercontent.com/u/5079756?v=3", "repos_url": "https://api.github.com/users/danielkerr/repos", "received_events_url": "https://api.github.com/users/danielkerr/received_events", "gravatar_id": "", "starred_url": "https://api.github.com/users/danielkerr/starred{/owner}{/repo}", "site_admin": false, "login": "danielkerr", "type": "User", "id": 5079756, "followers_url": "https://api.github.com/users/danielkerr/followers"}, "event": "referenced", "issue": {"labels": [], "number": 3893, "assignee": null, "repository_url": "https://api.github.com/repos/opencart/opencart", "closed_at": "2016-02-01T05:52:48Z", "id": 129921149, "title": "Fixed tooltip remove", "pull_request": {"url": "https://api.github.com/repos/opencart/opencart/pulls/3893", "diff_url": "https://github.com/opencart/opencart/pull/3893.diff", "html_url": "https://github.com/opencart/opencart/pull/3893", "patch_url": "https://github.com/opencart/opencart/pull/3893.patch"}, "comments": 0, "state": "closed", "body": "![tooltip-error](https://cloud.githubusercontent.com/assets/5789807/12692137/024b9a68-c6fc-11e5-8394-c854795977f1.png)\n", "labels_url": "https://api.github.com/repos/opencart/opencart/issues/3893/labels{/name}", "events_url": "https://api.github.com/repos/opencart/opencart/issues/3893/events", "comments_url": "https://api.github.com/repos/opencart/opencart/issues/3893/comments", "html_url": "https://github.com/opencart/opencart/pull/3893", "updated_at": "2016-02-08T09:58:05Z", "user": {"following_url": "https://api.github.com/users/eka7a/following{/other_user}", "events_url": "https://api.github.com/users/eka7a/events{/privacy}", "organizations_url": "https://api.github.com/users/eka7a/orgs", "url": "https://api.github.com/users/eka7a", "gists_url": "https://api.github.com/users/eka7a/gists{/gist_id}", "html_url": "https://github.com/eka7a", "subscriptions_url": "https://api.github.com/users/eka7a/subscriptions", "avatar_url": "https://avatars.githubusercontent.com/u/5789807?v=3", "repos_url": "https://api.github.com/users/eka7a/repos", "received_events_url": "https://api.github.com/users/eka7a/received_events", "gravatar_id": "", "starred_url": "https://api.github.com/users/eka7a/starred{/owner}{/repo}", "site_admin": false, "login": "eka7a", "type": "User", "id": 5789807, "followers_url": "https://api.github.com/users/eka7a/followers"}, "milestone": null, "locked": false, "url": "https://api.github.com/repos/opencart/opencart/issues/3893", "created_at": "2016-01-30T00:49:32Z", "assignees": []}, "id": 533685003}, {"commit_id": "6029268e339d69e5493ea815ff8ff86d3d7d0e18", "commit_url": "https://api.github.com/repos/opencart/opencart/commits/6029268e339d69e5493ea815ff8ff86d3d7d0e18", "url": "https://api.github.com/repos/opencart/opencart/issues/events/533671804", "created_at": "2016-02-01T05:39:38Z", "actor": {"following_url": "https://api.github.com/users/danielkerr/following{/other_user}", "events_url": "https://api.github.com/users/danielkerr/events{/privacy}", "organizations_url": "https://api.github.com/users/danielkerr/orgs", "url": "https://api.github.com/users/danielkerr", "gists_url": "https://api.github.com/users/danielkerr/gists{/gist_id}", "html_url": "https://github.com/danielkerr", "subscriptions_url": "https://api.github.com/users/danielkerr/subscriptions", "avatar_url": "https://avatars.githubusercontent.com/u/5079756?v=3", "repos_url": "https://api.github.com/users/danielkerr/repos", "received_events_url": "https://api.github.com/users/danielkerr/received_events", "gravatar_id": "", "starred_url": "https://api.github.com/users/danielkerr/starred{/owner}{/repo}", "site_admin": false, "login": "danielkerr", "type": "User", "id": 5079756, "followers_url": "https://api.github.com/users/danielkerr/followers"}, "event": "referenced", "issue": {"body": "2.2.0.0_a1 Analytics not adds the code per store.\nadds same code for any store.\nsub store analitics status cannot enabled.\n\nShowing error in Edit Google Analytics\nNotice: Undefined variable: heading_title in C:\\wamp\\www\\2.2.0.0_a1_master\\admin\\view\\template\\analytics\\google_analytics.tpl on line 8\n\nThemes not work, working only default theme\nCustom theme status cannot enabled\n\nCan add Sub Store but can't update the fields\n", "labels": [], "locked": false, "title": "2.2.0.0_a1 Store - Theme - Analitics  Issues", "url": "https://api.github.com/repos/opencart/opencart/issues/3898", "labels_url": "https://api.github.com/repos/opencart/opencart/issues/3898/labels{/name}", "created_at": "2016-01-31T19:09:41Z", "events_url": "https://api.github.com/repos/opencart/opencart/issues/3898/events", "comments_url": "https://api.github.com/repos/opencart/opencart/issues/3898/comments", "html_url": "https://github.com/opencart/opencart/issues/3898", "comments": 0, "number": 3898, "updated_at": "2016-02-01T05:39:34Z", "assignee": null, "state": "closed", "user": {"following_url": "https://api.github.com/users/abiani/following{/other_user}", "events_url": "https://api.github.com/users/abiani/events{/privacy}", "organizations_url": "https://api.github.com/users/abiani/orgs", "url": "https://api.github.com/users/abiani", "gists_url": "https://api.github.com/users/abiani/gists{/gist_id}", "html_url": "https://github.com/abiani", "subscriptions_url": "https://api.github.com/users/abiani/subscriptions", "avatar_url": "https://avatars.githubusercontent.com/u/15847718?v=3", "repos_url": "https://api.github.com/users/abiani/repos", "received_events_url": "https://api.github.com/users/abiani/received_events", "gravatar_id": "", "starred_url": "https://api.github.com/users/abiani/starred{/owner}{/repo}", "site_admin": false, "login": "abiani", "type": "User", "id": 15847718, "followers_url": "https://api.github.com/users/abiani/followers"}, "milestone": null, "repository_url": "https://api.github.com/repos/opencart/opencart", "closed_at": "2016-02-01T05:39:29Z", "assignees": [], "id": 130169715}, "id": 533671804}, {"commit_id": null, "commit_url": null, "url": "https://api.github.com/repos/opencart/opencart/issues/events/533671717", "created_at": "2016-02-01T05:39:29Z", "actor": {"following_url": "https://api.github.com/users/danielkerr/following{/other_user}", "events_url": "https://api.github.com/users/danielkerr/events{/privacy}", "organizations_url": "https://api.github.com/users/danielkerr/orgs", "url": "https://api.github.com/users/danielkerr", "gists_url": "https://api.github.com/users/danielkerr/gists{/gist_id}", "html_url": "https://github.com/danielkerr", "subscriptions_url": "https://api.github.com/users/danielkerr/subscriptions", "avatar_url": "https://avatars.githubusercontent.com/u/5079756?v=3", "repos_url": "https://api.github.com/users/danielkerr/repos", "received_events_url": "https://api.github.com/users/danielkerr/received_events", "gravatar_id": "", "starred_url": "https://api.github.com/users/danielkerr/starred{/owner}{/repo}", "site_admin": false, "login": "danielkerr", "type": "User", "id": 5079756, "followers_url": "https://api.github.com/users/danielkerr/followers"}, "event": "closed", "issue": {"body": "2.2.0.0_a1 Analytics not adds the code per store.\nadds same code for any store.\nsub store analitics status cannot enabled.\n\nShowing error in Edit Google Analytics\nNotice: Undefined variable: heading_title in C:\\wamp\\www\\2.2.0.0_a1_master\\admin\\view\\template\\analytics\\google_analytics.tpl on line 8\n\nThemes not work, working only default theme\nCustom theme status cannot enabled\n\nCan add Sub Store but can't update the fields\n", "labels": [], "locked": false, "title": "2.2.0.0_a1 Store - Theme - Analitics  Issues", "url": "https://api.github.com/repos/opencart/opencart/issues/3898", "labels_url": "https://api.github.com/repos/opencart/opencart/issues/3898/labels{/name}", "created_at": "2016-01-31T19:09:41Z", "events_url": "https://api.github.com/repos/opencart/opencart/issues/3898/events", "comments_url": "https://api.github.com/repos/opencart/opencart/issues/3898/comments", "html_url": "https://github.com/opencart/opencart/issues/3898", "comments": 0, "number": 3898, "updated_at": "2016-02-01T05:39:34Z", "assignee": null, "state": "closed", "user": {"following_url": "https://api.github.com/users/abiani/following{/other_user}", "events_url": "https://api.github.com/users/abiani/events{/privacy}", "organizations_url": "https://api.github.com/users/abiani/orgs", "url": "https://api.github.com/users/abiani", "gists_url": "https://api.github.com/users/abiani/gists{/gist_id}", "html_url": "https://github.com/abiani", "subscriptions_url": "https://api.github.com/users/abiani/subscriptions", "avatar_url": "https://avatars.githubusercontent.com/u/15847718?v=3", "repos_url": "https://api.github.com/users/abiani/repos", "received_events_url": "https://api.github.com/users/abiani/received_events", "gravatar_id": "", "starred_url": "https://api.github.com/users/abiani/starred{/owner}{/repo}", "site_admin": false, "login": "abiani", "type": "User", "id": 15847718, "followers_url": "https://api.github.com/users/abiani/followers"}, "milestone": null, "repository_url": "https://api.github.com/repos/opencart/opencart", "closed_at": "2016-02-01T05:39:29Z", "assignees": [], "id": 130169715}, "id": 533671717}, {"commit_id": null, "rename": {"to": "2.2.0.0_a1 Store - Theme - Analitics  Issues", "from": "2.2.0.0_a1 Store Theme  Issues"}, "commit_url": null, "url": "https://api.github.com/repos/opencart/opencart/issues/events/533262298", "created_at": "2016-01-31T19:10:19Z", "actor": {"following_url": "https://api.github.com/users/abiani/following{/other_user}", "events_url": "https://api.github.com/users/abiani/events{/privacy}", "organizations_url": "https://api.github.com/users/abiani/orgs", "url": "https://api.github.com/users/abiani", "gists_url": "https://api.github.com/users/abiani/gists{/gist_id}", "html_url": "https://github.com/abiani", "subscriptions_url": "https://api.github.com/users/abiani/subscriptions", "avatar_url": "https://avatars.githubusercontent.com/u/15847718?v=3", "repos_url": "https://api.github.com/users/abiani/repos", "received_events_url": "https://api.github.com/users/abiani/received_events", "gravatar_id": "", "starred_url": "https://api.github.com/users/abiani/starred{/owner}{/repo}", "site_admin": false, "login": "abiani", "type": "User", "id": 15847718, "followers_url": "https://api.github.com/users/abiani/followers"}, "event": "renamed", "issue": {"body": "2.2.0.0_a1 Analytics not adds the code per store.\nadds same code for any store.\nsub store analitics status cannot enabled.\n\nShowing error in Edit Google Analytics\nNotice: Undefined variable: heading_title in C:\\wamp\\www\\2.2.0.0_a1_master\\admin\\view\\template\\analytics\\google_analytics.tpl on line 8\n\nThemes not work, working only default theme\nCustom theme status cannot enabled\n\nCan add Sub Store but can't update the fields\n", "labels": [], "locked": false, "title": "2.2.0.0_a1 Store - Theme - Analitics  Issues", "url": "https://api.github.com/repos/opencart/opencart/issues/3898", "labels_url": "https://api.github.com/repos/opencart/opencart/issues/3898/labels{/name}", "created_at": "2016-01-31T19:09:41Z", "events_url": "https://api.github.com/repos/opencart/opencart/issues/3898/events", "comments_url": "https://api.github.com/repos/opencart/opencart/issues/3898/comments", "html_url": "https://github.com/opencart/opencart/issues/3898", "comments": 0, "number": 3898, "updated_at": "2016-02-01T05:39:34Z", "assignee": null, "state": "closed", "user": {"following_url": "https://api.github.com/users/abiani/following{/other_user}", "events_url": "https://api.github.com/users/abiani/events{/privacy}", "organizations_url": "https://api.github.com/users/abiani/orgs", "url": "https://api.github.com/users/abiani", "gists_url": "https://api.github.com/users/abiani/gists{/gist_id}", "html_url": "https://github.com/abiani", "subscriptions_url": "https://api.github.com/users/abiani/subscriptions", "avatar_url": "https://avatars.githubusercontent.com/u/15847718?v=3", "repos_url": "https://api.github.com/users/abiani/repos", "received_events_url": "https://api.github.com/users/abiani/received_events", "gravatar_id": "", "starred_url": "https://api.github.com/users/abiani/starred{/owner}{/repo}", "site_admin": false, "login": "abiani", "type": "User", "id": 15847718, "followers_url": "https://api.github.com/users/abiani/followers"}, "milestone": null, "repository_url": "https://api.github.com/repos/opencart/opencart", "closed_at": "2016-02-01T05:39:29Z", "assignees": [], "id": 130169715}, "id": 533262298}, {"commit_id": null, "commit_url": null, "url": "https://api.github.com/repos/opencart/opencart/issues/events/532888112", "created_at": "2016-01-31T06:12:37Z", "actor": {"following_url": "https://api.github.com/users/danielkerr/following{/other_user}", "events_url": "https://api.github.com/users/danielkerr/events{/privacy}", "organizations_url": "https://api.github.com/users/danielkerr/orgs", "url": "https://api.github.com/users/danielkerr", "gists_url": "https://api.github.com/users/danielkerr/gists{/gist_id}", "html_url": "https://github.com/danielkerr", "subscriptions_url": "https://api.github.com/users/danielkerr/subscriptions", "avatar_url": "https://avatars.githubusercontent.com/u/5079756?v=3", "repos_url": "https://api.github.com/users/danielkerr/repos", "received_events_url": "https://api.github.com/users/danielkerr/received_events", "gravatar_id": "", "starred_url": "https://api.github.com/users/danielkerr/starred{/owner}{/repo}", "site_admin": false, "login": "danielkerr", "type": "User", "id": 5079756, "followers_url": "https://api.github.com/users/danielkerr/followers"}, "event": "closed", "issue": {"body": "I saw the following code in the file admin/controller/catalog/category.php around line 53:\n\nif (($this->request->server['REQUEST_METHOD'] == 'POST') && $this->validateForm()) {\n            $this->model_catalog_category->editCategory($this->request->get['category_id'], $this->request->post);\n\nShould we change it \n\nfrom:\n$this->request->get['category_id']\n\nto:\n$this->request->post['category_id']\n", "labels": [], "locked": false, "title": "admin/controller/catalog/category.php  issue", "url": "https://api.github.com/repos/opencart/opencart/issues/3896", "labels_url": "https://api.github.com/repos/opencart/opencart/issues/3896/labels{/name}", "created_at": "2016-01-31T01:17:27Z", "events_url": "https://api.github.com/repos/opencart/opencart/issues/3896/events", "comments_url": "https://api.github.com/repos/opencart/opencart/issues/3896/comments", "html_url": "https://github.com/opencart/opencart/issues/3896", "comments": 1, "number": 3896, "updated_at": "2016-01-31T06:12:40Z", "assignee": null, "state": "closed", "user": {"following_url": "https://api.github.com/users/johnqiuwan/following{/other_user}", "events_url": "https://api.github.com/users/johnqiuwan/events{/privacy}", "organizations_url": "https://api.github.com/users/johnqiuwan/orgs", "url": "https://api.github.com/users/johnqiuwan", "gists_url": "https://api.github.com/users/johnqiuwan/gists{/gist_id}", "html_url": "https://github.com/johnqiuwan", "subscriptions_url": "https://api.github.com/users/johnqiuwan/subscriptions", "avatar_url": "https://avatars.githubusercontent.com/u/2849964?v=3", "repos_url": "https://api.github.com/users/johnqiuwan/repos", "received_events_url": "https://api.github.com/users/johnqiuwan/received_events", "gravatar_id": "", "starred_url": "https://api.github.com/users/johnqiuwan/starred{/owner}{/repo}", "site_admin": false, "login": "johnqiuwan", "type": "User", "id": 2849964, "followers_url": "https://api.github.com/users/johnqiuwan/followers"}, "milestone": null, "repository_url": "https://api.github.com/repos/opencart/opencart", "closed_at": "2016-01-31T06:12:37Z", "assignees": [], "id": 130060746}, "id": 532888112}, {"commit_id": null, "commit_url": null, "url": "https://api.github.com/repos/opencart/opencart/issues/events/532542320", "created_at": "2016-01-30T17:41:24Z", "actor": {"following_url": "https://api.github.com/users/ocextension/following{/other_user}", "events_url": "https://api.github.com/users/ocextension/events{/privacy}", "organizations_url": "https://api.github.com/users/ocextension/orgs", "url": "https://api.github.com/users/ocextension", "gists_url": "https://api.github.com/users/ocextension/gists{/gist_id}", "html_url": "https://github.com/ocextension", "subscriptions_url": "https://api.github.com/users/ocextension/subscriptions", "avatar_url": "https://avatars.githubusercontent.com/u/15631453?v=3", "repos_url": "https://api.github.com/users/ocextension/repos", "received_events_url": "https://api.github.com/users/ocextension/received_events", "gravatar_id": "", "starred_url": "https://api.github.com/users/ocextension/starred{/owner}{/repo}", "site_admin": false, "login": "ocextension", "type": "User", "id": 15631453, "followers_url": "https://api.github.com/users/ocextension/followers"}, "event": "head_ref_deleted", "issue": {"labels": [], "number": 3894, "assignee": null, "repository_url": "https://api.github.com/repos/opencart/opencart", "closed_at": "2016-01-30T17:41:24Z", "id": 130016883, "title": "Fix the issue with admin password reset link in email", "pull_request": {"url": "https://api.github.com/repos/opencart/opencart/pulls/3894", "diff_url": "https://github.com/opencart/opencart/pull/3894.diff", "html_url": "https://github.com/opencart/opencart/pull/3894", "patch_url": "https://github.com/opencart/opencart/pull/3894.patch"}, "comments": 0, "state": "closed", "body": "", "labels_url": "https://api.github.com/repos/opencart/opencart/issues/3894/labels{/name}", "events_url": "https://api.github.com/repos/opencart/opencart/issues/3894/events", "comments_url": "https://api.github.com/repos/opencart/opencart/issues/3894/comments", "html_url": "https://github.com/opencart/opencart/pull/3894", "updated_at": "2016-01-30T17:41:28Z", "user": {"following_url": "https://api.github.com/users/ocextension/following{/other_user}", "events_url": "https://api.github.com/users/ocextension/events{/privacy}", "organizations_url": "https://api.github.com/users/ocextension/orgs", "url": "https://api.github.com/users/ocextension", "gists_url": "https://api.github.com/users/ocextension/gists{/gist_id}", "html_url": "https://github.com/ocextension", "subscriptions_url": "https://api.github.com/users/ocextension/subscriptions", "avatar_url": "https://avatars.githubusercontent.com/u/15631453?v=3", "repos_url": "https://api.github.com/users/ocextension/repos", "received_events_url": "https://api.github.com/users/ocextension/received_events", "gravatar_id": "", "starred_url": "https://api.github.com/users/ocextension/starred{/owner}{/repo}", "site_admin": false, "login": "ocextension", "type": "User", "id": 15631453, "followers_url": "https://api.github.com/users/ocextension/followers"}, "milestone": null, "locked": false, "url": "https://api.github.com/repos/opencart/opencart/issues/3894", "created_at": "2016-01-30T17:40:29Z", "assignees": []}, "id": 532542320}, {"commit_id": null, "commit_url": null, "url": "https://api.github.com/repos/opencart/opencart/issues/events/532542319", "created_at": "2016-01-30T17:41:24Z", "actor": {"following_url": "https://api.github.com/users/ocextension/following{/other_user}", "events_url": "https://api.github.com/users/ocextension/events{/privacy}", "organizations_url": "https://api.github.com/users/ocextension/orgs", "url": "https://api.github.com/users/ocextension", "gists_url": "https://api.github.com/users/ocextension/gists{/gist_id}", "html_url": "https://github.com/ocextension", "subscriptions_url": "https://api.github.com/users/ocextension/subscriptions", "avatar_url": "https://avatars.githubusercontent.com/u/15631453?v=3", "repos_url": "https://api.github.com/users/ocextension/repos", "received_events_url": "https://api.github.com/users/ocextension/received_events", "gravatar_id": "", "starred_url": "https://api.github.com/users/ocextension/starred{/owner}{/repo}", "site_admin": false, "login": "ocextension", "type": "User", "id": 15631453, "followers_url": "https://api.github.com/users/ocextension/followers"}, "event": "closed", "issue": {"labels": [], "number": 3894, "assignee": null, "repository_url": "https://api.github.com/repos/opencart/opencart", "closed_at": "2016-01-30T17:41:24Z", "id": 130016883, "title": "Fix the issue with admin password reset link in email", "pull_request": {"url": "https://api.github.com/repos/opencart/opencart/pulls/3894", "diff_url": "https://github.com/opencart/opencart/pull/3894.diff", "html_url": "https://github.com/opencart/opencart/pull/3894", "patch_url": "https://github.com/opencart/opencart/pull/3894.patch"}, "comments": 0, "state": "closed", "body": "", "labels_url": "https://api.github.com/repos/opencart/opencart/issues/3894/labels{/name}", "events_url": "https://api.github.com/repos/opencart/opencart/issues/3894/events", "comments_url": "https://api.github.com/repos/opencart/opencart/issues/3894/comments", "html_url": "https://github.com/opencart/opencart/pull/3894", "updated_at": "2016-01-30T17:41:28Z", "user": {"following_url": "https://api.github.com/users/ocextension/following{/other_user}", "events_url": "https://api.github.com/users/ocextension/events{/privacy}", "organizations_url": "https://api.github.com/users/ocextension/orgs", "url": "https://api.github.com/users/ocextension", "gists_url": "https://api.github.com/users/ocextension/gists{/gist_id}", "html_url": "https://github.com/ocextension", "subscriptions_url": "https://api.github.com/users/ocextension/subscriptions", "avatar_url": "https://avatars.githubusercontent.com/u/15631453?v=3", "repos_url": "https://api.github.com/users/ocextension/repos", "received_events_url": "https://api.github.com/users/ocextension/received_events", "gravatar_id": "", "starred_url": "https://api.github.com/users/ocextension/starred{/owner}{/repo}", "site_admin": false, "login": "ocextension", "type": "User", "id": 15631453, "followers_url": "https://api.github.com/users/ocextension/followers"}, "milestone": null, "locked": false, "url": "https://api.github.com/repos/opencart/opencart/issues/3894", "created_at": "2016-01-30T17:40:29Z", "assignees": []}, "id": 532542319}, {"commit_id": null, "commit_url": null, "url": "https://api.github.com/repos/opencart/opencart/issues/events/532136320", "created_at": "2016-01-30T00:51:00Z", "actor": {"following_url": "https://api.github.com/users/eka7a/following{/other_user}", "events_url": "https://api.github.com/users/eka7a/events{/privacy}", "organizations_url": "https://api.github.com/users/eka7a/orgs", "url": "https://api.github.com/users/eka7a", "gists_url": "https://api.github.com/users/eka7a/gists{/gist_id}", "html_url": "https://github.com/eka7a", "subscriptions_url": "https://api.github.com/users/eka7a/subscriptions", "avatar_url": "https://avatars.githubusercontent.com/u/5789807?v=3", "repos_url": "https://api.github.com/users/eka7a/repos", "received_events_url": "https://api.github.com/users/eka7a/received_events", "gravatar_id": "", "starred_url": "https://api.github.com/users/eka7a/starred{/owner}{/repo}", "site_admin": false, "login": "eka7a", "type": "User", "id": 5789807, "followers_url": "https://api.github.com/users/eka7a/followers"}, "event": "head_ref_deleted", "issue": {"labels": [], "number": 3888, "assignee": null, "repository_url": "https://api.github.com/repos/opencart/opencart", "closed_at": "2016-01-29T16:34:39Z", "id": 129599287, "title": "Added Warning: You added before the language!", "pull_request": {"url": "https://api.github.com/repos/opencart/opencart/pulls/3888", "diff_url": "https://github.com/opencart/opencart/pull/3888.diff", "html_url": "https://github.com/opencart/opencart/pull/3888", "patch_url": "https://github.com/opencart/opencart/pull/3888.patch"}, "comments": 0, "state": "closed", "body": "", "labels_url": "https://api.github.com/repos/opencart/opencart/issues/3888/labels{/name}", "events_url": "https://api.github.com/repos/opencart/opencart/issues/3888/events", "comments_url": "https://api.github.com/repos/opencart/opencart/issues/3888/comments", "html_url": "https://github.com/opencart/opencart/pull/3888", "updated_at": "2016-01-30T00:51:00Z", "user": {"following_url": "https://api.github.com/users/eka7a/following{/other_user}", "events_url": "https://api.github.com/users/eka7a/events{/privacy}", "organizations_url": "https://api.github.com/users/eka7a/orgs", "url": "https://api.github.com/users/eka7a", "gists_url": "https://api.github.com/users/eka7a/gists{/gist_id}", "html_url": "https://github.com/eka7a", "subscriptions_url": "https://api.github.com/users/eka7a/subscriptions", "avatar_url": "https://avatars.githubusercontent.com/u/5789807?v=3", "repos_url": "https://api.github.com/users/eka7a/repos", "received_events_url": "https://api.github.com/users/eka7a/received_events", "gravatar_id": "", "starred_url": "https://api.github.com/users/eka7a/starred{/owner}{/repo}", "site_admin": false, "login": "eka7a", "type": "User", "id": 5789807, "followers_url": "https://api.github.com/users/eka7a/followers"}, "milestone": null, "locked": false, "url": "https://api.github.com/repos/opencart/opencart/issues/3888", "created_at": "2016-01-28T22:18:16Z", "assignees": []}, "id": 532136320}, {"commit_id": null, "commit_url": null, "url": "https://api.github.com/repos/opencart/opencart/issues/events/531566798", "created_at": "2016-01-29T16:35:27Z", "actor": {"following_url": "https://api.github.com/users/danielkerr/following{/other_user}", "events_url": "https://api.github.com/users/danielkerr/events{/privacy}", "organizations_url": "https://api.github.com/users/danielkerr/orgs", "url": "https://api.github.com/users/danielkerr", "gists_url": "https://api.github.com/users/danielkerr/gists{/gist_id}", "html_url": "https://github.com/danielkerr", "subscriptions_url": "https://api.github.com/users/danielkerr/subscriptions", "avatar_url": "https://avatars.githubusercontent.com/u/5079756?v=3", "repos_url": "https://api.github.com/users/danielkerr/repos", "received_events_url": "https://api.github.com/users/danielkerr/received_events", "gravatar_id": "", "starred_url": "https://api.github.com/users/danielkerr/starred{/owner}{/repo}", "site_admin": false, "login": "danielkerr", "type": "User", "id": 5079756, "followers_url": "https://api.github.com/users/danielkerr/followers"}, "event": "closed", "issue": {"labels": [], "number": 3886, "assignee": null, "repository_url": "https://api.github.com/repos/opencart/opencart", "closed_at": "2016-01-29T16:35:27Z", "id": 129546945, "title": "Update checkout.tpl", "pull_request": {"url": "https://api.github.com/repos/opencart/opencart/pulls/3886", "diff_url": "https://github.com/opencart/opencart/pull/3886.diff", "html_url": "https://github.com/opencart/opencart/pull/3886", "patch_url": "https://github.com/opencart/opencart/pull/3886.patch"}, "comments": 1, "state": "closed", "body": "", "labels_url": "https://api.github.com/repos/opencart/opencart/issues/3886/labels{/name}", "events_url": "https://api.github.com/repos/opencart/opencart/issues/3886/events", "comments_url": "https://api.github.com/repos/opencart/opencart/issues/3886/comments", "html_url": "https://github.com/opencart/opencart/pull/3886", "updated_at": "2016-01-29T16:35:30Z", "user": {"following_url": "https://api.github.com/users/danijelGombac/following{/other_user}", "events_url": "https://api.github.com/users/danijelGombac/events{/privacy}", "organizations_url": "https://api.github.com/users/danijelGombac/orgs", "url": "https://api.github.com/users/danijelGombac", "gists_url": "https://api.github.com/users/danijelGombac/gists{/gist_id}", "html_url": "https://github.com/danijelGombac", "subscriptions_url": "https://api.github.com/users/danijelGombac/subscriptions", "avatar_url": "https://avatars.githubusercontent.com/u/3872726?v=3", "repos_url": "https://api.github.com/users/danijelGombac/repos", "received_events_url": "https://api.github.com/users/danijelGombac/received_events", "gravatar_id": "", "starred_url": "https://api.github.com/users/danijelGombac/starred{/owner}{/repo}", "site_admin": false, "login": "danijelGombac", "type": "User", "id": 3872726, "followers_url": "https://api.github.com/users/danijelGombac/followers"}, "milestone": null, "locked": false, "url": "https://api.github.com/repos/opencart/opencart/issues/3886", "created_at": "2016-01-28T19:07:33Z", "assignees": []}, "id": 531566798}, {"commit_id": null, "commit_url": null, "url": "https://api.github.com/repos/opencart/opencart/issues/events/531565639", "created_at": "2016-01-29T16:34:39Z", "actor": {"following_url": "https://api.github.com/users/danielkerr/following{/other_user}", "events_url": "https://api.github.com/users/danielkerr/events{/privacy}", "organizations_url": "https://api.github.com/users/danielkerr/orgs", "url": "https://api.github.com/users/danielkerr", "gists_url": "https://api.github.com/users/danielkerr/gists{/gist_id}", "html_url": "https://github.com/danielkerr", "subscriptions_url": "https://api.github.com/users/danielkerr/subscriptions", "avatar_url": "https://avatars.githubusercontent.com/u/5079756?v=3", "repos_url": "https://api.github.com/users/danielkerr/repos", "received_events_url": "https://api.github.com/users/danielkerr/received_events", "gravatar_id": "", "starred_url": "https://api.github.com/users/danielkerr/starred{/owner}{/repo}", "site_admin": false, "login": "danielkerr", "type": "User", "id": 5079756, "followers_url": "https://api.github.com/users/danielkerr/followers"}, "event": "closed", "issue": {"labels": [], "number": 3888, "assignee": null, "repository_url": "https://api.github.com/repos/opencart/opencart", "closed_at": "2016-01-29T16:34:39Z", "id": 129599287, "title": "Added Warning: You added before the language!", "pull_request": {"url": "https://api.github.com/repos/opencart/opencart/pulls/3888", "diff_url": "https://github.com/opencart/opencart/pull/3888.diff", "html_url": "https://github.com/opencart/opencart/pull/3888", "patch_url": "https://github.com/opencart/opencart/pull/3888.patch"}, "comments": 0, "state": "closed", "body": "", "labels_url": "https://api.github.com/repos/opencart/opencart/issues/3888/labels{/name}", "events_url": "https://api.github.com/repos/opencart/opencart/issues/3888/events", "comments_url": "https://api.github.com/repos/opencart/opencart/issues/3888/comments", "html_url": "https://github.com/opencart/opencart/pull/3888", "updated_at": "2016-01-30T00:51:00Z", "user": {"following_url": "https://api.github.com/users/eka7a/following{/other_user}", "events_url": "https://api.github.com/users/eka7a/events{/privacy}", "organizations_url": "https://api.github.com/users/eka7a/orgs", "url": "https://api.github.com/users/eka7a", "gists_url": "https://api.github.com/users/eka7a/gists{/gist_id}", "html_url": "https://github.com/eka7a", "subscriptions_url": "https://api.github.com/users/eka7a/subscriptions", "avatar_url": "https://avatars.githubusercontent.com/u/5789807?v=3", "repos_url": "https://api.github.com/users/eka7a/repos", "received_events_url": "https://api.github.com/users/eka7a/received_events", "gravatar_id": "", "starred_url": "https://api.github.com/users/eka7a/starred{/owner}{/repo}", "site_admin": false, "login": "eka7a", "type": "User", "id": 5789807, "followers_url": "https://api.github.com/users/eka7a/followers"}, "milestone": null, "locked": false, "url": "https://api.github.com/repos/opencart/opencart/issues/3888", "created_at": "2016-01-28T22:18:16Z", "assignees": []}, "id": 531565639}, {"commit_id": "170ba495c28cc442c2dd881673550bb94ca3f21e", "commit_url": "https://api.github.com/repos/opencart/opencart/commits/170ba495c28cc442c2dd881673550bb94ca3f21e", "url": "https://api.github.com/repos/opencart/opencart/issues/events/531565638", "created_at": "2016-01-29T16:34:39Z", "actor": {"following_url": "https://api.github.com/users/danielkerr/following{/other_user}", "events_url": "https://api.github.com/users/danielkerr/events{/privacy}", "organizations_url": "https://api.github.com/users/danielkerr/orgs", "url": "https://api.github.com/users/danielkerr", "gists_url": "https://api.github.com/users/danielkerr/gists{/gist_id}", "html_url": "https://github.com/danielkerr", "subscriptions_url": "https://api.github.com/users/danielkerr/subscriptions", "avatar_url": "https://avatars.githubusercontent.com/u/5079756?v=3", "repos_url": "https://api.github.com/users/danielkerr/repos", "received_events_url": "https://api.github.com/users/danielkerr/received_events", "gravatar_id": "", "starred_url": "https://api.github.com/users/danielkerr/starred{/owner}{/repo}", "site_admin": false, "login": "danielkerr", "type": "User", "id": 5079756, "followers_url": "https://api.github.com/users/danielkerr/followers"}, "event": "merged", "issue": {"labels": [], "number": 3888, "assignee": null, "repository_url": "https://api.github.com/repos/opencart/opencart", "closed_at": "2016-01-29T16:34:39Z", "id": 129599287, "title": "Added Warning: You added before the language!", "pull_request": {"url": "https://api.github.com/repos/opencart/opencart/pulls/3888", "diff_url": "https://github.com/opencart/opencart/pull/3888.diff", "html_url": "https://github.com/opencart/opencart/pull/3888", "patch_url": "https://github.com/opencart/opencart/pull/3888.patch"}, "comments": 0, "state": "closed", "body": "", "labels_url": "https://api.github.com/repos/opencart/opencart/issues/3888/labels{/name}", "events_url": "https://api.github.com/repos/opencart/opencart/issues/3888/events", "comments_url": "https://api.github.com/repos/opencart/opencart/issues/3888/comments", "html_url": "https://github.com/opencart/opencart/pull/3888", "updated_at": "2016-01-30T00:51:00Z", "user": {"following_url": "https://api.github.com/users/eka7a/following{/other_user}", "events_url": "https://api.github.com/users/eka7a/events{/privacy}", "organizations_url": "https://api.github.com/users/eka7a/orgs", "url": "https://api.github.com/users/eka7a", "gists_url": "https://api.github.com/users/eka7a/gists{/gist_id}", "html_url": "https://github.com/eka7a", "subscriptions_url": "https://api.github.com/users/eka7a/subscriptions", "avatar_url": "https://avatars.githubusercontent.com/u/5789807?v=3", "repos_url": "https://api.github.com/users/eka7a/repos", "received_events_url": "https://api.github.com/users/eka7a/received_events", "gravatar_id": "", "starred_url": "https://api.github.com/users/eka7a/starred{/owner}{/repo}", "site_admin": false, "login": "eka7a", "type": "User", "id": 5789807, "followers_url": "https://api.github.com/users/eka7a/followers"}, "milestone": null, "locked": false, "url": "https://api.github.com/repos/opencart/opencart/issues/3888", "created_at": "2016-01-28T22:18:16Z", "assignees": []}, "id": 531565638}, {"commit_id": "170ba495c28cc442c2dd881673550bb94ca3f21e", "commit_url": "https://api.github.com/repos/opencart/opencart/commits/170ba495c28cc442c2dd881673550bb94ca3f21e", "url": "https://api.github.com/repos/opencart/opencart/issues/events/531565636", "created_at": "2016-01-29T16:34:39Z", "actor": {"following_url": "https://api.github.com/users/danielkerr/following{/other_user}", "events_url": "https://api.github.com/users/danielkerr/events{/privacy}", "organizations_url": "https://api.github.com/users/danielkerr/orgs", "url": "https://api.github.com/users/danielkerr", "gists_url": "https://api.github.com/users/danielkerr/gists{/gist_id}", "html_url": "https://github.com/danielkerr", "subscriptions_url": "https://api.github.com/users/danielkerr/subscriptions", "avatar_url": "https://avatars.githubusercontent.com/u/5079756?v=3", "repos_url": "https://api.github.com/users/danielkerr/repos", "received_events_url": "https://api.github.com/users/danielkerr/received_events", "gravatar_id": "", "starred_url": "https://api.github.com/users/danielkerr/starred{/owner}{/repo}", "site_admin": false, "login": "danielkerr", "type": "User", "id": 5079756, "followers_url": "https://api.github.com/users/danielkerr/followers"}, "event": "referenced", "issue": {"labels": [], "number": 3888, "assignee": null, "repository_url": "https://api.github.com/repos/opencart/opencart", "closed_at": "2016-01-29T16:34:39Z", "id": 129599287, "title": "Added Warning: You added before the language!", "pull_request": {"url": "https://api.github.com/repos/opencart/opencart/pulls/3888", "diff_url": "https://github.com/opencart/opencart/pull/3888.diff", "html_url": "https://github.com/opencart/opencart/pull/3888", "patch_url": "https://github.com/opencart/opencart/pull/3888.patch"}, "comments": 0, "state": "closed", "body": "", "labels_url": "https://api.github.com/repos/opencart/opencart/issues/3888/labels{/name}", "events_url": "https://api.github.com/repos/opencart/opencart/issues/3888/events", "comments_url": "https://api.github.com/repos/opencart/opencart/issues/3888/comments", "html_url": "https://github.com/opencart/opencart/pull/3888", "updated_at": "2016-01-30T00:51:00Z", "user": {"following_url": "https://api.github.com/users/eka7a/following{/other_user}", "events_url": "https://api.github.com/users/eka7a/events{/privacy}", "organizations_url": "https://api.github.com/users/eka7a/orgs", "url": "https://api.github.com/users/eka7a", "gists_url": "https://api.github.com/users/eka7a/gists{/gist_id}", "html_url": "https://github.com/eka7a", "subscriptions_url": "https://api.github.com/users/eka7a/subscriptions", "avatar_url": "https://avatars.githubusercontent.com/u/5789807?v=3", "repos_url": "https://api.github.com/users/eka7a/repos", "received_events_url": "https://api.github.com/users/eka7a/received_events", "gravatar_id": "", "starred_url": "https://api.github.com/users/eka7a/starred{/owner}{/repo}", "site_admin": false, "login": "eka7a", "type": "User", "id": 5789807, "followers_url": "https://api.github.com/users/eka7a/followers"}, "milestone": null, "locked": false, "url": "https://api.github.com/repos/opencart/opencart/issues/3888", "created_at": "2016-01-28T22:18:16Z", "assignees": []}, "id": 531565636}, {"commit_id": "a5f7cf3447f6c6c3b338ac6ade98da7059ed6e68", "commit_url": "https://api.github.com/repos/opencart/opencart/commits/a5f7cf3447f6c6c3b338ac6ade98da7059ed6e68", "url": "https://api.github.com/repos/opencart/opencart/issues/events/531537365", "created_at": "2016-01-29T16:16:33Z", "actor": {"following_url": "https://api.github.com/users/danielkerr/following{/other_user}", "events_url": "https://api.github.com/users/danielkerr/events{/privacy}", "organizations_url": "https://api.github.com/users/danielkerr/orgs", "url": "https://api.github.com/users/danielkerr", "gists_url": "https://api.github.com/users/danielkerr/gists{/gist_id}", "html_url": "https://github.com/danielkerr", "subscriptions_url": "https://api.github.com/users/danielkerr/subscriptions", "avatar_url": "https://avatars.githubusercontent.com/u/5079756?v=3", "repos_url": "https://api.github.com/users/danielkerr/repos", "received_events_url": "https://api.github.com/users/danielkerr/received_events", "gravatar_id": "", "starred_url": "https://api.github.com/users/danielkerr/starred{/owner}{/repo}", "site_admin": false, "login": "danielkerr", "type": "User", "id": 5079756, "followers_url": "https://api.github.com/users/danielkerr/followers"}, "event": "referenced", "issue": {"body": "Blank spaces (tabs) exist in the following Classes:\n-> DB\n-> Session\n-> Url\n... they should be removed for faster results.\n", "labels": [], "locked": false, "title": "Blank spaces exist in System/Library files", "url": "https://api.github.com/repos/opencart/opencart/issues/3875", "labels_url": "https://api.github.com/repos/opencart/opencart/issues/3875/labels{/name}", "created_at": "2016-01-27T07:59:29Z", "events_url": "https://api.github.com/repos/opencart/opencart/issues/3875/events", "comments_url": "https://api.github.com/repos/opencart/opencart/issues/3875/comments", "html_url": "https://github.com/opencart/opencart/issues/3875", "comments": 1, "number": 3875, "updated_at": "2016-01-29T16:17:22Z", "assignee": null, "state": "closed", "user": {"following_url": "https://api.github.com/users/villagedefrance/following{/other_user}", "events_url": "https://api.github.com/users/villagedefrance/events{/privacy}", "organizations_url": "https://api.github.com/users/villagedefrance/orgs", "url": "https://api.github.com/users/villagedefrance", "gists_url": "https://api.github.com/users/villagedefrance/gists{/gist_id}", "html_url": "https://github.com/villagedefrance", "subscriptions_url": "https://api.github.com/users/villagedefrance/subscriptions", "avatar_url": "https://avatars.githubusercontent.com/u/4930600?v=3", "repos_url": "https://api.github.com/users/villagedefrance/repos", "received_events_url": "https://api.github.com/users/villagedefrance/received_events", "gravatar_id": "", "starred_url": "https://api.github.com/users/villagedefrance/starred{/owner}{/repo}", "site_admin": false, "login": "villagedefrance", "type": "User", "id": 4930600, "followers_url": "https://api.github.com/users/villagedefrance/followers"}, "milestone": null, "repository_url": "https://api.github.com/repos/opencart/opencart", "closed_at": "2016-01-29T16:16:18Z", "assignees": [], "id": 129064331}, "id": 531537365}, {"commit_id": null, "commit_url": null, "url": "https://api.github.com/repos/opencart/opencart/issues/events/531537073", "created_at": "2016-01-29T16:16:18Z", "actor": {"following_url": "https://api.github.com/users/danielkerr/following{/other_user}", "events_url": "https://api.github.com/users/danielkerr/events{/privacy}", "organizations_url": "https://api.github.com/users/danielkerr/orgs", "url": "https://api.github.com/users/danielkerr", "gists_url": "https://api.github.com/users/danielkerr/gists{/gist_id}", "html_url": "https://github.com/danielkerr", "subscriptions_url": "https://api.github.com/users/danielkerr/subscriptions", "avatar_url": "https://avatars.githubusercontent.com/u/5079756?v=3", "repos_url": "https://api.github.com/users/danielkerr/repos", "received_events_url": "https://api.github.com/users/danielkerr/received_events", "gravatar_id": "", "starred_url": "https://api.github.com/users/danielkerr/starred{/owner}{/repo}", "site_admin": false, "login": "danielkerr", "type": "User", "id": 5079756, "followers_url": "https://api.github.com/users/danielkerr/followers"}, "event": "closed", "issue": {"body": "Blank spaces (tabs) exist in the following Classes:\n-> DB\n-> Session\n-> Url\n... they should be removed for faster results.\n", "labels": [], "locked": false, "title": "Blank spaces exist in System/Library files", "url": "https://api.github.com/repos/opencart/opencart/issues/3875", "labels_url": "https://api.github.com/repos/opencart/opencart/issues/3875/labels{/name}", "created_at": "2016-01-27T07:59:29Z", "events_url": "https://api.github.com/repos/opencart/opencart/issues/3875/events", "comments_url": "https://api.github.com/repos/opencart/opencart/issues/3875/comments", "html_url": "https://github.com/opencart/opencart/issues/3875", "comments": 1, "number": 3875, "updated_at": "2016-01-29T16:17:22Z", "assignee": null, "state": "closed", "user": {"following_url": "https://api.github.com/users/villagedefrance/following{/other_user}", "events_url": "https://api.github.com/users/villagedefrance/events{/privacy}", "organizations_url": "https://api.github.com/users/villagedefrance/orgs", "url": "https://api.github.com/users/villagedefrance", "gists_url": "https://api.github.com/users/villagedefrance/gists{/gist_id}", "html_url": "https://github.com/villagedefrance", "subscriptions_url": "https://api.github.com/users/villagedefrance/subscriptions", "avatar_url": "https://avatars.githubusercontent.com/u/4930600?v=3", "repos_url": "https://api.github.com/users/villagedefrance/repos", "received_events_url": "https://api.github.com/users/villagedefrance/received_events", "gravatar_id": "", "starred_url": "https://api.github.com/users/villagedefrance/starred{/owner}{/repo}", "site_admin": false, "login": "villagedefrance", "type": "User", "id": 4930600, "followers_url": "https://api.github.com/users/villagedefrance/followers"}, "milestone": null, "repository_url": "https://api.github.com/repos/opencart/opencart", "closed_at": "2016-01-29T16:16:18Z", "assignees": [], "id": 129064331}, "id": 531537073}, {"commit_id": null, "commit_url": null, "url": "https://api.github.com/repos/opencart/opencart/issues/events/531535316", "created_at": "2016-01-29T16:14:58Z", "actor": {"following_url": "https://api.github.com/users/danielkerr/following{/other_user}", "events_url": "https://api.github.com/users/danielkerr/events{/privacy}", "organizations_url": "https://api.github.com/users/danielkerr/orgs", "url": "https://api.github.com/users/danielkerr", "gists_url": "https://api.github.com/users/danielkerr/gists{/gist_id}", "html_url": "https://github.com/danielkerr", "subscriptions_url": "https://api.github.com/users/danielkerr/subscriptions", "avatar_url": "https://avatars.githubusercontent.com/u/5079756?v=3", "repos_url": "https://api.github.com/users/danielkerr/repos", "received_events_url": "https://api.github.com/users/danielkerr/received_events", "gravatar_id": "", "starred_url": "https://api.github.com/users/danielkerr/starred{/owner}{/repo}", "site_admin": false, "login": "danielkerr", "type": "User", "id": 5079756, "followers_url": "https://api.github.com/users/danielkerr/followers"}, "event": "closed", "issue": {"body": "I gathered that filter.php needs `$this->response->setOutput()` in order to render the response, since I get a blank page? [filter.php](https://github.com/opencart/opencart/blob/master/upload/catalog/controller/module/filter.php#L74)\n", "labels": [], "locked": false, "title": "filters dont render", "url": "https://api.github.com/repos/opencart/opencart/issues/3887", "labels_url": "https://api.github.com/repos/opencart/opencart/issues/3887/labels{/name}", "created_at": "2016-01-28T19:13:09Z", "events_url": "https://api.github.com/repos/opencart/opencart/issues/3887/events", "comments_url": "https://api.github.com/repos/opencart/opencart/issues/3887/comments", "html_url": "https://github.com/opencart/opencart/issues/3887", "comments": 1, "number": 3887, "updated_at": "2016-01-29T16:15:02Z", "assignee": null, "state": "closed", "user": {"following_url": "https://api.github.com/users/stevenseeley/following{/other_user}", "events_url": "https://api.github.com/users/stevenseeley/events{/privacy}", "organizations_url": "https://api.github.com/users/stevenseeley/orgs", "url": "https://api.github.com/users/stevenseeley", "gists_url": "https://api.github.com/users/stevenseeley/gists{/gist_id}", "html_url": "https://github.com/stevenseeley", "subscriptions_url": "https://api.github.com/users/stevenseeley/subscriptions", "avatar_url": "https://avatars.githubusercontent.com/u/1301421?v=3", "repos_url": "https://api.github.com/users/stevenseeley/repos", "received_events_url": "https://api.github.com/users/stevenseeley/received_events", "gravatar_id": "", "starred_url": "https://api.github.com/users/stevenseeley/starred{/owner}{/repo}", "site_admin": false, "login": "stevenseeley", "type": "User", "id": 1301421, "followers_url": "https://api.github.com/users/stevenseeley/followers"}, "milestone": null, "repository_url": "https://api.github.com/repos/opencart/opencart", "closed_at": "2016-01-29T16:14:58Z", "assignees": [], "id": 129549003}, "id": 531535316}, {"commit_id": null, "commit_url": null, "url": "https://api.github.com/repos/opencart/opencart/issues/events/531533160", "created_at": "2016-01-29T16:13:40Z", "actor": {"following_url": "https://api.github.com/users/danielkerr/following{/other_user}", "events_url": "https://api.github.com/users/danielkerr/events{/privacy}", "organizations_url": "https://api.github.com/users/danielkerr/orgs", "url": "https://api.github.com/users/danielkerr", "gists_url": "https://api.github.com/users/danielkerr/gists{/gist_id}", "html_url": "https://github.com/danielkerr", "subscriptions_url": "https://api.github.com/users/danielkerr/subscriptions", "avatar_url": "https://avatars.githubusercontent.com/u/5079756?v=3", "repos_url": "https://api.github.com/users/danielkerr/repos", "received_events_url": "https://api.github.com/users/danielkerr/received_events", "gravatar_id": "", "starred_url": "https://api.github.com/users/danielkerr/starred{/owner}{/repo}", "site_admin": false, "login": "danielkerr", "type": "User", "id": 5079756, "followers_url": "https://api.github.com/users/danielkerr/followers"}, "event": "closed", "issue": {"body": "Environment:\nopencart version 2.1.0.2; browser: Chrome 47.0.2526.106 m (64-bit)\n\nPreconditions:\nUser is signed in to application\n\nSteps to reproduce:\n\nGo to any item\nClick add to cart\nGo to checkout\nClick continue until you get to the step 5 (Payment Method)\nLeave Terms and conditions checkbox empty and click continue\n\n![l_27c8 tmp](https://cloud.githubusercontent.com/assets/16939221/12650402/5e0f29c6-c5eb-11e5-8022-ff5d68698d77.PNG)\n\nActual:\nWarning is visible, continue button is changed to loading. I click the Terms and conditions checkbox - nothing happens.\n\nExpected:\nWarning is visible. Continue button is disabled. I click the Terms and conditions checkbox - continue button is enabled and I can continue with my order. \n", "labels": [], "locked": false, "title": "Checkout process. Step 5 broken continue button", "url": "https://api.github.com/repos/opencart/opencart/issues/3885", "labels_url": "https://api.github.com/repos/opencart/opencart/issues/3885/labels{/name}", "created_at": "2016-01-28T16:25:43Z", "events_url": "https://api.github.com/repos/opencart/opencart/issues/3885/events", "comments_url": "https://api.github.com/repos/opencart/opencart/issues/3885/comments", "html_url": "https://github.com/opencart/opencart/issues/3885", "comments": 3, "number": 3885, "updated_at": "2016-01-29T16:13:44Z", "assignee": null, "state": "closed", "user": {"following_url": "https://api.github.com/users/ingilerdaite/following{/other_user}", "events_url": "https://api.github.com/users/ingilerdaite/events{/privacy}", "organizations_url": "https://api.github.com/users/ingilerdaite/orgs", "url": "https://api.github.com/users/ingilerdaite", "gists_url": "https://api.github.com/users/ingilerdaite/gists{/gist_id}", "html_url": "https://github.com/ingilerdaite", "subscriptions_url": "https://api.github.com/users/ingilerdaite/subscriptions", "avatar_url": "https://avatars.githubusercontent.com/u/16939221?v=3", "repos_url": "https://api.github.com/users/ingilerdaite/repos", "received_events_url": "https://api.github.com/users/ingilerdaite/received_events", "gravatar_id": "", "starred_url": "https://api.github.com/users/ingilerdaite/starred{/owner}{/repo}", "site_admin": false, "login": "ingilerdaite", "type": "User", "id": 16939221, "followers_url": "https://api.github.com/users/ingilerdaite/followers"}, "milestone": null, "repository_url": "https://api.github.com/repos/opencart/opencart", "closed_at": "2016-01-29T16:13:40Z", "assignees": [], "id": 129499936}, "id": 531533160}, {"commit_id": "71b6743d8eb3df8fa65a4409ad95cf1283aa4c78", "commit_url": "https://api.github.com/repos/opencart/opencart/commits/71b6743d8eb3df8fa65a4409ad95cf1283aa4c78", "url": "https://api.github.com/repos/opencart/opencart/issues/events/531532624", "created_at": "2016-01-29T16:13:17Z", "actor": {"following_url": "https://api.github.com/users/danielkerr/following{/other_user}", "events_url": "https://api.github.com/users/danielkerr/events{/privacy}", "organizations_url": "https://api.github.com/users/danielkerr/orgs", "url": "https://api.github.com/users/danielkerr", "gists_url": "https://api.github.com/users/danielkerr/gists{/gist_id}", "html_url": "https://github.com/danielkerr", "subscriptions_url": "https://api.github.com/users/danielkerr/subscriptions", "avatar_url": "https://avatars.githubusercontent.com/u/5079756?v=3", "repos_url": "https://api.github.com/users/danielkerr/repos", "received_events_url": "https://api.github.com/users/danielkerr/received_events", "gravatar_id": "", "starred_url": "https://api.github.com/users/danielkerr/starred{/owner}{/repo}", "site_admin": false, "login": "danielkerr", "type": "User", "id": 5079756, "followers_url": "https://api.github.com/users/danielkerr/followers"}, "event": "referenced", "issue": {"body": "Environment:\nopencart version 2.1.0.2; browser: Chrome 47.0.2526.106 m (64-bit)\n\nPreconditions:\nUser is signed in to application\n\nSteps to reproduce:\n\nGo to any item\nClick add to cart\nGo to checkout\nClick continue until you get to the step 5 (Payment Method)\nLeave Terms and conditions checkbox empty and click continue\n\n![l_27c8 tmp](https://cloud.githubusercontent.com/assets/16939221/12650402/5e0f29c6-c5eb-11e5-8022-ff5d68698d77.PNG)\n\nActual:\nWarning is visible, continue button is changed to loading. I click the Terms and conditions checkbox - nothing happens.\n\nExpected:\nWarning is visible. Continue button is disabled. I click the Terms and conditions checkbox - continue button is enabled and I can continue with my order. \n", "labels": [], "locked": false, "title": "Checkout process. Step 5 broken continue button", "url": "https://api.github.com/repos/opencart/opencart/issues/3885", "labels_url": "https://api.github.com/repos/opencart/opencart/issues/3885/labels{/name}", "created_at": "2016-01-28T16:25:43Z", "events_url": "https://api.github.com/repos/opencart/opencart/issues/3885/events", "comments_url": "https://api.github.com/repos/opencart/opencart/issues/3885/comments", "html_url": "https://github.com/opencart/opencart/issues/3885", "comments": 3, "number": 3885, "updated_at": "2016-01-29T16:13:44Z", "assignee": null, "state": "closed", "user": {"following_url": "https://api.github.com/users/ingilerdaite/following{/other_user}", "events_url": "https://api.github.com/users/ingilerdaite/events{/privacy}", "organizations_url": "https://api.github.com/users/ingilerdaite/orgs", "url": "https://api.github.com/users/ingilerdaite", "gists_url": "https://api.github.com/users/ingilerdaite/gists{/gist_id}", "html_url": "https://github.com/ingilerdaite", "subscriptions_url": "https://api.github.com/users/ingilerdaite/subscriptions", "avatar_url": "https://avatars.githubusercontent.com/u/16939221?v=3", "repos_url": "https://api.github.com/users/ingilerdaite/repos", "received_events_url": "https://api.github.com/users/ingilerdaite/received_events", "gravatar_id": "", "starred_url": "https://api.github.com/users/ingilerdaite/starred{/owner}{/repo}", "site_admin": false, "login": "ingilerdaite", "type": "User", "id": 16939221, "followers_url": "https://api.github.com/users/ingilerdaite/followers"}, "milestone": null, "repository_url": "https://api.github.com/repos/opencart/opencart", "closed_at": "2016-01-29T16:13:40Z", "assignees": [], "id": 129499936}, "id": 531532624}, {"commit_id": null, "commit_url": null, "url": "https://api.github.com/repos/opencart/opencart/issues/events/531526289", "created_at": "2016-01-29T16:08:20Z", "actor": {"following_url": "https://api.github.com/users/danielkerr/following{/other_user}", "events_url": "https://api.github.com/users/danielkerr/events{/privacy}", "organizations_url": "https://api.github.com/users/danielkerr/orgs", "url": "https://api.github.com/users/danielkerr", "gists_url": "https://api.github.com/users/danielkerr/gists{/gist_id}", "html_url": "https://github.com/danielkerr", "subscriptions_url": "https://api.github.com/users/danielkerr/subscriptions", "avatar_url": "https://avatars.githubusercontent.com/u/5079756?v=3", "repos_url": "https://api.github.com/users/danielkerr/repos", "received_events_url": "https://api.github.com/users/danielkerr/received_events", "gravatar_id": "", "starred_url": "https://api.github.com/users/danielkerr/starred{/owner}{/repo}", "site_admin": false, "login": "danielkerr", "type": "User", "id": 5079756, "followers_url": "https://api.github.com/users/danielkerr/followers"}, "event": "closed", "issue": {"body": "Environment:\nopencart version 2.1.0.2\n\nPreconditions:\nUser is not signed in to application\n\nSteps to reproduce:\n\nGo to any item\nAdd it to wish list\n\n![l_7cf2 tmp](https://cloud.githubusercontent.com/assets/16939221/12649880/28ec5680-c5e9-11e5-8070-569929955a94.PNG)\n\nActual:\nItem is added to wishlist, but text says, that in order to add this item to wishlist I need to login or register\n\nExpected:\nItem is added to wishlist and text should say, \"item is added to your wish list and in order to see your list you should register or login\"\n", "labels": [], "locked": false, "title": "[Minor] Misleading text when adding item to wishlist", "url": "https://api.github.com/repos/opencart/opencart/issues/3884", "labels_url": "https://api.github.com/repos/opencart/opencart/issues/3884/labels{/name}", "created_at": "2016-01-28T16:06:28Z", "events_url": "https://api.github.com/repos/opencart/opencart/issues/3884/events", "comments_url": "https://api.github.com/repos/opencart/opencart/issues/3884/comments", "html_url": "https://github.com/opencart/opencart/issues/3884", "comments": 1, "number": 3884, "updated_at": "2016-01-29T16:08:24Z", "assignee": null, "state": "closed", "user": {"following_url": "https://api.github.com/users/ingilerdaite/following{/other_user}", "events_url": "https://api.github.com/users/ingilerdaite/events{/privacy}", "organizations_url": "https://api.github.com/users/ingilerdaite/orgs", "url": "https://api.github.com/users/ingilerdaite", "gists_url": "https://api.github.com/users/ingilerdaite/gists{/gist_id}", "html_url": "https://github.com/ingilerdaite", "subscriptions_url": "https://api.github.com/users/ingilerdaite/subscriptions", "avatar_url": "https://avatars.githubusercontent.com/u/16939221?v=3", "repos_url": "https://api.github.com/users/ingilerdaite/repos", "received_events_url": "https://api.github.com/users/ingilerdaite/received_events", "gravatar_id": "", "starred_url": "https://api.github.com/users/ingilerdaite/starred{/owner}{/repo}", "site_admin": false, "login": "ingilerdaite", "type": "User", "id": 16939221, "followers_url": "https://api.github.com/users/ingilerdaite/followers"}, "milestone": null, "repository_url": "https://api.github.com/repos/opencart/opencart", "closed_at": "2016-01-29T16:08:20Z", "assignees": [], "id": 129493751}, "id": 531526289}, {"commit_id": null, "commit_url": null, "url": "https://api.github.com/repos/opencart/opencart/issues/events/531491751", "created_at": "2016-01-29T15:46:46Z", "actor": {"following_url": "https://api.github.com/users/danielkerr/following{/other_user}", "events_url": "https://api.github.com/users/danielkerr/events{/privacy}", "organizations_url": "https://api.github.com/users/danielkerr/orgs", "url": "https://api.github.com/users/danielkerr", "gists_url": "https://api.github.com/users/danielkerr/gists{/gist_id}", "html_url": "https://github.com/danielkerr", "subscriptions_url": "https://api.github.com/users/danielkerr/subscriptions", "avatar_url": "https://avatars.githubusercontent.com/u/5079756?v=3", "repos_url": "https://api.github.com/users/danielkerr/repos", "received_events_url": "https://api.github.com/users/danielkerr/received_events", "gravatar_id": "", "starred_url": "https://api.github.com/users/danielkerr/starred{/owner}{/repo}", "site_admin": false, "login": "danielkerr", "type": "User", "id": 5079756, "followers_url": "https://api.github.com/users/danielkerr/followers"}, "event": "closed", "issue": {"body": "When you edit order with voucher in it and move from customer to product tab and then move back and go again to product tab, the voucher amount go to 0. This because the system give to api voucher formatted amount. There should be two amount, one for display and one for api.\n\nThere is another bug, when edit order and if currency is not the default the voucher amount is convertted every time and change.\n", "labels": [], "locked": false, "title": "Order edit and voucher", "url": "https://api.github.com/repos/opencart/opencart/issues/3825", "labels_url": "https://api.github.com/repos/opencart/opencart/issues/3825/labels{/name}", "created_at": "2016-01-19T07:59:09Z", "events_url": "https://api.github.com/repos/opencart/opencart/issues/3825/events", "comments_url": "https://api.github.com/repos/opencart/opencart/issues/3825/comments", "html_url": "https://github.com/opencart/opencart/issues/3825", "comments": 0, "number": 3825, "updated_at": "2016-01-29T15:46:49Z", "assignee": null, "state": "closed", "user": {"following_url": "https://api.github.com/users/danijelGombac/following{/other_user}", "events_url": "https://api.github.com/users/danijelGombac/events{/privacy}", "organizations_url": "https://api.github.com/users/danijelGombac/orgs", "url": "https://api.github.com/users/danijelGombac", "gists_url": "https://api.github.com/users/danijelGombac/gists{/gist_id}", "html_url": "https://github.com/danijelGombac", "subscriptions_url": "https://api.github.com/users/danijelGombac/subscriptions", "avatar_url": "https://avatars.githubusercontent.com/u/3872726?v=3", "repos_url": "https://api.github.com/users/danijelGombac/repos", "received_events_url": "https://api.github.com/users/danijelGombac/received_events", "gravatar_id": "", "starred_url": "https://api.github.com/users/danijelGombac/starred{/owner}{/repo}", "site_admin": false, "login": "danijelGombac", "type": "User", "id": 3872726, "followers_url": "https://api.github.com/users/danijelGombac/followers"}, "milestone": null, "repository_url": "https://api.github.com/repos/opencart/opencart", "closed_at": "2016-01-29T15:46:46Z", "assignees": [], "id": 127386690}, "id": 531491751}, {"commit_id": "ed5145fee8f3ea44b7538c021d47a1762de39cf8", "commit_url": "https://api.github.com/repos/opencart/opencart/commits/ed5145fee8f3ea44b7538c021d47a1762de39cf8", "url": "https://api.github.com/repos/opencart/opencart/issues/events/531491197", "created_at": "2016-01-29T15:46:26Z", "actor": {"following_url": "https://api.github.com/users/danielkerr/following{/other_user}", "events_url": "https://api.github.com/users/danielkerr/events{/privacy}", "organizations_url": "https://api.github.com/users/danielkerr/orgs", "url": "https://api.github.com/users/danielkerr", "gists_url": "https://api.github.com/users/danielkerr/gists{/gist_id}", "html_url": "https://github.com/danielkerr", "subscriptions_url": "https://api.github.com/users/danielkerr/subscriptions", "avatar_url": "https://avatars.githubusercontent.com/u/5079756?v=3", "repos_url": "https://api.github.com/users/danielkerr/repos", "received_events_url": "https://api.github.com/users/danielkerr/received_events", "gravatar_id": "", "starred_url": "https://api.github.com/users/danielkerr/starred{/owner}{/repo}", "site_admin": false, "login": "danielkerr", "type": "User", "id": 5079756, "followers_url": "https://api.github.com/users/danielkerr/followers"}, "event": "referenced", "issue": {"body": "When you edit order with voucher in it and move from customer to product tab and then move back and go again to product tab, the voucher amount go to 0. This because the system give to api voucher formatted amount. There should be two amount, one for display and one for api.\n\nThere is another bug, when edit order and if currency is not the default the voucher amount is convertted every time and change.\n", "labels": [], "locked": false, "title": "Order edit and voucher", "url": "https://api.github.com/repos/opencart/opencart/issues/3825", "labels_url": "https://api.github.com/repos/opencart/opencart/issues/3825/labels{/name}", "created_at": "2016-01-19T07:59:09Z", "events_url": "https://api.github.com/repos/opencart/opencart/issues/3825/events", "comments_url": "https://api.github.com/repos/opencart/opencart/issues/3825/comments", "html_url": "https://github.com/opencart/opencart/issues/3825", "comments": 0, "number": 3825, "updated_at": "2016-01-29T15:46:49Z", "assignee": null, "state": "closed", "user": {"following_url": "https://api.github.com/users/danijelGombac/following{/other_user}", "events_url": "https://api.github.com/users/danijelGombac/events{/privacy}", "organizations_url": "https://api.github.com/users/danijelGombac/orgs", "url": "https://api.github.com/users/danijelGombac", "gists_url": "https://api.github.com/users/danijelGombac/gists{/gist_id}", "html_url": "https://github.com/danijelGombac", "subscriptions_url": "https://api.github.com/users/danijelGombac/subscriptions", "avatar_url": "https://avatars.githubusercontent.com/u/3872726?v=3", "repos_url": "https://api.github.com/users/danijelGombac/repos", "received_events_url": "https://api.github.com/users/danijelGombac/received_events", "gravatar_id": "", "starred_url": "https://api.github.com/users/danijelGombac/starred{/owner}{/repo}", "site_admin": false, "login": "danijelGombac", "type": "User", "id": 3872726, "followers_url": "https://api.github.com/users/danijelGombac/followers"}, "milestone": null, "repository_url": "https://api.github.com/repos/opencart/opencart", "closed_at": "2016-01-29T15:46:46Z", "assignees": [], "id": 127386690}, "id": 531491197}, {"commit_id": null, "commit_url": null, "url": "https://api.github.com/repos/opencart/opencart/issues/events/531428556", "created_at": "2016-01-29T15:11:37Z", "actor": {"following_url": "https://api.github.com/users/danielkerr/following{/other_user}", "events_url": "https://api.github.com/users/danielkerr/events{/privacy}", "organizations_url": "https://api.github.com/users/danielkerr/orgs", "url": "https://api.github.com/users/danielkerr", "gists_url": "https://api.github.com/users/danielkerr/gists{/gist_id}", "html_url": "https://github.com/danielkerr", "subscriptions_url": "https://api.github.com/users/danielkerr/subscriptions", "avatar_url": "https://avatars.githubusercontent.com/u/5079756?v=3", "repos_url": "https://api.github.com/users/danielkerr/repos", "received_events_url": "https://api.github.com/users/danielkerr/received_events", "gravatar_id": "", "starred_url": "https://api.github.com/users/danielkerr/starred{/owner}{/repo}", "site_admin": false, "login": "danielkerr", "type": "User", "id": 5079756, "followers_url": "https://api.github.com/users/danielkerr/followers"}, "event": "closed", "issue": {"body": "Environment:\nopencart version 2.1.0.2\n\nPreconditions:\nUser is not signed-in in application\n\nSteps to reproduce:\n\nAdd some items to your cart\n\nGo to checkout \n\nSelect Guest checkout\n\nEnter Billing information with wrong email address (for example: aaa@.bbb):\n\n![l_16ad tmp](https://cloud.githubusercontent.com/assets/16939221/12649455/48ec7ebc-c5e7-11e5-9295-fd75ea7a98c6.PNG)\n\nClick continue\n\nActual:\nUser is navigated to another section\n\nExpected:\nUser is alerted that email address is incorrect and stays in the same section\n", "labels": [], "locked": false, "title": "Incorrect email validation in guest checkout", "url": "https://api.github.com/repos/opencart/opencart/issues/3883", "labels_url": "https://api.github.com/repos/opencart/opencart/issues/3883/labels{/name}", "created_at": "2016-01-28T15:51:08Z", "events_url": "https://api.github.com/repos/opencart/opencart/issues/3883/events", "comments_url": "https://api.github.com/repos/opencart/opencart/issues/3883/comments", "html_url": "https://github.com/opencart/opencart/issues/3883", "comments": 1, "number": 3883, "updated_at": "2016-01-29T15:11:41Z", "assignee": null, "state": "closed", "user": {"following_url": "https://api.github.com/users/ingilerdaite/following{/other_user}", "events_url": "https://api.github.com/users/ingilerdaite/events{/privacy}", "organizations_url": "https://api.github.com/users/ingilerdaite/orgs", "url": "https://api.github.com/users/ingilerdaite", "gists_url": "https://api.github.com/users/ingilerdaite/gists{/gist_id}", "html_url": "https://github.com/ingilerdaite", "subscriptions_url": "https://api.github.com/users/ingilerdaite/subscriptions", "avatar_url": "https://avatars.githubusercontent.com/u/16939221?v=3", "repos_url": "https://api.github.com/users/ingilerdaite/repos", "received_events_url": "https://api.github.com/users/ingilerdaite/received_events", "gravatar_id": "", "starred_url": "https://api.github.com/users/ingilerdaite/starred{/owner}{/repo}", "site_admin": false, "login": "ingilerdaite", "type": "User", "id": 16939221, "followers_url": "https://api.github.com/users/ingilerdaite/followers"}, "milestone": null, "repository_url": "https://api.github.com/repos/opencart/opencart", "closed_at": "2016-01-29T15:11:37Z", "assignees": [], "id": 129489691}, "id": 531428556}, {"commit_id": null, "commit_url": null, "url": "https://api.github.com/repos/opencart/opencart/issues/events/531310316", "created_at": "2016-01-29T13:36:12Z", "actor": {"following_url": "https://api.github.com/users/danielkerr/following{/other_user}", "events_url": "https://api.github.com/users/danielkerr/events{/privacy}", "organizations_url": "https://api.github.com/users/danielkerr/orgs", "url": "https://api.github.com/users/danielkerr", "gists_url": "https://api.github.com/users/danielkerr/gists{/gist_id}", "html_url": "https://github.com/danielkerr", "subscriptions_url": "https://api.github.com/users/danielkerr/subscriptions", "avatar_url": "https://avatars.githubusercontent.com/u/5079756?v=3", "repos_url": "https://api.github.com/users/danielkerr/repos", "received_events_url": "https://api.github.com/users/danielkerr/received_events", "gravatar_id": "", "starred_url": "https://api.github.com/users/danielkerr/starred{/owner}{/repo}", "site_admin": false, "login": "danielkerr", "type": "User", "id": 5079756, "followers_url": "https://api.github.com/users/danielkerr/followers"}, "event": "subscribed", "issue": {"body": "Disabled System>Settings>Account: Customers Online to No\n\nTo get home page to partial show up except for the content home page every other pages are click able except for home page content.\nLogging into Admin:\n\nWarning: vsprintf(): Too few arguments in /home/amillio8/public_html/Demo/admin/controller/dashboard/activity.php on line 19Warning: vsprintf(): Too few arguments in /home/amillio8/public_html/Demo/admin/controller/dashboard/activity.php on line 19Warning: vsprintf(): Too few arguments in /home/amillio8/public_html/Demo/admin/controller/dashboard/activity.php on line 19Warning: vsprintf(): Too few arguments in /home/amillio8/public_html/Demo/admin/controller/dashboard/activity.php on line 19Warning: vsprintf(): Too few arguments in /home/amillio8/public_html/Demo/admin/controller/dashboard/activity.php on line 19\n", "labels": [], "locked": false, "title": "Dashboard Activity PHP errors", "url": "https://api.github.com/repos/opencart/opencart/issues/3498", "labels_url": "https://api.github.com/repos/opencart/opencart/issues/3498/labels{/name}", "created_at": "2015-10-15T17:44:57Z", "events_url": "https://api.github.com/repos/opencart/opencart/issues/3498/events", "comments_url": "https://api.github.com/repos/opencart/opencart/issues/3498/comments", "html_url": "https://github.com/opencart/opencart/issues/3498", "comments": 2, "number": 3498, "updated_at": "2016-01-29T13:36:12Z", "assignee": null, "state": "closed", "user": {"following_url": "https://api.github.com/users/pnair39/following{/other_user}", "events_url": "https://api.github.com/users/pnair39/events{/privacy}", "organizations_url": "https://api.github.com/users/pnair39/orgs", "url": "https://api.github.com/users/pnair39", "gists_url": "https://api.github.com/users/pnair39/gists{/gist_id}", "html_url": "https://github.com/pnair39", "subscriptions_url": "https://api.github.com/users/pnair39/subscriptions", "avatar_url": "https://avatars.githubusercontent.com/u/15057957?v=3", "repos_url": "https://api.github.com/users/pnair39/repos", "received_events_url": "https://api.github.com/users/pnair39/received_events", "gravatar_id": "", "starred_url": "https://api.github.com/users/pnair39/starred{/owner}{/repo}", "site_admin": false, "login": "pnair39", "type": "User", "id": 15057957, "followers_url": "https://api.github.com/users/pnair39/followers"}, "milestone": null, "repository_url": "https://api.github.com/repos/opencart/opencart", "closed_at": "2015-10-15T18:36:53Z", "assignees": [], "id": 111670360}, "id": 531310316}, {"commit_id": null, "commit_url": null, "url": "https://api.github.com/repos/opencart/opencart/issues/events/531310315", "created_at": "2016-01-29T13:36:12Z", "actor": {"following_url": "https://api.github.com/users/danielkerr/following{/other_user}", "events_url": "https://api.github.com/users/danielkerr/events{/privacy}", "organizations_url": "https://api.github.com/users/danielkerr/orgs", "url": "https://api.github.com/users/danielkerr", "gists_url": "https://api.github.com/users/danielkerr/gists{/gist_id}", "html_url": "https://github.com/danielkerr", "subscriptions_url": "https://api.github.com/users/danielkerr/subscriptions", "avatar_url": "https://avatars.githubusercontent.com/u/5079756?v=3", "repos_url": "https://api.github.com/users/danielkerr/repos", "received_events_url": "https://api.github.com/users/danielkerr/received_events", "gravatar_id": "", "starred_url": "https://api.github.com/users/danielkerr/starred{/owner}{/repo}", "site_admin": false, "login": "danielkerr", "type": "User", "id": 5079756, "followers_url": "https://api.github.com/users/danielkerr/followers"}, "event": "mentioned", "issue": {"body": "Disabled System>Settings>Account: Customers Online to No\n\nTo get home page to partial show up except for the content home page every other pages are click able except for home page content.\nLogging into Admin:\n\nWarning: vsprintf(): Too few arguments in /home/amillio8/public_html/Demo/admin/controller/dashboard/activity.php on line 19Warning: vsprintf(): Too few arguments in /home/amillio8/public_html/Demo/admin/controller/dashboard/activity.php on line 19Warning: vsprintf(): Too few arguments in /home/amillio8/public_html/Demo/admin/controller/dashboard/activity.php on line 19Warning: vsprintf(): Too few arguments in /home/amillio8/public_html/Demo/admin/controller/dashboard/activity.php on line 19Warning: vsprintf(): Too few arguments in /home/amillio8/public_html/Demo/admin/controller/dashboard/activity.php on line 19\n", "labels": [], "locked": false, "title": "Dashboard Activity PHP errors", "url": "https://api.github.com/repos/opencart/opencart/issues/3498", "labels_url": "https://api.github.com/repos/opencart/opencart/issues/3498/labels{/name}", "created_at": "2015-10-15T17:44:57Z", "events_url": "https://api.github.com/repos/opencart/opencart/issues/3498/events", "comments_url": "https://api.github.com/repos/opencart/opencart/issues/3498/comments", "html_url": "https://github.com/opencart/opencart/issues/3498", "comments": 2, "number": 3498, "updated_at": "2016-01-29T13:36:12Z", "assignee": null, "state": "closed", "user": {"following_url": "https://api.github.com/users/pnair39/following{/other_user}", "events_url": "https://api.github.com/users/pnair39/events{/privacy}", "organizations_url": "https://api.github.com/users/pnair39/orgs", "url": "https://api.github.com/users/pnair39", "gists_url": "https://api.github.com/users/pnair39/gists{/gist_id}", "html_url": "https://github.com/pnair39", "subscriptions_url": "https://api.github.com/users/pnair39/subscriptions", "avatar_url": "https://avatars.githubusercontent.com/u/15057957?v=3", "repos_url": "https://api.github.com/users/pnair39/repos", "received_events_url": "https://api.github.com/users/pnair39/received_events", "gravatar_id": "", "starred_url": "https://api.github.com/users/pnair39/starred{/owner}{/repo}", "site_admin": false, "login": "pnair39", "type": "User", "id": 15057957, "followers_url": "https://api.github.com/users/pnair39/followers"}, "milestone": null, "repository_url": "https://api.github.com/repos/opencart/opencart", "closed_at": "2015-10-15T18:36:53Z", "assignees": [], "id": 111670360}, "id": 531310315}, {"commit_id": null, "commit_url": null, "url": "https://api.github.com/repos/opencart/opencart/issues/events/531258105", "created_at": "2016-01-29T12:52:54Z", "actor": {"following_url": "https://api.github.com/users/pine3ree/following{/other_user}", "events_url": "https://api.github.com/users/pine3ree/events{/privacy}", "organizations_url": "https://api.github.com/users/pine3ree/orgs", "url": "https://api.github.com/users/pine3ree", "gists_url": "https://api.github.com/users/pine3ree/gists{/gist_id}", "html_url": "https://github.com/pine3ree", "subscriptions_url": "https://api.github.com/users/pine3ree/subscriptions", "avatar_url": "https://avatars.githubusercontent.com/u/3229979?v=3", "repos_url": "https://api.github.com/users/pine3ree/repos", "received_events_url": "https://api.github.com/users/pine3ree/received_events", "gravatar_id": "", "starred_url": "https://api.github.com/users/pine3ree/starred{/owner}{/repo}", "site_admin": false, "login": "pine3ree", "type": "User", "id": 3229979, "followers_url": "https://api.github.com/users/pine3ree/followers"}, "event": "head_ref_deleted", "issue": {"labels": [], "number": 3652, "assignee": null, "repository_url": "https://api.github.com/repos/opencart/opencart", "closed_at": "2015-11-22T18:09:41Z", "id": 118220747, "title": "no need for substr()", "pull_request": {"url": "https://api.github.com/repos/opencart/opencart/pulls/3652", "diff_url": "https://github.com/opencart/opencart/pull/3652.diff", "html_url": "https://github.com/opencart/opencart/pull/3652", "patch_url": "https://github.com/opencart/opencart/pull/3652.patch"}, "comments": 8, "state": "closed", "body": "just use token(...)\n", "labels_url": "https://api.github.com/repos/opencart/opencart/issues/3652/labels{/name}", "events_url": "https://api.github.com/repos/opencart/opencart/issues/3652/events", "comments_url": "https://api.github.com/repos/opencart/opencart/issues/3652/comments", "html_url": "https://github.com/opencart/opencart/pull/3652", "updated_at": "2016-01-29T12:52:54Z", "user": {"following_url": "https://api.github.com/users/pine3ree/following{/other_user}", "events_url": "https://api.github.com/users/pine3ree/events{/privacy}", "organizations_url": "https://api.github.com/users/pine3ree/orgs", "url": "https://api.github.com/users/pine3ree", "gists_url": "https://api.github.com/users/pine3ree/gists{/gist_id}", "html_url": "https://github.com/pine3ree", "subscriptions_url": "https://api.github.com/users/pine3ree/subscriptions", "avatar_url": "https://avatars.githubusercontent.com/u/3229979?v=3", "repos_url": "https://api.github.com/users/pine3ree/repos", "received_events_url": "https://api.github.com/users/pine3ree/received_events", "gravatar_id": "", "starred_url": "https://api.github.com/users/pine3ree/starred{/owner}{/repo}", "site_admin": false, "login": "pine3ree", "type": "User", "id": 3229979, "followers_url": "https://api.github.com/users/pine3ree/followers"}, "milestone": null, "locked": false, "url": "https://api.github.com/repos/opencart/opencart/issues/3652", "created_at": "2015-11-21T21:09:22Z", "assignees": []}, "id": 531258105}, {"commit_id": null, "commit_url": null, "url": "https://api.github.com/repos/opencart/opencart/issues/events/531257961", "created_at": "2016-01-29T12:52:46Z", "actor": {"following_url": "https://api.github.com/users/alancheongkl/following{/other_user}", "events_url": "https://api.github.com/users/alancheongkl/events{/privacy}", "organizations_url": "https://api.github.com/users/alancheongkl/orgs", "url": "https://api.github.com/users/alancheongkl", "gists_url": "https://api.github.com/users/alancheongkl/gists{/gist_id}", "html_url": "https://github.com/alancheongkl", "subscriptions_url": "https://api.github.com/users/alancheongkl/subscriptions", "avatar_url": "https://avatars.githubusercontent.com/u/10174422?v=3", "repos_url": "https://api.github.com/users/alancheongkl/repos", "received_events_url": "https://api.github.com/users/alancheongkl/received_events", "gravatar_id": "", "starred_url": "https://api.github.com/users/alancheongkl/starred{/owner}{/repo}", "site_admin": false, "login": "alancheongkl", "type": "User", "id": 10174422, "followers_url": "https://api.github.com/users/alancheongkl/followers"}, "event": "subscribed", "issue": {"labels": [], "number": 3652, "assignee": null, "repository_url": "https://api.github.com/repos/opencart/opencart", "closed_at": "2015-11-22T18:09:41Z", "id": 118220747, "title": "no need for substr()", "pull_request": {"url": "https://api.github.com/repos/opencart/opencart/pulls/3652", "diff_url": "https://github.com/opencart/opencart/pull/3652.diff", "html_url": "https://github.com/opencart/opencart/pull/3652", "patch_url": "https://github.com/opencart/opencart/pull/3652.patch"}, "comments": 8, "state": "closed", "body": "just use token(...)\n", "labels_url": "https://api.github.com/repos/opencart/opencart/issues/3652/labels{/name}", "events_url": "https://api.github.com/repos/opencart/opencart/issues/3652/events", "comments_url": "https://api.github.com/repos/opencart/opencart/issues/3652/comments", "html_url": "https://github.com/opencart/opencart/pull/3652", "updated_at": "2016-01-29T12:52:54Z", "user": {"following_url": "https://api.github.com/users/pine3ree/following{/other_user}", "events_url": "https://api.github.com/users/pine3ree/events{/privacy}", "organizations_url": "https://api.github.com/users/pine3ree/orgs", "url": "https://api.github.com/users/pine3ree", "gists_url": "https://api.github.com/users/pine3ree/gists{/gist_id}", "html_url": "https://github.com/pine3ree", "subscriptions_url": "https://api.github.com/users/pine3ree/subscriptions", "avatar_url": "https://avatars.githubusercontent.com/u/3229979?v=3", "repos_url": "https://api.github.com/users/pine3ree/repos", "received_events_url": "https://api.github.com/users/pine3ree/received_events", "gravatar_id": "", "starred_url": "https://api.github.com/users/pine3ree/starred{/owner}{/repo}", "site_admin": false, "login": "pine3ree", "type": "User", "id": 3229979, "followers_url": "https://api.github.com/users/pine3ree/followers"}, "milestone": null, "locked": false, "url": "https://api.github.com/repos/opencart/opencart/issues/3652", "created_at": "2015-11-21T21:09:22Z", "assignees": []}, "id": 531257961}, {"commit_id": null, "commit_url": null, "url": "https://api.github.com/repos/opencart/opencart/issues/events/531257960", "created_at": "2016-01-29T12:52:46Z", "actor": {"following_url": "https://api.github.com/users/alancheongkl/following{/other_user}", "events_url": "https://api.github.com/users/alancheongkl/events{/privacy}", "organizations_url": "https://api.github.com/users/alancheongkl/orgs", "url": "https://api.github.com/users/alancheongkl", "gists_url": "https://api.github.com/users/alancheongkl/gists{/gist_id}", "html_url": "https://github.com/alancheongkl", "subscriptions_url": "https://api.github.com/users/alancheongkl/subscriptions", "avatar_url": "https://avatars.githubusercontent.com/u/10174422?v=3", "repos_url": "https://api.github.com/users/alancheongkl/repos", "received_events_url": "https://api.github.com/users/alancheongkl/received_events", "gravatar_id": "", "starred_url": "https://api.github.com/users/alancheongkl/starred{/owner}{/repo}", "site_admin": false, "login": "alancheongkl", "type": "User", "id": 10174422, "followers_url": "https://api.github.com/users/alancheongkl/followers"}, "event": "mentioned", "issue": {"labels": [], "number": 3652, "assignee": null, "repository_url": "https://api.github.com/repos/opencart/opencart", "closed_at": "2015-11-22T18:09:41Z", "id": 118220747, "title": "no need for substr()", "pull_request": {"url": "https://api.github.com/repos/opencart/opencart/pulls/3652", "diff_url": "https://github.com/opencart/opencart/pull/3652.diff", "html_url": "https://github.com/opencart/opencart/pull/3652", "patch_url": "https://github.com/opencart/opencart/pull/3652.patch"}, "comments": 8, "state": "closed", "body": "just use token(...)\n", "labels_url": "https://api.github.com/repos/opencart/opencart/issues/3652/labels{/name}", "events_url": "https://api.github.com/repos/opencart/opencart/issues/3652/events", "comments_url": "https://api.github.com/repos/opencart/opencart/issues/3652/comments", "html_url": "https://github.com/opencart/opencart/pull/3652", "updated_at": "2016-01-29T12:52:54Z", "user": {"following_url": "https://api.github.com/users/pine3ree/following{/other_user}", "events_url": "https://api.github.com/users/pine3ree/events{/privacy}", "organizations_url": "https://api.github.com/users/pine3ree/orgs", "url": "https://api.github.com/users/pine3ree", "gists_url": "https://api.github.com/users/pine3ree/gists{/gist_id}", "html_url": "https://github.com/pine3ree", "subscriptions_url": "https://api.github.com/users/pine3ree/subscriptions", "avatar_url": "https://avatars.githubusercontent.com/u/3229979?v=3", "repos_url": "https://api.github.com/users/pine3ree/repos", "received_events_url": "https://api.github.com/users/pine3ree/received_events", "gravatar_id": "", "starred_url": "https://api.github.com/users/pine3ree/starred{/owner}{/repo}", "site_admin": false, "login": "pine3ree", "type": "User", "id": 3229979, "followers_url": "https://api.github.com/users/pine3ree/followers"}, "milestone": null, "locked": false, "url": "https://api.github.com/repos/opencart/opencart/issues/3652", "created_at": "2015-11-21T21:09:22Z", "assignees": []}, "id": 531257960}, {"commit_id": null, "commit_url": null, "url": "https://api.github.com/repos/opencart/opencart/issues/events/531217948", "created_at": "2016-01-29T12:11:06Z", "actor": {"following_url": "https://api.github.com/users/alancheongkl/following{/other_user}", "events_url": "https://api.github.com/users/alancheongkl/events{/privacy}", "organizations_url": "https://api.github.com/users/alancheongkl/orgs", "url": "https://api.github.com/users/alancheongkl", "gists_url": "https://api.github.com/users/alancheongkl/gists{/gist_id}", "html_url": "https://github.com/alancheongkl", "subscriptions_url": "https://api.github.com/users/alancheongkl/subscriptions", "avatar_url": "https://avatars.githubusercontent.com/u/10174422?v=3", "repos_url": "https://api.github.com/users/alancheongkl/repos", "received_events_url": "https://api.github.com/users/alancheongkl/received_events", "gravatar_id": "", "starred_url": "https://api.github.com/users/alancheongkl/starred{/owner}{/repo}", "site_admin": false, "login": "alancheongkl", "type": "User", "id": 10174422, "followers_url": "https://api.github.com/users/alancheongkl/followers"}, "event": "subscribed", "issue": {"labels": [], "number": 3652, "assignee": null, "repository_url": "https://api.github.com/repos/opencart/opencart", "closed_at": "2015-11-22T18:09:41Z", "id": 118220747, "title": "no need for substr()", "pull_request": {"url": "https://api.github.com/repos/opencart/opencart/pulls/3652", "diff_url": "https://github.com/opencart/opencart/pull/3652.diff", "html_url": "https://github.com/opencart/opencart/pull/3652", "patch_url": "https://github.com/opencart/opencart/pull/3652.patch"}, "comments": 8, "state": "closed", "body": "just use token(...)\n", "labels_url": "https://api.github.com/repos/opencart/opencart/issues/3652/labels{/name}", "events_url": "https://api.github.com/repos/opencart/opencart/issues/3652/events", "comments_url": "https://api.github.com/repos/opencart/opencart/issues/3652/comments", "html_url": "https://github.com/opencart/opencart/pull/3652", "updated_at": "2016-01-29T12:52:54Z", "user": {"following_url": "https://api.github.com/users/pine3ree/following{/other_user}", "events_url": "https://api.github.com/users/pine3ree/events{/privacy}", "organizations_url": "https://api.github.com/users/pine3ree/orgs", "url": "https://api.github.com/users/pine3ree", "gists_url": "https://api.github.com/users/pine3ree/gists{/gist_id}", "html_url": "https://github.com/pine3ree", "subscriptions_url": "https://api.github.com/users/pine3ree/subscriptions", "avatar_url": "https://avatars.githubusercontent.com/u/3229979?v=3", "repos_url": "https://api.github.com/users/pine3ree/repos", "received_events_url": "https://api.github.com/users/pine3ree/received_events", "gravatar_id": "", "starred_url": "https://api.github.com/users/pine3ree/starred{/owner}{/repo}", "site_admin": false, "login": "pine3ree", "type": "User", "id": 3229979, "followers_url": "https://api.github.com/users/pine3ree/followers"}, "milestone": null, "locked": false, "url": "https://api.github.com/repos/opencart/opencart/issues/3652", "created_at": "2015-11-21T21:09:22Z", "assignees": []}, "id": 531217948}]