[{"commit_id": "d72432897e23128dd97f5c8a396ebf43a29e402e", "commit_url": "https://api.github.com/repos/opencart/opencart/commits/d72432897e23128dd97f5c8a396ebf43a29e402e", "url": "https://api.github.com/repos/opencart/opencart/issues/events/730101527", "created_at": "2016-07-21T08:56:43Z", "actor": {"following_url": "https://api.github.com/users/danielkerr/following{/other_user}", "events_url": "https://api.github.com/users/danielkerr/events{/privacy}", "organizations_url": "https://api.github.com/users/danielkerr/orgs", "url": "https://api.github.com/users/danielkerr", "gists_url": "https://api.github.com/users/danielkerr/gists{/gist_id}", "html_url": "https://github.com/danielkerr", "subscriptions_url": "https://api.github.com/users/danielkerr/subscriptions", "avatar_url": "https://avatars.githubusercontent.com/u/5079756?v=3", "repos_url": "https://api.github.com/users/danielkerr/repos", "received_events_url": "https://api.github.com/users/danielkerr/received_events", "gravatar_id": "", "starred_url": "https://api.github.com/users/danielkerr/starred{/owner}{/repo}", "site_admin": false, "login": "danielkerr", "type": "User", "id": 5079756, "followers_url": "https://api.github.com/users/danielkerr/followers"}, "event": "merged", "issue": {"labels": [], "number": 4684, "assignee": null, "repository_url": "https://api.github.com/repos/opencart/opencart", "closed_at": "2016-07-21T08:56:43Z", "id": 166389661, "title": "Update register.twig", "pull_request": {"url": "https://api.github.com/repos/opencart/opencart/pulls/4684", "diff_url": "https://github.com/opencart/opencart/pull/4684.diff", "html_url": "https://github.com/opencart/opencart/pull/4684", "patch_url": "https://github.com/opencart/opencart/pull/4684.patch"}, "comments": 0, "state": "closed", "body": "Fixed issue \nhttps://github.com/opencart/opencart/issues/4683\nthat has been inherited from 2.2 version\n", "labels_url": "https://api.github.com/repos/opencart/opencart/issues/4684/labels{/name}", "events_url": "https://api.github.com/repos/opencart/opencart/issues/4684/events", "comments_url": "https://api.github.com/repos/opencart/opencart/issues/4684/comments", "html_url": "https://github.com/opencart/opencart/pull/4684", "updated_at": "2016-07-21T08:56:43Z", "user": {"following_url": "https://api.github.com/users/CoverUp/following{/other_user}", "events_url": "https://api.github.com/users/CoverUp/events{/privacy}", "organizations_url": "https://api.github.com/users/CoverUp/orgs", "url": "https://api.github.com/users/CoverUp", "gists_url": "https://api.github.com/users/CoverUp/gists{/gist_id}", "html_url": "https://github.com/CoverUp", "subscriptions_url": "https://api.github.com/users/CoverUp/subscriptions", "avatar_url": "https://avatars.githubusercontent.com/u/9145868?v=3", "repos_url": "https://api.github.com/users/CoverUp/repos", "received_events_url": "https://api.github.com/users/CoverUp/received_events", "gravatar_id": "", "starred_url": "https://api.github.com/users/CoverUp/starred{/owner}{/repo}", "site_admin": false, "login": "CoverUp", "type": "User", "id": 9145868, "followers_url": "https://api.github.com/users/CoverUp/followers"}, "milestone": null, "locked": false, "url": "https://api.github.com/repos/opencart/opencart/issues/4684", "created_at": "2016-07-19T17:35:21Z", "assignees": []}, "id": 730101527}, {"commit_id": "d72432897e23128dd97f5c8a396ebf43a29e402e", "commit_url": "https://api.github.com/repos/opencart/opencart/commits/d72432897e23128dd97f5c8a396ebf43a29e402e", "url": "https://api.github.com/repos/opencart/opencart/issues/events/730101525", "created_at": "2016-07-21T08:56:43Z", "actor": {"following_url": "https://api.github.com/users/danielkerr/following{/other_user}", "events_url": "https://api.github.com/users/danielkerr/events{/privacy}", "organizations_url": "https://api.github.com/users/danielkerr/orgs", "url": "https://api.github.com/users/danielkerr", "gists_url": "https://api.github.com/users/danielkerr/gists{/gist_id}", "html_url": "https://github.com/danielkerr", "subscriptions_url": "https://api.github.com/users/danielkerr/subscriptions", "avatar_url": "https://avatars.githubusercontent.com/u/5079756?v=3", "repos_url": "https://api.github.com/users/danielkerr/repos", "received_events_url": "https://api.github.com/users/danielkerr/received_events", "gravatar_id": "", "starred_url": "https://api.github.com/users/danielkerr/starred{/owner}{/repo}", "site_admin": false, "login": "danielkerr", "type": "User", "id": 5079756, "followers_url": "https://api.github.com/users/danielkerr/followers"}, "event": "referenced", "issue": {"labels": [], "number": 4684, "assignee": null, "repository_url": "https://api.github.com/repos/opencart/opencart", "closed_at": "2016-07-21T08:56:43Z", "id": 166389661, "title": "Update register.twig", "pull_request": {"url": "https://api.github.com/repos/opencart/opencart/pulls/4684", "diff_url": "https://github.com/opencart/opencart/pull/4684.diff", "html_url": "https://github.com/opencart/opencart/pull/4684", "patch_url": "https://github.com/opencart/opencart/pull/4684.patch"}, "comments": 0, "state": "closed", "body": "Fixed issue \nhttps://github.com/opencart/opencart/issues/4683\nthat has been inherited from 2.2 version\n", "labels_url": "https://api.github.com/repos/opencart/opencart/issues/4684/labels{/name}", "events_url": "https://api.github.com/repos/opencart/opencart/issues/4684/events", "comments_url": "https://api.github.com/repos/opencart/opencart/issues/4684/comments", "html_url": "https://github.com/opencart/opencart/pull/4684", "updated_at": "2016-07-21T08:56:43Z", "user": {"following_url": "https://api.github.com/users/CoverUp/following{/other_user}", "events_url": "https://api.github.com/users/CoverUp/events{/privacy}", "organizations_url": "https://api.github.com/users/CoverUp/orgs", "url": "https://api.github.com/users/CoverUp", "gists_url": "https://api.github.com/users/CoverUp/gists{/gist_id}", "html_url": "https://github.com/CoverUp", "subscriptions_url": "https://api.github.com/users/CoverUp/subscriptions", "avatar_url": "https://avatars.githubusercontent.com/u/9145868?v=3", "repos_url": "https://api.github.com/users/CoverUp/repos", "received_events_url": "https://api.github.com/users/CoverUp/received_events", "gravatar_id": "", "starred_url": "https://api.github.com/users/CoverUp/starred{/owner}{/repo}", "site_admin": false, "login": "CoverUp", "type": "User", "id": 9145868, "followers_url": "https://api.github.com/users/CoverUp/followers"}, "milestone": null, "locked": false, "url": "https://api.github.com/repos/opencart/opencart/issues/4684", "created_at": "2016-07-19T17:35:21Z", "assignees": []}, "id": 730101525}, {"commit_id": null, "commit_url": null, "url": "https://api.github.com/repos/opencart/opencart/issues/events/730101308", "created_at": "2016-07-21T08:56:31Z", "actor": {"following_url": "https://api.github.com/users/danielkerr/following{/other_user}", "events_url": "https://api.github.com/users/danielkerr/events{/privacy}", "organizations_url": "https://api.github.com/users/danielkerr/orgs", "url": "https://api.github.com/users/danielkerr", "gists_url": "https://api.github.com/users/danielkerr/gists{/gist_id}", "html_url": "https://github.com/danielkerr", "subscriptions_url": "https://api.github.com/users/danielkerr/subscriptions", "avatar_url": "https://avatars.githubusercontent.com/u/5079756?v=3", "repos_url": "https://api.github.com/users/danielkerr/repos", "received_events_url": "https://api.github.com/users/danielkerr/received_events", "gravatar_id": "", "starred_url": "https://api.github.com/users/danielkerr/starred{/owner}{/repo}", "site_admin": false, "login": "danielkerr", "type": "User", "id": 5079756, "followers_url": "https://api.github.com/users/danielkerr/followers"}, "event": "closed", "issue": {"labels": [], "number": 4686, "assignee": null, "repository_url": "https://api.github.com/repos/opencart/opencart", "closed_at": "2016-07-21T08:56:31Z", "id": 166496875, "title": "Update register.twig", "pull_request": {"url": "https://api.github.com/repos/opencart/opencart/pulls/4686", "diff_url": "https://github.com/opencart/opencart/pull/4686.diff", "html_url": "https://github.com/opencart/opencart/pull/4686", "patch_url": "https://github.com/opencart/opencart/pull/4686.patch"}, "comments": 0, "state": "closed", "body": "fix issue https://github.com/opencart/opencart/issues/4683\n", "labels_url": "https://api.github.com/repos/opencart/opencart/issues/4686/labels{/name}", "events_url": "https://api.github.com/repos/opencart/opencart/issues/4686/events", "comments_url": "https://api.github.com/repos/opencart/opencart/issues/4686/comments", "html_url": "https://github.com/opencart/opencart/pull/4686", "updated_at": "2016-07-21T08:56:31Z", "user": {"following_url": "https://api.github.com/users/CoverUp/following{/other_user}", "events_url": "https://api.github.com/users/CoverUp/events{/privacy}", "organizations_url": "https://api.github.com/users/CoverUp/orgs", "url": "https://api.github.com/users/CoverUp", "gists_url": "https://api.github.com/users/CoverUp/gists{/gist_id}", "html_url": "https://github.com/CoverUp", "subscriptions_url": "https://api.github.com/users/CoverUp/subscriptions", "avatar_url": "https://avatars.githubusercontent.com/u/9145868?v=3", "repos_url": "https://api.github.com/users/CoverUp/repos", "received_events_url": "https://api.github.com/users/CoverUp/received_events", "gravatar_id": "", "starred_url": "https://api.github.com/users/CoverUp/starred{/owner}{/repo}", "site_admin": false, "login": "CoverUp", "type": "User", "id": 9145868, "followers_url": "https://api.github.com/users/CoverUp/followers"}, "milestone": null, "locked": false, "url": "https://api.github.com/repos/opencart/opencart/issues/4686", "created_at": "2016-07-20T05:09:49Z", "assignees": []}, "id": 730101308}, {"commit_id": "1a840e45335783436075cb8ab69e35c5eea95243", "commit_url": "https://api.github.com/repos/opencart/opencart/commits/1a840e45335783436075cb8ab69e35c5eea95243", "url": "https://api.github.com/repos/opencart/opencart/issues/events/730101307", "created_at": "2016-07-21T08:56:31Z", "actor": {"following_url": "https://api.github.com/users/danielkerr/following{/other_user}", "events_url": "https://api.github.com/users/danielkerr/events{/privacy}", "organizations_url": "https://api.github.com/users/danielkerr/orgs", "url": "https://api.github.com/users/danielkerr", "gists_url": "https://api.github.com/users/danielkerr/gists{/gist_id}", "html_url": "https://github.com/danielkerr", "subscriptions_url": "https://api.github.com/users/danielkerr/subscriptions", "avatar_url": "https://avatars.githubusercontent.com/u/5079756?v=3", "repos_url": "https://api.github.com/users/danielkerr/repos", "received_events_url": "https://api.github.com/users/danielkerr/received_events", "gravatar_id": "", "starred_url": "https://api.github.com/users/danielkerr/starred{/owner}{/repo}", "site_admin": false, "login": "danielkerr", "type": "User", "id": 5079756, "followers_url": "https://api.github.com/users/danielkerr/followers"}, "event": "merged", "issue": {"labels": [], "number": 4686, "assignee": null, "repository_url": "https://api.github.com/repos/opencart/opencart", "closed_at": "2016-07-21T08:56:31Z", "id": 166496875, "title": "Update register.twig", "pull_request": {"url": "https://api.github.com/repos/opencart/opencart/pulls/4686", "diff_url": "https://github.com/opencart/opencart/pull/4686.diff", "html_url": "https://github.com/opencart/opencart/pull/4686", "patch_url": "https://github.com/opencart/opencart/pull/4686.patch"}, "comments": 0, "state": "closed", "body": "fix issue https://github.com/opencart/opencart/issues/4683\n", "labels_url": "https://api.github.com/repos/opencart/opencart/issues/4686/labels{/name}", "events_url": "https://api.github.com/repos/opencart/opencart/issues/4686/events", "comments_url": "https://api.github.com/repos/opencart/opencart/issues/4686/comments", "html_url": "https://github.com/opencart/opencart/pull/4686", "updated_at": "2016-07-21T08:56:31Z", "user": {"following_url": "https://api.github.com/users/CoverUp/following{/other_user}", "events_url": "https://api.github.com/users/CoverUp/events{/privacy}", "organizations_url": "https://api.github.com/users/CoverUp/orgs", "url": "https://api.github.com/users/CoverUp", "gists_url": "https://api.github.com/users/CoverUp/gists{/gist_id}", "html_url": "https://github.com/CoverUp", "subscriptions_url": "https://api.github.com/users/CoverUp/subscriptions", "avatar_url": "https://avatars.githubusercontent.com/u/9145868?v=3", "repos_url": "https://api.github.com/users/CoverUp/repos", "received_events_url": "https://api.github.com/users/CoverUp/received_events", "gravatar_id": "", "starred_url": "https://api.github.com/users/CoverUp/starred{/owner}{/repo}", "site_admin": false, "login": "CoverUp", "type": "User", "id": 9145868, "followers_url": "https://api.github.com/users/CoverUp/followers"}, "milestone": null, "locked": false, "url": "https://api.github.com/repos/opencart/opencart/issues/4686", "created_at": "2016-07-20T05:09:49Z", "assignees": []}, "id": 730101307}, {"commit_id": "1a840e45335783436075cb8ab69e35c5eea95243", "commit_url": "https://api.github.com/repos/opencart/opencart/commits/1a840e45335783436075cb8ab69e35c5eea95243", "url": "https://api.github.com/repos/opencart/opencart/issues/events/730101306", "created_at": "2016-07-21T08:56:31Z", "actor": {"following_url": "https://api.github.com/users/danielkerr/following{/other_user}", "events_url": "https://api.github.com/users/danielkerr/events{/privacy}", "organizations_url": "https://api.github.com/users/danielkerr/orgs", "url": "https://api.github.com/users/danielkerr", "gists_url": "https://api.github.com/users/danielkerr/gists{/gist_id}", "html_url": "https://github.com/danielkerr", "subscriptions_url": "https://api.github.com/users/danielkerr/subscriptions", "avatar_url": "https://avatars.githubusercontent.com/u/5079756?v=3", "repos_url": "https://api.github.com/users/danielkerr/repos", "received_events_url": "https://api.github.com/users/danielkerr/received_events", "gravatar_id": "", "starred_url": "https://api.github.com/users/danielkerr/starred{/owner}{/repo}", "site_admin": false, "login": "danielkerr", "type": "User", "id": 5079756, "followers_url": "https://api.github.com/users/danielkerr/followers"}, "event": "referenced", "issue": {"labels": [], "number": 4686, "assignee": null, "repository_url": "https://api.github.com/repos/opencart/opencart", "closed_at": "2016-07-21T08:56:31Z", "id": 166496875, "title": "Update register.twig", "pull_request": {"url": "https://api.github.com/repos/opencart/opencart/pulls/4686", "diff_url": "https://github.com/opencart/opencart/pull/4686.diff", "html_url": "https://github.com/opencart/opencart/pull/4686", "patch_url": "https://github.com/opencart/opencart/pull/4686.patch"}, "comments": 0, "state": "closed", "body": "fix issue https://github.com/opencart/opencart/issues/4683\n", "labels_url": "https://api.github.com/repos/opencart/opencart/issues/4686/labels{/name}", "events_url": "https://api.github.com/repos/opencart/opencart/issues/4686/events", "comments_url": "https://api.github.com/repos/opencart/opencart/issues/4686/comments", "html_url": "https://github.com/opencart/opencart/pull/4686", "updated_at": "2016-07-21T08:56:31Z", "user": {"following_url": "https://api.github.com/users/CoverUp/following{/other_user}", "events_url": "https://api.github.com/users/CoverUp/events{/privacy}", "organizations_url": "https://api.github.com/users/CoverUp/orgs", "url": "https://api.github.com/users/CoverUp", "gists_url": "https://api.github.com/users/CoverUp/gists{/gist_id}", "html_url": "https://github.com/CoverUp", "subscriptions_url": "https://api.github.com/users/CoverUp/subscriptions", "avatar_url": "https://avatars.githubusercontent.com/u/9145868?v=3", "repos_url": "https://api.github.com/users/CoverUp/repos", "received_events_url": "https://api.github.com/users/CoverUp/received_events", "gravatar_id": "", "starred_url": "https://api.github.com/users/CoverUp/starred{/owner}{/repo}", "site_admin": false, "login": "CoverUp", "type": "User", "id": 9145868, "followers_url": "https://api.github.com/users/CoverUp/followers"}, "milestone": null, "locked": false, "url": "https://api.github.com/repos/opencart/opencart/issues/4686", "created_at": "2016-07-20T05:09:49Z", "assignees": []}, "id": 730101306}, {"commit_id": "7441b12ced299c0a61d97180d763245853dac11f", "commit_url": "https://api.github.com/repos/CoverUp/opencart/commits/7441b12ced299c0a61d97180d763245853dac11f", "url": "https://api.github.com/repos/opencart/opencart/issues/events/728496938", "created_at": "2016-07-20T05:09:35Z", "actor": {"following_url": "https://api.github.com/users/CoverUp/following{/other_user}", "events_url": "https://api.github.com/users/CoverUp/events{/privacy}", "organizations_url": "https://api.github.com/users/CoverUp/orgs", "url": "https://api.github.com/users/CoverUp", "gists_url": "https://api.github.com/users/CoverUp/gists{/gist_id}", "html_url": "https://github.com/CoverUp", "subscriptions_url": "https://api.github.com/users/CoverUp/subscriptions", "avatar_url": "https://avatars.githubusercontent.com/u/9145868?v=3", "repos_url": "https://api.github.com/users/CoverUp/repos", "received_events_url": "https://api.github.com/users/CoverUp/received_events", "gravatar_id": "", "starred_url": "https://api.github.com/users/CoverUp/starred{/owner}{/repo}", "site_admin": false, "login": "CoverUp", "type": "User", "id": 9145868, "followers_url": "https://api.github.com/users/CoverUp/followers"}, "event": "referenced", "issue": {"body": "I installed version 2.2.0; and I saw in a tutorial  that to remove the requirement for postal code is in System -> Localization -> Countries. \n\nAfter turning the Postal Code requirement off, I realized the postal code still stays required when an unregistered customer tries to register through the checkout process. If the registration is attempted through the link on the toolbar, this requirement is appropriately not required; however, this is the only page which it obeys that rule.\n", "labels": [], "locked": false, "title": "Cannot remove postal code requirement for certain countries", "url": "https://api.github.com/repos/opencart/opencart/issues/4683", "labels_url": "https://api.github.com/repos/opencart/opencart/issues/4683/labels{/name}", "created_at": "2016-07-19T15:21:17Z", "events_url": "https://api.github.com/repos/opencart/opencart/issues/4683/events", "comments_url": "https://api.github.com/repos/opencart/opencart/issues/4683/comments", "html_url": "https://github.com/opencart/opencart/issues/4683", "comments": 7, "number": 4683, "updated_at": "2016-07-21T21:29:54Z", "assignee": null, "state": "open", "user": {"following_url": "https://api.github.com/users/igravity/following{/other_user}", "events_url": "https://api.github.com/users/igravity/events{/privacy}", "organizations_url": "https://api.github.com/users/igravity/orgs", "url": "https://api.github.com/users/igravity", "gists_url": "https://api.github.com/users/igravity/gists{/gist_id}", "html_url": "https://github.com/igravity", "subscriptions_url": "https://api.github.com/users/igravity/subscriptions", "avatar_url": "https://avatars.githubusercontent.com/u/390059?v=3", "repos_url": "https://api.github.com/users/igravity/repos", "received_events_url": "https://api.github.com/users/igravity/received_events", "gravatar_id": "", "starred_url": "https://api.github.com/users/igravity/starred{/owner}{/repo}", "site_admin": false, "login": "igravity", "type": "User", "id": 390059, "followers_url": "https://api.github.com/users/igravity/followers"}, "milestone": null, "repository_url": "https://api.github.com/repos/opencart/opencart", "closed_at": null, "assignees": [], "id": 166359402}, "id": 728496938}, {"commit_id": null, "commit_url": null, "url": "https://api.github.com/repos/opencart/opencart/issues/events/728469692", "created_at": "2016-07-20T04:18:02Z", "actor": {"following_url": "https://api.github.com/users/danielkerr/following{/other_user}", "events_url": "https://api.github.com/users/danielkerr/events{/privacy}", "organizations_url": "https://api.github.com/users/danielkerr/orgs", "url": "https://api.github.com/users/danielkerr", "gists_url": "https://api.github.com/users/danielkerr/gists{/gist_id}", "html_url": "https://github.com/danielkerr", "subscriptions_url": "https://api.github.com/users/danielkerr/subscriptions", "avatar_url": "https://avatars.githubusercontent.com/u/5079756?v=3", "repos_url": "https://api.github.com/users/danielkerr/repos", "received_events_url": "https://api.github.com/users/danielkerr/received_events", "gravatar_id": "", "starred_url": "https://api.github.com/users/danielkerr/starred{/owner}{/repo}", "site_admin": false, "login": "danielkerr", "type": "User", "id": 5079756, "followers_url": "https://api.github.com/users/danielkerr/followers"}, "event": "closed", "issue": {"body": "It is expected to come out as a large version? Is there anywhere that is being discussed? I might suggest or start developing something new for opencart?\n", "labels": [], "locked": false, "title": "Opencart 3.0", "url": "https://api.github.com/repos/opencart/opencart/issues/4685", "labels_url": "https://api.github.com/repos/opencart/opencart/issues/4685/labels{/name}", "created_at": "2016-07-20T00:51:39Z", "events_url": "https://api.github.com/repos/opencart/opencart/issues/4685/events", "comments_url": "https://api.github.com/repos/opencart/opencart/issues/4685/comments", "html_url": "https://github.com/opencart/opencart/issues/4685", "comments": 1, "number": 4685, "updated_at": "2016-07-20T04:18:02Z", "assignee": null, "state": "closed", "user": {"following_url": "https://api.github.com/users/prhost/following{/other_user}", "events_url": "https://api.github.com/users/prhost/events{/privacy}", "organizations_url": "https://api.github.com/users/prhost/orgs", "url": "https://api.github.com/users/prhost", "gists_url": "https://api.github.com/users/prhost/gists{/gist_id}", "html_url": "https://github.com/prhost", "subscriptions_url": "https://api.github.com/users/prhost/subscriptions", "avatar_url": "https://avatars.githubusercontent.com/u/3984760?v=3", "repos_url": "https://api.github.com/users/prhost/repos", "received_events_url": "https://api.github.com/users/prhost/received_events", "gravatar_id": "", "starred_url": "https://api.github.com/users/prhost/starred{/owner}{/repo}", "site_admin": false, "login": "prhost", "type": "User", "id": 3984760, "followers_url": "https://api.github.com/users/prhost/followers"}, "milestone": null, "repository_url": "https://api.github.com/repos/opencart/opencart", "closed_at": "2016-07-20T04:18:02Z", "assignees": [], "id": 166471114}, "id": 728469692}, {"commit_id": "558b403b01d1dc3e3e2739baeec586384df0fb43", "commit_url": "https://api.github.com/repos/prhost/opencart/commits/558b403b01d1dc3e3e2739baeec586384df0fb43", "url": "https://api.github.com/repos/opencart/opencart/issues/events/728370140", "created_at": "2016-07-20T01:23:45Z", "actor": {"following_url": "https://api.github.com/users/prhost/following{/other_user}", "events_url": "https://api.github.com/users/prhost/events{/privacy}", "organizations_url": "https://api.github.com/users/prhost/orgs", "url": "https://api.github.com/users/prhost", "gists_url": "https://api.github.com/users/prhost/gists{/gist_id}", "html_url": "https://github.com/prhost", "subscriptions_url": "https://api.github.com/users/prhost/subscriptions", "avatar_url": "https://avatars.githubusercontent.com/u/3984760?v=3", "repos_url": "https://api.github.com/users/prhost/repos", "received_events_url": "https://api.github.com/users/prhost/received_events", "gravatar_id": "", "starred_url": "https://api.github.com/users/prhost/starred{/owner}{/repo}", "site_admin": false, "login": "prhost", "type": "User", "id": 3984760, "followers_url": "https://api.github.com/users/prhost/followers"}, "event": "referenced", "issue": {"labels": [], "number": 2, "assignee": null, "repository_url": "https://api.github.com/repos/opencart/opencart", "closed_at": "2012-07-24T03:47:16Z", "id": 5490341, "title": "fix for sites that do not work that way: http://site.com", "pull_request": {"url": "https://api.github.com/repos/opencart/opencart/pulls/2", "diff_url": "https://github.com/opencart/opencart/pull/2.diff", "html_url": "https://github.com/opencart/opencart/pull/2", "patch_url": "https://github.com/opencart/opencart/pull/2.patch"}, "comments": 0, "state": "closed", "body": "fix for sites that do not work that way: http://site.com\n\nBy: Erickson Ivanowski\n", "labels_url": "https://api.github.com/repos/opencart/opencart/issues/2/labels{/name}", "events_url": "https://api.github.com/repos/opencart/opencart/issues/2/events", "comments_url": "https://api.github.com/repos/opencart/opencart/issues/2/comments", "html_url": "https://github.com/opencart/opencart/pull/2", "updated_at": "2014-06-13T10:53:34Z", "user": {"following_url": "https://api.github.com/users/valdeir2000/following{/other_user}", "events_url": "https://api.github.com/users/valdeir2000/events{/privacy}", "organizations_url": "https://api.github.com/users/valdeir2000/orgs", "url": "https://api.github.com/users/valdeir2000", "gists_url": "https://api.github.com/users/valdeir2000/gists{/gist_id}", "html_url": "https://github.com/valdeir2000", "subscriptions_url": "https://api.github.com/users/valdeir2000/subscriptions", "avatar_url": "https://avatars.githubusercontent.com/u/606481?v=3", "repos_url": "https://api.github.com/users/valdeir2000/repos", "received_events_url": "https://api.github.com/users/valdeir2000/received_events", "gravatar_id": "", "starred_url": "https://api.github.com/users/valdeir2000/starred{/owner}{/repo}", "site_admin": false, "login": "valdeir2000", "type": "User", "id": 606481, "followers_url": "https://api.github.com/users/valdeir2000/followers"}, "milestone": null, "locked": false, "url": "https://api.github.com/repos/opencart/opencart/issues/2", "created_at": "2012-07-09T00:38:05Z", "assignees": []}, "id": 728370140}, {"commit_id": "3277e86860dd4d917d8537f93c28e7d6944a7794", "commit_url": "https://api.github.com/repos/CoverUp/opencart/commits/3277e86860dd4d917d8537f93c28e7d6944a7794", "url": "https://api.github.com/repos/opencart/opencart/issues/events/727884416", "created_at": "2016-07-19T17:34:55Z", "actor": {"following_url": "https://api.github.com/users/CoverUp/following{/other_user}", "events_url": "https://api.github.com/users/CoverUp/events{/privacy}", "organizations_url": "https://api.github.com/users/CoverUp/orgs", "url": "https://api.github.com/users/CoverUp", "gists_url": "https://api.github.com/users/CoverUp/gists{/gist_id}", "html_url": "https://github.com/CoverUp", "subscriptions_url": "https://api.github.com/users/CoverUp/subscriptions", "avatar_url": "https://avatars.githubusercontent.com/u/9145868?v=3", "repos_url": "https://api.github.com/users/CoverUp/repos", "received_events_url": "https://api.github.com/users/CoverUp/received_events", "gravatar_id": "", "starred_url": "https://api.github.com/users/CoverUp/starred{/owner}{/repo}", "site_admin": false, "login": "CoverUp", "type": "User", "id": 9145868, "followers_url": "https://api.github.com/users/CoverUp/followers"}, "event": "referenced", "issue": {"body": "I installed version 2.2.0; and I saw in a tutorial  that to remove the requirement for postal code is in System -> Localization -> Countries. \n\nAfter turning the Postal Code requirement off, I realized the postal code still stays required when an unregistered customer tries to register through the checkout process. If the registration is attempted through the link on the toolbar, this requirement is appropriately not required; however, this is the only page which it obeys that rule.\n", "labels": [], "locked": false, "title": "Cannot remove postal code requirement for certain countries", "url": "https://api.github.com/repos/opencart/opencart/issues/4683", "labels_url": "https://api.github.com/repos/opencart/opencart/issues/4683/labels{/name}", "created_at": "2016-07-19T15:21:17Z", "events_url": "https://api.github.com/repos/opencart/opencart/issues/4683/events", "comments_url": "https://api.github.com/repos/opencart/opencart/issues/4683/comments", "html_url": "https://github.com/opencart/opencart/issues/4683", "comments": 7, "number": 4683, "updated_at": "2016-07-21T21:29:54Z", "assignee": null, "state": "open", "user": {"following_url": "https://api.github.com/users/igravity/following{/other_user}", "events_url": "https://api.github.com/users/igravity/events{/privacy}", "organizations_url": "https://api.github.com/users/igravity/orgs", "url": "https://api.github.com/users/igravity", "gists_url": "https://api.github.com/users/igravity/gists{/gist_id}", "html_url": "https://github.com/igravity", "subscriptions_url": "https://api.github.com/users/igravity/subscriptions", "avatar_url": "https://avatars.githubusercontent.com/u/390059?v=3", "repos_url": "https://api.github.com/users/igravity/repos", "received_events_url": "https://api.github.com/users/igravity/received_events", "gravatar_id": "", "starred_url": "https://api.github.com/users/igravity/starred{/owner}{/repo}", "site_admin": false, "login": "igravity", "type": "User", "id": 390059, "followers_url": "https://api.github.com/users/igravity/followers"}, "milestone": null, "repository_url": "https://api.github.com/repos/opencart/opencart", "closed_at": null, "assignees": [], "id": 166359402}, "id": 727884416}, {"commit_id": null, "commit_url": null, "url": "https://api.github.com/repos/opencart/opencart/issues/events/727633896", "created_at": "2016-07-19T14:38:14Z", "actor": {"following_url": "https://api.github.com/users/danielkerr/following{/other_user}", "events_url": "https://api.github.com/users/danielkerr/events{/privacy}", "organizations_url": "https://api.github.com/users/danielkerr/orgs", "url": "https://api.github.com/users/danielkerr", "gists_url": "https://api.github.com/users/danielkerr/gists{/gist_id}", "html_url": "https://github.com/danielkerr", "subscriptions_url": "https://api.github.com/users/danielkerr/subscriptions", "avatar_url": "https://avatars.githubusercontent.com/u/5079756?v=3", "repos_url": "https://api.github.com/users/danielkerr/repos", "received_events_url": "https://api.github.com/users/danielkerr/received_events", "gravatar_id": "", "starred_url": "https://api.github.com/users/danielkerr/starred{/owner}{/repo}", "site_admin": false, "login": "danielkerr", "type": "User", "id": 5079756, "followers_url": "https://api.github.com/users/danielkerr/followers"}, "event": "closed", "issue": {"body": "Parse error: syntax error, unexpected 'public' (T_PUBLIC) in C:---path---\\admin\\controller\\extension\\store.php on line 388\n", "labels": [], "locked": false, "title": "Incomplete extension store?", "url": "https://api.github.com/repos/opencart/opencart/issues/4679", "labels_url": "https://api.github.com/repos/opencart/opencart/issues/4679/labels{/name}", "created_at": "2016-07-19T08:43:08Z", "events_url": "https://api.github.com/repos/opencart/opencart/issues/4679/events", "comments_url": "https://api.github.com/repos/opencart/opencart/issues/4679/comments", "html_url": "https://github.com/opencart/opencart/issues/4679", "comments": 1, "number": 4679, "updated_at": "2016-07-19T14:38:14Z", "assignee": null, "state": "closed", "user": {"following_url": "https://api.github.com/users/pekka2/following{/other_user}", "events_url": "https://api.github.com/users/pekka2/events{/privacy}", "organizations_url": "https://api.github.com/users/pekka2/orgs", "url": "https://api.github.com/users/pekka2", "gists_url": "https://api.github.com/users/pekka2/gists{/gist_id}", "html_url": "https://github.com/pekka2", "subscriptions_url": "https://api.github.com/users/pekka2/subscriptions", "avatar_url": "https://avatars.githubusercontent.com/u/7931523?v=3", "repos_url": "https://api.github.com/users/pekka2/repos", "received_events_url": "https://api.github.com/users/pekka2/received_events", "gravatar_id": "", "starred_url": "https://api.github.com/users/pekka2/starred{/owner}{/repo}", "site_admin": false, "login": "pekka2", "type": "User", "id": 7931523, "followers_url": "https://api.github.com/users/pekka2/followers"}, "milestone": null, "repository_url": "https://api.github.com/repos/opencart/opencart", "closed_at": "2016-07-19T14:38:14Z", "assignees": [], "id": 166277795}, "id": 727633896}, {"commit_id": "9fb82b239bd3f6eb454df6fdd70771c621f6e86e", "commit_url": "https://api.github.com/repos/opencart/opencart/commits/9fb82b239bd3f6eb454df6fdd70771c621f6e86e", "url": "https://api.github.com/repos/opencart/opencart/issues/events/727333637", "created_at": "2016-07-19T10:25:31Z", "actor": {"following_url": "https://api.github.com/users/Newman101/following{/other_user}", "events_url": "https://api.github.com/users/Newman101/events{/privacy}", "organizations_url": "https://api.github.com/users/Newman101/orgs", "url": "https://api.github.com/users/Newman101", "gists_url": "https://api.github.com/users/Newman101/gists{/gist_id}", "html_url": "https://github.com/Newman101", "subscriptions_url": "https://api.github.com/users/Newman101/subscriptions", "avatar_url": "https://avatars.githubusercontent.com/u/4118513?v=3", "repos_url": "https://api.github.com/users/Newman101/repos", "received_events_url": "https://api.github.com/users/Newman101/received_events", "gravatar_id": "", "starred_url": "https://api.github.com/users/Newman101/starred{/owner}{/repo}", "site_admin": false, "login": "Newman101", "type": "User", "id": 4118513, "followers_url": "https://api.github.com/users/Newman101/followers"}, "event": "referenced", "issue": {"body": "Parse error: syntax error, unexpected 'public' (T_PUBLIC) in C:---path---\\admin\\controller\\extension\\store.php on line 388\n", "labels": [], "locked": false, "title": "Incomplete extension store?", "url": "https://api.github.com/repos/opencart/opencart/issues/4679", "labels_url": "https://api.github.com/repos/opencart/opencart/issues/4679/labels{/name}", "created_at": "2016-07-19T08:43:08Z", "events_url": "https://api.github.com/repos/opencart/opencart/issues/4679/events", "comments_url": "https://api.github.com/repos/opencart/opencart/issues/4679/comments", "html_url": "https://github.com/opencart/opencart/issues/4679", "comments": 1, "number": 4679, "updated_at": "2016-07-19T14:38:14Z", "assignee": null, "state": "closed", "user": {"following_url": "https://api.github.com/users/pekka2/following{/other_user}", "events_url": "https://api.github.com/users/pekka2/events{/privacy}", "organizations_url": "https://api.github.com/users/pekka2/orgs", "url": "https://api.github.com/users/pekka2", "gists_url": "https://api.github.com/users/pekka2/gists{/gist_id}", "html_url": "https://github.com/pekka2", "subscriptions_url": "https://api.github.com/users/pekka2/subscriptions", "avatar_url": "https://avatars.githubusercontent.com/u/7931523?v=3", "repos_url": "https://api.github.com/users/pekka2/repos", "received_events_url": "https://api.github.com/users/pekka2/received_events", "gravatar_id": "", "starred_url": "https://api.github.com/users/pekka2/starred{/owner}{/repo}", "site_admin": false, "login": "pekka2", "type": "User", "id": 7931523, "followers_url": "https://api.github.com/users/pekka2/followers"}, "milestone": null, "repository_url": "https://api.github.com/repos/opencart/opencart", "closed_at": "2016-07-19T14:38:14Z", "assignees": [], "id": 166277795}, "id": 727333637}, {"commit_id": null, "commit_url": null, "url": "https://api.github.com/repos/opencart/opencart/issues/events/727241172", "created_at": "2016-07-19T09:03:50Z", "actor": {"following_url": "https://api.github.com/users/tommellor/following{/other_user}", "events_url": "https://api.github.com/users/tommellor/events{/privacy}", "organizations_url": "https://api.github.com/users/tommellor/orgs", "url": "https://api.github.com/users/tommellor", "gists_url": "https://api.github.com/users/tommellor/gists{/gist_id}", "html_url": "https://github.com/tommellor", "subscriptions_url": "https://api.github.com/users/tommellor/subscriptions", "avatar_url": "https://avatars.githubusercontent.com/u/20514399?v=3", "repos_url": "https://api.github.com/users/tommellor/repos", "received_events_url": "https://api.github.com/users/tommellor/received_events", "gravatar_id": "", "starred_url": "https://api.github.com/users/tommellor/starred{/owner}{/repo}", "site_admin": false, "login": "tommellor", "type": "User", "id": 20514399, "followers_url": "https://api.github.com/users/tommellor/followers"}, "event": "subscribed", "issue": {"body": "When trying to insert an image using the Image Manager, if there is more than 1 page of images, and you navigate to any page, other than page 1, when you click on the image to insert it, it just opens in the web browser.\n\nEven if you navigate to page 2, then back to page 1, this will break also.\n", "labels": [], "locked": false, "title": "Cannot insert images from Image Manager", "url": "https://api.github.com/repos/opencart/opencart/issues/4675", "labels_url": "https://api.github.com/repos/opencart/opencart/issues/4675/labels{/name}", "created_at": "2016-07-18T09:40:48Z", "events_url": "https://api.github.com/repos/opencart/opencart/issues/4675/events", "comments_url": "https://api.github.com/repos/opencart/opencart/issues/4675/comments", "html_url": "https://github.com/opencart/opencart/issues/4675", "comments": 7, "number": 4675, "updated_at": "2016-07-25T21:55:12Z", "assignee": null, "state": "closed", "user": {"following_url": "https://api.github.com/users/tommellor/following{/other_user}", "events_url": "https://api.github.com/users/tommellor/events{/privacy}", "organizations_url": "https://api.github.com/users/tommellor/orgs", "url": "https://api.github.com/users/tommellor", "gists_url": "https://api.github.com/users/tommellor/gists{/gist_id}", "html_url": "https://github.com/tommellor", "subscriptions_url": "https://api.github.com/users/tommellor/subscriptions", "avatar_url": "https://avatars.githubusercontent.com/u/20514399?v=3", "repos_url": "https://api.github.com/users/tommellor/repos", "received_events_url": "https://api.github.com/users/tommellor/received_events", "gravatar_id": "", "starred_url": "https://api.github.com/users/tommellor/starred{/owner}{/repo}", "site_admin": false, "login": "tommellor", "type": "User", "id": 20514399, "followers_url": "https://api.github.com/users/tommellor/followers"}, "milestone": null, "repository_url": "https://api.github.com/repos/opencart/opencart", "closed_at": "2016-07-19T04:45:23Z", "assignees": [], "id": 166055890}, "id": 727241172}, {"commit_id": null, "commit_url": null, "url": "https://api.github.com/repos/opencart/opencart/issues/events/727241171", "created_at": "2016-07-19T09:03:50Z", "actor": {"following_url": "https://api.github.com/users/tommellor/following{/other_user}", "events_url": "https://api.github.com/users/tommellor/events{/privacy}", "organizations_url": "https://api.github.com/users/tommellor/orgs", "url": "https://api.github.com/users/tommellor", "gists_url": "https://api.github.com/users/tommellor/gists{/gist_id}", "html_url": "https://github.com/tommellor", "subscriptions_url": "https://api.github.com/users/tommellor/subscriptions", "avatar_url": "https://avatars.githubusercontent.com/u/20514399?v=3", "repos_url": "https://api.github.com/users/tommellor/repos", "received_events_url": "https://api.github.com/users/tommellor/received_events", "gravatar_id": "", "starred_url": "https://api.github.com/users/tommellor/starred{/owner}{/repo}", "site_admin": false, "login": "tommellor", "type": "User", "id": 20514399, "followers_url": "https://api.github.com/users/tommellor/followers"}, "event": "mentioned", "issue": {"body": "When trying to insert an image using the Image Manager, if there is more than 1 page of images, and you navigate to any page, other than page 1, when you click on the image to insert it, it just opens in the web browser.\n\nEven if you navigate to page 2, then back to page 1, this will break also.\n", "labels": [], "locked": false, "title": "Cannot insert images from Image Manager", "url": "https://api.github.com/repos/opencart/opencart/issues/4675", "labels_url": "https://api.github.com/repos/opencart/opencart/issues/4675/labels{/name}", "created_at": "2016-07-18T09:40:48Z", "events_url": "https://api.github.com/repos/opencart/opencart/issues/4675/events", "comments_url": "https://api.github.com/repos/opencart/opencart/issues/4675/comments", "html_url": "https://github.com/opencart/opencart/issues/4675", "comments": 7, "number": 4675, "updated_at": "2016-07-25T21:55:12Z", "assignee": null, "state": "closed", "user": {"following_url": "https://api.github.com/users/tommellor/following{/other_user}", "events_url": "https://api.github.com/users/tommellor/events{/privacy}", "organizations_url": "https://api.github.com/users/tommellor/orgs", "url": "https://api.github.com/users/tommellor", "gists_url": "https://api.github.com/users/tommellor/gists{/gist_id}", "html_url": "https://github.com/tommellor", "subscriptions_url": "https://api.github.com/users/tommellor/subscriptions", "avatar_url": "https://avatars.githubusercontent.com/u/20514399?v=3", "repos_url": "https://api.github.com/users/tommellor/repos", "received_events_url": "https://api.github.com/users/tommellor/received_events", "gravatar_id": "", "starred_url": "https://api.github.com/users/tommellor/starred{/owner}{/repo}", "site_admin": false, "login": "tommellor", "type": "User", "id": 20514399, "followers_url": "https://api.github.com/users/tommellor/followers"}, "milestone": null, "repository_url": "https://api.github.com/repos/opencart/opencart", "closed_at": "2016-07-19T04:45:23Z", "assignees": [], "id": 166055890}, "id": 727241171}, {"commit_id": null, "commit_url": null, "url": "https://api.github.com/repos/opencart/opencart/issues/events/727035118", "created_at": "2016-07-19T04:47:03Z", "actor": {"following_url": "https://api.github.com/users/danielkerr/following{/other_user}", "events_url": "https://api.github.com/users/danielkerr/events{/privacy}", "organizations_url": "https://api.github.com/users/danielkerr/orgs", "url": "https://api.github.com/users/danielkerr", "gists_url": "https://api.github.com/users/danielkerr/gists{/gist_id}", "html_url": "https://github.com/danielkerr", "subscriptions_url": "https://api.github.com/users/danielkerr/subscriptions", "avatar_url": "https://avatars.githubusercontent.com/u/5079756?v=3", "repos_url": "https://api.github.com/users/danielkerr/repos", "received_events_url": "https://api.github.com/users/danielkerr/received_events", "gravatar_id": "", "starred_url": "https://api.github.com/users/danielkerr/starred{/owner}{/repo}", "site_admin": false, "login": "danielkerr", "type": "User", "id": 5079756, "followers_url": "https://api.github.com/users/danielkerr/followers"}, "event": "closed", "issue": {"body": "I was tried it a week but still its not happen..\n @danielkerr \n", "labels": [], "locked": false, "title": "How to create OTP and email verification when user register / sign up in opencart 2.2 ?", "url": "https://api.github.com/repos/opencart/opencart/issues/4674", "labels_url": "https://api.github.com/repos/opencart/opencart/issues/4674/labels{/name}", "created_at": "2016-07-18T09:19:30Z", "events_url": "https://api.github.com/repos/opencart/opencart/issues/4674/events", "comments_url": "https://api.github.com/repos/opencart/opencart/issues/4674/comments", "html_url": "https://github.com/opencart/opencart/issues/4674", "comments": 1, "number": 4674, "updated_at": "2016-07-19T04:47:03Z", "assignee": null, "state": "closed", "user": {"following_url": "https://api.github.com/users/dinumarathe/following{/other_user}", "events_url": "https://api.github.com/users/dinumarathe/events{/privacy}", "organizations_url": "https://api.github.com/users/dinumarathe/orgs", "url": "https://api.github.com/users/dinumarathe", "gists_url": "https://api.github.com/users/dinumarathe/gists{/gist_id}", "html_url": "https://github.com/dinumarathe", "subscriptions_url": "https://api.github.com/users/dinumarathe/subscriptions", "avatar_url": "https://avatars.githubusercontent.com/u/13310698?v=3", "repos_url": "https://api.github.com/users/dinumarathe/repos", "received_events_url": "https://api.github.com/users/dinumarathe/received_events", "gravatar_id": "", "starred_url": "https://api.github.com/users/dinumarathe/starred{/owner}{/repo}", "site_admin": false, "login": "dinumarathe", "type": "User", "id": 13310698, "followers_url": "https://api.github.com/users/dinumarathe/followers"}, "milestone": null, "repository_url": "https://api.github.com/repos/opencart/opencart", "closed_at": "2016-07-19T04:47:03Z", "assignees": [], "id": 166052359}, "id": 727035118}, {"commit_id": null, "commit_url": null, "url": "https://api.github.com/repos/opencart/opencart/issues/events/727034831", "created_at": "2016-07-19T04:46:35Z", "actor": {"following_url": "https://api.github.com/users/danielkerr/following{/other_user}", "events_url": "https://api.github.com/users/danielkerr/events{/privacy}", "organizations_url": "https://api.github.com/users/danielkerr/orgs", "url": "https://api.github.com/users/danielkerr", "gists_url": "https://api.github.com/users/danielkerr/gists{/gist_id}", "html_url": "https://github.com/danielkerr", "subscriptions_url": "https://api.github.com/users/danielkerr/subscriptions", "avatar_url": "https://avatars.githubusercontent.com/u/5079756?v=3", "repos_url": "https://api.github.com/users/danielkerr/repos", "received_events_url": "https://api.github.com/users/danielkerr/received_events", "gravatar_id": "", "starred_url": "https://api.github.com/users/danielkerr/starred{/owner}{/repo}", "site_admin": false, "login": "danielkerr", "type": "User", "id": 5079756, "followers_url": "https://api.github.com/users/danielkerr/followers"}, "event": "closed", "issue": {"body": "I am using 2.2.0 version\n\nwhen I send Gift Vouchers to somebody\uff0cit will show this message\n![02](https://cloud.githubusercontent.com/assets/5110085/16866192/cab53170-4a9c-11e6-9c9e-dcc073c2631b.jpg)\nbut in fact\uff0cthe sending function is work\uff0cbecause I can receive that email\n![03](https://cloud.githubusercontent.com/assets/5110085/16866214/f2a64246-4a9c-11e6-927b-ff193a6bf179.jpg)\n", "labels": [], "locked": false, "title": "Gift Vouchers Sending Problem", "url": "https://api.github.com/repos/opencart/opencart/issues/4664", "labels_url": "https://api.github.com/repos/opencart/opencart/issues/4664/labels{/name}", "created_at": "2016-07-15T07:01:20Z", "events_url": "https://api.github.com/repos/opencart/opencart/issues/4664/events", "comments_url": "https://api.github.com/repos/opencart/opencart/issues/4664/comments", "html_url": "https://github.com/opencart/opencart/issues/4664", "comments": 5, "number": 4664, "updated_at": "2016-07-19T04:46:35Z", "assignee": null, "state": "closed", "user": {"following_url": "https://api.github.com/users/bau720123/following{/other_user}", "events_url": "https://api.github.com/users/bau720123/events{/privacy}", "organizations_url": "https://api.github.com/users/bau720123/orgs", "url": "https://api.github.com/users/bau720123", "gists_url": "https://api.github.com/users/bau720123/gists{/gist_id}", "html_url": "https://github.com/bau720123", "subscriptions_url": "https://api.github.com/users/bau720123/subscriptions", "avatar_url": "https://avatars.githubusercontent.com/u/5110085?v=3", "repos_url": "https://api.github.com/users/bau720123/repos", "received_events_url": "https://api.github.com/users/bau720123/received_events", "gravatar_id": "", "starred_url": "https://api.github.com/users/bau720123/starred{/owner}{/repo}", "site_admin": false, "login": "bau720123", "type": "User", "id": 5110085, "followers_url": "https://api.github.com/users/bau720123/followers"}, "milestone": null, "repository_url": "https://api.github.com/repos/opencart/opencart", "closed_at": "2016-07-19T04:46:35Z", "assignees": [], "id": 165724013}, "id": 727034831}, {"commit_id": null, "commit_url": null, "url": "https://api.github.com/repos/opencart/opencart/issues/events/727034168", "created_at": "2016-07-19T04:45:23Z", "actor": {"following_url": "https://api.github.com/users/danielkerr/following{/other_user}", "events_url": "https://api.github.com/users/danielkerr/events{/privacy}", "organizations_url": "https://api.github.com/users/danielkerr/orgs", "url": "https://api.github.com/users/danielkerr", "gists_url": "https://api.github.com/users/danielkerr/gists{/gist_id}", "html_url": "https://github.com/danielkerr", "subscriptions_url": "https://api.github.com/users/danielkerr/subscriptions", "avatar_url": "https://avatars.githubusercontent.com/u/5079756?v=3", "repos_url": "https://api.github.com/users/danielkerr/repos", "received_events_url": "https://api.github.com/users/danielkerr/received_events", "gravatar_id": "", "starred_url": "https://api.github.com/users/danielkerr/starred{/owner}{/repo}", "site_admin": false, "login": "danielkerr", "type": "User", "id": 5079756, "followers_url": "https://api.github.com/users/danielkerr/followers"}, "event": "closed", "issue": {"body": "When trying to insert an image using the Image Manager, if there is more than 1 page of images, and you navigate to any page, other than page 1, when you click on the image to insert it, it just opens in the web browser.\n\nEven if you navigate to page 2, then back to page 1, this will break also.\n", "labels": [], "locked": false, "title": "Cannot insert images from Image Manager", "url": "https://api.github.com/repos/opencart/opencart/issues/4675", "labels_url": "https://api.github.com/repos/opencart/opencart/issues/4675/labels{/name}", "created_at": "2016-07-18T09:40:48Z", "events_url": "https://api.github.com/repos/opencart/opencart/issues/4675/events", "comments_url": "https://api.github.com/repos/opencart/opencart/issues/4675/comments", "html_url": "https://github.com/opencart/opencart/issues/4675", "comments": 7, "number": 4675, "updated_at": "2016-07-25T21:55:12Z", "assignee": null, "state": "closed", "user": {"following_url": "https://api.github.com/users/tommellor/following{/other_user}", "events_url": "https://api.github.com/users/tommellor/events{/privacy}", "organizations_url": "https://api.github.com/users/tommellor/orgs", "url": "https://api.github.com/users/tommellor", "gists_url": "https://api.github.com/users/tommellor/gists{/gist_id}", "html_url": "https://github.com/tommellor", "subscriptions_url": "https://api.github.com/users/tommellor/subscriptions", "avatar_url": "https://avatars.githubusercontent.com/u/20514399?v=3", "repos_url": "https://api.github.com/users/tommellor/repos", "received_events_url": "https://api.github.com/users/tommellor/received_events", "gravatar_id": "", "starred_url": "https://api.github.com/users/tommellor/starred{/owner}{/repo}", "site_admin": false, "login": "tommellor", "type": "User", "id": 20514399, "followers_url": "https://api.github.com/users/tommellor/followers"}, "milestone": null, "repository_url": "https://api.github.com/repos/opencart/opencart", "closed_at": "2016-07-19T04:45:23Z", "assignees": [], "id": 166055890}, "id": 727034168}, {"commit_id": "2f14cb6a06003e4a00f7b636a65e8deedda0b8e8", "commit_url": "https://api.github.com/repos/opencart/opencart/commits/2f14cb6a06003e4a00f7b636a65e8deedda0b8e8", "url": "https://api.github.com/repos/opencart/opencart/issues/events/727034081", "created_at": "2016-07-19T04:45:13Z", "actor": {"following_url": "https://api.github.com/users/danielkerr/following{/other_user}", "events_url": "https://api.github.com/users/danielkerr/events{/privacy}", "organizations_url": "https://api.github.com/users/danielkerr/orgs", "url": "https://api.github.com/users/danielkerr", "gists_url": "https://api.github.com/users/danielkerr/gists{/gist_id}", "html_url": "https://github.com/danielkerr", "subscriptions_url": "https://api.github.com/users/danielkerr/subscriptions", "avatar_url": "https://avatars.githubusercontent.com/u/5079756?v=3", "repos_url": "https://api.github.com/users/danielkerr/repos", "received_events_url": "https://api.github.com/users/danielkerr/received_events", "gravatar_id": "", "starred_url": "https://api.github.com/users/danielkerr/starred{/owner}{/repo}", "site_admin": false, "login": "danielkerr", "type": "User", "id": 5079756, "followers_url": "https://api.github.com/users/danielkerr/followers"}, "event": "referenced", "issue": {"body": "install/opencart.sql line 1938:\n\n`----------------------------------------------`\n\nchange to:\n\n`-- --------------------------------------------`\n", "labels": [], "locked": false, "title": "SQL comment fix", "url": "https://api.github.com/repos/opencart/opencart/issues/4676", "labels_url": "https://api.github.com/repos/opencart/opencart/issues/4676/labels{/name}", "created_at": "2016-07-18T10:18:16Z", "events_url": "https://api.github.com/repos/opencart/opencart/issues/4676/events", "comments_url": "https://api.github.com/repos/opencart/opencart/issues/4676/comments", "html_url": "https://github.com/opencart/opencart/issues/4676", "comments": 0, "number": 4676, "updated_at": "2016-07-19T04:45:10Z", "assignee": null, "state": "closed", "user": {"following_url": "https://api.github.com/users/pekka2/following{/other_user}", "events_url": "https://api.github.com/users/pekka2/events{/privacy}", "organizations_url": "https://api.github.com/users/pekka2/orgs", "url": "https://api.github.com/users/pekka2", "gists_url": "https://api.github.com/users/pekka2/gists{/gist_id}", "html_url": "https://github.com/pekka2", "subscriptions_url": "https://api.github.com/users/pekka2/subscriptions", "avatar_url": "https://avatars.githubusercontent.com/u/7931523?v=3", "repos_url": "https://api.github.com/users/pekka2/repos", "received_events_url": "https://api.github.com/users/pekka2/received_events", "gravatar_id": "", "starred_url": "https://api.github.com/users/pekka2/starred{/owner}{/repo}", "site_admin": false, "login": "pekka2", "type": "User", "id": 7931523, "followers_url": "https://api.github.com/users/pekka2/followers"}, "milestone": null, "repository_url": "https://api.github.com/repos/opencart/opencart", "closed_at": "2016-07-19T04:45:10Z", "assignees": [], "id": 166062163}, "id": 727034081}, {"commit_id": null, "commit_url": null, "url": "https://api.github.com/repos/opencart/opencart/issues/events/727034063", "created_at": "2016-07-19T04:45:10Z", "actor": {"following_url": "https://api.github.com/users/danielkerr/following{/other_user}", "events_url": "https://api.github.com/users/danielkerr/events{/privacy}", "organizations_url": "https://api.github.com/users/danielkerr/orgs", "url": "https://api.github.com/users/danielkerr", "gists_url": "https://api.github.com/users/danielkerr/gists{/gist_id}", "html_url": "https://github.com/danielkerr", "subscriptions_url": "https://api.github.com/users/danielkerr/subscriptions", "avatar_url": "https://avatars.githubusercontent.com/u/5079756?v=3", "repos_url": "https://api.github.com/users/danielkerr/repos", "received_events_url": "https://api.github.com/users/danielkerr/received_events", "gravatar_id": "", "starred_url": "https://api.github.com/users/danielkerr/starred{/owner}{/repo}", "site_admin": false, "login": "danielkerr", "type": "User", "id": 5079756, "followers_url": "https://api.github.com/users/danielkerr/followers"}, "event": "closed", "issue": {"body": "install/opencart.sql line 1938:\n\n`----------------------------------------------`\n\nchange to:\n\n`-- --------------------------------------------`\n", "labels": [], "locked": false, "title": "SQL comment fix", "url": "https://api.github.com/repos/opencart/opencart/issues/4676", "labels_url": "https://api.github.com/repos/opencart/opencart/issues/4676/labels{/name}", "created_at": "2016-07-18T10:18:16Z", "events_url": "https://api.github.com/repos/opencart/opencart/issues/4676/events", "comments_url": "https://api.github.com/repos/opencart/opencart/issues/4676/comments", "html_url": "https://github.com/opencart/opencart/issues/4676", "comments": 0, "number": 4676, "updated_at": "2016-07-19T04:45:10Z", "assignee": null, "state": "closed", "user": {"following_url": "https://api.github.com/users/pekka2/following{/other_user}", "events_url": "https://api.github.com/users/pekka2/events{/privacy}", "organizations_url": "https://api.github.com/users/pekka2/orgs", "url": "https://api.github.com/users/pekka2", "gists_url": "https://api.github.com/users/pekka2/gists{/gist_id}", "html_url": "https://github.com/pekka2", "subscriptions_url": "https://api.github.com/users/pekka2/subscriptions", "avatar_url": "https://avatars.githubusercontent.com/u/7931523?v=3", "repos_url": "https://api.github.com/users/pekka2/repos", "received_events_url": "https://api.github.com/users/pekka2/received_events", "gravatar_id": "", "starred_url": "https://api.github.com/users/pekka2/starred{/owner}{/repo}", "site_admin": false, "login": "pekka2", "type": "User", "id": 7931523, "followers_url": "https://api.github.com/users/pekka2/followers"}, "milestone": null, "repository_url": "https://api.github.com/repos/opencart/opencart", "closed_at": "2016-07-19T04:45:10Z", "assignees": [], "id": 166062163}, "id": 727034063}, {"commit_id": null, "commit_url": null, "url": "https://api.github.com/repos/opencart/opencart/issues/events/727033588", "created_at": "2016-07-19T04:44:24Z", "actor": {"following_url": "https://api.github.com/users/danielkerr/following{/other_user}", "events_url": "https://api.github.com/users/danielkerr/events{/privacy}", "organizations_url": "https://api.github.com/users/danielkerr/orgs", "url": "https://api.github.com/users/danielkerr", "gists_url": "https://api.github.com/users/danielkerr/gists{/gist_id}", "html_url": "https://github.com/danielkerr", "subscriptions_url": "https://api.github.com/users/danielkerr/subscriptions", "avatar_url": "https://avatars.githubusercontent.com/u/5079756?v=3", "repos_url": "https://api.github.com/users/danielkerr/repos", "received_events_url": "https://api.github.com/users/danielkerr/received_events", "gravatar_id": "", "starred_url": "https://api.github.com/users/danielkerr/starred{/owner}{/repo}", "site_admin": false, "login": "danielkerr", "type": "User", "id": 5079756, "followers_url": "https://api.github.com/users/danielkerr/followers"}, "event": "subscribed", "issue": {"body": "I was tried it a week but still its not happen..\n @danielkerr \n", "labels": [], "locked": false, "title": "How to create OTP and email verification when user register / sign up in opencart 2.2 ?", "url": "https://api.github.com/repos/opencart/opencart/issues/4674", "labels_url": "https://api.github.com/repos/opencart/opencart/issues/4674/labels{/name}", "created_at": "2016-07-18T09:19:30Z", "events_url": "https://api.github.com/repos/opencart/opencart/issues/4674/events", "comments_url": "https://api.github.com/repos/opencart/opencart/issues/4674/comments", "html_url": "https://github.com/opencart/opencart/issues/4674", "comments": 1, "number": 4674, "updated_at": "2016-07-19T04:47:03Z", "assignee": null, "state": "closed", "user": {"following_url": "https://api.github.com/users/dinumarathe/following{/other_user}", "events_url": "https://api.github.com/users/dinumarathe/events{/privacy}", "organizations_url": "https://api.github.com/users/dinumarathe/orgs", "url": "https://api.github.com/users/dinumarathe", "gists_url": "https://api.github.com/users/dinumarathe/gists{/gist_id}", "html_url": "https://github.com/dinumarathe", "subscriptions_url": "https://api.github.com/users/dinumarathe/subscriptions", "avatar_url": "https://avatars.githubusercontent.com/u/13310698?v=3", "repos_url": "https://api.github.com/users/dinumarathe/repos", "received_events_url": "https://api.github.com/users/dinumarathe/received_events", "gravatar_id": "", "starred_url": "https://api.github.com/users/dinumarathe/starred{/owner}{/repo}", "site_admin": false, "login": "dinumarathe", "type": "User", "id": 13310698, "followers_url": "https://api.github.com/users/dinumarathe/followers"}, "milestone": null, "repository_url": "https://api.github.com/repos/opencart/opencart", "closed_at": "2016-07-19T04:47:03Z", "assignees": [], "id": 166052359}, "id": 727033588}, {"commit_id": null, "commit_url": null, "url": "https://api.github.com/repos/opencart/opencart/issues/events/727033587", "created_at": "2016-07-19T04:44:24Z", "actor": {"following_url": "https://api.github.com/users/danielkerr/following{/other_user}", "events_url": "https://api.github.com/users/danielkerr/events{/privacy}", "organizations_url": "https://api.github.com/users/danielkerr/orgs", "url": "https://api.github.com/users/danielkerr", "gists_url": "https://api.github.com/users/danielkerr/gists{/gist_id}", "html_url": "https://github.com/danielkerr", "subscriptions_url": "https://api.github.com/users/danielkerr/subscriptions", "avatar_url": "https://avatars.githubusercontent.com/u/5079756?v=3", "repos_url": "https://api.github.com/users/danielkerr/repos", "received_events_url": "https://api.github.com/users/danielkerr/received_events", "gravatar_id": "", "starred_url": "https://api.github.com/users/danielkerr/starred{/owner}{/repo}", "site_admin": false, "login": "danielkerr", "type": "User", "id": 5079756, "followers_url": "https://api.github.com/users/danielkerr/followers"}, "event": "mentioned", "issue": {"body": "I was tried it a week but still its not happen..\n @danielkerr \n", "labels": [], "locked": false, "title": "How to create OTP and email verification when user register / sign up in opencart 2.2 ?", "url": "https://api.github.com/repos/opencart/opencart/issues/4674", "labels_url": "https://api.github.com/repos/opencart/opencart/issues/4674/labels{/name}", "created_at": "2016-07-18T09:19:30Z", "events_url": "https://api.github.com/repos/opencart/opencart/issues/4674/events", "comments_url": "https://api.github.com/repos/opencart/opencart/issues/4674/comments", "html_url": "https://github.com/opencart/opencart/issues/4674", "comments": 1, "number": 4674, "updated_at": "2016-07-19T04:47:03Z", "assignee": null, "state": "closed", "user": {"following_url": "https://api.github.com/users/dinumarathe/following{/other_user}", "events_url": "https://api.github.com/users/dinumarathe/events{/privacy}", "organizations_url": "https://api.github.com/users/dinumarathe/orgs", "url": "https://api.github.com/users/dinumarathe", "gists_url": "https://api.github.com/users/dinumarathe/gists{/gist_id}", "html_url": "https://github.com/dinumarathe", "subscriptions_url": "https://api.github.com/users/dinumarathe/subscriptions", "avatar_url": "https://avatars.githubusercontent.com/u/13310698?v=3", "repos_url": "https://api.github.com/users/dinumarathe/repos", "received_events_url": "https://api.github.com/users/dinumarathe/received_events", "gravatar_id": "", "starred_url": "https://api.github.com/users/dinumarathe/starred{/owner}{/repo}", "site_admin": false, "login": "dinumarathe", "type": "User", "id": 13310698, "followers_url": "https://api.github.com/users/dinumarathe/followers"}, "milestone": null, "repository_url": "https://api.github.com/repos/opencart/opencart", "closed_at": "2016-07-19T04:47:03Z", "assignees": [], "id": 166052359}, "id": 727033587}, {"commit_id": null, "commit_url": null, "url": "https://api.github.com/repos/opencart/opencart/issues/events/725830819", "created_at": "2016-07-18T09:08:05Z", "actor": {"following_url": "https://api.github.com/users/agtt/following{/other_user}", "events_url": "https://api.github.com/users/agtt/events{/privacy}", "organizations_url": "https://api.github.com/users/agtt/orgs", "url": "https://api.github.com/users/agtt", "gists_url": "https://api.github.com/users/agtt/gists{/gist_id}", "html_url": "https://github.com/agtt", "subscriptions_url": "https://api.github.com/users/agtt/subscriptions", "avatar_url": "https://avatars.githubusercontent.com/u/7992961?v=3", "repos_url": "https://api.github.com/users/agtt/repos", "received_events_url": "https://api.github.com/users/agtt/received_events", "gravatar_id": "", "starred_url": "https://api.github.com/users/agtt/starred{/owner}{/repo}", "site_admin": false, "login": "agtt", "type": "User", "id": 7992961, "followers_url": "https://api.github.com/users/agtt/followers"}, "event": "subscribed", "issue": {"body": "catalog\\view\\theme\\default\\template\\checkout\\payment_method.tpl line 16:\n\n <?php if ($payment_method['terms']) { ?>\n    (<?php echo $payment_method['terms']; ?>)\n    <?php } ?>\n\nCan this do also this way:\n\n <?php if(array_key_exists('terms',$payment_method)){?>\n    (<?php echo $payment_method['terms']; ?>)\n    <?php } ?>\n", "labels": [], "locked": false, "title": "Payment Method \"terms\" error code fix $payment_method['terms']", "url": "https://api.github.com/repos/opencart/opencart/issues/3408", "labels_url": "https://api.github.com/repos/opencart/opencart/issues/3408/labels{/name}", "created_at": "2015-09-30T15:37:07Z", "events_url": "https://api.github.com/repos/opencart/opencart/issues/3408/events", "comments_url": "https://api.github.com/repos/opencart/opencart/issues/3408/comments", "html_url": "https://github.com/opencart/opencart/issues/3408", "comments": 2, "number": 3408, "updated_at": "2016-07-18T09:08:05Z", "assignee": null, "state": "closed", "user": {"following_url": "https://api.github.com/users/agtt/following{/other_user}", "events_url": "https://api.github.com/users/agtt/events{/privacy}", "organizations_url": "https://api.github.com/users/agtt/orgs", "url": "https://api.github.com/users/agtt", "gists_url": "https://api.github.com/users/agtt/gists{/gist_id}", "html_url": "https://github.com/agtt", "subscriptions_url": "https://api.github.com/users/agtt/subscriptions", "avatar_url": "https://avatars.githubusercontent.com/u/7992961?v=3", "repos_url": "https://api.github.com/users/agtt/repos", "received_events_url": "https://api.github.com/users/agtt/received_events", "gravatar_id": "", "starred_url": "https://api.github.com/users/agtt/starred{/owner}{/repo}", "site_admin": false, "login": "agtt", "type": "User", "id": 7992961, "followers_url": "https://api.github.com/users/agtt/followers"}, "milestone": null, "repository_url": "https://api.github.com/repos/opencart/opencart", "closed_at": "2015-10-12T17:37:15Z", "assignees": [], "id": 109118639}, "id": 725830819}, {"commit_id": null, "commit_url": null, "url": "https://api.github.com/repos/opencart/opencart/issues/events/725830818", "created_at": "2016-07-18T09:08:05Z", "actor": {"following_url": "https://api.github.com/users/agtt/following{/other_user}", "events_url": "https://api.github.com/users/agtt/events{/privacy}", "organizations_url": "https://api.github.com/users/agtt/orgs", "url": "https://api.github.com/users/agtt", "gists_url": "https://api.github.com/users/agtt/gists{/gist_id}", "html_url": "https://github.com/agtt", "subscriptions_url": "https://api.github.com/users/agtt/subscriptions", "avatar_url": "https://avatars.githubusercontent.com/u/7992961?v=3", "repos_url": "https://api.github.com/users/agtt/repos", "received_events_url": "https://api.github.com/users/agtt/received_events", "gravatar_id": "", "starred_url": "https://api.github.com/users/agtt/starred{/owner}{/repo}", "site_admin": false, "login": "agtt", "type": "User", "id": 7992961, "followers_url": "https://api.github.com/users/agtt/followers"}, "event": "mentioned", "issue": {"body": "catalog\\view\\theme\\default\\template\\checkout\\payment_method.tpl line 16:\n\n <?php if ($payment_method['terms']) { ?>\n    (<?php echo $payment_method['terms']; ?>)\n    <?php } ?>\n\nCan this do also this way:\n\n <?php if(array_key_exists('terms',$payment_method)){?>\n    (<?php echo $payment_method['terms']; ?>)\n    <?php } ?>\n", "labels": [], "locked": false, "title": "Payment Method \"terms\" error code fix $payment_method['terms']", "url": "https://api.github.com/repos/opencart/opencart/issues/3408", "labels_url": "https://api.github.com/repos/opencart/opencart/issues/3408/labels{/name}", "created_at": "2015-09-30T15:37:07Z", "events_url": "https://api.github.com/repos/opencart/opencart/issues/3408/events", "comments_url": "https://api.github.com/repos/opencart/opencart/issues/3408/comments", "html_url": "https://github.com/opencart/opencart/issues/3408", "comments": 2, "number": 3408, "updated_at": "2016-07-18T09:08:05Z", "assignee": null, "state": "closed", "user": {"following_url": "https://api.github.com/users/agtt/following{/other_user}", "events_url": "https://api.github.com/users/agtt/events{/privacy}", "organizations_url": "https://api.github.com/users/agtt/orgs", "url": "https://api.github.com/users/agtt", "gists_url": "https://api.github.com/users/agtt/gists{/gist_id}", "html_url": "https://github.com/agtt", "subscriptions_url": "https://api.github.com/users/agtt/subscriptions", "avatar_url": "https://avatars.githubusercontent.com/u/7992961?v=3", "repos_url": "https://api.github.com/users/agtt/repos", "received_events_url": "https://api.github.com/users/agtt/received_events", "gravatar_id": "", "starred_url": "https://api.github.com/users/agtt/starred{/owner}{/repo}", "site_admin": false, "login": "agtt", "type": "User", "id": 7992961, "followers_url": "https://api.github.com/users/agtt/followers"}, "milestone": null, "repository_url": "https://api.github.com/repos/opencart/opencart", "closed_at": "2015-10-12T17:37:15Z", "assignees": [], "id": 109118639}, "id": 725830818}, {"commit_id": null, "commit_url": null, "url": "https://api.github.com/repos/opencart/opencart/issues/events/725830817", "created_at": "2016-07-18T09:08:05Z", "actor": {"following_url": "https://api.github.com/users/danielkerr/following{/other_user}", "events_url": "https://api.github.com/users/danielkerr/events{/privacy}", "organizations_url": "https://api.github.com/users/danielkerr/orgs", "url": "https://api.github.com/users/danielkerr", "gists_url": "https://api.github.com/users/danielkerr/gists{/gist_id}", "html_url": "https://github.com/danielkerr", "subscriptions_url": "https://api.github.com/users/danielkerr/subscriptions", "avatar_url": "https://avatars.githubusercontent.com/u/5079756?v=3", "repos_url": "https://api.github.com/users/danielkerr/repos", "received_events_url": "https://api.github.com/users/danielkerr/received_events", "gravatar_id": "", "starred_url": "https://api.github.com/users/danielkerr/starred{/owner}{/repo}", "site_admin": false, "login": "danielkerr", "type": "User", "id": 5079756, "followers_url": "https://api.github.com/users/danielkerr/followers"}, "event": "subscribed", "issue": {"body": "catalog\\view\\theme\\default\\template\\checkout\\payment_method.tpl line 16:\n\n <?php if ($payment_method['terms']) { ?>\n    (<?php echo $payment_method['terms']; ?>)\n    <?php } ?>\n\nCan this do also this way:\n\n <?php if(array_key_exists('terms',$payment_method)){?>\n    (<?php echo $payment_method['terms']; ?>)\n    <?php } ?>\n", "labels": [], "locked": false, "title": "Payment Method \"terms\" error code fix $payment_method['terms']", "url": "https://api.github.com/repos/opencart/opencart/issues/3408", "labels_url": "https://api.github.com/repos/opencart/opencart/issues/3408/labels{/name}", "created_at": "2015-09-30T15:37:07Z", "events_url": "https://api.github.com/repos/opencart/opencart/issues/3408/events", "comments_url": "https://api.github.com/repos/opencart/opencart/issues/3408/comments", "html_url": "https://github.com/opencart/opencart/issues/3408", "comments": 2, "number": 3408, "updated_at": "2016-07-18T09:08:05Z", "assignee": null, "state": "closed", "user": {"following_url": "https://api.github.com/users/agtt/following{/other_user}", "events_url": "https://api.github.com/users/agtt/events{/privacy}", "organizations_url": "https://api.github.com/users/agtt/orgs", "url": "https://api.github.com/users/agtt", "gists_url": "https://api.github.com/users/agtt/gists{/gist_id}", "html_url": "https://github.com/agtt", "subscriptions_url": "https://api.github.com/users/agtt/subscriptions", "avatar_url": "https://avatars.githubusercontent.com/u/7992961?v=3", "repos_url": "https://api.github.com/users/agtt/repos", "received_events_url": "https://api.github.com/users/agtt/received_events", "gravatar_id": "", "starred_url": "https://api.github.com/users/agtt/starred{/owner}{/repo}", "site_admin": false, "login": "agtt", "type": "User", "id": 7992961, "followers_url": "https://api.github.com/users/agtt/followers"}, "milestone": null, "repository_url": "https://api.github.com/repos/opencart/opencart", "closed_at": "2015-10-12T17:37:15Z", "assignees": [], "id": 109118639}, "id": 725830817}, {"commit_id": null, "commit_url": null, "url": "https://api.github.com/repos/opencart/opencart/issues/events/725830816", "created_at": "2016-07-18T09:08:05Z", "actor": {"following_url": "https://api.github.com/users/danielkerr/following{/other_user}", "events_url": "https://api.github.com/users/danielkerr/events{/privacy}", "organizations_url": "https://api.github.com/users/danielkerr/orgs", "url": "https://api.github.com/users/danielkerr", "gists_url": "https://api.github.com/users/danielkerr/gists{/gist_id}", "html_url": "https://github.com/danielkerr", "subscriptions_url": "https://api.github.com/users/danielkerr/subscriptions", "avatar_url": "https://avatars.githubusercontent.com/u/5079756?v=3", "repos_url": "https://api.github.com/users/danielkerr/repos", "received_events_url": "https://api.github.com/users/danielkerr/received_events", "gravatar_id": "", "starred_url": "https://api.github.com/users/danielkerr/starred{/owner}{/repo}", "site_admin": false, "login": "danielkerr", "type": "User", "id": 5079756, "followers_url": "https://api.github.com/users/danielkerr/followers"}, "event": "mentioned", "issue": {"body": "catalog\\view\\theme\\default\\template\\checkout\\payment_method.tpl line 16:\n\n <?php if ($payment_method['terms']) { ?>\n    (<?php echo $payment_method['terms']; ?>)\n    <?php } ?>\n\nCan this do also this way:\n\n <?php if(array_key_exists('terms',$payment_method)){?>\n    (<?php echo $payment_method['terms']; ?>)\n    <?php } ?>\n", "labels": [], "locked": false, "title": "Payment Method \"terms\" error code fix $payment_method['terms']", "url": "https://api.github.com/repos/opencart/opencart/issues/3408", "labels_url": "https://api.github.com/repos/opencart/opencart/issues/3408/labels{/name}", "created_at": "2015-09-30T15:37:07Z", "events_url": "https://api.github.com/repos/opencart/opencart/issues/3408/events", "comments_url": "https://api.github.com/repos/opencart/opencart/issues/3408/comments", "html_url": "https://github.com/opencart/opencart/issues/3408", "comments": 2, "number": 3408, "updated_at": "2016-07-18T09:08:05Z", "assignee": null, "state": "closed", "user": {"following_url": "https://api.github.com/users/agtt/following{/other_user}", "events_url": "https://api.github.com/users/agtt/events{/privacy}", "organizations_url": "https://api.github.com/users/agtt/orgs", "url": "https://api.github.com/users/agtt", "gists_url": "https://api.github.com/users/agtt/gists{/gist_id}", "html_url": "https://github.com/agtt", "subscriptions_url": "https://api.github.com/users/agtt/subscriptions", "avatar_url": "https://avatars.githubusercontent.com/u/7992961?v=3", "repos_url": "https://api.github.com/users/agtt/repos", "received_events_url": "https://api.github.com/users/agtt/received_events", "gravatar_id": "", "starred_url": "https://api.github.com/users/agtt/starred{/owner}{/repo}", "site_admin": false, "login": "agtt", "type": "User", "id": 7992961, "followers_url": "https://api.github.com/users/agtt/followers"}, "milestone": null, "repository_url": "https://api.github.com/repos/opencart/opencart", "closed_at": "2015-10-12T17:37:15Z", "assignees": [], "id": 109118639}, "id": 725830816}, {"commit_id": null, "commit_url": null, "url": "https://api.github.com/repos/opencart/opencart/issues/events/725632696", "created_at": "2016-07-18T03:15:47Z", "actor": {"following_url": "https://api.github.com/users/danielkerr/following{/other_user}", "events_url": "https://api.github.com/users/danielkerr/events{/privacy}", "organizations_url": "https://api.github.com/users/danielkerr/orgs", "url": "https://api.github.com/users/danielkerr", "gists_url": "https://api.github.com/users/danielkerr/gists{/gist_id}", "html_url": "https://github.com/danielkerr", "subscriptions_url": "https://api.github.com/users/danielkerr/subscriptions", "avatar_url": "https://avatars.githubusercontent.com/u/5079756?v=3", "repos_url": "https://api.github.com/users/danielkerr/repos", "received_events_url": "https://api.github.com/users/danielkerr/received_events", "gravatar_id": "", "starred_url": "https://api.github.com/users/danielkerr/starred{/owner}{/repo}", "site_admin": false, "login": "danielkerr", "type": "User", "id": 5079756, "followers_url": "https://api.github.com/users/danielkerr/followers"}, "event": "closed", "issue": {"labels": [], "number": 4657, "assignee": null, "repository_url": "https://api.github.com/repos/opencart/opencart", "closed_at": "2016-07-18T03:15:47Z", "id": 165471752, "title": "Many improvements in the template engine and twig", "pull_request": {"url": "https://api.github.com/repos/opencart/opencart/pulls/4657", "diff_url": "https://github.com/opencart/opencart/pull/4657.diff", "html_url": "https://github.com/opencart/opencart/pull/4657", "patch_url": "https://github.com/opencart/opencart/pull/4657.patch"}, "comments": 9, "state": "closed", "body": "Hello,\n\nI made enough improvements and modifications to the engine and twig template, I believe that was pretty cool. When I saw that you put twig I was very happy. I made for the safety of Opencart cloud and extensive maximum possible.\n\nThe right would make an interface and implement the engines, to force a default, since both are used in the same way, not because I think it should be in a folder in so `system/instancies` and not within the`library`, and autoload only load the `system/library` folder.\n\nI hope they accept, or at least discuss the pull request.\n\nalso solves the problem of issue: https://github.com/opencart/opencart/issues/4652\n\nI'm doing a twig extension especially for Opencart, it will help a lot in the templates.\n", "labels_url": "https://api.github.com/repos/opencart/opencart/issues/4657/labels{/name}", "events_url": "https://api.github.com/repos/opencart/opencart/issues/4657/events", "comments_url": "https://api.github.com/repos/opencart/opencart/issues/4657/comments", "html_url": "https://github.com/opencart/opencart/pull/4657", "updated_at": "2016-07-18T10:50:17Z", "user": {"following_url": "https://api.github.com/users/prhost/following{/other_user}", "events_url": "https://api.github.com/users/prhost/events{/privacy}", "organizations_url": "https://api.github.com/users/prhost/orgs", "url": "https://api.github.com/users/prhost", "gists_url": "https://api.github.com/users/prhost/gists{/gist_id}", "html_url": "https://github.com/prhost", "subscriptions_url": "https://api.github.com/users/prhost/subscriptions", "avatar_url": "https://avatars.githubusercontent.com/u/3984760?v=3", "repos_url": "https://api.github.com/users/prhost/repos", "received_events_url": "https://api.github.com/users/prhost/received_events", "gravatar_id": "", "starred_url": "https://api.github.com/users/prhost/starred{/owner}{/repo}", "site_admin": false, "login": "prhost", "type": "User", "id": 3984760, "followers_url": "https://api.github.com/users/prhost/followers"}, "milestone": null, "locked": false, "url": "https://api.github.com/repos/opencart/opencart/issues/4657", "created_at": "2016-07-14T04:07:01Z", "assignees": []}, "id": 725632696}, {"commit_id": null, "commit_url": null, "url": "https://api.github.com/repos/opencart/opencart/issues/events/725632356", "created_at": "2016-07-18T03:14:52Z", "actor": {"following_url": "https://api.github.com/users/danielkerr/following{/other_user}", "events_url": "https://api.github.com/users/danielkerr/events{/privacy}", "organizations_url": "https://api.github.com/users/danielkerr/orgs", "url": "https://api.github.com/users/danielkerr", "gists_url": "https://api.github.com/users/danielkerr/gists{/gist_id}", "html_url": "https://github.com/danielkerr", "subscriptions_url": "https://api.github.com/users/danielkerr/subscriptions", "avatar_url": "https://avatars.githubusercontent.com/u/5079756?v=3", "repos_url": "https://api.github.com/users/danielkerr/repos", "received_events_url": "https://api.github.com/users/danielkerr/received_events", "gravatar_id": "", "starred_url": "https://api.github.com/users/danielkerr/starred{/owner}{/repo}", "site_admin": false, "login": "danielkerr", "type": "User", "id": 5079756, "followers_url": "https://api.github.com/users/danielkerr/followers"}, "event": "closed", "issue": {"body": "What they think of putting a tree file like https://www.jstree.com/ in place of the file menu in the Theme Editor?\n", "labels": [], "locked": false, "title": "Tree file in Theme Editor", "url": "https://api.github.com/repos/opencart/opencart/issues/4673", "labels_url": "https://api.github.com/repos/opencart/opencart/issues/4673/labels{/name}", "created_at": "2016-07-17T23:56:30Z", "events_url": "https://api.github.com/repos/opencart/opencart/issues/4673/events", "comments_url": "https://api.github.com/repos/opencart/opencart/issues/4673/comments", "html_url": "https://github.com/opencart/opencart/issues/4673", "comments": 1, "number": 4673, "updated_at": "2016-07-18T03:14:52Z", "assignee": null, "state": "closed", "user": {"following_url": "https://api.github.com/users/prhost/following{/other_user}", "events_url": "https://api.github.com/users/prhost/events{/privacy}", "organizations_url": "https://api.github.com/users/prhost/orgs", "url": "https://api.github.com/users/prhost", "gists_url": "https://api.github.com/users/prhost/gists{/gist_id}", "html_url": "https://github.com/prhost", "subscriptions_url": "https://api.github.com/users/prhost/subscriptions", "avatar_url": "https://avatars.githubusercontent.com/u/3984760?v=3", "repos_url": "https://api.github.com/users/prhost/repos", "received_events_url": "https://api.github.com/users/prhost/received_events", "gravatar_id": "", "starred_url": "https://api.github.com/users/prhost/starred{/owner}{/repo}", "site_admin": false, "login": "prhost", "type": "User", "id": 3984760, "followers_url": "https://api.github.com/users/prhost/followers"}, "milestone": null, "repository_url": "https://api.github.com/repos/opencart/opencart", "closed_at": "2016-07-18T03:14:52Z", "assignees": [], "id": 166002812}, "id": 725632356}, {"commit_id": null, "commit_url": null, "url": "https://api.github.com/repos/opencart/opencart/issues/events/725373526", "created_at": "2016-07-17T07:00:55Z", "actor": {"following_url": "https://api.github.com/users/danielkerr/following{/other_user}", "events_url": "https://api.github.com/users/danielkerr/events{/privacy}", "organizations_url": "https://api.github.com/users/danielkerr/orgs", "url": "https://api.github.com/users/danielkerr", "gists_url": "https://api.github.com/users/danielkerr/gists{/gist_id}", "html_url": "https://github.com/danielkerr", "subscriptions_url": "https://api.github.com/users/danielkerr/subscriptions", "avatar_url": "https://avatars.githubusercontent.com/u/5079756?v=3", "repos_url": "https://api.github.com/users/danielkerr/repos", "received_events_url": "https://api.github.com/users/danielkerr/received_events", "gravatar_id": "", "starred_url": "https://api.github.com/users/danielkerr/starred{/owner}{/repo}", "site_admin": false, "login": "danielkerr", "type": "User", "id": 5079756, "followers_url": "https://api.github.com/users/danielkerr/followers"}, "event": "closed", "issue": {"labels": [], "number": 4671, "assignee": null, "repository_url": "https://api.github.com/repos/opencart/opencart", "closed_at": "2016-07-17T07:00:55Z", "id": 165948147, "title": "Update voucher.php", "pull_request": {"url": "https://api.github.com/repos/opencart/opencart/pulls/4671", "diff_url": "https://github.com/opencart/opencart/pull/4671.diff", "html_url": "https://github.com/opencart/opencart/pull/4671", "patch_url": "https://github.com/opencart/opencart/pull/4671.patch"}, "comments": 0, "state": "closed", "body": "Fix issue #4664\nvoucher that dont belongs to an order was using order_info data that is not available, now a voucher that does not belong to an order will use default data instead.\n", "labels_url": "https://api.github.com/repos/opencart/opencart/issues/4671/labels{/name}", "events_url": "https://api.github.com/repos/opencart/opencart/issues/4671/events", "comments_url": "https://api.github.com/repos/opencart/opencart/issues/4671/comments", "html_url": "https://github.com/opencart/opencart/pull/4671", "updated_at": "2016-07-17T07:00:55Z", "user": {"following_url": "https://api.github.com/users/CoverUp/following{/other_user}", "events_url": "https://api.github.com/users/CoverUp/events{/privacy}", "organizations_url": "https://api.github.com/users/CoverUp/orgs", "url": "https://api.github.com/users/CoverUp", "gists_url": "https://api.github.com/users/CoverUp/gists{/gist_id}", "html_url": "https://github.com/CoverUp", "subscriptions_url": "https://api.github.com/users/CoverUp/subscriptions", "avatar_url": "https://avatars.githubusercontent.com/u/9145868?v=3", "repos_url": "https://api.github.com/users/CoverUp/repos", "received_events_url": "https://api.github.com/users/CoverUp/received_events", "gravatar_id": "", "starred_url": "https://api.github.com/users/CoverUp/starred{/owner}{/repo}", "site_admin": false, "login": "CoverUp", "type": "User", "id": 9145868, "followers_url": "https://api.github.com/users/CoverUp/followers"}, "milestone": null, "locked": false, "url": "https://api.github.com/repos/opencart/opencart/issues/4671", "created_at": "2016-07-16T21:21:19Z", "assignees": []}, "id": 725373526}, {"commit_id": "02abc5ecf8004aa50e30d006084a8401033725f2", "commit_url": "https://api.github.com/repos/opencart/opencart/commits/02abc5ecf8004aa50e30d006084a8401033725f2", "url": "https://api.github.com/repos/opencart/opencart/issues/events/725373524", "created_at": "2016-07-17T07:00:55Z", "actor": {"following_url": "https://api.github.com/users/danielkerr/following{/other_user}", "events_url": "https://api.github.com/users/danielkerr/events{/privacy}", "organizations_url": "https://api.github.com/users/danielkerr/orgs", "url": "https://api.github.com/users/danielkerr", "gists_url": "https://api.github.com/users/danielkerr/gists{/gist_id}", "html_url": "https://github.com/danielkerr", "subscriptions_url": "https://api.github.com/users/danielkerr/subscriptions", "avatar_url": "https://avatars.githubusercontent.com/u/5079756?v=3", "repos_url": "https://api.github.com/users/danielkerr/repos", "received_events_url": "https://api.github.com/users/danielkerr/received_events", "gravatar_id": "", "starred_url": "https://api.github.com/users/danielkerr/starred{/owner}{/repo}", "site_admin": false, "login": "danielkerr", "type": "User", "id": 5079756, "followers_url": "https://api.github.com/users/danielkerr/followers"}, "event": "merged", "issue": {"labels": [], "number": 4671, "assignee": null, "repository_url": "https://api.github.com/repos/opencart/opencart", "closed_at": "2016-07-17T07:00:55Z", "id": 165948147, "title": "Update voucher.php", "pull_request": {"url": "https://api.github.com/repos/opencart/opencart/pulls/4671", "diff_url": "https://github.com/opencart/opencart/pull/4671.diff", "html_url": "https://github.com/opencart/opencart/pull/4671", "patch_url": "https://github.com/opencart/opencart/pull/4671.patch"}, "comments": 0, "state": "closed", "body": "Fix issue #4664\nvoucher that dont belongs to an order was using order_info data that is not available, now a voucher that does not belong to an order will use default data instead.\n", "labels_url": "https://api.github.com/repos/opencart/opencart/issues/4671/labels{/name}", "events_url": "https://api.github.com/repos/opencart/opencart/issues/4671/events", "comments_url": "https://api.github.com/repos/opencart/opencart/issues/4671/comments", "html_url": "https://github.com/opencart/opencart/pull/4671", "updated_at": "2016-07-17T07:00:55Z", "user": {"following_url": "https://api.github.com/users/CoverUp/following{/other_user}", "events_url": "https://api.github.com/users/CoverUp/events{/privacy}", "organizations_url": "https://api.github.com/users/CoverUp/orgs", "url": "https://api.github.com/users/CoverUp", "gists_url": "https://api.github.com/users/CoverUp/gists{/gist_id}", "html_url": "https://github.com/CoverUp", "subscriptions_url": "https://api.github.com/users/CoverUp/subscriptions", "avatar_url": "https://avatars.githubusercontent.com/u/9145868?v=3", "repos_url": "https://api.github.com/users/CoverUp/repos", "received_events_url": "https://api.github.com/users/CoverUp/received_events", "gravatar_id": "", "starred_url": "https://api.github.com/users/CoverUp/starred{/owner}{/repo}", "site_admin": false, "login": "CoverUp", "type": "User", "id": 9145868, "followers_url": "https://api.github.com/users/CoverUp/followers"}, "milestone": null, "locked": false, "url": "https://api.github.com/repos/opencart/opencart/issues/4671", "created_at": "2016-07-16T21:21:19Z", "assignees": []}, "id": 725373524}, {"commit_id": "02abc5ecf8004aa50e30d006084a8401033725f2", "commit_url": "https://api.github.com/repos/opencart/opencart/commits/02abc5ecf8004aa50e30d006084a8401033725f2", "url": "https://api.github.com/repos/opencart/opencart/issues/events/725373523", "created_at": "2016-07-17T07:00:55Z", "actor": {"following_url": "https://api.github.com/users/danielkerr/following{/other_user}", "events_url": "https://api.github.com/users/danielkerr/events{/privacy}", "organizations_url": "https://api.github.com/users/danielkerr/orgs", "url": "https://api.github.com/users/danielkerr", "gists_url": "https://api.github.com/users/danielkerr/gists{/gist_id}", "html_url": "https://github.com/danielkerr", "subscriptions_url": "https://api.github.com/users/danielkerr/subscriptions", "avatar_url": "https://avatars.githubusercontent.com/u/5079756?v=3", "repos_url": "https://api.github.com/users/danielkerr/repos", "received_events_url": "https://api.github.com/users/danielkerr/received_events", "gravatar_id": "", "starred_url": "https://api.github.com/users/danielkerr/starred{/owner}{/repo}", "site_admin": false, "login": "danielkerr", "type": "User", "id": 5079756, "followers_url": "https://api.github.com/users/danielkerr/followers"}, "event": "referenced", "issue": {"labels": [], "number": 4671, "assignee": null, "repository_url": "https://api.github.com/repos/opencart/opencart", "closed_at": "2016-07-17T07:00:55Z", "id": 165948147, "title": "Update voucher.php", "pull_request": {"url": "https://api.github.com/repos/opencart/opencart/pulls/4671", "diff_url": "https://github.com/opencart/opencart/pull/4671.diff", "html_url": "https://github.com/opencart/opencart/pull/4671", "patch_url": "https://github.com/opencart/opencart/pull/4671.patch"}, "comments": 0, "state": "closed", "body": "Fix issue #4664\nvoucher that dont belongs to an order was using order_info data that is not available, now a voucher that does not belong to an order will use default data instead.\n", "labels_url": "https://api.github.com/repos/opencart/opencart/issues/4671/labels{/name}", "events_url": "https://api.github.com/repos/opencart/opencart/issues/4671/events", "comments_url": "https://api.github.com/repos/opencart/opencart/issues/4671/comments", "html_url": "https://github.com/opencart/opencart/pull/4671", "updated_at": "2016-07-17T07:00:55Z", "user": {"following_url": "https://api.github.com/users/CoverUp/following{/other_user}", "events_url": "https://api.github.com/users/CoverUp/events{/privacy}", "organizations_url": "https://api.github.com/users/CoverUp/orgs", "url": "https://api.github.com/users/CoverUp", "gists_url": "https://api.github.com/users/CoverUp/gists{/gist_id}", "html_url": "https://github.com/CoverUp", "subscriptions_url": "https://api.github.com/users/CoverUp/subscriptions", "avatar_url": "https://avatars.githubusercontent.com/u/9145868?v=3", "repos_url": "https://api.github.com/users/CoverUp/repos", "received_events_url": "https://api.github.com/users/CoverUp/received_events", "gravatar_id": "", "starred_url": "https://api.github.com/users/CoverUp/starred{/owner}{/repo}", "site_admin": false, "login": "CoverUp", "type": "User", "id": 9145868, "followers_url": "https://api.github.com/users/CoverUp/followers"}, "milestone": null, "locked": false, "url": "https://api.github.com/repos/opencart/opencart/issues/4671", "created_at": "2016-07-16T21:21:19Z", "assignees": []}, "id": 725373523}, {"commit_id": null, "commit_url": null, "url": "https://api.github.com/repos/opencart/opencart/issues/events/725373304", "created_at": "2016-07-17T06:59:05Z", "actor": {"following_url": "https://api.github.com/users/danielkerr/following{/other_user}", "events_url": "https://api.github.com/users/danielkerr/events{/privacy}", "organizations_url": "https://api.github.com/users/danielkerr/orgs", "url": "https://api.github.com/users/danielkerr", "gists_url": "https://api.github.com/users/danielkerr/gists{/gist_id}", "html_url": "https://github.com/danielkerr", "subscriptions_url": "https://api.github.com/users/danielkerr/subscriptions", "avatar_url": "https://avatars.githubusercontent.com/u/5079756?v=3", "repos_url": "https://api.github.com/users/danielkerr/repos", "received_events_url": "https://api.github.com/users/danielkerr/received_events", "gravatar_id": "", "starred_url": "https://api.github.com/users/danielkerr/starred{/owner}{/repo}", "site_admin": false, "login": "danielkerr", "type": "User", "id": 5079756, "followers_url": "https://api.github.com/users/danielkerr/followers"}, "event": "closed", "issue": {"body": "I want to create custom dynamic page in opencart  and i want to access it from my dashboard/admin panel.\n", "labels": [], "locked": false, "title": "How to create New page module in opencart 2.2 ?", "url": "https://api.github.com/repos/opencart/opencart/issues/4666", "labels_url": "https://api.github.com/repos/opencart/opencart/issues/4666/labels{/name}", "created_at": "2016-07-15T09:08:19Z", "events_url": "https://api.github.com/repos/opencart/opencart/issues/4666/events", "comments_url": "https://api.github.com/repos/opencart/opencart/issues/4666/comments", "html_url": "https://github.com/opencart/opencart/issues/4666", "comments": 3, "number": 4666, "updated_at": "2016-07-17T06:59:05Z", "assignee": null, "state": "closed", "user": {"following_url": "https://api.github.com/users/dinumarathe/following{/other_user}", "events_url": "https://api.github.com/users/dinumarathe/events{/privacy}", "organizations_url": "https://api.github.com/users/dinumarathe/orgs", "url": "https://api.github.com/users/dinumarathe", "gists_url": "https://api.github.com/users/dinumarathe/gists{/gist_id}", "html_url": "https://github.com/dinumarathe", "subscriptions_url": "https://api.github.com/users/dinumarathe/subscriptions", "avatar_url": "https://avatars.githubusercontent.com/u/13310698?v=3", "repos_url": "https://api.github.com/users/dinumarathe/repos", "received_events_url": "https://api.github.com/users/dinumarathe/received_events", "gravatar_id": "", "starred_url": "https://api.github.com/users/dinumarathe/starred{/owner}{/repo}", "site_admin": false, "login": "dinumarathe", "type": "User", "id": 13310698, "followers_url": "https://api.github.com/users/dinumarathe/followers"}, "milestone": null, "repository_url": "https://api.github.com/repos/opencart/opencart", "closed_at": "2016-07-17T06:59:05Z", "assignees": [], "id": 165742660}, "id": 725373304}]