[{"commit_id": null, "commit_url": null, "url": "https://api.github.com/repos/opencart/opencart/issues/events/637283172", "created_at": "2016-04-22T07:12:59Z", "actor": {"following_url": "https://api.github.com/users/danielkerr/following{/other_user}", "events_url": "https://api.github.com/users/danielkerr/events{/privacy}", "organizations_url": "https://api.github.com/users/danielkerr/orgs", "url": "https://api.github.com/users/danielkerr", "gists_url": "https://api.github.com/users/danielkerr/gists{/gist_id}", "html_url": "https://github.com/danielkerr", "subscriptions_url": "https://api.github.com/users/danielkerr/subscriptions", "avatar_url": "https://avatars.githubusercontent.com/u/5079756?v=3", "repos_url": "https://api.github.com/users/danielkerr/repos", "received_events_url": "https://api.github.com/users/danielkerr/received_events", "gravatar_id": "", "starred_url": "https://api.github.com/users/danielkerr/starred{/owner}{/repo}", "site_admin": false, "login": "danielkerr", "type": "User", "id": 5079756, "followers_url": "https://api.github.com/users/danielkerr/followers"}, "event": "closed", "issue": {"labels": [], "number": 4280, "assignee": null, "repository_url": "https://api.github.com/repos/opencart/opencart", "closed_at": "2016-04-22T07:12:59Z", "id": 150199281, "title": "Update address.php", "pull_request": {"url": "https://api.github.com/repos/opencart/opencart/pulls/4280", "diff_url": "https://github.com/opencart/opencart/pull/4280.diff", "html_url": "https://github.com/opencart/opencart/pull/4280", "patch_url": "https://github.com/opencart/opencart/pull/4280.patch"}, "comments": 0, "state": "closed", "body": "Fix missing chars to prevent error:\n\n[21-Apr-2016 14:06:18 America/Mexico_City] PHP Parse error: syntax error, unexpected '&&' (T_BOOLEAN_AND), expecting ')' in /home/misitio/public_html/store/catalog/controller/account/address.php on line 522\n\nPD: Credits to daosorio for find the error.\n", "labels_url": "https://api.github.com/repos/opencart/opencart/issues/4280/labels{/name}", "events_url": "https://api.github.com/repos/opencart/opencart/issues/4280/events", "comments_url": "https://api.github.com/repos/opencart/opencart/issues/4280/comments", "html_url": "https://github.com/opencart/opencart/pull/4280", "updated_at": "2016-04-22T07:13:02Z", "user": {"following_url": "https://api.github.com/users/CoverUp/following{/other_user}", "events_url": "https://api.github.com/users/CoverUp/events{/privacy}", "organizations_url": "https://api.github.com/users/CoverUp/orgs", "url": "https://api.github.com/users/CoverUp", "gists_url": "https://api.github.com/users/CoverUp/gists{/gist_id}", "html_url": "https://github.com/CoverUp", "subscriptions_url": "https://api.github.com/users/CoverUp/subscriptions", "avatar_url": "https://avatars.githubusercontent.com/u/9145868?v=3", "repos_url": "https://api.github.com/users/CoverUp/repos", "received_events_url": "https://api.github.com/users/CoverUp/received_events", "gravatar_id": "", "starred_url": "https://api.github.com/users/CoverUp/starred{/owner}{/repo}", "site_admin": false, "login": "CoverUp", "type": "User", "id": 9145868, "followers_url": "https://api.github.com/users/CoverUp/followers"}, "milestone": null, "locked": false, "url": "https://api.github.com/repos/opencart/opencart/issues/4280", "created_at": "2016-04-21T21:47:11Z", "assignees": []}, "id": 637283172}, {"commit_id": "8090158b1863443972d10082ecfdfcd9dde0cb2a", "commit_url": "https://api.github.com/repos/opencart/opencart/commits/8090158b1863443972d10082ecfdfcd9dde0cb2a", "url": "https://api.github.com/repos/opencart/opencart/issues/events/637283171", "created_at": "2016-04-22T07:12:59Z", "actor": {"following_url": "https://api.github.com/users/danielkerr/following{/other_user}", "events_url": "https://api.github.com/users/danielkerr/events{/privacy}", "organizations_url": "https://api.github.com/users/danielkerr/orgs", "url": "https://api.github.com/users/danielkerr", "gists_url": "https://api.github.com/users/danielkerr/gists{/gist_id}", "html_url": "https://github.com/danielkerr", "subscriptions_url": "https://api.github.com/users/danielkerr/subscriptions", "avatar_url": "https://avatars.githubusercontent.com/u/5079756?v=3", "repos_url": "https://api.github.com/users/danielkerr/repos", "received_events_url": "https://api.github.com/users/danielkerr/received_events", "gravatar_id": "", "starred_url": "https://api.github.com/users/danielkerr/starred{/owner}{/repo}", "site_admin": false, "login": "danielkerr", "type": "User", "id": 5079756, "followers_url": "https://api.github.com/users/danielkerr/followers"}, "event": "merged", "issue": {"labels": [], "number": 4280, "assignee": null, "repository_url": "https://api.github.com/repos/opencart/opencart", "closed_at": "2016-04-22T07:12:59Z", "id": 150199281, "title": "Update address.php", "pull_request": {"url": "https://api.github.com/repos/opencart/opencart/pulls/4280", "diff_url": "https://github.com/opencart/opencart/pull/4280.diff", "html_url": "https://github.com/opencart/opencart/pull/4280", "patch_url": "https://github.com/opencart/opencart/pull/4280.patch"}, "comments": 0, "state": "closed", "body": "Fix missing chars to prevent error:\n\n[21-Apr-2016 14:06:18 America/Mexico_City] PHP Parse error: syntax error, unexpected '&&' (T_BOOLEAN_AND), expecting ')' in /home/misitio/public_html/store/catalog/controller/account/address.php on line 522\n\nPD: Credits to daosorio for find the error.\n", "labels_url": "https://api.github.com/repos/opencart/opencart/issues/4280/labels{/name}", "events_url": "https://api.github.com/repos/opencart/opencart/issues/4280/events", "comments_url": "https://api.github.com/repos/opencart/opencart/issues/4280/comments", "html_url": "https://github.com/opencart/opencart/pull/4280", "updated_at": "2016-04-22T07:13:02Z", "user": {"following_url": "https://api.github.com/users/CoverUp/following{/other_user}", "events_url": "https://api.github.com/users/CoverUp/events{/privacy}", "organizations_url": "https://api.github.com/users/CoverUp/orgs", "url": "https://api.github.com/users/CoverUp", "gists_url": "https://api.github.com/users/CoverUp/gists{/gist_id}", "html_url": "https://github.com/CoverUp", "subscriptions_url": "https://api.github.com/users/CoverUp/subscriptions", "avatar_url": "https://avatars.githubusercontent.com/u/9145868?v=3", "repos_url": "https://api.github.com/users/CoverUp/repos", "received_events_url": "https://api.github.com/users/CoverUp/received_events", "gravatar_id": "", "starred_url": "https://api.github.com/users/CoverUp/starred{/owner}{/repo}", "site_admin": false, "login": "CoverUp", "type": "User", "id": 9145868, "followers_url": "https://api.github.com/users/CoverUp/followers"}, "milestone": null, "locked": false, "url": "https://api.github.com/repos/opencart/opencart/issues/4280", "created_at": "2016-04-21T21:47:11Z", "assignees": []}, "id": 637283171}, {"commit_id": "8090158b1863443972d10082ecfdfcd9dde0cb2a", "commit_url": "https://api.github.com/repos/opencart/opencart/commits/8090158b1863443972d10082ecfdfcd9dde0cb2a", "url": "https://api.github.com/repos/opencart/opencart/issues/events/637283170", "created_at": "2016-04-22T07:12:59Z", "actor": {"following_url": "https://api.github.com/users/danielkerr/following{/other_user}", "events_url": "https://api.github.com/users/danielkerr/events{/privacy}", "organizations_url": "https://api.github.com/users/danielkerr/orgs", "url": "https://api.github.com/users/danielkerr", "gists_url": "https://api.github.com/users/danielkerr/gists{/gist_id}", "html_url": "https://github.com/danielkerr", "subscriptions_url": "https://api.github.com/users/danielkerr/subscriptions", "avatar_url": "https://avatars.githubusercontent.com/u/5079756?v=3", "repos_url": "https://api.github.com/users/danielkerr/repos", "received_events_url": "https://api.github.com/users/danielkerr/received_events", "gravatar_id": "", "starred_url": "https://api.github.com/users/danielkerr/starred{/owner}{/repo}", "site_admin": false, "login": "danielkerr", "type": "User", "id": 5079756, "followers_url": "https://api.github.com/users/danielkerr/followers"}, "event": "referenced", "issue": {"labels": [], "number": 4280, "assignee": null, "repository_url": "https://api.github.com/repos/opencart/opencart", "closed_at": "2016-04-22T07:12:59Z", "id": 150199281, "title": "Update address.php", "pull_request": {"url": "https://api.github.com/repos/opencart/opencart/pulls/4280", "diff_url": "https://github.com/opencart/opencart/pull/4280.diff", "html_url": "https://github.com/opencart/opencart/pull/4280", "patch_url": "https://github.com/opencart/opencart/pull/4280.patch"}, "comments": 0, "state": "closed", "body": "Fix missing chars to prevent error:\n\n[21-Apr-2016 14:06:18 America/Mexico_City] PHP Parse error: syntax error, unexpected '&&' (T_BOOLEAN_AND), expecting ')' in /home/misitio/public_html/store/catalog/controller/account/address.php on line 522\n\nPD: Credits to daosorio for find the error.\n", "labels_url": "https://api.github.com/repos/opencart/opencart/issues/4280/labels{/name}", "events_url": "https://api.github.com/repos/opencart/opencart/issues/4280/events", "comments_url": "https://api.github.com/repos/opencart/opencart/issues/4280/comments", "html_url": "https://github.com/opencart/opencart/pull/4280", "updated_at": "2016-04-22T07:13:02Z", "user": {"following_url": "https://api.github.com/users/CoverUp/following{/other_user}", "events_url": "https://api.github.com/users/CoverUp/events{/privacy}", "organizations_url": "https://api.github.com/users/CoverUp/orgs", "url": "https://api.github.com/users/CoverUp", "gists_url": "https://api.github.com/users/CoverUp/gists{/gist_id}", "html_url": "https://github.com/CoverUp", "subscriptions_url": "https://api.github.com/users/CoverUp/subscriptions", "avatar_url": "https://avatars.githubusercontent.com/u/9145868?v=3", "repos_url": "https://api.github.com/users/CoverUp/repos", "received_events_url": "https://api.github.com/users/CoverUp/received_events", "gravatar_id": "", "starred_url": "https://api.github.com/users/CoverUp/starred{/owner}{/repo}", "site_admin": false, "login": "CoverUp", "type": "User", "id": 9145868, "followers_url": "https://api.github.com/users/CoverUp/followers"}, "milestone": null, "locked": false, "url": "https://api.github.com/repos/opencart/opencart/issues/4280", "created_at": "2016-04-21T21:47:11Z", "assignees": []}, "id": 637283170}, {"commit_id": null, "commit_url": null, "url": "https://api.github.com/repos/opencart/opencart/issues/events/636344964", "created_at": "2016-04-21T15:27:34Z", "actor": {"following_url": "https://api.github.com/users/danielkerr/following{/other_user}", "events_url": "https://api.github.com/users/danielkerr/events{/privacy}", "organizations_url": "https://api.github.com/users/danielkerr/orgs", "url": "https://api.github.com/users/danielkerr", "gists_url": "https://api.github.com/users/danielkerr/gists{/gist_id}", "html_url": "https://github.com/danielkerr", "subscriptions_url": "https://api.github.com/users/danielkerr/subscriptions", "avatar_url": "https://avatars.githubusercontent.com/u/5079756?v=3", "repos_url": "https://api.github.com/users/danielkerr/repos", "received_events_url": "https://api.github.com/users/danielkerr/received_events", "gravatar_id": "", "starred_url": "https://api.github.com/users/danielkerr/starred{/owner}{/repo}", "site_admin": false, "login": "danielkerr", "type": "User", "id": 5079756, "followers_url": "https://api.github.com/users/danielkerr/followers"}, "event": "closed", "issue": {"labels": [], "number": 2624, "assignee": null, "repository_url": "https://api.github.com/repos/opencart/opencart", "closed_at": "2016-04-21T15:27:34Z", "id": 55853981, "title": "admin alerts: fix wrong Reviews count; hide red count if no alerts", "pull_request": {"url": "https://api.github.com/repos/opencart/opencart/pulls/2624", "diff_url": "https://github.com/opencart/opencart/pull/2624.diff", "html_url": "https://github.com/opencart/opencart/pull/2624", "patch_url": "https://github.com/opencart/opencart/pull/2624.patch"}, "comments": 0, "state": "closed", "body": "", "labels_url": "https://api.github.com/repos/opencart/opencart/issues/2624/labels{/name}", "events_url": "https://api.github.com/repos/opencart/opencart/issues/2624/events", "comments_url": "https://api.github.com/repos/opencart/opencart/issues/2624/comments", "html_url": "https://github.com/opencart/opencart/pull/2624", "updated_at": "2016-04-21T15:27:37Z", "user": {"following_url": "https://api.github.com/users/rb2/following{/other_user}", "events_url": "https://api.github.com/users/rb2/events{/privacy}", "organizations_url": "https://api.github.com/users/rb2/orgs", "url": "https://api.github.com/users/rb2", "gists_url": "https://api.github.com/users/rb2/gists{/gist_id}", "html_url": "https://github.com/rb2", "subscriptions_url": "https://api.github.com/users/rb2/subscriptions", "avatar_url": "https://avatars.githubusercontent.com/u/1010121?v=3", "repos_url": "https://api.github.com/users/rb2/repos", "received_events_url": "https://api.github.com/users/rb2/received_events", "gravatar_id": "", "starred_url": "https://api.github.com/users/rb2/starred{/owner}{/repo}", "site_admin": false, "login": "rb2", "type": "User", "id": 1010121, "followers_url": "https://api.github.com/users/rb2/followers"}, "milestone": null, "locked": false, "url": "https://api.github.com/repos/opencart/opencart/issues/2624", "created_at": "2015-01-29T04:12:41Z", "assignees": []}, "id": 636344964}, {"commit_id": "ef2c5403d4cb1f7f9a70de2fd949adef02b8ce3b", "commit_url": "https://api.github.com/repos/opencart/opencart/commits/ef2c5403d4cb1f7f9a70de2fd949adef02b8ce3b", "url": "https://api.github.com/repos/opencart/opencart/issues/events/636344962", "created_at": "2016-04-21T15:27:33Z", "actor": {"following_url": "https://api.github.com/users/danielkerr/following{/other_user}", "events_url": "https://api.github.com/users/danielkerr/events{/privacy}", "organizations_url": "https://api.github.com/users/danielkerr/orgs", "url": "https://api.github.com/users/danielkerr", "gists_url": "https://api.github.com/users/danielkerr/gists{/gist_id}", "html_url": "https://github.com/danielkerr", "subscriptions_url": "https://api.github.com/users/danielkerr/subscriptions", "avatar_url": "https://avatars.githubusercontent.com/u/5079756?v=3", "repos_url": "https://api.github.com/users/danielkerr/repos", "received_events_url": "https://api.github.com/users/danielkerr/received_events", "gravatar_id": "", "starred_url": "https://api.github.com/users/danielkerr/starred{/owner}{/repo}", "site_admin": false, "login": "danielkerr", "type": "User", "id": 5079756, "followers_url": "https://api.github.com/users/danielkerr/followers"}, "event": "merged", "issue": {"labels": [], "number": 2624, "assignee": null, "repository_url": "https://api.github.com/repos/opencart/opencart", "closed_at": "2016-04-21T15:27:34Z", "id": 55853981, "title": "admin alerts: fix wrong Reviews count; hide red count if no alerts", "pull_request": {"url": "https://api.github.com/repos/opencart/opencart/pulls/2624", "diff_url": "https://github.com/opencart/opencart/pull/2624.diff", "html_url": "https://github.com/opencart/opencart/pull/2624", "patch_url": "https://github.com/opencart/opencart/pull/2624.patch"}, "comments": 0, "state": "closed", "body": "", "labels_url": "https://api.github.com/repos/opencart/opencart/issues/2624/labels{/name}", "events_url": "https://api.github.com/repos/opencart/opencart/issues/2624/events", "comments_url": "https://api.github.com/repos/opencart/opencart/issues/2624/comments", "html_url": "https://github.com/opencart/opencart/pull/2624", "updated_at": "2016-04-21T15:27:37Z", "user": {"following_url": "https://api.github.com/users/rb2/following{/other_user}", "events_url": "https://api.github.com/users/rb2/events{/privacy}", "organizations_url": "https://api.github.com/users/rb2/orgs", "url": "https://api.github.com/users/rb2", "gists_url": "https://api.github.com/users/rb2/gists{/gist_id}", "html_url": "https://github.com/rb2", "subscriptions_url": "https://api.github.com/users/rb2/subscriptions", "avatar_url": "https://avatars.githubusercontent.com/u/1010121?v=3", "repos_url": "https://api.github.com/users/rb2/repos", "received_events_url": "https://api.github.com/users/rb2/received_events", "gravatar_id": "", "starred_url": "https://api.github.com/users/rb2/starred{/owner}{/repo}", "site_admin": false, "login": "rb2", "type": "User", "id": 1010121, "followers_url": "https://api.github.com/users/rb2/followers"}, "milestone": null, "locked": false, "url": "https://api.github.com/repos/opencart/opencart/issues/2624", "created_at": "2015-01-29T04:12:41Z", "assignees": []}, "id": 636344962}, {"commit_id": "ef2c5403d4cb1f7f9a70de2fd949adef02b8ce3b", "commit_url": "https://api.github.com/repos/opencart/opencart/commits/ef2c5403d4cb1f7f9a70de2fd949adef02b8ce3b", "url": "https://api.github.com/repos/opencart/opencart/issues/events/636344961", "created_at": "2016-04-21T15:27:33Z", "actor": {"following_url": "https://api.github.com/users/danielkerr/following{/other_user}", "events_url": "https://api.github.com/users/danielkerr/events{/privacy}", "organizations_url": "https://api.github.com/users/danielkerr/orgs", "url": "https://api.github.com/users/danielkerr", "gists_url": "https://api.github.com/users/danielkerr/gists{/gist_id}", "html_url": "https://github.com/danielkerr", "subscriptions_url": "https://api.github.com/users/danielkerr/subscriptions", "avatar_url": "https://avatars.githubusercontent.com/u/5079756?v=3", "repos_url": "https://api.github.com/users/danielkerr/repos", "received_events_url": "https://api.github.com/users/danielkerr/received_events", "gravatar_id": "", "starred_url": "https://api.github.com/users/danielkerr/starred{/owner}{/repo}", "site_admin": false, "login": "danielkerr", "type": "User", "id": 5079756, "followers_url": "https://api.github.com/users/danielkerr/followers"}, "event": "referenced", "issue": {"labels": [], "number": 2624, "assignee": null, "repository_url": "https://api.github.com/repos/opencart/opencart", "closed_at": "2016-04-21T15:27:34Z", "id": 55853981, "title": "admin alerts: fix wrong Reviews count; hide red count if no alerts", "pull_request": {"url": "https://api.github.com/repos/opencart/opencart/pulls/2624", "diff_url": "https://github.com/opencart/opencart/pull/2624.diff", "html_url": "https://github.com/opencart/opencart/pull/2624", "patch_url": "https://github.com/opencart/opencart/pull/2624.patch"}, "comments": 0, "state": "closed", "body": "", "labels_url": "https://api.github.com/repos/opencart/opencart/issues/2624/labels{/name}", "events_url": "https://api.github.com/repos/opencart/opencart/issues/2624/events", "comments_url": "https://api.github.com/repos/opencart/opencart/issues/2624/comments", "html_url": "https://github.com/opencart/opencart/pull/2624", "updated_at": "2016-04-21T15:27:37Z", "user": {"following_url": "https://api.github.com/users/rb2/following{/other_user}", "events_url": "https://api.github.com/users/rb2/events{/privacy}", "organizations_url": "https://api.github.com/users/rb2/orgs", "url": "https://api.github.com/users/rb2", "gists_url": "https://api.github.com/users/rb2/gists{/gist_id}", "html_url": "https://github.com/rb2", "subscriptions_url": "https://api.github.com/users/rb2/subscriptions", "avatar_url": "https://avatars.githubusercontent.com/u/1010121?v=3", "repos_url": "https://api.github.com/users/rb2/repos", "received_events_url": "https://api.github.com/users/rb2/received_events", "gravatar_id": "", "starred_url": "https://api.github.com/users/rb2/starred{/owner}{/repo}", "site_admin": false, "login": "rb2", "type": "User", "id": 1010121, "followers_url": "https://api.github.com/users/rb2/followers"}, "milestone": null, "locked": false, "url": "https://api.github.com/repos/opencart/opencart/issues/2624", "created_at": "2015-01-29T04:12:41Z", "assignees": []}, "id": 636344961}, {"commit_id": null, "commit_url": null, "url": "https://api.github.com/repos/opencart/opencart/issues/events/636319134", "created_at": "2016-04-21T15:11:58Z", "actor": {"following_url": "https://api.github.com/users/systeminflow/following{/other_user}", "events_url": "https://api.github.com/users/systeminflow/events{/privacy}", "organizations_url": "https://api.github.com/users/systeminflow/orgs", "url": "https://api.github.com/users/systeminflow", "gists_url": "https://api.github.com/users/systeminflow/gists{/gist_id}", "html_url": "https://github.com/systeminflow", "subscriptions_url": "https://api.github.com/users/systeminflow/subscriptions", "avatar_url": "https://avatars.githubusercontent.com/u/18514377?v=3", "repos_url": "https://api.github.com/users/systeminflow/repos", "received_events_url": "https://api.github.com/users/systeminflow/received_events", "gravatar_id": "", "starred_url": "https://api.github.com/users/systeminflow/starred{/owner}{/repo}", "site_admin": false, "login": "systeminflow", "type": "User", "id": 18514377, "followers_url": "https://api.github.com/users/systeminflow/followers"}, "event": "subscribed", "issue": {"body": "I cleaned installed OC2.2.0.0\n\nEverything seems fine but when I click on Customer in the admin panel under Customer - **Page isnt working** comes up with the error http error 500.\n\nPlease help\n\nDeepak\n", "labels": [], "locked": false, "title": "Page isnt working HTTP ERROR 500", "url": "https://api.github.com/repos/opencart/opencart/issues/4259", "labels_url": "https://api.github.com/repos/opencart/opencart/issues/4259/labels{/name}", "created_at": "2016-04-17T13:47:06Z", "events_url": "https://api.github.com/repos/opencart/opencart/issues/4259/events", "comments_url": "https://api.github.com/repos/opencart/opencart/issues/4259/comments", "html_url": "https://github.com/opencart/opencart/issues/4259", "comments": 5, "number": 4259, "updated_at": "2016-04-24T16:16:54Z", "assignee": null, "state": "closed", "user": {"following_url": "https://api.github.com/users/systeminflow/following{/other_user}", "events_url": "https://api.github.com/users/systeminflow/events{/privacy}", "organizations_url": "https://api.github.com/users/systeminflow/orgs", "url": "https://api.github.com/users/systeminflow", "gists_url": "https://api.github.com/users/systeminflow/gists{/gist_id}", "html_url": "https://github.com/systeminflow", "subscriptions_url": "https://api.github.com/users/systeminflow/subscriptions", "avatar_url": "https://avatars.githubusercontent.com/u/18514377?v=3", "repos_url": "https://api.github.com/users/systeminflow/repos", "received_events_url": "https://api.github.com/users/systeminflow/received_events", "gravatar_id": "", "starred_url": "https://api.github.com/users/systeminflow/starred{/owner}{/repo}", "site_admin": false, "login": "systeminflow", "type": "User", "id": 18514377, "followers_url": "https://api.github.com/users/systeminflow/followers"}, "milestone": null, "repository_url": "https://api.github.com/repos/opencart/opencart", "closed_at": "2016-04-17T14:11:18Z", "assignees": [], "id": 148952737}, "id": 636319134}, {"commit_id": null, "commit_url": null, "url": "https://api.github.com/repos/opencart/opencart/issues/events/636319133", "created_at": "2016-04-21T15:11:58Z", "actor": {"following_url": "https://api.github.com/users/systeminflow/following{/other_user}", "events_url": "https://api.github.com/users/systeminflow/events{/privacy}", "organizations_url": "https://api.github.com/users/systeminflow/orgs", "url": "https://api.github.com/users/systeminflow", "gists_url": "https://api.github.com/users/systeminflow/gists{/gist_id}", "html_url": "https://github.com/systeminflow", "subscriptions_url": "https://api.github.com/users/systeminflow/subscriptions", "avatar_url": "https://avatars.githubusercontent.com/u/18514377?v=3", "repos_url": "https://api.github.com/users/systeminflow/repos", "received_events_url": "https://api.github.com/users/systeminflow/received_events", "gravatar_id": "", "starred_url": "https://api.github.com/users/systeminflow/starred{/owner}{/repo}", "site_admin": false, "login": "systeminflow", "type": "User", "id": 18514377, "followers_url": "https://api.github.com/users/systeminflow/followers"}, "event": "mentioned", "issue": {"body": "I cleaned installed OC2.2.0.0\n\nEverything seems fine but when I click on Customer in the admin panel under Customer - **Page isnt working** comes up with the error http error 500.\n\nPlease help\n\nDeepak\n", "labels": [], "locked": false, "title": "Page isnt working HTTP ERROR 500", "url": "https://api.github.com/repos/opencart/opencart/issues/4259", "labels_url": "https://api.github.com/repos/opencart/opencart/issues/4259/labels{/name}", "created_at": "2016-04-17T13:47:06Z", "events_url": "https://api.github.com/repos/opencart/opencart/issues/4259/events", "comments_url": "https://api.github.com/repos/opencart/opencart/issues/4259/comments", "html_url": "https://github.com/opencart/opencart/issues/4259", "comments": 5, "number": 4259, "updated_at": "2016-04-24T16:16:54Z", "assignee": null, "state": "closed", "user": {"following_url": "https://api.github.com/users/systeminflow/following{/other_user}", "events_url": "https://api.github.com/users/systeminflow/events{/privacy}", "organizations_url": "https://api.github.com/users/systeminflow/orgs", "url": "https://api.github.com/users/systeminflow", "gists_url": "https://api.github.com/users/systeminflow/gists{/gist_id}", "html_url": "https://github.com/systeminflow", "subscriptions_url": "https://api.github.com/users/systeminflow/subscriptions", "avatar_url": "https://avatars.githubusercontent.com/u/18514377?v=3", "repos_url": "https://api.github.com/users/systeminflow/repos", "received_events_url": "https://api.github.com/users/systeminflow/received_events", "gravatar_id": "", "starred_url": "https://api.github.com/users/systeminflow/starred{/owner}{/repo}", "site_admin": false, "login": "systeminflow", "type": "User", "id": 18514377, "followers_url": "https://api.github.com/users/systeminflow/followers"}, "milestone": null, "repository_url": "https://api.github.com/repos/opencart/opencart", "closed_at": "2016-04-17T14:11:18Z", "assignees": [], "id": 148952737}, "id": 636319133}, {"commit_id": null, "commit_url": null, "url": "https://api.github.com/repos/opencart/opencart/issues/events/636316492", "created_at": "2016-04-21T15:10:19Z", "actor": {"following_url": "https://api.github.com/users/danielkerr/following{/other_user}", "events_url": "https://api.github.com/users/danielkerr/events{/privacy}", "organizations_url": "https://api.github.com/users/danielkerr/orgs", "url": "https://api.github.com/users/danielkerr", "gists_url": "https://api.github.com/users/danielkerr/gists{/gist_id}", "html_url": "https://github.com/danielkerr", "subscriptions_url": "https://api.github.com/users/danielkerr/subscriptions", "avatar_url": "https://avatars.githubusercontent.com/u/5079756?v=3", "repos_url": "https://api.github.com/users/danielkerr/repos", "received_events_url": "https://api.github.com/users/danielkerr/received_events", "gravatar_id": "", "starred_url": "https://api.github.com/users/danielkerr/starred{/owner}{/repo}", "site_admin": false, "login": "danielkerr", "type": "User", "id": 5079756, "followers_url": "https://api.github.com/users/danielkerr/followers"}, "event": "closed", "issue": {"labels": [], "number": 4277, "assignee": null, "repository_url": "https://api.github.com/repos/opencart/opencart", "closed_at": "2016-04-21T15:10:19Z", "id": 150020943, "title": "Fix Undefined variable: method", "pull_request": {"url": "https://api.github.com/repos/opencart/opencart/pulls/4277", "diff_url": "https://github.com/opencart/opencart/pull/4277.diff", "html_url": "https://github.com/opencart/opencart/pull/4277", "patch_url": "https://github.com/opencart/opencart/pull/4277.patch"}, "comments": 1, "state": "closed", "body": "", "labels_url": "https://api.github.com/repos/opencart/opencart/issues/4277/labels{/name}", "events_url": "https://api.github.com/repos/opencart/opencart/issues/4277/events", "comments_url": "https://api.github.com/repos/opencart/opencart/issues/4277/comments", "html_url": "https://github.com/opencart/opencart/pull/4277", "updated_at": "2016-04-21T15:10:24Z", "user": {"following_url": "https://api.github.com/users/danijelGombac/following{/other_user}", "events_url": "https://api.github.com/users/danijelGombac/events{/privacy}", "organizations_url": "https://api.github.com/users/danijelGombac/orgs", "url": "https://api.github.com/users/danijelGombac", "gists_url": "https://api.github.com/users/danijelGombac/gists{/gist_id}", "html_url": "https://github.com/danijelGombac", "subscriptions_url": "https://api.github.com/users/danijelGombac/subscriptions", "avatar_url": "https://avatars.githubusercontent.com/u/3872726?v=3", "repos_url": "https://api.github.com/users/danijelGombac/repos", "received_events_url": "https://api.github.com/users/danijelGombac/received_events", "gravatar_id": "", "starred_url": "https://api.github.com/users/danijelGombac/starred{/owner}{/repo}", "site_admin": false, "login": "danijelGombac", "type": "User", "id": 3872726, "followers_url": "https://api.github.com/users/danijelGombac/followers"}, "milestone": null, "locked": false, "url": "https://api.github.com/repos/opencart/opencart/issues/4277", "created_at": "2016-04-21T09:39:38Z", "assignees": []}, "id": 636316492}, {"commit_id": "aa3d72bcd67a6b5dfb2415294c30b9f012cc02b5", "commit_url": "https://api.github.com/repos/opencart/opencart/commits/aa3d72bcd67a6b5dfb2415294c30b9f012cc02b5", "url": "https://api.github.com/repos/opencart/opencart/issues/events/636316491", "created_at": "2016-04-21T15:10:19Z", "actor": {"following_url": "https://api.github.com/users/danielkerr/following{/other_user}", "events_url": "https://api.github.com/users/danielkerr/events{/privacy}", "organizations_url": "https://api.github.com/users/danielkerr/orgs", "url": "https://api.github.com/users/danielkerr", "gists_url": "https://api.github.com/users/danielkerr/gists{/gist_id}", "html_url": "https://github.com/danielkerr", "subscriptions_url": "https://api.github.com/users/danielkerr/subscriptions", "avatar_url": "https://avatars.githubusercontent.com/u/5079756?v=3", "repos_url": "https://api.github.com/users/danielkerr/repos", "received_events_url": "https://api.github.com/users/danielkerr/received_events", "gravatar_id": "", "starred_url": "https://api.github.com/users/danielkerr/starred{/owner}{/repo}", "site_admin": false, "login": "danielkerr", "type": "User", "id": 5079756, "followers_url": "https://api.github.com/users/danielkerr/followers"}, "event": "merged", "issue": {"labels": [], "number": 4277, "assignee": null, "repository_url": "https://api.github.com/repos/opencart/opencart", "closed_at": "2016-04-21T15:10:19Z", "id": 150020943, "title": "Fix Undefined variable: method", "pull_request": {"url": "https://api.github.com/repos/opencart/opencart/pulls/4277", "diff_url": "https://github.com/opencart/opencart/pull/4277.diff", "html_url": "https://github.com/opencart/opencart/pull/4277", "patch_url": "https://github.com/opencart/opencart/pull/4277.patch"}, "comments": 1, "state": "closed", "body": "", "labels_url": "https://api.github.com/repos/opencart/opencart/issues/4277/labels{/name}", "events_url": "https://api.github.com/repos/opencart/opencart/issues/4277/events", "comments_url": "https://api.github.com/repos/opencart/opencart/issues/4277/comments", "html_url": "https://github.com/opencart/opencart/pull/4277", "updated_at": "2016-04-21T15:10:24Z", "user": {"following_url": "https://api.github.com/users/danijelGombac/following{/other_user}", "events_url": "https://api.github.com/users/danijelGombac/events{/privacy}", "organizations_url": "https://api.github.com/users/danijelGombac/orgs", "url": "https://api.github.com/users/danijelGombac", "gists_url": "https://api.github.com/users/danijelGombac/gists{/gist_id}", "html_url": "https://github.com/danijelGombac", "subscriptions_url": "https://api.github.com/users/danijelGombac/subscriptions", "avatar_url": "https://avatars.githubusercontent.com/u/3872726?v=3", "repos_url": "https://api.github.com/users/danijelGombac/repos", "received_events_url": "https://api.github.com/users/danijelGombac/received_events", "gravatar_id": "", "starred_url": "https://api.github.com/users/danijelGombac/starred{/owner}{/repo}", "site_admin": false, "login": "danijelGombac", "type": "User", "id": 3872726, "followers_url": "https://api.github.com/users/danijelGombac/followers"}, "milestone": null, "locked": false, "url": "https://api.github.com/repos/opencart/opencart/issues/4277", "created_at": "2016-04-21T09:39:38Z", "assignees": []}, "id": 636316491}, {"commit_id": "aa3d72bcd67a6b5dfb2415294c30b9f012cc02b5", "commit_url": "https://api.github.com/repos/opencart/opencart/commits/aa3d72bcd67a6b5dfb2415294c30b9f012cc02b5", "url": "https://api.github.com/repos/opencart/opencart/issues/events/636316489", "created_at": "2016-04-21T15:10:19Z", "actor": {"following_url": "https://api.github.com/users/danielkerr/following{/other_user}", "events_url": "https://api.github.com/users/danielkerr/events{/privacy}", "organizations_url": "https://api.github.com/users/danielkerr/orgs", "url": "https://api.github.com/users/danielkerr", "gists_url": "https://api.github.com/users/danielkerr/gists{/gist_id}", "html_url": "https://github.com/danielkerr", "subscriptions_url": "https://api.github.com/users/danielkerr/subscriptions", "avatar_url": "https://avatars.githubusercontent.com/u/5079756?v=3", "repos_url": "https://api.github.com/users/danielkerr/repos", "received_events_url": "https://api.github.com/users/danielkerr/received_events", "gravatar_id": "", "starred_url": "https://api.github.com/users/danielkerr/starred{/owner}{/repo}", "site_admin": false, "login": "danielkerr", "type": "User", "id": 5079756, "followers_url": "https://api.github.com/users/danielkerr/followers"}, "event": "referenced", "issue": {"labels": [], "number": 4277, "assignee": null, "repository_url": "https://api.github.com/repos/opencart/opencart", "closed_at": "2016-04-21T15:10:19Z", "id": 150020943, "title": "Fix Undefined variable: method", "pull_request": {"url": "https://api.github.com/repos/opencart/opencart/pulls/4277", "diff_url": "https://github.com/opencart/opencart/pull/4277.diff", "html_url": "https://github.com/opencart/opencart/pull/4277", "patch_url": "https://github.com/opencart/opencart/pull/4277.patch"}, "comments": 1, "state": "closed", "body": "", "labels_url": "https://api.github.com/repos/opencart/opencart/issues/4277/labels{/name}", "events_url": "https://api.github.com/repos/opencart/opencart/issues/4277/events", "comments_url": "https://api.github.com/repos/opencart/opencart/issues/4277/comments", "html_url": "https://github.com/opencart/opencart/pull/4277", "updated_at": "2016-04-21T15:10:24Z", "user": {"following_url": "https://api.github.com/users/danijelGombac/following{/other_user}", "events_url": "https://api.github.com/users/danijelGombac/events{/privacy}", "organizations_url": "https://api.github.com/users/danijelGombac/orgs", "url": "https://api.github.com/users/danijelGombac", "gists_url": "https://api.github.com/users/danijelGombac/gists{/gist_id}", "html_url": "https://github.com/danijelGombac", "subscriptions_url": "https://api.github.com/users/danijelGombac/subscriptions", "avatar_url": "https://avatars.githubusercontent.com/u/3872726?v=3", "repos_url": "https://api.github.com/users/danijelGombac/repos", "received_events_url": "https://api.github.com/users/danijelGombac/received_events", "gravatar_id": "", "starred_url": "https://api.github.com/users/danijelGombac/starred{/owner}{/repo}", "site_admin": false, "login": "danijelGombac", "type": "User", "id": 3872726, "followers_url": "https://api.github.com/users/danijelGombac/followers"}, "milestone": null, "locked": false, "url": "https://api.github.com/repos/opencart/opencart/issues/4277", "created_at": "2016-04-21T09:39:38Z", "assignees": []}, "id": 636316489}, {"commit_id": null, "commit_url": null, "url": "https://api.github.com/repos/opencart/opencart/issues/events/636315017", "created_at": "2016-04-21T15:09:17Z", "actor": {"following_url": "https://api.github.com/users/danielkerr/following{/other_user}", "events_url": "https://api.github.com/users/danielkerr/events{/privacy}", "organizations_url": "https://api.github.com/users/danielkerr/orgs", "url": "https://api.github.com/users/danielkerr", "gists_url": "https://api.github.com/users/danielkerr/gists{/gist_id}", "html_url": "https://github.com/danielkerr", "subscriptions_url": "https://api.github.com/users/danielkerr/subscriptions", "avatar_url": "https://avatars.githubusercontent.com/u/5079756?v=3", "repos_url": "https://api.github.com/users/danielkerr/repos", "received_events_url": "https://api.github.com/users/danielkerr/received_events", "gravatar_id": "", "starred_url": "https://api.github.com/users/danielkerr/starred{/owner}{/repo}", "site_admin": false, "login": "danielkerr", "type": "User", "id": 5079756, "followers_url": "https://api.github.com/users/danielkerr/followers"}, "event": "closed", "issue": {"labels": [], "number": 4278, "assignee": null, "repository_url": "https://api.github.com/repos/opencart/opencart", "closed_at": "2016-04-21T15:09:17Z", "id": 150024745, "title": "Update translation_form.tpl", "pull_request": {"url": "https://api.github.com/repos/opencart/opencart/pulls/4278", "diff_url": "https://github.com/opencart/opencart/pull/4278.diff", "html_url": "https://github.com/opencart/opencart/pull/4278", "patch_url": "https://github.com/opencart/opencart/pull/4278.patch"}, "comments": 0, "state": "closed", "body": "", "labels_url": "https://api.github.com/repos/opencart/opencart/issues/4278/labels{/name}", "events_url": "https://api.github.com/repos/opencart/opencart/issues/4278/events", "comments_url": "https://api.github.com/repos/opencart/opencart/issues/4278/comments", "html_url": "https://github.com/opencart/opencart/pull/4278", "updated_at": "2016-04-21T15:09:21Z", "user": {"following_url": "https://api.github.com/users/danijelGombac/following{/other_user}", "events_url": "https://api.github.com/users/danijelGombac/events{/privacy}", "organizations_url": "https://api.github.com/users/danijelGombac/orgs", "url": "https://api.github.com/users/danijelGombac", "gists_url": "https://api.github.com/users/danijelGombac/gists{/gist_id}", "html_url": "https://github.com/danijelGombac", "subscriptions_url": "https://api.github.com/users/danijelGombac/subscriptions", "avatar_url": "https://avatars.githubusercontent.com/u/3872726?v=3", "repos_url": "https://api.github.com/users/danijelGombac/repos", "received_events_url": "https://api.github.com/users/danijelGombac/received_events", "gravatar_id": "", "starred_url": "https://api.github.com/users/danijelGombac/starred{/owner}{/repo}", "site_admin": false, "login": "danijelGombac", "type": "User", "id": 3872726, "followers_url": "https://api.github.com/users/danijelGombac/followers"}, "milestone": null, "locked": false, "url": "https://api.github.com/repos/opencart/opencart/issues/4278", "created_at": "2016-04-21T09:53:36Z", "assignees": []}, "id": 636315017}, {"commit_id": "08d63376462ce8e4d0be8860fd02fb1a18e2ace6", "commit_url": "https://api.github.com/repos/opencart/opencart/commits/08d63376462ce8e4d0be8860fd02fb1a18e2ace6", "url": "https://api.github.com/repos/opencart/opencart/issues/events/636315016", "created_at": "2016-04-21T15:09:17Z", "actor": {"following_url": "https://api.github.com/users/danielkerr/following{/other_user}", "events_url": "https://api.github.com/users/danielkerr/events{/privacy}", "organizations_url": "https://api.github.com/users/danielkerr/orgs", "url": "https://api.github.com/users/danielkerr", "gists_url": "https://api.github.com/users/danielkerr/gists{/gist_id}", "html_url": "https://github.com/danielkerr", "subscriptions_url": "https://api.github.com/users/danielkerr/subscriptions", "avatar_url": "https://avatars.githubusercontent.com/u/5079756?v=3", "repos_url": "https://api.github.com/users/danielkerr/repos", "received_events_url": "https://api.github.com/users/danielkerr/received_events", "gravatar_id": "", "starred_url": "https://api.github.com/users/danielkerr/starred{/owner}{/repo}", "site_admin": false, "login": "danielkerr", "type": "User", "id": 5079756, "followers_url": "https://api.github.com/users/danielkerr/followers"}, "event": "merged", "issue": {"labels": [], "number": 4278, "assignee": null, "repository_url": "https://api.github.com/repos/opencart/opencart", "closed_at": "2016-04-21T15:09:17Z", "id": 150024745, "title": "Update translation_form.tpl", "pull_request": {"url": "https://api.github.com/repos/opencart/opencart/pulls/4278", "diff_url": "https://github.com/opencart/opencart/pull/4278.diff", "html_url": "https://github.com/opencart/opencart/pull/4278", "patch_url": "https://github.com/opencart/opencart/pull/4278.patch"}, "comments": 0, "state": "closed", "body": "", "labels_url": "https://api.github.com/repos/opencart/opencart/issues/4278/labels{/name}", "events_url": "https://api.github.com/repos/opencart/opencart/issues/4278/events", "comments_url": "https://api.github.com/repos/opencart/opencart/issues/4278/comments", "html_url": "https://github.com/opencart/opencart/pull/4278", "updated_at": "2016-04-21T15:09:21Z", "user": {"following_url": "https://api.github.com/users/danijelGombac/following{/other_user}", "events_url": "https://api.github.com/users/danijelGombac/events{/privacy}", "organizations_url": "https://api.github.com/users/danijelGombac/orgs", "url": "https://api.github.com/users/danijelGombac", "gists_url": "https://api.github.com/users/danijelGombac/gists{/gist_id}", "html_url": "https://github.com/danijelGombac", "subscriptions_url": "https://api.github.com/users/danijelGombac/subscriptions", "avatar_url": "https://avatars.githubusercontent.com/u/3872726?v=3", "repos_url": "https://api.github.com/users/danijelGombac/repos", "received_events_url": "https://api.github.com/users/danijelGombac/received_events", "gravatar_id": "", "starred_url": "https://api.github.com/users/danijelGombac/starred{/owner}{/repo}", "site_admin": false, "login": "danijelGombac", "type": "User", "id": 3872726, "followers_url": "https://api.github.com/users/danijelGombac/followers"}, "milestone": null, "locked": false, "url": "https://api.github.com/repos/opencart/opencart/issues/4278", "created_at": "2016-04-21T09:53:36Z", "assignees": []}, "id": 636315016}, {"commit_id": "08d63376462ce8e4d0be8860fd02fb1a18e2ace6", "commit_url": "https://api.github.com/repos/opencart/opencart/commits/08d63376462ce8e4d0be8860fd02fb1a18e2ace6", "url": "https://api.github.com/repos/opencart/opencart/issues/events/636315015", "created_at": "2016-04-21T15:09:17Z", "actor": {"following_url": "https://api.github.com/users/danielkerr/following{/other_user}", "events_url": "https://api.github.com/users/danielkerr/events{/privacy}", "organizations_url": "https://api.github.com/users/danielkerr/orgs", "url": "https://api.github.com/users/danielkerr", "gists_url": "https://api.github.com/users/danielkerr/gists{/gist_id}", "html_url": "https://github.com/danielkerr", "subscriptions_url": "https://api.github.com/users/danielkerr/subscriptions", "avatar_url": "https://avatars.githubusercontent.com/u/5079756?v=3", "repos_url": "https://api.github.com/users/danielkerr/repos", "received_events_url": "https://api.github.com/users/danielkerr/received_events", "gravatar_id": "", "starred_url": "https://api.github.com/users/danielkerr/starred{/owner}{/repo}", "site_admin": false, "login": "danielkerr", "type": "User", "id": 5079756, "followers_url": "https://api.github.com/users/danielkerr/followers"}, "event": "referenced", "issue": {"labels": [], "number": 4278, "assignee": null, "repository_url": "https://api.github.com/repos/opencart/opencart", "closed_at": "2016-04-21T15:09:17Z", "id": 150024745, "title": "Update translation_form.tpl", "pull_request": {"url": "https://api.github.com/repos/opencart/opencart/pulls/4278", "diff_url": "https://github.com/opencart/opencart/pull/4278.diff", "html_url": "https://github.com/opencart/opencart/pull/4278", "patch_url": "https://github.com/opencart/opencart/pull/4278.patch"}, "comments": 0, "state": "closed", "body": "", "labels_url": "https://api.github.com/repos/opencart/opencart/issues/4278/labels{/name}", "events_url": "https://api.github.com/repos/opencart/opencart/issues/4278/events", "comments_url": "https://api.github.com/repos/opencart/opencart/issues/4278/comments", "html_url": "https://github.com/opencart/opencart/pull/4278", "updated_at": "2016-04-21T15:09:21Z", "user": {"following_url": "https://api.github.com/users/danijelGombac/following{/other_user}", "events_url": "https://api.github.com/users/danijelGombac/events{/privacy}", "organizations_url": "https://api.github.com/users/danijelGombac/orgs", "url": "https://api.github.com/users/danijelGombac", "gists_url": "https://api.github.com/users/danijelGombac/gists{/gist_id}", "html_url": "https://github.com/danijelGombac", "subscriptions_url": "https://api.github.com/users/danijelGombac/subscriptions", "avatar_url": "https://avatars.githubusercontent.com/u/3872726?v=3", "repos_url": "https://api.github.com/users/danijelGombac/repos", "received_events_url": "https://api.github.com/users/danijelGombac/received_events", "gravatar_id": "", "starred_url": "https://api.github.com/users/danijelGombac/starred{/owner}{/repo}", "site_admin": false, "login": "danijelGombac", "type": "User", "id": 3872726, "followers_url": "https://api.github.com/users/danijelGombac/followers"}, "milestone": null, "locked": false, "url": "https://api.github.com/repos/opencart/opencart/issues/4278", "created_at": "2016-04-21T09:53:36Z", "assignees": []}, "id": 636315015}, {"commit_id": null, "commit_url": null, "url": "https://api.github.com/repos/opencart/opencart/issues/events/636306010", "created_at": "2016-04-21T15:03:41Z", "actor": {"following_url": "https://api.github.com/users/systeminflow/following{/other_user}", "events_url": "https://api.github.com/users/systeminflow/events{/privacy}", "organizations_url": "https://api.github.com/users/systeminflow/orgs", "url": "https://api.github.com/users/systeminflow", "gists_url": "https://api.github.com/users/systeminflow/gists{/gist_id}", "html_url": "https://github.com/systeminflow", "subscriptions_url": "https://api.github.com/users/systeminflow/subscriptions", "avatar_url": "https://avatars.githubusercontent.com/u/18514377?v=3", "repos_url": "https://api.github.com/users/systeminflow/repos", "received_events_url": "https://api.github.com/users/systeminflow/received_events", "gravatar_id": "", "starred_url": "https://api.github.com/users/systeminflow/starred{/owner}{/repo}", "site_admin": false, "login": "systeminflow", "type": "User", "id": 18514377, "followers_url": "https://api.github.com/users/systeminflow/followers"}, "event": "subscribed", "issue": {"body": "I cleaned installed OC2.2.0.0\n\nEverything seems fine but when I click on Customer in the admin panel under Customer - **Page isnt working** comes up with the error http error 500.\n\nPlease help\n\nDeepak\n", "labels": [], "locked": false, "title": "Page isnt working HTTP ERROR 500", "url": "https://api.github.com/repos/opencart/opencart/issues/4259", "labels_url": "https://api.github.com/repos/opencart/opencart/issues/4259/labels{/name}", "created_at": "2016-04-17T13:47:06Z", "events_url": "https://api.github.com/repos/opencart/opencart/issues/4259/events", "comments_url": "https://api.github.com/repos/opencart/opencart/issues/4259/comments", "html_url": "https://github.com/opencart/opencart/issues/4259", "comments": 5, "number": 4259, "updated_at": "2016-04-24T16:16:54Z", "assignee": null, "state": "closed", "user": {"following_url": "https://api.github.com/users/systeminflow/following{/other_user}", "events_url": "https://api.github.com/users/systeminflow/events{/privacy}", "organizations_url": "https://api.github.com/users/systeminflow/orgs", "url": "https://api.github.com/users/systeminflow", "gists_url": "https://api.github.com/users/systeminflow/gists{/gist_id}", "html_url": "https://github.com/systeminflow", "subscriptions_url": "https://api.github.com/users/systeminflow/subscriptions", "avatar_url": "https://avatars.githubusercontent.com/u/18514377?v=3", "repos_url": "https://api.github.com/users/systeminflow/repos", "received_events_url": "https://api.github.com/users/systeminflow/received_events", "gravatar_id": "", "starred_url": "https://api.github.com/users/systeminflow/starred{/owner}{/repo}", "site_admin": false, "login": "systeminflow", "type": "User", "id": 18514377, "followers_url": "https://api.github.com/users/systeminflow/followers"}, "milestone": null, "repository_url": "https://api.github.com/repos/opencart/opencart", "closed_at": "2016-04-17T14:11:18Z", "assignees": [], "id": 148952737}, "id": 636306010}, {"commit_id": null, "commit_url": null, "url": "https://api.github.com/repos/opencart/opencart/issues/events/636306009", "created_at": "2016-04-21T15:03:41Z", "actor": {"following_url": "https://api.github.com/users/systeminflow/following{/other_user}", "events_url": "https://api.github.com/users/systeminflow/events{/privacy}", "organizations_url": "https://api.github.com/users/systeminflow/orgs", "url": "https://api.github.com/users/systeminflow", "gists_url": "https://api.github.com/users/systeminflow/gists{/gist_id}", "html_url": "https://github.com/systeminflow", "subscriptions_url": "https://api.github.com/users/systeminflow/subscriptions", "avatar_url": "https://avatars.githubusercontent.com/u/18514377?v=3", "repos_url": "https://api.github.com/users/systeminflow/repos", "received_events_url": "https://api.github.com/users/systeminflow/received_events", "gravatar_id": "", "starred_url": "https://api.github.com/users/systeminflow/starred{/owner}{/repo}", "site_admin": false, "login": "systeminflow", "type": "User", "id": 18514377, "followers_url": "https://api.github.com/users/systeminflow/followers"}, "event": "mentioned", "issue": {"body": "I cleaned installed OC2.2.0.0\n\nEverything seems fine but when I click on Customer in the admin panel under Customer - **Page isnt working** comes up with the error http error 500.\n\nPlease help\n\nDeepak\n", "labels": [], "locked": false, "title": "Page isnt working HTTP ERROR 500", "url": "https://api.github.com/repos/opencart/opencart/issues/4259", "labels_url": "https://api.github.com/repos/opencart/opencart/issues/4259/labels{/name}", "created_at": "2016-04-17T13:47:06Z", "events_url": "https://api.github.com/repos/opencart/opencart/issues/4259/events", "comments_url": "https://api.github.com/repos/opencart/opencart/issues/4259/comments", "html_url": "https://github.com/opencart/opencart/issues/4259", "comments": 5, "number": 4259, "updated_at": "2016-04-24T16:16:54Z", "assignee": null, "state": "closed", "user": {"following_url": "https://api.github.com/users/systeminflow/following{/other_user}", "events_url": "https://api.github.com/users/systeminflow/events{/privacy}", "organizations_url": "https://api.github.com/users/systeminflow/orgs", "url": "https://api.github.com/users/systeminflow", "gists_url": "https://api.github.com/users/systeminflow/gists{/gist_id}", "html_url": "https://github.com/systeminflow", "subscriptions_url": "https://api.github.com/users/systeminflow/subscriptions", "avatar_url": "https://avatars.githubusercontent.com/u/18514377?v=3", "repos_url": "https://api.github.com/users/systeminflow/repos", "received_events_url": "https://api.github.com/users/systeminflow/received_events", "gravatar_id": "", "starred_url": "https://api.github.com/users/systeminflow/starred{/owner}{/repo}", "site_admin": false, "login": "systeminflow", "type": "User", "id": 18514377, "followers_url": "https://api.github.com/users/systeminflow/followers"}, "milestone": null, "repository_url": "https://api.github.com/repos/opencart/opencart", "closed_at": "2016-04-17T14:11:18Z", "assignees": [], "id": 148952737}, "id": 636306009}, {"commit_id": null, "commit_url": null, "url": "https://api.github.com/repos/opencart/opencart/issues/events/635881537", "created_at": "2016-04-21T09:34:26Z", "actor": {"following_url": "https://api.github.com/users/danielkerr/following{/other_user}", "events_url": "https://api.github.com/users/danielkerr/events{/privacy}", "organizations_url": "https://api.github.com/users/danielkerr/orgs", "url": "https://api.github.com/users/danielkerr", "gists_url": "https://api.github.com/users/danielkerr/gists{/gist_id}", "html_url": "https://github.com/danielkerr", "subscriptions_url": "https://api.github.com/users/danielkerr/subscriptions", "avatar_url": "https://avatars.githubusercontent.com/u/5079756?v=3", "repos_url": "https://api.github.com/users/danielkerr/repos", "received_events_url": "https://api.github.com/users/danielkerr/received_events", "gravatar_id": "", "starred_url": "https://api.github.com/users/danielkerr/starred{/owner}{/repo}", "site_admin": false, "login": "danielkerr", "type": "User", "id": 5079756, "followers_url": "https://api.github.com/users/danielkerr/followers"}, "event": "closed", "issue": {"body": "In my project all .png images type idenfified via getimagesize() as \"3\" but the constant IMG_PNG contains \"4\", and to the front puts value with DIR_IMAGE instead $this->config->get('config_ssl') . 'image/;\n\nCommit: https://github.com/opencart/opencart/commit/038646f38569e51008c65d4284d308a5333d3b39\n\n_upload/catalog/model/tool/image.php:_\n\n```\nlist($width_orig, $height_orig, $image_type) = getimagesize(DIR_IMAGE . $old_image);\n\nif (!in_array($image_type, array(IMG_PNG, IMG_JPEG, IMG_GIF))) { \n    return DIR_IMAGE . $old_image;\n}\n```\n\nMy PHP version is 5.5.\n\nPlease check this.\n", "labels": [], "locked": false, "title": "Please fix or revert changes by pull request \"Correct wrong variable index #3503\"!", "url": "https://api.github.com/repos/opencart/opencart/issues/4273", "labels_url": "https://api.github.com/repos/opencart/opencart/issues/4273/labels{/name}", "created_at": "2016-04-20T19:53:38Z", "events_url": "https://api.github.com/repos/opencart/opencart/issues/4273/events", "comments_url": "https://api.github.com/repos/opencart/opencart/issues/4273/comments", "html_url": "https://github.com/opencart/opencart/issues/4273", "comments": 1, "number": 4273, "updated_at": "2016-04-21T09:34:29Z", "assignee": null, "state": "closed", "user": {"following_url": "https://api.github.com/users/AlexanderKovalchuk/following{/other_user}", "events_url": "https://api.github.com/users/AlexanderKovalchuk/events{/privacy}", "organizations_url": "https://api.github.com/users/AlexanderKovalchuk/orgs", "url": "https://api.github.com/users/AlexanderKovalchuk", "gists_url": "https://api.github.com/users/AlexanderKovalchuk/gists{/gist_id}", "html_url": "https://github.com/AlexanderKovalchuk", "subscriptions_url": "https://api.github.com/users/AlexanderKovalchuk/subscriptions", "avatar_url": "https://avatars.githubusercontent.com/u/14261969?v=3", "repos_url": "https://api.github.com/users/AlexanderKovalchuk/repos", "received_events_url": "https://api.github.com/users/AlexanderKovalchuk/received_events", "gravatar_id": "", "starred_url": "https://api.github.com/users/AlexanderKovalchuk/starred{/owner}{/repo}", "site_admin": false, "login": "AlexanderKovalchuk", "type": "User", "id": 14261969, "followers_url": "https://api.github.com/users/AlexanderKovalchuk/followers"}, "milestone": null, "repository_url": "https://api.github.com/repos/opencart/opencart", "closed_at": "2016-04-21T09:34:26Z", "assignees": [], "id": 149868933}, "id": 635881537}, {"commit_id": null, "rename": {"to": "Undefined variable: text_success in step_4.tpl", "from": " Undefined variable: text_success in step_4.tpl"}, "commit_url": null, "url": "https://api.github.com/repos/opencart/opencart/issues/events/635881388", "created_at": "2016-04-21T09:34:18Z", "actor": {"following_url": "https://api.github.com/users/danielkerr/following{/other_user}", "events_url": "https://api.github.com/users/danielkerr/events{/privacy}", "organizations_url": "https://api.github.com/users/danielkerr/orgs", "url": "https://api.github.com/users/danielkerr", "gists_url": "https://api.github.com/users/danielkerr/gists{/gist_id}", "html_url": "https://github.com/danielkerr", "subscriptions_url": "https://api.github.com/users/danielkerr/subscriptions", "avatar_url": "https://avatars.githubusercontent.com/u/5079756?v=3", "repos_url": "https://api.github.com/users/danielkerr/repos", "received_events_url": "https://api.github.com/users/danielkerr/received_events", "gravatar_id": "", "starred_url": "https://api.github.com/users/danielkerr/starred{/owner}{/repo}", "site_admin": false, "login": "danielkerr", "type": "User", "id": 5079756, "followers_url": "https://api.github.com/users/danielkerr/followers"}, "event": "renamed", "issue": {"body": "Notice: Undefined variable: text_success in D:\\htdocs\\oc\\upload\\install\\view\\template\\install\\step_4.tpl on line 16\n\n`<div class=\"alert alert-success\"><?php echo $text_success; ?></div>`\n\nshould be\n\n`<div class=\"alert alert-success\"><?php echo $success; ?></div>`\n", "labels": [], "locked": false, "title": "Undefined variable: text_success in step_4.tpl", "url": "https://api.github.com/repos/opencart/opencart/issues/4263", "labels_url": "https://api.github.com/repos/opencart/opencart/issues/4263/labels{/name}", "created_at": "2016-04-18T11:23:57Z", "events_url": "https://api.github.com/repos/opencart/opencart/issues/4263/events", "comments_url": "https://api.github.com/repos/opencart/opencart/issues/4263/comments", "html_url": "https://github.com/opencart/opencart/issues/4263", "comments": 0, "number": 4263, "updated_at": "2016-04-21T09:34:19Z", "assignee": null, "state": "closed", "user": {"following_url": "https://api.github.com/users/hehb/following{/other_user}", "events_url": "https://api.github.com/users/hehb/events{/privacy}", "organizations_url": "https://api.github.com/users/hehb/orgs", "url": "https://api.github.com/users/hehb", "gists_url": "https://api.github.com/users/hehb/gists{/gist_id}", "html_url": "https://github.com/hehb", "subscriptions_url": "https://api.github.com/users/hehb/subscriptions", "avatar_url": "https://avatars.githubusercontent.com/u/16981537?v=3", "repos_url": "https://api.github.com/users/hehb/repos", "received_events_url": "https://api.github.com/users/hehb/received_events", "gravatar_id": "", "starred_url": "https://api.github.com/users/hehb/starred{/owner}{/repo}", "site_admin": false, "login": "hehb", "type": "User", "id": 16981537, "followers_url": "https://api.github.com/users/hehb/followers"}, "milestone": null, "repository_url": "https://api.github.com/repos/opencart/opencart", "closed_at": "2016-04-21T09:34:15Z", "assignees": [], "id": 149122538}, "id": 635881388}, {"commit_id": null, "commit_url": null, "url": "https://api.github.com/repos/opencart/opencart/issues/events/635881324", "created_at": "2016-04-21T09:34:15Z", "actor": {"following_url": "https://api.github.com/users/danielkerr/following{/other_user}", "events_url": "https://api.github.com/users/danielkerr/events{/privacy}", "organizations_url": "https://api.github.com/users/danielkerr/orgs", "url": "https://api.github.com/users/danielkerr", "gists_url": "https://api.github.com/users/danielkerr/gists{/gist_id}", "html_url": "https://github.com/danielkerr", "subscriptions_url": "https://api.github.com/users/danielkerr/subscriptions", "avatar_url": "https://avatars.githubusercontent.com/u/5079756?v=3", "repos_url": "https://api.github.com/users/danielkerr/repos", "received_events_url": "https://api.github.com/users/danielkerr/received_events", "gravatar_id": "", "starred_url": "https://api.github.com/users/danielkerr/starred{/owner}{/repo}", "site_admin": false, "login": "danielkerr", "type": "User", "id": 5079756, "followers_url": "https://api.github.com/users/danielkerr/followers"}, "event": "closed", "issue": {"body": "Notice: Undefined variable: text_success in D:\\htdocs\\oc\\upload\\install\\view\\template\\install\\step_4.tpl on line 16\n\n`<div class=\"alert alert-success\"><?php echo $text_success; ?></div>`\n\nshould be\n\n`<div class=\"alert alert-success\"><?php echo $success; ?></div>`\n", "labels": [], "locked": false, "title": "Undefined variable: text_success in step_4.tpl", "url": "https://api.github.com/repos/opencart/opencart/issues/4263", "labels_url": "https://api.github.com/repos/opencart/opencart/issues/4263/labels{/name}", "created_at": "2016-04-18T11:23:57Z", "events_url": "https://api.github.com/repos/opencart/opencart/issues/4263/events", "comments_url": "https://api.github.com/repos/opencart/opencart/issues/4263/comments", "html_url": "https://github.com/opencart/opencart/issues/4263", "comments": 0, "number": 4263, "updated_at": "2016-04-21T09:34:19Z", "assignee": null, "state": "closed", "user": {"following_url": "https://api.github.com/users/hehb/following{/other_user}", "events_url": "https://api.github.com/users/hehb/events{/privacy}", "organizations_url": "https://api.github.com/users/hehb/orgs", "url": "https://api.github.com/users/hehb", "gists_url": "https://api.github.com/users/hehb/gists{/gist_id}", "html_url": "https://github.com/hehb", "subscriptions_url": "https://api.github.com/users/hehb/subscriptions", "avatar_url": "https://avatars.githubusercontent.com/u/16981537?v=3", "repos_url": "https://api.github.com/users/hehb/repos", "received_events_url": "https://api.github.com/users/hehb/received_events", "gravatar_id": "", "starred_url": "https://api.github.com/users/hehb/starred{/owner}{/repo}", "site_admin": false, "login": "hehb", "type": "User", "id": 16981537, "followers_url": "https://api.github.com/users/hehb/followers"}, "milestone": null, "repository_url": "https://api.github.com/repos/opencart/opencart", "closed_at": "2016-04-21T09:34:15Z", "assignees": [], "id": 149122538}, "id": 635881324}, {"commit_id": "ac55ed667908ecaa773f8207351b218ebec7fd30", "commit_url": "https://api.github.com/repos/opencart/opencart/commits/ac55ed667908ecaa773f8207351b218ebec7fd30", "url": "https://api.github.com/repos/opencart/opencart/issues/events/635880867", "created_at": "2016-04-21T09:33:50Z", "actor": {"following_url": "https://api.github.com/users/danielkerr/following{/other_user}", "events_url": "https://api.github.com/users/danielkerr/events{/privacy}", "organizations_url": "https://api.github.com/users/danielkerr/orgs", "url": "https://api.github.com/users/danielkerr", "gists_url": "https://api.github.com/users/danielkerr/gists{/gist_id}", "html_url": "https://github.com/danielkerr", "subscriptions_url": "https://api.github.com/users/danielkerr/subscriptions", "avatar_url": "https://avatars.githubusercontent.com/u/5079756?v=3", "repos_url": "https://api.github.com/users/danielkerr/repos", "received_events_url": "https://api.github.com/users/danielkerr/received_events", "gravatar_id": "", "starred_url": "https://api.github.com/users/danielkerr/starred{/owner}{/repo}", "site_admin": false, "login": "danielkerr", "type": "User", "id": 5079756, "followers_url": "https://api.github.com/users/danielkerr/followers"}, "event": "referenced", "issue": {"body": "Notice: Undefined variable: text_success in D:\\htdocs\\oc\\upload\\install\\view\\template\\install\\step_4.tpl on line 16\n\n`<div class=\"alert alert-success\"><?php echo $text_success; ?></div>`\n\nshould be\n\n`<div class=\"alert alert-success\"><?php echo $success; ?></div>`\n", "labels": [], "locked": false, "title": "Undefined variable: text_success in step_4.tpl", "url": "https://api.github.com/repos/opencart/opencart/issues/4263", "labels_url": "https://api.github.com/repos/opencart/opencart/issues/4263/labels{/name}", "created_at": "2016-04-18T11:23:57Z", "events_url": "https://api.github.com/repos/opencart/opencart/issues/4263/events", "comments_url": "https://api.github.com/repos/opencart/opencart/issues/4263/comments", "html_url": "https://github.com/opencart/opencart/issues/4263", "comments": 0, "number": 4263, "updated_at": "2016-04-21T09:34:19Z", "assignee": null, "state": "closed", "user": {"following_url": "https://api.github.com/users/hehb/following{/other_user}", "events_url": "https://api.github.com/users/hehb/events{/privacy}", "organizations_url": "https://api.github.com/users/hehb/orgs", "url": "https://api.github.com/users/hehb", "gists_url": "https://api.github.com/users/hehb/gists{/gist_id}", "html_url": "https://github.com/hehb", "subscriptions_url": "https://api.github.com/users/hehb/subscriptions", "avatar_url": "https://avatars.githubusercontent.com/u/16981537?v=3", "repos_url": "https://api.github.com/users/hehb/repos", "received_events_url": "https://api.github.com/users/hehb/received_events", "gravatar_id": "", "starred_url": "https://api.github.com/users/hehb/starred{/owner}{/repo}", "site_admin": false, "login": "hehb", "type": "User", "id": 16981537, "followers_url": "https://api.github.com/users/hehb/followers"}, "milestone": null, "repository_url": "https://api.github.com/repos/opencart/opencart", "closed_at": "2016-04-21T09:34:15Z", "assignees": [], "id": 149122538}, "id": 635880867}, {"commit_id": null, "commit_url": null, "url": "https://api.github.com/repos/opencart/opencart/issues/events/635880837", "created_at": "2016-04-21T09:33:49Z", "actor": {"following_url": "https://api.github.com/users/danielkerr/following{/other_user}", "events_url": "https://api.github.com/users/danielkerr/events{/privacy}", "organizations_url": "https://api.github.com/users/danielkerr/orgs", "url": "https://api.github.com/users/danielkerr", "gists_url": "https://api.github.com/users/danielkerr/gists{/gist_id}", "html_url": "https://github.com/danielkerr", "subscriptions_url": "https://api.github.com/users/danielkerr/subscriptions", "avatar_url": "https://avatars.githubusercontent.com/u/5079756?v=3", "repos_url": "https://api.github.com/users/danielkerr/repos", "received_events_url": "https://api.github.com/users/danielkerr/received_events", "gravatar_id": "", "starred_url": "https://api.github.com/users/danielkerr/starred{/owner}{/repo}", "site_admin": false, "login": "danielkerr", "type": "User", "id": 5079756, "followers_url": "https://api.github.com/users/danielkerr/followers"}, "event": "closed", "issue": {"labels": [], "number": 4270, "assignee": null, "repository_url": "https://api.github.com/repos/opencart/opencart", "closed_at": "2016-04-21T09:33:49Z", "id": 149723361, "title": "Fixed Issue #4263", "pull_request": {"url": "https://api.github.com/repos/opencart/opencart/pulls/4270", "diff_url": "https://github.com/opencart/opencart/pull/4270.diff", "html_url": "https://github.com/opencart/opencart/pull/4270", "patch_url": "https://github.com/opencart/opencart/pull/4270.patch"}, "comments": 0, "state": "closed", "body": "Fixed issue #4263:\n\n``` php\n<div class=\"alert alert-success\"><?php echo $text_success; ?></div>\n```\n\nChanged this to \n\n``` php\n<div class=\"alert alert-success\"><?php echo $success; ?></div>\n```\n\nThe undefined index notice should be gone now.\n", "labels_url": "https://api.github.com/repos/opencart/opencart/issues/4270/labels{/name}", "events_url": "https://api.github.com/repos/opencart/opencart/issues/4270/events", "comments_url": "https://api.github.com/repos/opencart/opencart/issues/4270/comments", "html_url": "https://github.com/opencart/opencart/pull/4270", "updated_at": "2016-04-21T09:33:53Z", "user": {"following_url": "https://api.github.com/users/Newman101/following{/other_user}", "events_url": "https://api.github.com/users/Newman101/events{/privacy}", "organizations_url": "https://api.github.com/users/Newman101/orgs", "url": "https://api.github.com/users/Newman101", "gists_url": "https://api.github.com/users/Newman101/gists{/gist_id}", "html_url": "https://github.com/Newman101", "subscriptions_url": "https://api.github.com/users/Newman101/subscriptions", "avatar_url": "https://avatars.githubusercontent.com/u/4118513?v=3", "repos_url": "https://api.github.com/users/Newman101/repos", "received_events_url": "https://api.github.com/users/Newman101/received_events", "gravatar_id": "", "starred_url": "https://api.github.com/users/Newman101/starred{/owner}{/repo}", "site_admin": false, "login": "Newman101", "type": "User", "id": 4118513, "followers_url": "https://api.github.com/users/Newman101/followers"}, "milestone": null, "locked": false, "url": "https://api.github.com/repos/opencart/opencart/issues/4270", "created_at": "2016-04-20T10:06:40Z", "assignees": []}, "id": 635880837}, {"commit_id": "ac55ed667908ecaa773f8207351b218ebec7fd30", "commit_url": "https://api.github.com/repos/opencart/opencart/commits/ac55ed667908ecaa773f8207351b218ebec7fd30", "url": "https://api.github.com/repos/opencart/opencart/issues/events/635880836", "created_at": "2016-04-21T09:33:49Z", "actor": {"following_url": "https://api.github.com/users/danielkerr/following{/other_user}", "events_url": "https://api.github.com/users/danielkerr/events{/privacy}", "organizations_url": "https://api.github.com/users/danielkerr/orgs", "url": "https://api.github.com/users/danielkerr", "gists_url": "https://api.github.com/users/danielkerr/gists{/gist_id}", "html_url": "https://github.com/danielkerr", "subscriptions_url": "https://api.github.com/users/danielkerr/subscriptions", "avatar_url": "https://avatars.githubusercontent.com/u/5079756?v=3", "repos_url": "https://api.github.com/users/danielkerr/repos", "received_events_url": "https://api.github.com/users/danielkerr/received_events", "gravatar_id": "", "starred_url": "https://api.github.com/users/danielkerr/starred{/owner}{/repo}", "site_admin": false, "login": "danielkerr", "type": "User", "id": 5079756, "followers_url": "https://api.github.com/users/danielkerr/followers"}, "event": "merged", "issue": {"labels": [], "number": 4270, "assignee": null, "repository_url": "https://api.github.com/repos/opencart/opencart", "closed_at": "2016-04-21T09:33:49Z", "id": 149723361, "title": "Fixed Issue #4263", "pull_request": {"url": "https://api.github.com/repos/opencart/opencart/pulls/4270", "diff_url": "https://github.com/opencart/opencart/pull/4270.diff", "html_url": "https://github.com/opencart/opencart/pull/4270", "patch_url": "https://github.com/opencart/opencart/pull/4270.patch"}, "comments": 0, "state": "closed", "body": "Fixed issue #4263:\n\n``` php\n<div class=\"alert alert-success\"><?php echo $text_success; ?></div>\n```\n\nChanged this to \n\n``` php\n<div class=\"alert alert-success\"><?php echo $success; ?></div>\n```\n\nThe undefined index notice should be gone now.\n", "labels_url": "https://api.github.com/repos/opencart/opencart/issues/4270/labels{/name}", "events_url": "https://api.github.com/repos/opencart/opencart/issues/4270/events", "comments_url": "https://api.github.com/repos/opencart/opencart/issues/4270/comments", "html_url": "https://github.com/opencart/opencart/pull/4270", "updated_at": "2016-04-21T09:33:53Z", "user": {"following_url": "https://api.github.com/users/Newman101/following{/other_user}", "events_url": "https://api.github.com/users/Newman101/events{/privacy}", "organizations_url": "https://api.github.com/users/Newman101/orgs", "url": "https://api.github.com/users/Newman101", "gists_url": "https://api.github.com/users/Newman101/gists{/gist_id}", "html_url": "https://github.com/Newman101", "subscriptions_url": "https://api.github.com/users/Newman101/subscriptions", "avatar_url": "https://avatars.githubusercontent.com/u/4118513?v=3", "repos_url": "https://api.github.com/users/Newman101/repos", "received_events_url": "https://api.github.com/users/Newman101/received_events", "gravatar_id": "", "starred_url": "https://api.github.com/users/Newman101/starred{/owner}{/repo}", "site_admin": false, "login": "Newman101", "type": "User", "id": 4118513, "followers_url": "https://api.github.com/users/Newman101/followers"}, "milestone": null, "locked": false, "url": "https://api.github.com/repos/opencart/opencart/issues/4270", "created_at": "2016-04-20T10:06:40Z", "assignees": []}, "id": 635880836}, {"commit_id": "ac55ed667908ecaa773f8207351b218ebec7fd30", "commit_url": "https://api.github.com/repos/opencart/opencart/commits/ac55ed667908ecaa773f8207351b218ebec7fd30", "url": "https://api.github.com/repos/opencart/opencart/issues/events/635880834", "created_at": "2016-04-21T09:33:49Z", "actor": {"following_url": "https://api.github.com/users/danielkerr/following{/other_user}", "events_url": "https://api.github.com/users/danielkerr/events{/privacy}", "organizations_url": "https://api.github.com/users/danielkerr/orgs", "url": "https://api.github.com/users/danielkerr", "gists_url": "https://api.github.com/users/danielkerr/gists{/gist_id}", "html_url": "https://github.com/danielkerr", "subscriptions_url": "https://api.github.com/users/danielkerr/subscriptions", "avatar_url": "https://avatars.githubusercontent.com/u/5079756?v=3", "repos_url": "https://api.github.com/users/danielkerr/repos", "received_events_url": "https://api.github.com/users/danielkerr/received_events", "gravatar_id": "", "starred_url": "https://api.github.com/users/danielkerr/starred{/owner}{/repo}", "site_admin": false, "login": "danielkerr", "type": "User", "id": 5079756, "followers_url": "https://api.github.com/users/danielkerr/followers"}, "event": "referenced", "issue": {"labels": [], "number": 4270, "assignee": null, "repository_url": "https://api.github.com/repos/opencart/opencart", "closed_at": "2016-04-21T09:33:49Z", "id": 149723361, "title": "Fixed Issue #4263", "pull_request": {"url": "https://api.github.com/repos/opencart/opencart/pulls/4270", "diff_url": "https://github.com/opencart/opencart/pull/4270.diff", "html_url": "https://github.com/opencart/opencart/pull/4270", "patch_url": "https://github.com/opencart/opencart/pull/4270.patch"}, "comments": 0, "state": "closed", "body": "Fixed issue #4263:\n\n``` php\n<div class=\"alert alert-success\"><?php echo $text_success; ?></div>\n```\n\nChanged this to \n\n``` php\n<div class=\"alert alert-success\"><?php echo $success; ?></div>\n```\n\nThe undefined index notice should be gone now.\n", "labels_url": "https://api.github.com/repos/opencart/opencart/issues/4270/labels{/name}", "events_url": "https://api.github.com/repos/opencart/opencart/issues/4270/events", "comments_url": "https://api.github.com/repos/opencart/opencart/issues/4270/comments", "html_url": "https://github.com/opencart/opencart/pull/4270", "updated_at": "2016-04-21T09:33:53Z", "user": {"following_url": "https://api.github.com/users/Newman101/following{/other_user}", "events_url": "https://api.github.com/users/Newman101/events{/privacy}", "organizations_url": "https://api.github.com/users/Newman101/orgs", "url": "https://api.github.com/users/Newman101", "gists_url": "https://api.github.com/users/Newman101/gists{/gist_id}", "html_url": "https://github.com/Newman101", "subscriptions_url": "https://api.github.com/users/Newman101/subscriptions", "avatar_url": "https://avatars.githubusercontent.com/u/4118513?v=3", "repos_url": "https://api.github.com/users/Newman101/repos", "received_events_url": "https://api.github.com/users/Newman101/received_events", "gravatar_id": "", "starred_url": "https://api.github.com/users/Newman101/starred{/owner}{/repo}", "site_admin": false, "login": "Newman101", "type": "User", "id": 4118513, "followers_url": "https://api.github.com/users/Newman101/followers"}, "milestone": null, "locked": false, "url": "https://api.github.com/repos/opencart/opencart/issues/4270", "created_at": "2016-04-20T10:06:40Z", "assignees": []}, "id": 635880834}, {"commit_id": null, "commit_url": null, "url": "https://api.github.com/repos/opencart/opencart/issues/events/635880404", "created_at": "2016-04-21T09:33:22Z", "actor": {"following_url": "https://api.github.com/users/danielkerr/following{/other_user}", "events_url": "https://api.github.com/users/danielkerr/events{/privacy}", "organizations_url": "https://api.github.com/users/danielkerr/orgs", "url": "https://api.github.com/users/danielkerr", "gists_url": "https://api.github.com/users/danielkerr/gists{/gist_id}", "html_url": "https://github.com/danielkerr", "subscriptions_url": "https://api.github.com/users/danielkerr/subscriptions", "avatar_url": "https://avatars.githubusercontent.com/u/5079756?v=3", "repos_url": "https://api.github.com/users/danielkerr/repos", "received_events_url": "https://api.github.com/users/danielkerr/received_events", "gravatar_id": "", "starred_url": "https://api.github.com/users/danielkerr/starred{/owner}{/repo}", "site_admin": false, "login": "danielkerr", "type": "User", "id": 5079756, "followers_url": "https://api.github.com/users/danielkerr/followers"}, "event": "closed", "issue": {"labels": [], "number": 4272, "assignee": null, "repository_url": "https://api.github.com/repos/opencart/opencart", "closed_at": "2016-04-21T09:33:22Z", "id": 149819206, "title": "fix `typo`", "pull_request": {"url": "https://api.github.com/repos/opencart/opencart/pulls/4272", "diff_url": "https://github.com/opencart/opencart/pull/4272.diff", "html_url": "https://github.com/opencart/opencart/pull/4272", "patch_url": "https://github.com/opencart/opencart/pull/4272.patch"}, "comments": 3, "state": "closed", "body": "", "labels_url": "https://api.github.com/repos/opencart/opencart/issues/4272/labels{/name}", "events_url": "https://api.github.com/repos/opencart/opencart/issues/4272/events", "comments_url": "https://api.github.com/repos/opencart/opencart/issues/4272/comments", "html_url": "https://github.com/opencart/opencart/pull/4272", "updated_at": "2016-04-21T09:33:26Z", "user": {"following_url": "https://api.github.com/users/pine3ree/following{/other_user}", "events_url": "https://api.github.com/users/pine3ree/events{/privacy}", "organizations_url": "https://api.github.com/users/pine3ree/orgs", "url": "https://api.github.com/users/pine3ree", "gists_url": "https://api.github.com/users/pine3ree/gists{/gist_id}", "html_url": "https://github.com/pine3ree", "subscriptions_url": "https://api.github.com/users/pine3ree/subscriptions", "avatar_url": "https://avatars.githubusercontent.com/u/3229979?v=3", "repos_url": "https://api.github.com/users/pine3ree/repos", "received_events_url": "https://api.github.com/users/pine3ree/received_events", "gravatar_id": "", "starred_url": "https://api.github.com/users/pine3ree/starred{/owner}{/repo}", "site_admin": false, "login": "pine3ree", "type": "User", "id": 3229979, "followers_url": "https://api.github.com/users/pine3ree/followers"}, "milestone": null, "locked": false, "url": "https://api.github.com/repos/opencart/opencart/issues/4272", "created_at": "2016-04-20T16:24:45Z", "assignees": []}, "id": 635880404}, {"commit_id": "14f56416436e248b5deda1c438d30418dac5da2a", "commit_url": "https://api.github.com/repos/opencart/opencart/commits/14f56416436e248b5deda1c438d30418dac5da2a", "url": "https://api.github.com/repos/opencart/opencart/issues/events/635880403", "created_at": "2016-04-21T09:33:22Z", "actor": {"following_url": "https://api.github.com/users/danielkerr/following{/other_user}", "events_url": "https://api.github.com/users/danielkerr/events{/privacy}", "organizations_url": "https://api.github.com/users/danielkerr/orgs", "url": "https://api.github.com/users/danielkerr", "gists_url": "https://api.github.com/users/danielkerr/gists{/gist_id}", "html_url": "https://github.com/danielkerr", "subscriptions_url": "https://api.github.com/users/danielkerr/subscriptions", "avatar_url": "https://avatars.githubusercontent.com/u/5079756?v=3", "repos_url": "https://api.github.com/users/danielkerr/repos", "received_events_url": "https://api.github.com/users/danielkerr/received_events", "gravatar_id": "", "starred_url": "https://api.github.com/users/danielkerr/starred{/owner}{/repo}", "site_admin": false, "login": "danielkerr", "type": "User", "id": 5079756, "followers_url": "https://api.github.com/users/danielkerr/followers"}, "event": "merged", "issue": {"labels": [], "number": 4272, "assignee": null, "repository_url": "https://api.github.com/repos/opencart/opencart", "closed_at": "2016-04-21T09:33:22Z", "id": 149819206, "title": "fix `typo`", "pull_request": {"url": "https://api.github.com/repos/opencart/opencart/pulls/4272", "diff_url": "https://github.com/opencart/opencart/pull/4272.diff", "html_url": "https://github.com/opencart/opencart/pull/4272", "patch_url": "https://github.com/opencart/opencart/pull/4272.patch"}, "comments": 3, "state": "closed", "body": "", "labels_url": "https://api.github.com/repos/opencart/opencart/issues/4272/labels{/name}", "events_url": "https://api.github.com/repos/opencart/opencart/issues/4272/events", "comments_url": "https://api.github.com/repos/opencart/opencart/issues/4272/comments", "html_url": "https://github.com/opencart/opencart/pull/4272", "updated_at": "2016-04-21T09:33:26Z", "user": {"following_url": "https://api.github.com/users/pine3ree/following{/other_user}", "events_url": "https://api.github.com/users/pine3ree/events{/privacy}", "organizations_url": "https://api.github.com/users/pine3ree/orgs", "url": "https://api.github.com/users/pine3ree", "gists_url": "https://api.github.com/users/pine3ree/gists{/gist_id}", "html_url": "https://github.com/pine3ree", "subscriptions_url": "https://api.github.com/users/pine3ree/subscriptions", "avatar_url": "https://avatars.githubusercontent.com/u/3229979?v=3", "repos_url": "https://api.github.com/users/pine3ree/repos", "received_events_url": "https://api.github.com/users/pine3ree/received_events", "gravatar_id": "", "starred_url": "https://api.github.com/users/pine3ree/starred{/owner}{/repo}", "site_admin": false, "login": "pine3ree", "type": "User", "id": 3229979, "followers_url": "https://api.github.com/users/pine3ree/followers"}, "milestone": null, "locked": false, "url": "https://api.github.com/repos/opencart/opencart/issues/4272", "created_at": "2016-04-20T16:24:45Z", "assignees": []}, "id": 635880403}, {"commit_id": "14f56416436e248b5deda1c438d30418dac5da2a", "commit_url": "https://api.github.com/repos/opencart/opencart/commits/14f56416436e248b5deda1c438d30418dac5da2a", "url": "https://api.github.com/repos/opencart/opencart/issues/events/635880402", "created_at": "2016-04-21T09:33:22Z", "actor": {"following_url": "https://api.github.com/users/danielkerr/following{/other_user}", "events_url": "https://api.github.com/users/danielkerr/events{/privacy}", "organizations_url": "https://api.github.com/users/danielkerr/orgs", "url": "https://api.github.com/users/danielkerr", "gists_url": "https://api.github.com/users/danielkerr/gists{/gist_id}", "html_url": "https://github.com/danielkerr", "subscriptions_url": "https://api.github.com/users/danielkerr/subscriptions", "avatar_url": "https://avatars.githubusercontent.com/u/5079756?v=3", "repos_url": "https://api.github.com/users/danielkerr/repos", "received_events_url": "https://api.github.com/users/danielkerr/received_events", "gravatar_id": "", "starred_url": "https://api.github.com/users/danielkerr/starred{/owner}{/repo}", "site_admin": false, "login": "danielkerr", "type": "User", "id": 5079756, "followers_url": "https://api.github.com/users/danielkerr/followers"}, "event": "referenced", "issue": {"labels": [], "number": 4272, "assignee": null, "repository_url": "https://api.github.com/repos/opencart/opencart", "closed_at": "2016-04-21T09:33:22Z", "id": 149819206, "title": "fix `typo`", "pull_request": {"url": "https://api.github.com/repos/opencart/opencart/pulls/4272", "diff_url": "https://github.com/opencart/opencart/pull/4272.diff", "html_url": "https://github.com/opencart/opencart/pull/4272", "patch_url": "https://github.com/opencart/opencart/pull/4272.patch"}, "comments": 3, "state": "closed", "body": "", "labels_url": "https://api.github.com/repos/opencart/opencart/issues/4272/labels{/name}", "events_url": "https://api.github.com/repos/opencart/opencart/issues/4272/events", "comments_url": "https://api.github.com/repos/opencart/opencart/issues/4272/comments", "html_url": "https://github.com/opencart/opencart/pull/4272", "updated_at": "2016-04-21T09:33:26Z", "user": {"following_url": "https://api.github.com/users/pine3ree/following{/other_user}", "events_url": "https://api.github.com/users/pine3ree/events{/privacy}", "organizations_url": "https://api.github.com/users/pine3ree/orgs", "url": "https://api.github.com/users/pine3ree", "gists_url": "https://api.github.com/users/pine3ree/gists{/gist_id}", "html_url": "https://github.com/pine3ree", "subscriptions_url": "https://api.github.com/users/pine3ree/subscriptions", "avatar_url": "https://avatars.githubusercontent.com/u/3229979?v=3", "repos_url": "https://api.github.com/users/pine3ree/repos", "received_events_url": "https://api.github.com/users/pine3ree/received_events", "gravatar_id": "", "starred_url": "https://api.github.com/users/pine3ree/starred{/owner}{/repo}", "site_admin": false, "login": "pine3ree", "type": "User", "id": 3229979, "followers_url": "https://api.github.com/users/pine3ree/followers"}, "milestone": null, "locked": false, "url": "https://api.github.com/repos/opencart/opencart/issues/4272", "created_at": "2016-04-20T16:24:45Z", "assignees": []}, "id": 635880402}, {"commit_id": null, "commit_url": null, "url": "https://api.github.com/repos/opencart/opencart/issues/events/635879859", "created_at": "2016-04-21T09:32:52Z", "actor": {"following_url": "https://api.github.com/users/danielkerr/following{/other_user}", "events_url": "https://api.github.com/users/danielkerr/events{/privacy}", "organizations_url": "https://api.github.com/users/danielkerr/orgs", "url": "https://api.github.com/users/danielkerr", "gists_url": "https://api.github.com/users/danielkerr/gists{/gist_id}", "html_url": "https://github.com/danielkerr", "subscriptions_url": "https://api.github.com/users/danielkerr/subscriptions", "avatar_url": "https://avatars.githubusercontent.com/u/5079756?v=3", "repos_url": "https://api.github.com/users/danielkerr/repos", "received_events_url": "https://api.github.com/users/danielkerr/received_events", "gravatar_id": "", "starred_url": "https://api.github.com/users/danielkerr/starred{/owner}{/repo}", "site_admin": false, "login": "danielkerr", "type": "User", "id": 5079756, "followers_url": "https://api.github.com/users/danielkerr/followers"}, "event": "closed", "issue": {"labels": [], "number": 4274, "assignee": null, "repository_url": "https://api.github.com/repos/opencart/opencart", "closed_at": "2016-04-21T09:32:52Z", "id": 149888371, "title": "Fix some errors", "pull_request": {"url": "https://api.github.com/repos/opencart/opencart/pulls/4274", "diff_url": "https://github.com/opencart/opencart/pull/4274.diff", "html_url": "https://github.com/opencart/opencart/pull/4274", "patch_url": "https://github.com/opencart/opencart/pull/4274.patch"}, "comments": 0, "state": "closed", "body": "1. Update location.php - fix 'error_name'\n2. Fix \"Class 'Controllerpayment' not found\" if remove payment module\n", "labels_url": "https://api.github.com/repos/opencart/opencart/issues/4274/labels{/name}", "events_url": "https://api.github.com/repos/opencart/opencart/issues/4274/events", "comments_url": "https://api.github.com/repos/opencart/opencart/issues/4274/comments", "html_url": "https://github.com/opencart/opencart/pull/4274", "updated_at": "2016-04-21T09:32:56Z", "user": {"following_url": "https://api.github.com/users/shoputils/following{/other_user}", "events_url": "https://api.github.com/users/shoputils/events{/privacy}", "organizations_url": "https://api.github.com/users/shoputils/orgs", "url": "https://api.github.com/users/shoputils", "gists_url": "https://api.github.com/users/shoputils/gists{/gist_id}", "html_url": "https://github.com/shoputils", "subscriptions_url": "https://api.github.com/users/shoputils/subscriptions", "avatar_url": "https://avatars.githubusercontent.com/u/13579198?v=3", "repos_url": "https://api.github.com/users/shoputils/repos", "received_events_url": "https://api.github.com/users/shoputils/received_events", "gravatar_id": "", "starred_url": "https://api.github.com/users/shoputils/starred{/owner}{/repo}", "site_admin": false, "login": "shoputils", "type": "User", "id": 13579198, "followers_url": "https://api.github.com/users/shoputils/followers"}, "milestone": null, "locked": false, "url": "https://api.github.com/repos/opencart/opencart/issues/4274", "created_at": "2016-04-20T21:17:31Z", "assignees": []}, "id": 635879859}, {"commit_id": "9e446df635dd1297ec59631305b1f62744d13080", "commit_url": "https://api.github.com/repos/opencart/opencart/commits/9e446df635dd1297ec59631305b1f62744d13080", "url": "https://api.github.com/repos/opencart/opencart/issues/events/635879858", "created_at": "2016-04-21T09:32:52Z", "actor": {"following_url": "https://api.github.com/users/danielkerr/following{/other_user}", "events_url": "https://api.github.com/users/danielkerr/events{/privacy}", "organizations_url": "https://api.github.com/users/danielkerr/orgs", "url": "https://api.github.com/users/danielkerr", "gists_url": "https://api.github.com/users/danielkerr/gists{/gist_id}", "html_url": "https://github.com/danielkerr", "subscriptions_url": "https://api.github.com/users/danielkerr/subscriptions", "avatar_url": "https://avatars.githubusercontent.com/u/5079756?v=3", "repos_url": "https://api.github.com/users/danielkerr/repos", "received_events_url": "https://api.github.com/users/danielkerr/received_events", "gravatar_id": "", "starred_url": "https://api.github.com/users/danielkerr/starred{/owner}{/repo}", "site_admin": false, "login": "danielkerr", "type": "User", "id": 5079756, "followers_url": "https://api.github.com/users/danielkerr/followers"}, "event": "merged", "issue": {"labels": [], "number": 4274, "assignee": null, "repository_url": "https://api.github.com/repos/opencart/opencart", "closed_at": "2016-04-21T09:32:52Z", "id": 149888371, "title": "Fix some errors", "pull_request": {"url": "https://api.github.com/repos/opencart/opencart/pulls/4274", "diff_url": "https://github.com/opencart/opencart/pull/4274.diff", "html_url": "https://github.com/opencart/opencart/pull/4274", "patch_url": "https://github.com/opencart/opencart/pull/4274.patch"}, "comments": 0, "state": "closed", "body": "1. Update location.php - fix 'error_name'\n2. Fix \"Class 'Controllerpayment' not found\" if remove payment module\n", "labels_url": "https://api.github.com/repos/opencart/opencart/issues/4274/labels{/name}", "events_url": "https://api.github.com/repos/opencart/opencart/issues/4274/events", "comments_url": "https://api.github.com/repos/opencart/opencart/issues/4274/comments", "html_url": "https://github.com/opencart/opencart/pull/4274", "updated_at": "2016-04-21T09:32:56Z", "user": {"following_url": "https://api.github.com/users/shoputils/following{/other_user}", "events_url": "https://api.github.com/users/shoputils/events{/privacy}", "organizations_url": "https://api.github.com/users/shoputils/orgs", "url": "https://api.github.com/users/shoputils", "gists_url": "https://api.github.com/users/shoputils/gists{/gist_id}", "html_url": "https://github.com/shoputils", "subscriptions_url": "https://api.github.com/users/shoputils/subscriptions", "avatar_url": "https://avatars.githubusercontent.com/u/13579198?v=3", "repos_url": "https://api.github.com/users/shoputils/repos", "received_events_url": "https://api.github.com/users/shoputils/received_events", "gravatar_id": "", "starred_url": "https://api.github.com/users/shoputils/starred{/owner}{/repo}", "site_admin": false, "login": "shoputils", "type": "User", "id": 13579198, "followers_url": "https://api.github.com/users/shoputils/followers"}, "milestone": null, "locked": false, "url": "https://api.github.com/repos/opencart/opencart/issues/4274", "created_at": "2016-04-20T21:17:31Z", "assignees": []}, "id": 635879858}, {"commit_id": "9e446df635dd1297ec59631305b1f62744d13080", "commit_url": "https://api.github.com/repos/opencart/opencart/commits/9e446df635dd1297ec59631305b1f62744d13080", "url": "https://api.github.com/repos/opencart/opencart/issues/events/635879857", "created_at": "2016-04-21T09:32:52Z", "actor": {"following_url": "https://api.github.com/users/danielkerr/following{/other_user}", "events_url": "https://api.github.com/users/danielkerr/events{/privacy}", "organizations_url": "https://api.github.com/users/danielkerr/orgs", "url": "https://api.github.com/users/danielkerr", "gists_url": "https://api.github.com/users/danielkerr/gists{/gist_id}", "html_url": "https://github.com/danielkerr", "subscriptions_url": "https://api.github.com/users/danielkerr/subscriptions", "avatar_url": "https://avatars.githubusercontent.com/u/5079756?v=3", "repos_url": "https://api.github.com/users/danielkerr/repos", "received_events_url": "https://api.github.com/users/danielkerr/received_events", "gravatar_id": "", "starred_url": "https://api.github.com/users/danielkerr/starred{/owner}{/repo}", "site_admin": false, "login": "danielkerr", "type": "User", "id": 5079756, "followers_url": "https://api.github.com/users/danielkerr/followers"}, "event": "referenced", "issue": {"labels": [], "number": 4274, "assignee": null, "repository_url": "https://api.github.com/repos/opencart/opencart", "closed_at": "2016-04-21T09:32:52Z", "id": 149888371, "title": "Fix some errors", "pull_request": {"url": "https://api.github.com/repos/opencart/opencart/pulls/4274", "diff_url": "https://github.com/opencart/opencart/pull/4274.diff", "html_url": "https://github.com/opencart/opencart/pull/4274", "patch_url": "https://github.com/opencart/opencart/pull/4274.patch"}, "comments": 0, "state": "closed", "body": "1. Update location.php - fix 'error_name'\n2. Fix \"Class 'Controllerpayment' not found\" if remove payment module\n", "labels_url": "https://api.github.com/repos/opencart/opencart/issues/4274/labels{/name}", "events_url": "https://api.github.com/repos/opencart/opencart/issues/4274/events", "comments_url": "https://api.github.com/repos/opencart/opencart/issues/4274/comments", "html_url": "https://github.com/opencart/opencart/pull/4274", "updated_at": "2016-04-21T09:32:56Z", "user": {"following_url": "https://api.github.com/users/shoputils/following{/other_user}", "events_url": "https://api.github.com/users/shoputils/events{/privacy}", "organizations_url": "https://api.github.com/users/shoputils/orgs", "url": "https://api.github.com/users/shoputils", "gists_url": "https://api.github.com/users/shoputils/gists{/gist_id}", "html_url": "https://github.com/shoputils", "subscriptions_url": "https://api.github.com/users/shoputils/subscriptions", "avatar_url": "https://avatars.githubusercontent.com/u/13579198?v=3", "repos_url": "https://api.github.com/users/shoputils/repos", "received_events_url": "https://api.github.com/users/shoputils/received_events", "gravatar_id": "", "starred_url": "https://api.github.com/users/shoputils/starred{/owner}{/repo}", "site_admin": false, "login": "shoputils", "type": "User", "id": 13579198, "followers_url": "https://api.github.com/users/shoputils/followers"}, "milestone": null, "locked": false, "url": "https://api.github.com/repos/opencart/opencart/issues/4274", "created_at": "2016-04-20T21:17:31Z", "assignees": []}, "id": 635879857}, {"commit_id": null, "commit_url": null, "url": "https://api.github.com/repos/opencart/opencart/issues/events/635879357", "created_at": "2016-04-21T09:32:28Z", "actor": {"following_url": "https://api.github.com/users/danielkerr/following{/other_user}", "events_url": "https://api.github.com/users/danielkerr/events{/privacy}", "organizations_url": "https://api.github.com/users/danielkerr/orgs", "url": "https://api.github.com/users/danielkerr", "gists_url": "https://api.github.com/users/danielkerr/gists{/gist_id}", "html_url": "https://github.com/danielkerr", "subscriptions_url": "https://api.github.com/users/danielkerr/subscriptions", "avatar_url": "https://avatars.githubusercontent.com/u/5079756?v=3", "repos_url": "https://api.github.com/users/danielkerr/repos", "received_events_url": "https://api.github.com/users/danielkerr/received_events", "gravatar_id": "", "starred_url": "https://api.github.com/users/danielkerr/starred{/owner}{/repo}", "site_admin": false, "login": "danielkerr", "type": "User", "id": 5079756, "followers_url": "https://api.github.com/users/danielkerr/followers"}, "event": "closed", "issue": {"labels": [], "number": 4275, "assignee": null, "repository_url": "https://api.github.com/repos/opencart/opencart", "closed_at": "2016-04-21T09:32:28Z", "id": 149893383, "title": "fix IMG_XX to IMAGETYPE_XX constants", "pull_request": {"url": "https://api.github.com/repos/opencart/opencart/pulls/4275", "diff_url": "https://github.com/opencart/opencart/pull/4275.diff", "html_url": "https://github.com/opencart/opencart/pull/4275", "patch_url": "https://github.com/opencart/opencart/pull/4275.patch"}, "comments": 0, "state": "closed", "body": "fix issue reported in https://github.com/opencart/opencart/issues/4273\n", "labels_url": "https://api.github.com/repos/opencart/opencart/issues/4275/labels{/name}", "events_url": "https://api.github.com/repos/opencart/opencart/issues/4275/events", "comments_url": "https://api.github.com/repos/opencart/opencart/issues/4275/comments", "html_url": "https://github.com/opencart/opencart/pull/4275", "updated_at": "2016-04-21T09:32:32Z", "user": {"following_url": "https://api.github.com/users/pine3ree/following{/other_user}", "events_url": "https://api.github.com/users/pine3ree/events{/privacy}", "organizations_url": "https://api.github.com/users/pine3ree/orgs", "url": "https://api.github.com/users/pine3ree", "gists_url": "https://api.github.com/users/pine3ree/gists{/gist_id}", "html_url": "https://github.com/pine3ree", "subscriptions_url": "https://api.github.com/users/pine3ree/subscriptions", "avatar_url": "https://avatars.githubusercontent.com/u/3229979?v=3", "repos_url": "https://api.github.com/users/pine3ree/repos", "received_events_url": "https://api.github.com/users/pine3ree/received_events", "gravatar_id": "", "starred_url": "https://api.github.com/users/pine3ree/starred{/owner}{/repo}", "site_admin": false, "login": "pine3ree", "type": "User", "id": 3229979, "followers_url": "https://api.github.com/users/pine3ree/followers"}, "milestone": null, "locked": false, "url": "https://api.github.com/repos/opencart/opencart/issues/4275", "created_at": "2016-04-20T21:37:14Z", "assignees": []}, "id": 635879357}]