[{"commit_id": null, "commit_url": null, "url": "https://api.github.com/repos/opencart/opencart/issues/events/498153868", "created_at": "2015-12-22T05:22:13Z", "actor": {"following_url": "https://api.github.com/users/danielkerr/following{/other_user}", "events_url": "https://api.github.com/users/danielkerr/events{/privacy}", "organizations_url": "https://api.github.com/users/danielkerr/orgs", "url": "https://api.github.com/users/danielkerr", "gists_url": "https://api.github.com/users/danielkerr/gists{/gist_id}", "html_url": "https://github.com/danielkerr", "subscriptions_url": "https://api.github.com/users/danielkerr/subscriptions", "avatar_url": "https://avatars.githubusercontent.com/u/5079756?v=3", "repos_url": "https://api.github.com/users/danielkerr/repos", "received_events_url": "https://api.github.com/users/danielkerr/received_events", "gravatar_id": "", "starred_url": "https://api.github.com/users/danielkerr/starred{/owner}{/repo}", "site_admin": false, "login": "danielkerr", "type": "User", "id": 5079756, "followers_url": "https://api.github.com/users/danielkerr/followers"}, "event": "closed", "issue": {"body": "We can create a breadcrumbs controller with view, like header or footer and then use it. Or create library as pagination.\n", "labels": [], "locked": false, "title": "Duplicating code of breadcrumbs in every file", "url": "https://api.github.com/repos/opencart/opencart/issues/3753", "labels_url": "https://api.github.com/repos/opencart/opencart/issues/3753/labels{/name}", "created_at": "2015-12-21T12:27:30Z", "events_url": "https://api.github.com/repos/opencart/opencart/issues/3753/events", "comments_url": "https://api.github.com/repos/opencart/opencart/issues/3753/comments", "html_url": "https://github.com/opencart/opencart/issues/3753", "comments": 0, "number": 3753, "updated_at": "2015-12-22T05:22:13Z", "assignee": null, "state": "closed", "user": {"following_url": "https://api.github.com/users/artem328/following{/other_user}", "events_url": "https://api.github.com/users/artem328/events{/privacy}", "organizations_url": "https://api.github.com/users/artem328/orgs", "url": "https://api.github.com/users/artem328", "gists_url": "https://api.github.com/users/artem328/gists{/gist_id}", "html_url": "https://github.com/artem328", "subscriptions_url": "https://api.github.com/users/artem328/subscriptions", "avatar_url": "https://avatars.githubusercontent.com/u/8807891?v=3", "repos_url": "https://api.github.com/users/artem328/repos", "received_events_url": "https://api.github.com/users/artem328/received_events", "gravatar_id": "", "starred_url": "https://api.github.com/users/artem328/starred{/owner}{/repo}", "site_admin": false, "login": "artem328", "type": "User", "id": 8807891, "followers_url": "https://api.github.com/users/artem328/followers"}, "milestone": null, "repository_url": "https://api.github.com/repos/opencart/opencart", "closed_at": "2015-12-22T05:22:13Z", "assignees": [], "id": 123270438}, "id": 498153868}, {"commit_id": "8f704575a18842ccd23767521e8d5af043a53a38", "commit_url": "https://api.github.com/repos/savage4pro/opencart/commits/8f704575a18842ccd23767521e8d5af043a53a38", "url": "https://api.github.com/repos/opencart/opencart/issues/events/497866487", "created_at": "2015-12-21T21:16:32Z", "actor": {"following_url": "https://api.github.com/users/savage4pro/following{/other_user}", "events_url": "https://api.github.com/users/savage4pro/events{/privacy}", "organizations_url": "https://api.github.com/users/savage4pro/orgs", "url": "https://api.github.com/users/savage4pro", "gists_url": "https://api.github.com/users/savage4pro/gists{/gist_id}", "html_url": "https://github.com/savage4pro", "subscriptions_url": "https://api.github.com/users/savage4pro/subscriptions", "avatar_url": "https://avatars.githubusercontent.com/u/2621060?v=3", "repos_url": "https://api.github.com/users/savage4pro/repos", "received_events_url": "https://api.github.com/users/savage4pro/received_events", "gravatar_id": "", "starred_url": "https://api.github.com/users/savage4pro/starred{/owner}{/repo}", "site_admin": false, "login": "savage4pro", "type": "User", "id": 2621060, "followers_url": "https://api.github.com/users/savage4pro/followers"}, "event": "referenced", "issue": {"body": "Hi My first bug - only a minor one. When updating from 1.5.1.3 to 1.5.4.1 it would appear that the version number in the footer is not reflecting the newer version - have tried updating twice and same effect both times - using the default theme.\n", "labels": [], "locked": false, "title": "Footer version number not updated", "url": "https://api.github.com/repos/opencart/opencart/issues/188", "labels_url": "https://api.github.com/repos/opencart/opencart/issues/188/labels{/name}", "created_at": "2012-10-16T09:00:38Z", "events_url": "https://api.github.com/repos/opencart/opencart/issues/188/events", "comments_url": "https://api.github.com/repos/opencart/opencart/issues/188/comments", "html_url": "https://github.com/opencart/opencart/issues/188", "comments": 3, "number": 188, "updated_at": "2012-10-16T13:04:39Z", "assignee": null, "state": "closed", "user": {"following_url": "https://api.github.com/users/paulbarton/following{/other_user}", "events_url": "https://api.github.com/users/paulbarton/events{/privacy}", "organizations_url": "https://api.github.com/users/paulbarton/orgs", "url": "https://api.github.com/users/paulbarton", "gists_url": "https://api.github.com/users/paulbarton/gists{/gist_id}", "html_url": "https://github.com/paulbarton", "subscriptions_url": "https://api.github.com/users/paulbarton/subscriptions", "avatar_url": "https://avatars.githubusercontent.com/u/2571373?v=3", "repos_url": "https://api.github.com/users/paulbarton/repos", "received_events_url": "https://api.github.com/users/paulbarton/received_events", "gravatar_id": "", "starred_url": "https://api.github.com/users/paulbarton/starred{/owner}{/repo}", "site_admin": false, "login": "paulbarton", "type": "User", "id": 2571373, "followers_url": "https://api.github.com/users/paulbarton/followers"}, "milestone": null, "repository_url": "https://api.github.com/repos/opencart/opencart", "closed_at": "2012-10-16T10:57:56Z", "assignees": [], "id": 7617801}, "id": 497866487}, {"commit_id": null, "commit_url": null, "url": "https://api.github.com/repos/opencart/opencart/issues/events/496915505", "created_at": "2015-12-20T18:41:20Z", "actor": {"following_url": "https://api.github.com/users/danielkerr/following{/other_user}", "events_url": "https://api.github.com/users/danielkerr/events{/privacy}", "organizations_url": "https://api.github.com/users/danielkerr/orgs", "url": "https://api.github.com/users/danielkerr", "gists_url": "https://api.github.com/users/danielkerr/gists{/gist_id}", "html_url": "https://github.com/danielkerr", "subscriptions_url": "https://api.github.com/users/danielkerr/subscriptions", "avatar_url": "https://avatars.githubusercontent.com/u/5079756?v=3", "repos_url": "https://api.github.com/users/danielkerr/repos", "received_events_url": "https://api.github.com/users/danielkerr/received_events", "gravatar_id": "", "starred_url": "https://api.github.com/users/danielkerr/starred{/owner}{/repo}", "site_admin": false, "login": "danielkerr", "type": "User", "id": 5079756, "followers_url": "https://api.github.com/users/danielkerr/followers"}, "event": "closed", "issue": {"body": "**File:** catalog/contoller/common/seo_url.php\n**Error:** Array to string conversion in \".../catalog/contoller/common/seo_url.php\" on line 118\n**Actions:** Pass array variable using method \"GET\". For example: something[min]=0&something[max]=100\n\nFor solve this problem I used function \"http_build_query\" to transform array to string.\n\n``` php\n$query .= '&' . rawurlencode((string)$key) . '=' . rawurlencode((is_array($value) ? http_build_query($value) : (string)$value));\n```\n", "labels": [], "locked": false, "title": "Notice about array to string conversion in seo_url.php", "url": "https://api.github.com/repos/opencart/opencart/issues/3606", "labels_url": "https://api.github.com/repos/opencart/opencart/issues/3606/labels{/name}", "created_at": "2015-11-06T16:55:41Z", "events_url": "https://api.github.com/repos/opencart/opencart/issues/3606/events", "comments_url": "https://api.github.com/repos/opencart/opencart/issues/3606/comments", "html_url": "https://github.com/opencart/opencart/issues/3606", "comments": 0, "number": 3606, "updated_at": "2015-12-20T18:41:20Z", "assignee": null, "state": "closed", "user": {"following_url": "https://api.github.com/users/Qclanton/following{/other_user}", "events_url": "https://api.github.com/users/Qclanton/events{/privacy}", "organizations_url": "https://api.github.com/users/Qclanton/orgs", "url": "https://api.github.com/users/Qclanton", "gists_url": "https://api.github.com/users/Qclanton/gists{/gist_id}", "html_url": "https://github.com/Qclanton", "subscriptions_url": "https://api.github.com/users/Qclanton/subscriptions", "avatar_url": "https://avatars.githubusercontent.com/u/5018463?v=3", "repos_url": "https://api.github.com/users/Qclanton/repos", "received_events_url": "https://api.github.com/users/Qclanton/received_events", "gravatar_id": "", "starred_url": "https://api.github.com/users/Qclanton/starred{/owner}{/repo}", "site_admin": false, "login": "Qclanton", "type": "User", "id": 5018463, "followers_url": "https://api.github.com/users/Qclanton/followers"}, "milestone": null, "repository_url": "https://api.github.com/repos/opencart/opencart", "closed_at": "2015-12-20T18:41:20Z", "assignees": [], "id": 115545233}, "id": 496915505}, {"commit_id": null, "commit_url": null, "url": "https://api.github.com/repos/opencart/opencart/issues/events/496914558", "created_at": "2015-12-20T18:35:34Z", "actor": {"following_url": "https://api.github.com/users/danielkerr/following{/other_user}", "events_url": "https://api.github.com/users/danielkerr/events{/privacy}", "organizations_url": "https://api.github.com/users/danielkerr/orgs", "url": "https://api.github.com/users/danielkerr", "gists_url": "https://api.github.com/users/danielkerr/gists{/gist_id}", "html_url": "https://github.com/danielkerr", "subscriptions_url": "https://api.github.com/users/danielkerr/subscriptions", "avatar_url": "https://avatars.githubusercontent.com/u/5079756?v=3", "repos_url": "https://api.github.com/users/danielkerr/repos", "received_events_url": "https://api.github.com/users/danielkerr/received_events", "gravatar_id": "", "starred_url": "https://api.github.com/users/danielkerr/starred{/owner}{/repo}", "site_admin": false, "login": "danielkerr", "type": "User", "id": 5079756, "followers_url": "https://api.github.com/users/danielkerr/followers"}, "event": "closed", "issue": {"body": "Images with symbol # in name not show, OC 2.1.0.1\n", "labels": [], "locked": false, "title": "images with symbol # in name not show, OC 2.1.0.1", "url": "https://api.github.com/repos/opencart/opencart/issues/3751", "labels_url": "https://api.github.com/repos/opencart/opencart/issues/3751/labels{/name}", "created_at": "2015-12-20T13:37:27Z", "events_url": "https://api.github.com/repos/opencart/opencart/issues/3751/events", "comments_url": "https://api.github.com/repos/opencart/opencart/issues/3751/comments", "html_url": "https://github.com/opencart/opencart/issues/3751", "comments": 1, "number": 3751, "updated_at": "2015-12-20T18:35:34Z", "assignee": null, "state": "closed", "user": {"following_url": "https://api.github.com/users/maxinfosoft/following{/other_user}", "events_url": "https://api.github.com/users/maxinfosoft/events{/privacy}", "organizations_url": "https://api.github.com/users/maxinfosoft/orgs", "url": "https://api.github.com/users/maxinfosoft", "gists_url": "https://api.github.com/users/maxinfosoft/gists{/gist_id}", "html_url": "https://github.com/maxinfosoft", "subscriptions_url": "https://api.github.com/users/maxinfosoft/subscriptions", "avatar_url": "https://avatars.githubusercontent.com/u/10298175?v=3", "repos_url": "https://api.github.com/users/maxinfosoft/repos", "received_events_url": "https://api.github.com/users/maxinfosoft/received_events", "gravatar_id": "", "starred_url": "https://api.github.com/users/maxinfosoft/starred{/owner}{/repo}", "site_admin": false, "login": "maxinfosoft", "type": "User", "id": 10298175, "followers_url": "https://api.github.com/users/maxinfosoft/followers"}, "milestone": null, "repository_url": "https://api.github.com/repos/opencart/opencart", "closed_at": "2015-12-20T18:35:34Z", "assignees": [], "id": 123160135}, "id": 496914558}, {"commit_id": null, "commit_url": null, "url": "https://api.github.com/repos/opencart/opencart/issues/events/496914524", "created_at": "2015-12-20T18:35:21Z", "actor": {"following_url": "https://api.github.com/users/danielkerr/following{/other_user}", "events_url": "https://api.github.com/users/danielkerr/events{/privacy}", "organizations_url": "https://api.github.com/users/danielkerr/orgs", "url": "https://api.github.com/users/danielkerr", "gists_url": "https://api.github.com/users/danielkerr/gists{/gist_id}", "html_url": "https://github.com/danielkerr", "subscriptions_url": "https://api.github.com/users/danielkerr/subscriptions", "avatar_url": "https://avatars.githubusercontent.com/u/5079756?v=3", "repos_url": "https://api.github.com/users/danielkerr/repos", "received_events_url": "https://api.github.com/users/danielkerr/received_events", "gravatar_id": "", "starred_url": "https://api.github.com/users/danielkerr/starred{/owner}{/repo}", "site_admin": false, "login": "danielkerr", "type": "User", "id": 5079756, "followers_url": "https://api.github.com/users/danielkerr/followers"}, "event": "closed", "issue": {"body": "I decided to open this issue here, since didn't know the best place to start such discussion. I just wanted to understand why URL and labels (text) strings are generated in the controller and passed to the template view?\n\nCurrently, if I want to modify the link on my page, I am forced to modify the controller. This sorta defeats the purpose of MVC design pattern, where controller should be responsible for the business logic and not the static data in the view.\n\nWhat if we pass some context object to the template from the controller. In this context, we could pass stuff like url generator and language object. By doing so, when we need to modify the view (i.e. link or add extra text), we won't have to change the controller.\n", "labels": [], "locked": false, "title": "Discussion: Links and Labels for the View generated in Controller", "url": "https://api.github.com/repos/opencart/opencart/issues/3752", "labels_url": "https://api.github.com/repos/opencart/opencart/issues/3752/labels{/name}", "created_at": "2015-12-20T17:22:54Z", "events_url": "https://api.github.com/repos/opencart/opencart/issues/3752/events", "comments_url": "https://api.github.com/repos/opencart/opencart/issues/3752/comments", "html_url": "https://github.com/opencart/opencart/issues/3752", "comments": 1, "number": 3752, "updated_at": "2015-12-20T18:35:21Z", "assignee": null, "state": "closed", "user": {"following_url": "https://api.github.com/users/acheshko/following{/other_user}", "events_url": "https://api.github.com/users/acheshko/events{/privacy}", "organizations_url": "https://api.github.com/users/acheshko/orgs", "url": "https://api.github.com/users/acheshko", "gists_url": "https://api.github.com/users/acheshko/gists{/gist_id}", "html_url": "https://github.com/acheshko", "subscriptions_url": "https://api.github.com/users/acheshko/subscriptions", "avatar_url": "https://avatars.githubusercontent.com/u/14127397?v=3", "repos_url": "https://api.github.com/users/acheshko/repos", "received_events_url": "https://api.github.com/users/acheshko/received_events", "gravatar_id": "", "starred_url": "https://api.github.com/users/acheshko/starred{/owner}{/repo}", "site_admin": false, "login": "acheshko", "type": "User", "id": 14127397, "followers_url": "https://api.github.com/users/acheshko/followers"}, "milestone": null, "repository_url": "https://api.github.com/repos/opencart/opencart", "closed_at": "2015-12-20T18:35:21Z", "assignees": [], "id": 123172379}, "id": 496914524}, {"commit_id": null, "commit_url": null, "url": "https://api.github.com/repos/opencart/opencart/issues/events/496897212", "created_at": "2015-12-20T17:24:56Z", "actor": {"following_url": "https://api.github.com/users/maxinfosoft/following{/other_user}", "events_url": "https://api.github.com/users/maxinfosoft/events{/privacy}", "organizations_url": "https://api.github.com/users/maxinfosoft/orgs", "url": "https://api.github.com/users/maxinfosoft", "gists_url": "https://api.github.com/users/maxinfosoft/gists{/gist_id}", "html_url": "https://github.com/maxinfosoft", "subscriptions_url": "https://api.github.com/users/maxinfosoft/subscriptions", "avatar_url": "https://avatars.githubusercontent.com/u/10298175?v=3", "repos_url": "https://api.github.com/users/maxinfosoft/repos", "received_events_url": "https://api.github.com/users/maxinfosoft/received_events", "gravatar_id": "", "starred_url": "https://api.github.com/users/maxinfosoft/starred{/owner}{/repo}", "site_admin": false, "login": "maxinfosoft", "type": "User", "id": 10298175, "followers_url": "https://api.github.com/users/maxinfosoft/followers"}, "event": "subscribed", "issue": {"body": "Images with symbol # in name not show, OC 2.1.0.1\n", "labels": [], "locked": false, "title": "images with symbol # in name not show, OC 2.1.0.1", "url": "https://api.github.com/repos/opencart/opencart/issues/3751", "labels_url": "https://api.github.com/repos/opencart/opencart/issues/3751/labels{/name}", "created_at": "2015-12-20T13:37:27Z", "events_url": "https://api.github.com/repos/opencart/opencart/issues/3751/events", "comments_url": "https://api.github.com/repos/opencart/opencart/issues/3751/comments", "html_url": "https://github.com/opencart/opencart/issues/3751", "comments": 1, "number": 3751, "updated_at": "2015-12-20T18:35:34Z", "assignee": null, "state": "closed", "user": {"following_url": "https://api.github.com/users/maxinfosoft/following{/other_user}", "events_url": "https://api.github.com/users/maxinfosoft/events{/privacy}", "organizations_url": "https://api.github.com/users/maxinfosoft/orgs", "url": "https://api.github.com/users/maxinfosoft", "gists_url": "https://api.github.com/users/maxinfosoft/gists{/gist_id}", "html_url": "https://github.com/maxinfosoft", "subscriptions_url": "https://api.github.com/users/maxinfosoft/subscriptions", "avatar_url": "https://avatars.githubusercontent.com/u/10298175?v=3", "repos_url": "https://api.github.com/users/maxinfosoft/repos", "received_events_url": "https://api.github.com/users/maxinfosoft/received_events", "gravatar_id": "", "starred_url": "https://api.github.com/users/maxinfosoft/starred{/owner}{/repo}", "site_admin": false, "login": "maxinfosoft", "type": "User", "id": 10298175, "followers_url": "https://api.github.com/users/maxinfosoft/followers"}, "milestone": null, "repository_url": "https://api.github.com/repos/opencart/opencart", "closed_at": "2015-12-20T18:35:34Z", "assignees": [], "id": 123160135}, "id": 496897212}, {"commit_id": null, "commit_url": null, "url": "https://api.github.com/repos/opencart/opencart/issues/events/496897211", "created_at": "2015-12-20T17:24:56Z", "actor": {"following_url": "https://api.github.com/users/maxinfosoft/following{/other_user}", "events_url": "https://api.github.com/users/maxinfosoft/events{/privacy}", "organizations_url": "https://api.github.com/users/maxinfosoft/orgs", "url": "https://api.github.com/users/maxinfosoft", "gists_url": "https://api.github.com/users/maxinfosoft/gists{/gist_id}", "html_url": "https://github.com/maxinfosoft", "subscriptions_url": "https://api.github.com/users/maxinfosoft/subscriptions", "avatar_url": "https://avatars.githubusercontent.com/u/10298175?v=3", "repos_url": "https://api.github.com/users/maxinfosoft/repos", "received_events_url": "https://api.github.com/users/maxinfosoft/received_events", "gravatar_id": "", "starred_url": "https://api.github.com/users/maxinfosoft/starred{/owner}{/repo}", "site_admin": false, "login": "maxinfosoft", "type": "User", "id": 10298175, "followers_url": "https://api.github.com/users/maxinfosoft/followers"}, "event": "mentioned", "issue": {"body": "Images with symbol # in name not show, OC 2.1.0.1\n", "labels": [], "locked": false, "title": "images with symbol # in name not show, OC 2.1.0.1", "url": "https://api.github.com/repos/opencart/opencart/issues/3751", "labels_url": "https://api.github.com/repos/opencart/opencart/issues/3751/labels{/name}", "created_at": "2015-12-20T13:37:27Z", "events_url": "https://api.github.com/repos/opencart/opencart/issues/3751/events", "comments_url": "https://api.github.com/repos/opencart/opencart/issues/3751/comments", "html_url": "https://github.com/opencart/opencart/issues/3751", "comments": 1, "number": 3751, "updated_at": "2015-12-20T18:35:34Z", "assignee": null, "state": "closed", "user": {"following_url": "https://api.github.com/users/maxinfosoft/following{/other_user}", "events_url": "https://api.github.com/users/maxinfosoft/events{/privacy}", "organizations_url": "https://api.github.com/users/maxinfosoft/orgs", "url": "https://api.github.com/users/maxinfosoft", "gists_url": "https://api.github.com/users/maxinfosoft/gists{/gist_id}", "html_url": "https://github.com/maxinfosoft", "subscriptions_url": "https://api.github.com/users/maxinfosoft/subscriptions", "avatar_url": "https://avatars.githubusercontent.com/u/10298175?v=3", "repos_url": "https://api.github.com/users/maxinfosoft/repos", "received_events_url": "https://api.github.com/users/maxinfosoft/received_events", "gravatar_id": "", "starred_url": "https://api.github.com/users/maxinfosoft/starred{/owner}{/repo}", "site_admin": false, "login": "maxinfosoft", "type": "User", "id": 10298175, "followers_url": "https://api.github.com/users/maxinfosoft/followers"}, "milestone": null, "repository_url": "https://api.github.com/repos/opencart/opencart", "closed_at": "2015-12-20T18:35:34Z", "assignees": [], "id": 123160135}, "id": 496897211}, {"commit_id": null, "commit_url": null, "url": "https://api.github.com/repos/opencart/opencart/issues/events/496639651", "created_at": "2015-12-19T20:23:46Z", "actor": {"following_url": "https://api.github.com/users/jamesallsup/following{/other_user}", "events_url": "https://api.github.com/users/jamesallsup/events{/privacy}", "organizations_url": "https://api.github.com/users/jamesallsup/orgs", "url": "https://api.github.com/users/jamesallsup", "gists_url": "https://api.github.com/users/jamesallsup/gists{/gist_id}", "html_url": "https://github.com/jamesallsup", "subscriptions_url": "https://api.github.com/users/jamesallsup/subscriptions", "avatar_url": "https://avatars.githubusercontent.com/u/2026129?v=3", "repos_url": "https://api.github.com/users/jamesallsup/repos", "received_events_url": "https://api.github.com/users/jamesallsup/received_events", "gravatar_id": "", "starred_url": "https://api.github.com/users/jamesallsup/starred{/owner}{/repo}", "site_admin": false, "login": "jamesallsup", "type": "User", "id": 2026129, "followers_url": "https://api.github.com/users/jamesallsup/followers"}, "event": "closed", "issue": {"body": "Why are the 2 config.php files (root-dir and /admin) set-up so badly? We should have a single definition for the `ROOT_PATH` or whatever the name should be, which is then used for the other definitions.\n\nWe dont have to edit every single line in the config.php this way, when we are changing server setup.\n\nIn other words: an opencart installation should have less references to the actual installation directory.\n", "labels": [], "locked": false, "title": "Config.php bad setup", "url": "https://api.github.com/repos/opencart/opencart/issues/3749", "labels_url": "https://api.github.com/repos/opencart/opencart/issues/3749/labels{/name}", "created_at": "2015-12-19T16:05:09Z", "events_url": "https://api.github.com/repos/opencart/opencart/issues/3749/events", "comments_url": "https://api.github.com/repos/opencart/opencart/issues/3749/comments", "html_url": "https://github.com/opencart/opencart/issues/3749", "comments": 1, "number": 3749, "updated_at": "2015-12-19T20:23:46Z", "assignee": null, "state": "closed", "user": {"following_url": "https://api.github.com/users/Bertuzb/following{/other_user}", "events_url": "https://api.github.com/users/Bertuzb/events{/privacy}", "organizations_url": "https://api.github.com/users/Bertuzb/orgs", "url": "https://api.github.com/users/Bertuzb", "gists_url": "https://api.github.com/users/Bertuzb/gists{/gist_id}", "html_url": "https://github.com/Bertuzb", "subscriptions_url": "https://api.github.com/users/Bertuzb/subscriptions", "avatar_url": "https://avatars.githubusercontent.com/u/10498595?v=3", "repos_url": "https://api.github.com/users/Bertuzb/repos", "received_events_url": "https://api.github.com/users/Bertuzb/received_events", "gravatar_id": "", "starred_url": "https://api.github.com/users/Bertuzb/starred{/owner}{/repo}", "site_admin": false, "login": "Bertuzb", "type": "User", "id": 10498595, "followers_url": "https://api.github.com/users/Bertuzb/followers"}, "milestone": null, "repository_url": "https://api.github.com/repos/opencart/opencart", "closed_at": "2015-12-19T20:23:46Z", "assignees": [], "id": 123094761}, "id": 496639651}, {"commit_id": null, "commit_url": null, "url": "https://api.github.com/repos/opencart/opencart/issues/events/496517636", "created_at": "2015-12-19T11:10:52Z", "actor": {"following_url": "https://api.github.com/users/newerton/following{/other_user}", "events_url": "https://api.github.com/users/newerton/events{/privacy}", "organizations_url": "https://api.github.com/users/newerton/orgs", "url": "https://api.github.com/users/newerton", "gists_url": "https://api.github.com/users/newerton/gists{/gist_id}", "html_url": "https://github.com/newerton", "subscriptions_url": "https://api.github.com/users/newerton/subscriptions", "avatar_url": "https://avatars.githubusercontent.com/u/4175945?v=3", "repos_url": "https://api.github.com/users/newerton/repos", "received_events_url": "https://api.github.com/users/newerton/received_events", "gravatar_id": "", "starred_url": "https://api.github.com/users/newerton/starred{/owner}{/repo}", "site_admin": false, "login": "newerton", "type": "User", "id": 4175945, "followers_url": "https://api.github.com/users/newerton/followers"}, "event": "head_ref_deleted", "issue": {"labels": [], "number": 3747, "assignee": null, "repository_url": "https://api.github.com/repos/opencart/opencart", "closed_at": "2015-12-19T00:08:31Z", "id": 122962386, "title": "Update header.tpl", "pull_request": {"url": "https://api.github.com/repos/opencart/opencart/pulls/3747", "diff_url": "https://github.com/opencart/opencart/pull/3747.diff", "html_url": "https://github.com/opencart/opencart/pull/3747", "patch_url": "https://github.com/opencart/opencart/pull/3747.patch"}, "comments": 3, "state": "closed", "body": "Searching script only for the header\n", "labels_url": "https://api.github.com/repos/opencart/opencart/issues/3747/labels{/name}", "events_url": "https://api.github.com/repos/opencart/opencart/issues/3747/events", "comments_url": "https://api.github.com/repos/opencart/opencart/issues/3747/comments", "html_url": "https://github.com/opencart/opencart/pull/3747", "updated_at": "2015-12-19T11:10:52Z", "user": {"following_url": "https://api.github.com/users/newerton/following{/other_user}", "events_url": "https://api.github.com/users/newerton/events{/privacy}", "organizations_url": "https://api.github.com/users/newerton/orgs", "url": "https://api.github.com/users/newerton", "gists_url": "https://api.github.com/users/newerton/gists{/gist_id}", "html_url": "https://github.com/newerton", "subscriptions_url": "https://api.github.com/users/newerton/subscriptions", "avatar_url": "https://avatars.githubusercontent.com/u/4175945?v=3", "repos_url": "https://api.github.com/users/newerton/repos", "received_events_url": "https://api.github.com/users/newerton/received_events", "gravatar_id": "", "starred_url": "https://api.github.com/users/newerton/starred{/owner}{/repo}", "site_admin": false, "login": "newerton", "type": "User", "id": 4175945, "followers_url": "https://api.github.com/users/newerton/followers"}, "milestone": null, "locked": false, "url": "https://api.github.com/repos/opencart/opencart/issues/3747", "created_at": "2015-12-18T14:55:08Z", "assignees": []}, "id": 496517636}, {"commit_id": null, "commit_url": null, "url": "https://api.github.com/repos/opencart/opencart/issues/events/496471043", "created_at": "2015-12-19T07:05:48Z", "actor": {"following_url": "https://api.github.com/users/danielkerr/following{/other_user}", "events_url": "https://api.github.com/users/danielkerr/events{/privacy}", "organizations_url": "https://api.github.com/users/danielkerr/orgs", "url": "https://api.github.com/users/danielkerr", "gists_url": "https://api.github.com/users/danielkerr/gists{/gist_id}", "html_url": "https://github.com/danielkerr", "subscriptions_url": "https://api.github.com/users/danielkerr/subscriptions", "avatar_url": "https://avatars.githubusercontent.com/u/5079756?v=3", "repos_url": "https://api.github.com/users/danielkerr/repos", "received_events_url": "https://api.github.com/users/danielkerr/received_events", "gravatar_id": "", "starred_url": "https://api.github.com/users/danielkerr/starred{/owner}{/repo}", "site_admin": false, "login": "danielkerr", "type": "User", "id": 5079756, "followers_url": "https://api.github.com/users/danielkerr/followers"}, "event": "closed", "issue": {"body": "When delete return status and table return_history the empty\nI see: Undefined index: total in \\admin\\model\\sale\\return.php on line 234\n", "labels": [], "locked": false, "title": "delete return status bug", "url": "https://api.github.com/repos/opencart/opencart/issues/3531", "labels_url": "https://api.github.com/repos/opencart/opencart/issues/3531/labels{/name}", "created_at": "2015-10-21T07:02:28Z", "events_url": "https://api.github.com/repos/opencart/opencart/issues/3531/events", "comments_url": "https://api.github.com/repos/opencart/opencart/issues/3531/comments", "html_url": "https://github.com/opencart/opencart/issues/3531", "comments": 6, "number": 3531, "updated_at": "2015-12-19T07:05:48Z", "assignee": null, "state": "closed", "user": {"following_url": "https://api.github.com/users/opencart-russia/following{/other_user}", "events_url": "https://api.github.com/users/opencart-russia/events{/privacy}", "organizations_url": "https://api.github.com/users/opencart-russia/orgs", "url": "https://api.github.com/users/opencart-russia", "gists_url": "https://api.github.com/users/opencart-russia/gists{/gist_id}", "html_url": "https://github.com/opencart-russia", "subscriptions_url": "https://api.github.com/users/opencart-russia/subscriptions", "avatar_url": "https://avatars.githubusercontent.com/u/7591442?v=3", "repos_url": "https://api.github.com/users/opencart-russia/repos", "received_events_url": "https://api.github.com/users/opencart-russia/received_events", "gravatar_id": "", "starred_url": "https://api.github.com/users/opencart-russia/starred{/owner}{/repo}", "site_admin": false, "login": "opencart-russia", "type": "User", "id": 7591442, "followers_url": "https://api.github.com/users/opencart-russia/followers"}, "milestone": null, "repository_url": "https://api.github.com/repos/opencart/opencart", "closed_at": "2015-12-19T07:05:48Z", "assignees": [], "id": 112524418}, "id": 496471043}, {"commit_id": null, "commit_url": null, "url": "https://api.github.com/repos/opencart/opencart/issues/events/496367771", "created_at": "2015-12-19T00:08:31Z", "actor": {"following_url": "https://api.github.com/users/newerton/following{/other_user}", "events_url": "https://api.github.com/users/newerton/events{/privacy}", "organizations_url": "https://api.github.com/users/newerton/orgs", "url": "https://api.github.com/users/newerton", "gists_url": "https://api.github.com/users/newerton/gists{/gist_id}", "html_url": "https://github.com/newerton", "subscriptions_url": "https://api.github.com/users/newerton/subscriptions", "avatar_url": "https://avatars.githubusercontent.com/u/4175945?v=3", "repos_url": "https://api.github.com/users/newerton/repos", "received_events_url": "https://api.github.com/users/newerton/received_events", "gravatar_id": "", "starred_url": "https://api.github.com/users/newerton/starred{/owner}{/repo}", "site_admin": false, "login": "newerton", "type": "User", "id": 4175945, "followers_url": "https://api.github.com/users/newerton/followers"}, "event": "closed", "issue": {"labels": [], "number": 3747, "assignee": null, "repository_url": "https://api.github.com/repos/opencart/opencart", "closed_at": "2015-12-19T00:08:31Z", "id": 122962386, "title": "Update header.tpl", "pull_request": {"url": "https://api.github.com/repos/opencart/opencart/pulls/3747", "diff_url": "https://github.com/opencart/opencart/pull/3747.diff", "html_url": "https://github.com/opencart/opencart/pull/3747", "patch_url": "https://github.com/opencart/opencart/pull/3747.patch"}, "comments": 3, "state": "closed", "body": "Searching script only for the header\n", "labels_url": "https://api.github.com/repos/opencart/opencart/issues/3747/labels{/name}", "events_url": "https://api.github.com/repos/opencart/opencart/issues/3747/events", "comments_url": "https://api.github.com/repos/opencart/opencart/issues/3747/comments", "html_url": "https://github.com/opencart/opencart/pull/3747", "updated_at": "2015-12-19T11:10:52Z", "user": {"following_url": "https://api.github.com/users/newerton/following{/other_user}", "events_url": "https://api.github.com/users/newerton/events{/privacy}", "organizations_url": "https://api.github.com/users/newerton/orgs", "url": "https://api.github.com/users/newerton", "gists_url": "https://api.github.com/users/newerton/gists{/gist_id}", "html_url": "https://github.com/newerton", "subscriptions_url": "https://api.github.com/users/newerton/subscriptions", "avatar_url": "https://avatars.githubusercontent.com/u/4175945?v=3", "repos_url": "https://api.github.com/users/newerton/repos", "received_events_url": "https://api.github.com/users/newerton/received_events", "gravatar_id": "", "starred_url": "https://api.github.com/users/newerton/starred{/owner}{/repo}", "site_admin": false, "login": "newerton", "type": "User", "id": 4175945, "followers_url": "https://api.github.com/users/newerton/followers"}, "milestone": null, "locked": false, "url": "https://api.github.com/repos/opencart/opencart/issues/3747", "created_at": "2015-12-18T14:55:08Z", "assignees": []}, "id": 496367771}, {"commit_id": null, "commit_url": null, "url": "https://api.github.com/repos/opencart/opencart/issues/events/495809656", "created_at": "2015-12-18T13:13:37Z", "actor": {"following_url": "https://api.github.com/users/danielkerr/following{/other_user}", "events_url": "https://api.github.com/users/danielkerr/events{/privacy}", "organizations_url": "https://api.github.com/users/danielkerr/orgs", "url": "https://api.github.com/users/danielkerr", "gists_url": "https://api.github.com/users/danielkerr/gists{/gist_id}", "html_url": "https://github.com/danielkerr", "subscriptions_url": "https://api.github.com/users/danielkerr/subscriptions", "avatar_url": "https://avatars.githubusercontent.com/u/5079756?v=3", "repos_url": "https://api.github.com/users/danielkerr/repos", "received_events_url": "https://api.github.com/users/danielkerr/received_events", "gravatar_id": "", "starred_url": "https://api.github.com/users/danielkerr/starred{/owner}{/repo}", "site_admin": false, "login": "danielkerr", "type": "User", "id": 5079756, "followers_url": "https://api.github.com/users/danielkerr/followers"}, "event": "closed", "issue": {"labels": [], "number": 3745, "assignee": null, "repository_url": "https://api.github.com/repos/opencart/opencart", "closed_at": "2015-12-18T13:13:37Z", "id": 122765337, "title": "[product.tpl] Customer Name in Review Name Field", "pull_request": {"url": "https://api.github.com/repos/opencart/opencart/pulls/3745", "diff_url": "https://github.com/opencart/opencart/pull/3745.diff", "html_url": "https://github.com/opencart/opencart/pull/3745", "patch_url": "https://github.com/opencart/opencart/pull/3745.patch"}, "comments": 0, "state": "closed", "body": "Added customer_name variable to review name field in template file.  customer_name was already defined within the controller file.\n", "labels_url": "https://api.github.com/repos/opencart/opencart/issues/3745/labels{/name}", "events_url": "https://api.github.com/repos/opencart/opencart/issues/3745/events", "comments_url": "https://api.github.com/repos/opencart/opencart/issues/3745/comments", "html_url": "https://github.com/opencart/opencart/pull/3745", "updated_at": "2015-12-18T13:13:37Z", "user": {"following_url": "https://api.github.com/users/OpenCartAddons/following{/other_user}", "events_url": "https://api.github.com/users/OpenCartAddons/events{/privacy}", "organizations_url": "https://api.github.com/users/OpenCartAddons/orgs", "url": "https://api.github.com/users/OpenCartAddons", "gists_url": "https://api.github.com/users/OpenCartAddons/gists{/gist_id}", "html_url": "https://github.com/OpenCartAddons", "subscriptions_url": "https://api.github.com/users/OpenCartAddons/subscriptions", "avatar_url": "https://avatars.githubusercontent.com/u/5317545?v=3", "repos_url": "https://api.github.com/users/OpenCartAddons/repos", "received_events_url": "https://api.github.com/users/OpenCartAddons/received_events", "gravatar_id": "", "starred_url": "https://api.github.com/users/OpenCartAddons/starred{/owner}{/repo}", "site_admin": false, "login": "OpenCartAddons", "type": "User", "id": 5317545, "followers_url": "https://api.github.com/users/OpenCartAddons/followers"}, "milestone": null, "locked": false, "url": "https://api.github.com/repos/opencart/opencart/issues/3745", "created_at": "2015-12-17T16:04:53Z", "assignees": []}, "id": 495809656}, {"commit_id": "5a3314e8832439303aede768bb9c907eff1fc3f1", "commit_url": "https://api.github.com/repos/opencart/opencart/commits/5a3314e8832439303aede768bb9c907eff1fc3f1", "url": "https://api.github.com/repos/opencart/opencart/issues/events/495809655", "created_at": "2015-12-18T13:13:37Z", "actor": {"following_url": "https://api.github.com/users/danielkerr/following{/other_user}", "events_url": "https://api.github.com/users/danielkerr/events{/privacy}", "organizations_url": "https://api.github.com/users/danielkerr/orgs", "url": "https://api.github.com/users/danielkerr", "gists_url": "https://api.github.com/users/danielkerr/gists{/gist_id}", "html_url": "https://github.com/danielkerr", "subscriptions_url": "https://api.github.com/users/danielkerr/subscriptions", "avatar_url": "https://avatars.githubusercontent.com/u/5079756?v=3", "repos_url": "https://api.github.com/users/danielkerr/repos", "received_events_url": "https://api.github.com/users/danielkerr/received_events", "gravatar_id": "", "starred_url": "https://api.github.com/users/danielkerr/starred{/owner}{/repo}", "site_admin": false, "login": "danielkerr", "type": "User", "id": 5079756, "followers_url": "https://api.github.com/users/danielkerr/followers"}, "event": "merged", "issue": {"labels": [], "number": 3745, "assignee": null, "repository_url": "https://api.github.com/repos/opencart/opencart", "closed_at": "2015-12-18T13:13:37Z", "id": 122765337, "title": "[product.tpl] Customer Name in Review Name Field", "pull_request": {"url": "https://api.github.com/repos/opencart/opencart/pulls/3745", "diff_url": "https://github.com/opencart/opencart/pull/3745.diff", "html_url": "https://github.com/opencart/opencart/pull/3745", "patch_url": "https://github.com/opencart/opencart/pull/3745.patch"}, "comments": 0, "state": "closed", "body": "Added customer_name variable to review name field in template file.  customer_name was already defined within the controller file.\n", "labels_url": "https://api.github.com/repos/opencart/opencart/issues/3745/labels{/name}", "events_url": "https://api.github.com/repos/opencart/opencart/issues/3745/events", "comments_url": "https://api.github.com/repos/opencart/opencart/issues/3745/comments", "html_url": "https://github.com/opencart/opencart/pull/3745", "updated_at": "2015-12-18T13:13:37Z", "user": {"following_url": "https://api.github.com/users/OpenCartAddons/following{/other_user}", "events_url": "https://api.github.com/users/OpenCartAddons/events{/privacy}", "organizations_url": "https://api.github.com/users/OpenCartAddons/orgs", "url": "https://api.github.com/users/OpenCartAddons", "gists_url": "https://api.github.com/users/OpenCartAddons/gists{/gist_id}", "html_url": "https://github.com/OpenCartAddons", "subscriptions_url": "https://api.github.com/users/OpenCartAddons/subscriptions", "avatar_url": "https://avatars.githubusercontent.com/u/5317545?v=3", "repos_url": "https://api.github.com/users/OpenCartAddons/repos", "received_events_url": "https://api.github.com/users/OpenCartAddons/received_events", "gravatar_id": "", "starred_url": "https://api.github.com/users/OpenCartAddons/starred{/owner}{/repo}", "site_admin": false, "login": "OpenCartAddons", "type": "User", "id": 5317545, "followers_url": "https://api.github.com/users/OpenCartAddons/followers"}, "milestone": null, "locked": false, "url": "https://api.github.com/repos/opencart/opencart/issues/3745", "created_at": "2015-12-17T16:04:53Z", "assignees": []}, "id": 495809655}, {"commit_id": "5a3314e8832439303aede768bb9c907eff1fc3f1", "commit_url": "https://api.github.com/repos/opencart/opencart/commits/5a3314e8832439303aede768bb9c907eff1fc3f1", "url": "https://api.github.com/repos/opencart/opencart/issues/events/495809654", "created_at": "2015-12-18T13:13:37Z", "actor": {"following_url": "https://api.github.com/users/danielkerr/following{/other_user}", "events_url": "https://api.github.com/users/danielkerr/events{/privacy}", "organizations_url": "https://api.github.com/users/danielkerr/orgs", "url": "https://api.github.com/users/danielkerr", "gists_url": "https://api.github.com/users/danielkerr/gists{/gist_id}", "html_url": "https://github.com/danielkerr", "subscriptions_url": "https://api.github.com/users/danielkerr/subscriptions", "avatar_url": "https://avatars.githubusercontent.com/u/5079756?v=3", "repos_url": "https://api.github.com/users/danielkerr/repos", "received_events_url": "https://api.github.com/users/danielkerr/received_events", "gravatar_id": "", "starred_url": "https://api.github.com/users/danielkerr/starred{/owner}{/repo}", "site_admin": false, "login": "danielkerr", "type": "User", "id": 5079756, "followers_url": "https://api.github.com/users/danielkerr/followers"}, "event": "referenced", "issue": {"labels": [], "number": 3745, "assignee": null, "repository_url": "https://api.github.com/repos/opencart/opencart", "closed_at": "2015-12-18T13:13:37Z", "id": 122765337, "title": "[product.tpl] Customer Name in Review Name Field", "pull_request": {"url": "https://api.github.com/repos/opencart/opencart/pulls/3745", "diff_url": "https://github.com/opencart/opencart/pull/3745.diff", "html_url": "https://github.com/opencart/opencart/pull/3745", "patch_url": "https://github.com/opencart/opencart/pull/3745.patch"}, "comments": 0, "state": "closed", "body": "Added customer_name variable to review name field in template file.  customer_name was already defined within the controller file.\n", "labels_url": "https://api.github.com/repos/opencart/opencart/issues/3745/labels{/name}", "events_url": "https://api.github.com/repos/opencart/opencart/issues/3745/events", "comments_url": "https://api.github.com/repos/opencart/opencart/issues/3745/comments", "html_url": "https://github.com/opencart/opencart/pull/3745", "updated_at": "2015-12-18T13:13:37Z", "user": {"following_url": "https://api.github.com/users/OpenCartAddons/following{/other_user}", "events_url": "https://api.github.com/users/OpenCartAddons/events{/privacy}", "organizations_url": "https://api.github.com/users/OpenCartAddons/orgs", "url": "https://api.github.com/users/OpenCartAddons", "gists_url": "https://api.github.com/users/OpenCartAddons/gists{/gist_id}", "html_url": "https://github.com/OpenCartAddons", "subscriptions_url": "https://api.github.com/users/OpenCartAddons/subscriptions", "avatar_url": "https://avatars.githubusercontent.com/u/5317545?v=3", "repos_url": "https://api.github.com/users/OpenCartAddons/repos", "received_events_url": "https://api.github.com/users/OpenCartAddons/received_events", "gravatar_id": "", "starred_url": "https://api.github.com/users/OpenCartAddons/starred{/owner}{/repo}", "site_admin": false, "login": "OpenCartAddons", "type": "User", "id": 5317545, "followers_url": "https://api.github.com/users/OpenCartAddons/followers"}, "milestone": null, "locked": false, "url": "https://api.github.com/repos/opencart/opencart/issues/3745", "created_at": "2015-12-17T16:04:53Z", "assignees": []}, "id": 495809654}, {"commit_id": null, "commit_url": null, "url": "https://api.github.com/repos/opencart/opencart/issues/events/495766583", "created_at": "2015-12-18T12:06:26Z", "actor": {"following_url": "https://api.github.com/users/danielkerr/following{/other_user}", "events_url": "https://api.github.com/users/danielkerr/events{/privacy}", "organizations_url": "https://api.github.com/users/danielkerr/orgs", "url": "https://api.github.com/users/danielkerr", "gists_url": "https://api.github.com/users/danielkerr/gists{/gist_id}", "html_url": "https://github.com/danielkerr", "subscriptions_url": "https://api.github.com/users/danielkerr/subscriptions", "avatar_url": "https://avatars.githubusercontent.com/u/5079756?v=3", "repos_url": "https://api.github.com/users/danielkerr/repos", "received_events_url": "https://api.github.com/users/danielkerr/received_events", "gravatar_id": "", "starred_url": "https://api.github.com/users/danielkerr/starred{/owner}{/repo}", "site_admin": false, "login": "danielkerr", "type": "User", "id": 5079756, "followers_url": "https://api.github.com/users/danielkerr/followers"}, "event": "closed", "issue": {"body": "Did a clean install of Opencart 2.1.01 and when I log into the Admin dashboard, it is all jumbled up and unreadable.  Last time I saw this, it had something to do with the stylesheet in admin but not sure if its the same thing or is the config has a wrong path.  Cannot tell\n![screenhunter_43 dec 17 22 35](https://cloud.githubusercontent.com/assets/4172595/11888705/ba8323c2-a50e-11e5-8d1c-1ad7c6b5d5ae.jpg)\n", "labels": [], "locked": false, "title": "Admin Dashboard is all jumbled up", "url": "https://api.github.com/repos/opencart/opencart/issues/3746", "labels_url": "https://api.github.com/repos/opencart/opencart/issues/3746/labels{/name}", "created_at": "2015-12-18T03:37:29Z", "events_url": "https://api.github.com/repos/opencart/opencart/issues/3746/events", "comments_url": "https://api.github.com/repos/opencart/opencart/issues/3746/comments", "html_url": "https://github.com/opencart/opencart/issues/3746", "comments": 1, "number": 3746, "updated_at": "2015-12-18T12:06:26Z", "assignee": null, "state": "closed", "user": {"following_url": "https://api.github.com/users/caliberfitness/following{/other_user}", "events_url": "https://api.github.com/users/caliberfitness/events{/privacy}", "organizations_url": "https://api.github.com/users/caliberfitness/orgs", "url": "https://api.github.com/users/caliberfitness", "gists_url": "https://api.github.com/users/caliberfitness/gists{/gist_id}", "html_url": "https://github.com/caliberfitness", "subscriptions_url": "https://api.github.com/users/caliberfitness/subscriptions", "avatar_url": "https://avatars.githubusercontent.com/u/4172595?v=3", "repos_url": "https://api.github.com/users/caliberfitness/repos", "received_events_url": "https://api.github.com/users/caliberfitness/received_events", "gravatar_id": "", "starred_url": "https://api.github.com/users/caliberfitness/starred{/owner}{/repo}", "site_admin": false, "login": "caliberfitness", "type": "User", "id": 4172595, "followers_url": "https://api.github.com/users/caliberfitness/followers"}, "milestone": null, "repository_url": "https://api.github.com/repos/opencart/opencart", "closed_at": "2015-12-18T12:06:26Z", "assignees": [], "id": 122872673}, "id": 495766583}, {"commit_id": null, "commit_url": null, "url": "https://api.github.com/repos/opencart/opencart/issues/events/494878068", "created_at": "2015-12-17T16:31:20Z", "actor": {"following_url": "https://api.github.com/users/danielkerr/following{/other_user}", "events_url": "https://api.github.com/users/danielkerr/events{/privacy}", "organizations_url": "https://api.github.com/users/danielkerr/orgs", "url": "https://api.github.com/users/danielkerr", "gists_url": "https://api.github.com/users/danielkerr/gists{/gist_id}", "html_url": "https://github.com/danielkerr", "subscriptions_url": "https://api.github.com/users/danielkerr/subscriptions", "avatar_url": "https://avatars.githubusercontent.com/u/5079756?v=3", "repos_url": "https://api.github.com/users/danielkerr/repos", "received_events_url": "https://api.github.com/users/danielkerr/received_events", "gravatar_id": "", "starred_url": "https://api.github.com/users/danielkerr/starred{/owner}{/repo}", "site_admin": false, "login": "danielkerr", "type": "User", "id": 5079756, "followers_url": "https://api.github.com/users/danielkerr/followers"}, "event": "closed", "issue": {"body": "There is a missing \" in line 107 in style after 10%\n\n<p display: inline;>style=\"width: 10%<b style=\"color:red;\">\"</b>;</p>\n\n```\nhtml += '  <td class=\"text-right\" style=\"width: 10%;><input type=\"text\" name=\"banner_image[' + image_row + '][sort_order]\" value=\"\" placeholder=\"<?php echo $entry_sort_order; ?>\" class=\"form-control\" /></td>';\n```\n", "labels": [], "locked": false, "title": "Error in addImage() of banner_form.tpl (admin\\view\\template\\design)", "url": "https://api.github.com/repos/opencart/opencart/issues/3705", "labels_url": "https://api.github.com/repos/opencart/opencart/issues/3705/labels{/name}", "created_at": "2015-12-04T01:15:12Z", "events_url": "https://api.github.com/repos/opencart/opencart/issues/3705/events", "comments_url": "https://api.github.com/repos/opencart/opencart/issues/3705/comments", "html_url": "https://github.com/opencart/opencart/issues/3705", "comments": 3, "number": 3705, "updated_at": "2016-09-04T10:21:14Z", "assignee": null, "state": "closed", "user": {"following_url": "https://api.github.com/users/TuSKan/following{/other_user}", "events_url": "https://api.github.com/users/TuSKan/events{/privacy}", "organizations_url": "https://api.github.com/users/TuSKan/orgs", "url": "https://api.github.com/users/TuSKan", "gists_url": "https://api.github.com/users/TuSKan/gists{/gist_id}", "html_url": "https://github.com/TuSKan", "subscriptions_url": "https://api.github.com/users/TuSKan/subscriptions", "avatar_url": "https://avatars.githubusercontent.com/u/10839799?v=3", "repos_url": "https://api.github.com/users/TuSKan/repos", "received_events_url": "https://api.github.com/users/TuSKan/received_events", "gravatar_id": "", "starred_url": "https://api.github.com/users/TuSKan/starred{/owner}{/repo}", "site_admin": false, "login": "TuSKan", "type": "User", "id": 10839799, "followers_url": "https://api.github.com/users/TuSKan/followers"}, "milestone": null, "repository_url": "https://api.github.com/repos/opencart/opencart", "closed_at": "2015-12-17T16:31:20Z", "assignees": [], "id": 120310437}, "id": 494878068}, {"commit_id": null, "commit_url": null, "url": "https://api.github.com/repos/opencart/opencart/issues/events/494445788", "created_at": "2015-12-17T08:54:42Z", "actor": {"following_url": "https://api.github.com/users/danielkerr/following{/other_user}", "events_url": "https://api.github.com/users/danielkerr/events{/privacy}", "organizations_url": "https://api.github.com/users/danielkerr/orgs", "url": "https://api.github.com/users/danielkerr", "gists_url": "https://api.github.com/users/danielkerr/gists{/gist_id}", "html_url": "https://github.com/danielkerr", "subscriptions_url": "https://api.github.com/users/danielkerr/subscriptions", "avatar_url": "https://avatars.githubusercontent.com/u/5079756?v=3", "repos_url": "https://api.github.com/users/danielkerr/repos", "received_events_url": "https://api.github.com/users/danielkerr/received_events", "gravatar_id": "", "starred_url": "https://api.github.com/users/danielkerr/starred{/owner}{/repo}", "site_admin": false, "login": "danielkerr", "type": "User", "id": 5079756, "followers_url": "https://api.github.com/users/danielkerr/followers"}, "event": "closed", "issue": {"body": "As the number of your products grow, it's almost impossible to know what seo urls you've used before. Therefore, to prevent this problem, could an identifier be used in the url. E.g.: `myshop.com/some-sku/my-great-product` or `myshop.com/my-great-product-some-sku`\n\nHaving identifiers in seo friendly urls is not a bad thing.\n", "labels": [], "locked": false, "title": "Use a number identifier in the seo-friendly urls", "url": "https://api.github.com/repos/opencart/opencart/issues/3671", "labels_url": "https://api.github.com/repos/opencart/opencart/issues/3671/labels{/name}", "created_at": "2015-11-26T18:44:02Z", "events_url": "https://api.github.com/repos/opencart/opencart/issues/3671/events", "comments_url": "https://api.github.com/repos/opencart/opencart/issues/3671/comments", "html_url": "https://github.com/opencart/opencart/issues/3671", "comments": 0, "number": 3671, "updated_at": "2015-12-17T08:54:42Z", "assignee": null, "state": "closed", "user": {"following_url": "https://api.github.com/users/ChangePlaces/following{/other_user}", "events_url": "https://api.github.com/users/ChangePlaces/events{/privacy}", "organizations_url": "https://api.github.com/users/ChangePlaces/orgs", "url": "https://api.github.com/users/ChangePlaces", "gists_url": "https://api.github.com/users/ChangePlaces/gists{/gist_id}", "html_url": "https://github.com/ChangePlaces", "subscriptions_url": "https://api.github.com/users/ChangePlaces/subscriptions", "avatar_url": "https://avatars.githubusercontent.com/u/302031?v=3", "repos_url": "https://api.github.com/users/ChangePlaces/repos", "received_events_url": "https://api.github.com/users/ChangePlaces/received_events", "gravatar_id": "", "starred_url": "https://api.github.com/users/ChangePlaces/starred{/owner}{/repo}", "site_admin": false, "login": "ChangePlaces", "type": "User", "id": 302031, "followers_url": "https://api.github.com/users/ChangePlaces/followers"}, "milestone": null, "repository_url": "https://api.github.com/repos/opencart/opencart", "closed_at": "2015-12-17T08:54:42Z", "assignees": [], "id": 119091146}, "id": 494445788}, {"commit_id": null, "commit_url": null, "url": "https://api.github.com/repos/opencart/opencart/issues/events/494218337", "created_at": "2015-12-17T02:04:09Z", "actor": {"following_url": "https://api.github.com/users/danielkerr/following{/other_user}", "events_url": "https://api.github.com/users/danielkerr/events{/privacy}", "organizations_url": "https://api.github.com/users/danielkerr/orgs", "url": "https://api.github.com/users/danielkerr", "gists_url": "https://api.github.com/users/danielkerr/gists{/gist_id}", "html_url": "https://github.com/danielkerr", "subscriptions_url": "https://api.github.com/users/danielkerr/subscriptions", "avatar_url": "https://avatars.githubusercontent.com/u/5079756?v=3", "repos_url": "https://api.github.com/users/danielkerr/repos", "received_events_url": "https://api.github.com/users/danielkerr/received_events", "gravatar_id": "", "starred_url": "https://api.github.com/users/danielkerr/starred{/owner}{/repo}", "site_admin": false, "login": "danielkerr", "type": "User", "id": 5079756, "followers_url": "https://api.github.com/users/danielkerr/followers"}, "event": "closed", "issue": {"body": "In admin product model in line 29 is this query necessary? If is necessary there is an error in \", \" instead of \"AND\".\n\n```\n$this->db->query(\"DELETE FROM \" . DB_PREFIX . \"product_attribute WHERE product_id = '\" . (int)$product_id . \"' AND attribute_id = '\" . (int)$product_attribute['attribute_id'] . \"', language_id = '\" . (int)$language_id . \"'\");\n```\n\nshould be\n\n```\n$this->db->query(\"DELETE FROM \" . DB_PREFIX . \"product_attribute WHERE product_id = '\" . (int)$product_id . \"' AND attribute_id = '\" . (int)$product_attribute['attribute_id'] . \"' AND language_id = '\" . (int)$language_id . \"'\");\n```\n", "labels": [], "locked": false, "title": "Product attribute error", "url": "https://api.github.com/repos/opencart/opencart/issues/3706", "labels_url": "https://api.github.com/repos/opencart/opencart/issues/3706/labels{/name}", "created_at": "2015-12-04T07:46:19Z", "events_url": "https://api.github.com/repos/opencart/opencart/issues/3706/events", "comments_url": "https://api.github.com/repos/opencart/opencart/issues/3706/comments", "html_url": "https://github.com/opencart/opencart/issues/3706", "comments": 0, "number": 3706, "updated_at": "2015-12-17T02:04:09Z", "assignee": null, "state": "closed", "user": {"following_url": "https://api.github.com/users/danijelGombac/following{/other_user}", "events_url": "https://api.github.com/users/danijelGombac/events{/privacy}", "organizations_url": "https://api.github.com/users/danijelGombac/orgs", "url": "https://api.github.com/users/danijelGombac", "gists_url": "https://api.github.com/users/danijelGombac/gists{/gist_id}", "html_url": "https://github.com/danijelGombac", "subscriptions_url": "https://api.github.com/users/danijelGombac/subscriptions", "avatar_url": "https://avatars.githubusercontent.com/u/3872726?v=3", "repos_url": "https://api.github.com/users/danijelGombac/repos", "received_events_url": "https://api.github.com/users/danijelGombac/received_events", "gravatar_id": "", "starred_url": "https://api.github.com/users/danijelGombac/starred{/owner}{/repo}", "site_admin": false, "login": "danijelGombac", "type": "User", "id": 3872726, "followers_url": "https://api.github.com/users/danijelGombac/followers"}, "milestone": null, "repository_url": "https://api.github.com/repos/opencart/opencart", "closed_at": "2015-12-17T02:04:09Z", "assignees": [], "id": 120350546}, "id": 494218337}, {"commit_id": "28651c9acbc9648f539f00fab9bb2710f7a4c289", "commit_url": "https://api.github.com/repos/opencart/opencart/commits/28651c9acbc9648f539f00fab9bb2710f7a4c289", "url": "https://api.github.com/repos/opencart/opencart/issues/events/494209537", "created_at": "2015-12-17T01:48:06Z", "actor": {"following_url": "https://api.github.com/users/danielkerr/following{/other_user}", "events_url": "https://api.github.com/users/danielkerr/events{/privacy}", "organizations_url": "https://api.github.com/users/danielkerr/orgs", "url": "https://api.github.com/users/danielkerr", "gists_url": "https://api.github.com/users/danielkerr/gists{/gist_id}", "html_url": "https://github.com/danielkerr", "subscriptions_url": "https://api.github.com/users/danielkerr/subscriptions", "avatar_url": "https://avatars.githubusercontent.com/u/5079756?v=3", "repos_url": "https://api.github.com/users/danielkerr/repos", "received_events_url": "https://api.github.com/users/danielkerr/received_events", "gravatar_id": "", "starred_url": "https://api.github.com/users/danielkerr/starred{/owner}{/repo}", "site_admin": false, "login": "danielkerr", "type": "User", "id": 5079756, "followers_url": "https://api.github.com/users/danielkerr/followers"}, "event": "referenced", "issue": {"body": "In admin product model in line 29 is this query necessary? If is necessary there is an error in \", \" instead of \"AND\".\n\n```\n$this->db->query(\"DELETE FROM \" . DB_PREFIX . \"product_attribute WHERE product_id = '\" . (int)$product_id . \"' AND attribute_id = '\" . (int)$product_attribute['attribute_id'] . \"', language_id = '\" . (int)$language_id . \"'\");\n```\n\nshould be\n\n```\n$this->db->query(\"DELETE FROM \" . DB_PREFIX . \"product_attribute WHERE product_id = '\" . (int)$product_id . \"' AND attribute_id = '\" . (int)$product_attribute['attribute_id'] . \"' AND language_id = '\" . (int)$language_id . \"'\");\n```\n", "labels": [], "locked": false, "title": "Product attribute error", "url": "https://api.github.com/repos/opencart/opencart/issues/3706", "labels_url": "https://api.github.com/repos/opencart/opencart/issues/3706/labels{/name}", "created_at": "2015-12-04T07:46:19Z", "events_url": "https://api.github.com/repos/opencart/opencart/issues/3706/events", "comments_url": "https://api.github.com/repos/opencart/opencart/issues/3706/comments", "html_url": "https://github.com/opencart/opencart/issues/3706", "comments": 0, "number": 3706, "updated_at": "2015-12-17T02:04:09Z", "assignee": null, "state": "closed", "user": {"following_url": "https://api.github.com/users/danijelGombac/following{/other_user}", "events_url": "https://api.github.com/users/danijelGombac/events{/privacy}", "organizations_url": "https://api.github.com/users/danijelGombac/orgs", "url": "https://api.github.com/users/danijelGombac", "gists_url": "https://api.github.com/users/danijelGombac/gists{/gist_id}", "html_url": "https://github.com/danijelGombac", "subscriptions_url": "https://api.github.com/users/danijelGombac/subscriptions", "avatar_url": "https://avatars.githubusercontent.com/u/3872726?v=3", "repos_url": "https://api.github.com/users/danijelGombac/repos", "received_events_url": "https://api.github.com/users/danijelGombac/received_events", "gravatar_id": "", "starred_url": "https://api.github.com/users/danijelGombac/starred{/owner}{/repo}", "site_admin": false, "login": "danijelGombac", "type": "User", "id": 3872726, "followers_url": "https://api.github.com/users/danijelGombac/followers"}, "milestone": null, "repository_url": "https://api.github.com/repos/opencart/opencart", "closed_at": "2015-12-17T02:04:09Z", "assignees": [], "id": 120350546}, "id": 494209537}, {"commit_id": null, "commit_url": null, "url": "https://api.github.com/repos/opencart/opencart/issues/events/494209492", "created_at": "2015-12-17T01:48:01Z", "actor": {"following_url": "https://api.github.com/users/danielkerr/following{/other_user}", "events_url": "https://api.github.com/users/danielkerr/events{/privacy}", "organizations_url": "https://api.github.com/users/danielkerr/orgs", "url": "https://api.github.com/users/danielkerr", "gists_url": "https://api.github.com/users/danielkerr/gists{/gist_id}", "html_url": "https://github.com/danielkerr", "subscriptions_url": "https://api.github.com/users/danielkerr/subscriptions", "avatar_url": "https://avatars.githubusercontent.com/u/5079756?v=3", "repos_url": "https://api.github.com/users/danielkerr/repos", "received_events_url": "https://api.github.com/users/danielkerr/received_events", "gravatar_id": "", "starred_url": "https://api.github.com/users/danielkerr/starred{/owner}{/repo}", "site_admin": false, "login": "danielkerr", "type": "User", "id": 5079756, "followers_url": "https://api.github.com/users/danielkerr/followers"}, "event": "closed", "issue": {"labels": [], "number": 3739, "assignee": null, "repository_url": "https://api.github.com/repos/opencart/opencart", "closed_at": "2015-12-17T01:48:01Z", "id": 122102052, "title": "Issue #3706 fixed", "pull_request": {"url": "https://api.github.com/repos/opencart/opencart/pulls/3739", "diff_url": "https://github.com/opencart/opencart/pull/3739.diff", "html_url": "https://github.com/opencart/opencart/pull/3739", "patch_url": "https://github.com/opencart/opencart/pull/3739.patch"}, "comments": 1, "state": "closed", "body": "Issue #3706 fixed.\n\n``` php\n$this->db->query(\"DELETE FROM \" . DB_PREFIX . \"product_attribute WHERE product_id = '\" . (int)$product_id . \"' AND attribute_id = '\" . (int)$product_attribute['attribute_id'] . \"', language_id = '\" . (int)$language_id . \"'\");\n```\n\nAmended to: \n\n``` php\n$this->db->query(\"DELETE FROM \" . DB_PREFIX . \"product_attribute WHERE product_id = '\" . (int)$product_id . \"' AND attribute_id = '\" . (int)$product_attribute['attribute_id'] . \"' AND language_id = '\" . (int)$language_id . \"'\");\n```\n\nThank you.\n", "labels_url": "https://api.github.com/repos/opencart/opencart/issues/3739/labels{/name}", "events_url": "https://api.github.com/repos/opencart/opencart/issues/3739/events", "comments_url": "https://api.github.com/repos/opencart/opencart/issues/3739/comments", "html_url": "https://github.com/opencart/opencart/pull/3739", "updated_at": "2015-12-17T01:48:01Z", "user": {"following_url": "https://api.github.com/users/Newman101/following{/other_user}", "events_url": "https://api.github.com/users/Newman101/events{/privacy}", "organizations_url": "https://api.github.com/users/Newman101/orgs", "url": "https://api.github.com/users/Newman101", "gists_url": "https://api.github.com/users/Newman101/gists{/gist_id}", "html_url": "https://github.com/Newman101", "subscriptions_url": "https://api.github.com/users/Newman101/subscriptions", "avatar_url": "https://avatars.githubusercontent.com/u/4118513?v=3", "repos_url": "https://api.github.com/users/Newman101/repos", "received_events_url": "https://api.github.com/users/Newman101/received_events", "gravatar_id": "", "starred_url": "https://api.github.com/users/Newman101/starred{/owner}{/repo}", "site_admin": false, "login": "Newman101", "type": "User", "id": 4118513, "followers_url": "https://api.github.com/users/Newman101/followers"}, "milestone": null, "locked": false, "url": "https://api.github.com/repos/opencart/opencart/issues/3739", "created_at": "2015-12-14T18:30:29Z", "assignees": []}, "id": 494209492}, {"commit_id": "28651c9acbc9648f539f00fab9bb2710f7a4c289", "commit_url": "https://api.github.com/repos/opencart/opencart/commits/28651c9acbc9648f539f00fab9bb2710f7a4c289", "url": "https://api.github.com/repos/opencart/opencart/issues/events/494209486", "created_at": "2015-12-17T01:48:01Z", "actor": {"following_url": "https://api.github.com/users/danielkerr/following{/other_user}", "events_url": "https://api.github.com/users/danielkerr/events{/privacy}", "organizations_url": "https://api.github.com/users/danielkerr/orgs", "url": "https://api.github.com/users/danielkerr", "gists_url": "https://api.github.com/users/danielkerr/gists{/gist_id}", "html_url": "https://github.com/danielkerr", "subscriptions_url": "https://api.github.com/users/danielkerr/subscriptions", "avatar_url": "https://avatars.githubusercontent.com/u/5079756?v=3", "repos_url": "https://api.github.com/users/danielkerr/repos", "received_events_url": "https://api.github.com/users/danielkerr/received_events", "gravatar_id": "", "starred_url": "https://api.github.com/users/danielkerr/starred{/owner}{/repo}", "site_admin": false, "login": "danielkerr", "type": "User", "id": 5079756, "followers_url": "https://api.github.com/users/danielkerr/followers"}, "event": "merged", "issue": {"labels": [], "number": 3739, "assignee": null, "repository_url": "https://api.github.com/repos/opencart/opencart", "closed_at": "2015-12-17T01:48:01Z", "id": 122102052, "title": "Issue #3706 fixed", "pull_request": {"url": "https://api.github.com/repos/opencart/opencart/pulls/3739", "diff_url": "https://github.com/opencart/opencart/pull/3739.diff", "html_url": "https://github.com/opencart/opencart/pull/3739", "patch_url": "https://github.com/opencart/opencart/pull/3739.patch"}, "comments": 1, "state": "closed", "body": "Issue #3706 fixed.\n\n``` php\n$this->db->query(\"DELETE FROM \" . DB_PREFIX . \"product_attribute WHERE product_id = '\" . (int)$product_id . \"' AND attribute_id = '\" . (int)$product_attribute['attribute_id'] . \"', language_id = '\" . (int)$language_id . \"'\");\n```\n\nAmended to: \n\n``` php\n$this->db->query(\"DELETE FROM \" . DB_PREFIX . \"product_attribute WHERE product_id = '\" . (int)$product_id . \"' AND attribute_id = '\" . (int)$product_attribute['attribute_id'] . \"' AND language_id = '\" . (int)$language_id . \"'\");\n```\n\nThank you.\n", "labels_url": "https://api.github.com/repos/opencart/opencart/issues/3739/labels{/name}", "events_url": "https://api.github.com/repos/opencart/opencart/issues/3739/events", "comments_url": "https://api.github.com/repos/opencart/opencart/issues/3739/comments", "html_url": "https://github.com/opencart/opencart/pull/3739", "updated_at": "2015-12-17T01:48:01Z", "user": {"following_url": "https://api.github.com/users/Newman101/following{/other_user}", "events_url": "https://api.github.com/users/Newman101/events{/privacy}", "organizations_url": "https://api.github.com/users/Newman101/orgs", "url": "https://api.github.com/users/Newman101", "gists_url": "https://api.github.com/users/Newman101/gists{/gist_id}", "html_url": "https://github.com/Newman101", "subscriptions_url": "https://api.github.com/users/Newman101/subscriptions", "avatar_url": "https://avatars.githubusercontent.com/u/4118513?v=3", "repos_url": "https://api.github.com/users/Newman101/repos", "received_events_url": "https://api.github.com/users/Newman101/received_events", "gravatar_id": "", "starred_url": "https://api.github.com/users/Newman101/starred{/owner}{/repo}", "site_admin": false, "login": "Newman101", "type": "User", "id": 4118513, "followers_url": "https://api.github.com/users/Newman101/followers"}, "milestone": null, "locked": false, "url": "https://api.github.com/repos/opencart/opencart/issues/3739", "created_at": "2015-12-14T18:30:29Z", "assignees": []}, "id": 494209486}, {"commit_id": "28651c9acbc9648f539f00fab9bb2710f7a4c289", "commit_url": "https://api.github.com/repos/opencart/opencart/commits/28651c9acbc9648f539f00fab9bb2710f7a4c289", "url": "https://api.github.com/repos/opencart/opencart/issues/events/494209485", "created_at": "2015-12-17T01:48:01Z", "actor": {"following_url": "https://api.github.com/users/danielkerr/following{/other_user}", "events_url": "https://api.github.com/users/danielkerr/events{/privacy}", "organizations_url": "https://api.github.com/users/danielkerr/orgs", "url": "https://api.github.com/users/danielkerr", "gists_url": "https://api.github.com/users/danielkerr/gists{/gist_id}", "html_url": "https://github.com/danielkerr", "subscriptions_url": "https://api.github.com/users/danielkerr/subscriptions", "avatar_url": "https://avatars.githubusercontent.com/u/5079756?v=3", "repos_url": "https://api.github.com/users/danielkerr/repos", "received_events_url": "https://api.github.com/users/danielkerr/received_events", "gravatar_id": "", "starred_url": "https://api.github.com/users/danielkerr/starred{/owner}{/repo}", "site_admin": false, "login": "danielkerr", "type": "User", "id": 5079756, "followers_url": "https://api.github.com/users/danielkerr/followers"}, "event": "referenced", "issue": {"labels": [], "number": 3739, "assignee": null, "repository_url": "https://api.github.com/repos/opencart/opencart", "closed_at": "2015-12-17T01:48:01Z", "id": 122102052, "title": "Issue #3706 fixed", "pull_request": {"url": "https://api.github.com/repos/opencart/opencart/pulls/3739", "diff_url": "https://github.com/opencart/opencart/pull/3739.diff", "html_url": "https://github.com/opencart/opencart/pull/3739", "patch_url": "https://github.com/opencart/opencart/pull/3739.patch"}, "comments": 1, "state": "closed", "body": "Issue #3706 fixed.\n\n``` php\n$this->db->query(\"DELETE FROM \" . DB_PREFIX . \"product_attribute WHERE product_id = '\" . (int)$product_id . \"' AND attribute_id = '\" . (int)$product_attribute['attribute_id'] . \"', language_id = '\" . (int)$language_id . \"'\");\n```\n\nAmended to: \n\n``` php\n$this->db->query(\"DELETE FROM \" . DB_PREFIX . \"product_attribute WHERE product_id = '\" . (int)$product_id . \"' AND attribute_id = '\" . (int)$product_attribute['attribute_id'] . \"' AND language_id = '\" . (int)$language_id . \"'\");\n```\n\nThank you.\n", "labels_url": "https://api.github.com/repos/opencart/opencart/issues/3739/labels{/name}", "events_url": "https://api.github.com/repos/opencart/opencart/issues/3739/events", "comments_url": "https://api.github.com/repos/opencart/opencart/issues/3739/comments", "html_url": "https://github.com/opencart/opencart/pull/3739", "updated_at": "2015-12-17T01:48:01Z", "user": {"following_url": "https://api.github.com/users/Newman101/following{/other_user}", "events_url": "https://api.github.com/users/Newman101/events{/privacy}", "organizations_url": "https://api.github.com/users/Newman101/orgs", "url": "https://api.github.com/users/Newman101", "gists_url": "https://api.github.com/users/Newman101/gists{/gist_id}", "html_url": "https://github.com/Newman101", "subscriptions_url": "https://api.github.com/users/Newman101/subscriptions", "avatar_url": "https://avatars.githubusercontent.com/u/4118513?v=3", "repos_url": "https://api.github.com/users/Newman101/repos", "received_events_url": "https://api.github.com/users/Newman101/received_events", "gravatar_id": "", "starred_url": "https://api.github.com/users/Newman101/starred{/owner}{/repo}", "site_admin": false, "login": "Newman101", "type": "User", "id": 4118513, "followers_url": "https://api.github.com/users/Newman101/followers"}, "milestone": null, "locked": false, "url": "https://api.github.com/repos/opencart/opencart/issues/3739", "created_at": "2015-12-14T18:30:29Z", "assignees": []}, "id": 494209485}, {"commit_id": null, "commit_url": null, "url": "https://api.github.com/repos/opencart/opencart/issues/events/494208185", "created_at": "2015-12-17T01:45:34Z", "actor": {"following_url": "https://api.github.com/users/danielkerr/following{/other_user}", "events_url": "https://api.github.com/users/danielkerr/events{/privacy}", "organizations_url": "https://api.github.com/users/danielkerr/orgs", "url": "https://api.github.com/users/danielkerr", "gists_url": "https://api.github.com/users/danielkerr/gists{/gist_id}", "html_url": "https://github.com/danielkerr", "subscriptions_url": "https://api.github.com/users/danielkerr/subscriptions", "avatar_url": "https://avatars.githubusercontent.com/u/5079756?v=3", "repos_url": "https://api.github.com/users/danielkerr/repos", "received_events_url": "https://api.github.com/users/danielkerr/received_events", "gravatar_id": "", "starred_url": "https://api.github.com/users/danielkerr/starred{/owner}{/repo}", "site_admin": false, "login": "danielkerr", "type": "User", "id": 5079756, "followers_url": "https://api.github.com/users/danielkerr/followers"}, "event": "closed", "issue": {"body": "https://github.com/opencart/opencart/blob/v1.5.5.x/upload/admin/model/sale/order.php#L255\nsummation outside the loop\n\nif (isset($data['order_total'])) {  \n    foreach ($data['order_total'] as $order_total) {  \n         $this->db->query(\".....\n         $total += $order_total['value'];\n   }\n}\nver 1.5.5, 1.5.6\n", "labels": [], "locked": false, "title": "Error calculation of totals order is updated in the admin panel", "url": "https://api.github.com/repos/opencart/opencart/issues/3743", "labels_url": "https://api.github.com/repos/opencart/opencart/issues/3743/labels{/name}", "created_at": "2015-12-16T18:15:01Z", "events_url": "https://api.github.com/repos/opencart/opencart/issues/3743/events", "comments_url": "https://api.github.com/repos/opencart/opencart/issues/3743/comments", "html_url": "https://github.com/opencart/opencart/issues/3743", "comments": 0, "number": 3743, "updated_at": "2015-12-17T01:45:34Z", "assignee": null, "state": "closed", "user": {"following_url": "https://api.github.com/users/leksgit/following{/other_user}", "events_url": "https://api.github.com/users/leksgit/events{/privacy}", "organizations_url": "https://api.github.com/users/leksgit/orgs", "url": "https://api.github.com/users/leksgit", "gists_url": "https://api.github.com/users/leksgit/gists{/gist_id}", "html_url": "https://github.com/leksgit", "subscriptions_url": "https://api.github.com/users/leksgit/subscriptions", "avatar_url": "https://avatars.githubusercontent.com/u/6906573?v=3", "repos_url": "https://api.github.com/users/leksgit/repos", "received_events_url": "https://api.github.com/users/leksgit/received_events", "gravatar_id": "", "starred_url": "https://api.github.com/users/leksgit/starred{/owner}{/repo}", "site_admin": false, "login": "leksgit", "type": "User", "id": 6906573, "followers_url": "https://api.github.com/users/leksgit/followers"}, "milestone": null, "repository_url": "https://api.github.com/repos/opencart/opencart", "closed_at": "2015-12-17T01:45:34Z", "assignees": [], "id": 122569879}, "id": 494208185}, {"commit_id": null, "commit_url": null, "url": "https://api.github.com/repos/opencart/opencart/issues/events/493353096", "created_at": "2015-12-16T11:27:56Z", "actor": {"following_url": "https://api.github.com/users/jamesallsup/following{/other_user}", "events_url": "https://api.github.com/users/jamesallsup/events{/privacy}", "organizations_url": "https://api.github.com/users/jamesallsup/orgs", "url": "https://api.github.com/users/jamesallsup", "gists_url": "https://api.github.com/users/jamesallsup/gists{/gist_id}", "html_url": "https://github.com/jamesallsup", "subscriptions_url": "https://api.github.com/users/jamesallsup/subscriptions", "avatar_url": "https://avatars.githubusercontent.com/u/2026129?v=3", "repos_url": "https://api.github.com/users/jamesallsup/repos", "received_events_url": "https://api.github.com/users/jamesallsup/received_events", "gravatar_id": "", "starred_url": "https://api.github.com/users/jamesallsup/starred{/owner}{/repo}", "site_admin": false, "login": "jamesallsup", "type": "User", "id": 2026129, "followers_url": "https://api.github.com/users/jamesallsup/followers"}, "event": "closed", "issue": {"labels": [], "number": 3742, "assignee": null, "repository_url": "https://api.github.com/repos/opencart/opencart", "closed_at": "2015-12-16T11:27:56Z", "id": 122432531, "title": "Added generator meta tag", "pull_request": {"url": "https://api.github.com/repos/opencart/opencart/pulls/3742", "diff_url": "https://github.com/opencart/opencart/pull/3742.diff", "html_url": "https://github.com/opencart/opencart/pull/3742", "patch_url": "https://github.com/opencart/opencart/pull/3742.patch"}, "comments": 4, "state": "closed", "body": "", "labels_url": "https://api.github.com/repos/opencart/opencart/issues/3742/labels{/name}", "events_url": "https://api.github.com/repos/opencart/opencart/issues/3742/events", "comments_url": "https://api.github.com/repos/opencart/opencart/issues/3742/comments", "html_url": "https://github.com/opencart/opencart/pull/3742", "updated_at": "2015-12-16T11:27:56Z", "user": {"following_url": "https://api.github.com/users/artem328/following{/other_user}", "events_url": "https://api.github.com/users/artem328/events{/privacy}", "organizations_url": "https://api.github.com/users/artem328/orgs", "url": "https://api.github.com/users/artem328", "gists_url": "https://api.github.com/users/artem328/gists{/gist_id}", "html_url": "https://github.com/artem328", "subscriptions_url": "https://api.github.com/users/artem328/subscriptions", "avatar_url": "https://avatars.githubusercontent.com/u/8807891?v=3", "repos_url": "https://api.github.com/users/artem328/repos", "received_events_url": "https://api.github.com/users/artem328/received_events", "gravatar_id": "", "starred_url": "https://api.github.com/users/artem328/starred{/owner}{/repo}", "site_admin": false, "login": "artem328", "type": "User", "id": 8807891, "followers_url": "https://api.github.com/users/artem328/followers"}, "milestone": null, "locked": false, "url": "https://api.github.com/repos/opencart/opencart/issues/3742", "created_at": "2015-12-16T05:37:41Z", "assignees": []}, "id": 493353096}, {"commit_id": null, "commit_url": null, "url": "https://api.github.com/repos/opencart/opencart/issues/events/493342213", "created_at": "2015-12-16T11:18:09Z", "actor": {"following_url": "https://api.github.com/users/howdu/following{/other_user}", "events_url": "https://api.github.com/users/howdu/events{/privacy}", "organizations_url": "https://api.github.com/users/howdu/orgs", "url": "https://api.github.com/users/howdu", "gists_url": "https://api.github.com/users/howdu/gists{/gist_id}", "html_url": "https://github.com/howdu", "subscriptions_url": "https://api.github.com/users/howdu/subscriptions", "avatar_url": "https://avatars.githubusercontent.com/u/533658?v=3", "repos_url": "https://api.github.com/users/howdu/repos", "received_events_url": "https://api.github.com/users/howdu/received_events", "gravatar_id": "", "starred_url": "https://api.github.com/users/howdu/starred{/owner}{/repo}", "site_admin": false, "login": "howdu", "type": "User", "id": 533658, "followers_url": "https://api.github.com/users/howdu/followers"}, "event": "subscribed", "issue": {"labels": [], "number": 3742, "assignee": null, "repository_url": "https://api.github.com/repos/opencart/opencart", "closed_at": "2015-12-16T11:27:56Z", "id": 122432531, "title": "Added generator meta tag", "pull_request": {"url": "https://api.github.com/repos/opencart/opencart/pulls/3742", "diff_url": "https://github.com/opencart/opencart/pull/3742.diff", "html_url": "https://github.com/opencart/opencart/pull/3742", "patch_url": "https://github.com/opencart/opencart/pull/3742.patch"}, "comments": 4, "state": "closed", "body": "", "labels_url": "https://api.github.com/repos/opencart/opencart/issues/3742/labels{/name}", "events_url": "https://api.github.com/repos/opencart/opencart/issues/3742/events", "comments_url": "https://api.github.com/repos/opencart/opencart/issues/3742/comments", "html_url": "https://github.com/opencart/opencart/pull/3742", "updated_at": "2015-12-16T11:27:56Z", "user": {"following_url": "https://api.github.com/users/artem328/following{/other_user}", "events_url": "https://api.github.com/users/artem328/events{/privacy}", "organizations_url": "https://api.github.com/users/artem328/orgs", "url": "https://api.github.com/users/artem328", "gists_url": "https://api.github.com/users/artem328/gists{/gist_id}", "html_url": "https://github.com/artem328", "subscriptions_url": "https://api.github.com/users/artem328/subscriptions", "avatar_url": "https://avatars.githubusercontent.com/u/8807891?v=3", "repos_url": "https://api.github.com/users/artem328/repos", "received_events_url": "https://api.github.com/users/artem328/received_events", "gravatar_id": "", "starred_url": "https://api.github.com/users/artem328/starred{/owner}{/repo}", "site_admin": false, "login": "artem328", "type": "User", "id": 8807891, "followers_url": "https://api.github.com/users/artem328/followers"}, "milestone": null, "locked": false, "url": "https://api.github.com/repos/opencart/opencart/issues/3742", "created_at": "2015-12-16T05:37:41Z", "assignees": []}, "id": 493342213}, {"commit_id": null, "commit_url": null, "url": "https://api.github.com/repos/opencart/opencart/issues/events/493342212", "created_at": "2015-12-16T11:18:09Z", "actor": {"following_url": "https://api.github.com/users/howdu/following{/other_user}", "events_url": "https://api.github.com/users/howdu/events{/privacy}", "organizations_url": "https://api.github.com/users/howdu/orgs", "url": "https://api.github.com/users/howdu", "gists_url": "https://api.github.com/users/howdu/gists{/gist_id}", "html_url": "https://github.com/howdu", "subscriptions_url": "https://api.github.com/users/howdu/subscriptions", "avatar_url": "https://avatars.githubusercontent.com/u/533658?v=3", "repos_url": "https://api.github.com/users/howdu/repos", "received_events_url": "https://api.github.com/users/howdu/received_events", "gravatar_id": "", "starred_url": "https://api.github.com/users/howdu/starred{/owner}{/repo}", "site_admin": false, "login": "howdu", "type": "User", "id": 533658, "followers_url": "https://api.github.com/users/howdu/followers"}, "event": "mentioned", "issue": {"labels": [], "number": 3742, "assignee": null, "repository_url": "https://api.github.com/repos/opencart/opencart", "closed_at": "2015-12-16T11:27:56Z", "id": 122432531, "title": "Added generator meta tag", "pull_request": {"url": "https://api.github.com/repos/opencart/opencart/pulls/3742", "diff_url": "https://github.com/opencart/opencart/pull/3742.diff", "html_url": "https://github.com/opencart/opencart/pull/3742", "patch_url": "https://github.com/opencart/opencart/pull/3742.patch"}, "comments": 4, "state": "closed", "body": "", "labels_url": "https://api.github.com/repos/opencart/opencart/issues/3742/labels{/name}", "events_url": "https://api.github.com/repos/opencart/opencart/issues/3742/events", "comments_url": "https://api.github.com/repos/opencart/opencart/issues/3742/comments", "html_url": "https://github.com/opencart/opencart/pull/3742", "updated_at": "2015-12-16T11:27:56Z", "user": {"following_url": "https://api.github.com/users/artem328/following{/other_user}", "events_url": "https://api.github.com/users/artem328/events{/privacy}", "organizations_url": "https://api.github.com/users/artem328/orgs", "url": "https://api.github.com/users/artem328", "gists_url": "https://api.github.com/users/artem328/gists{/gist_id}", "html_url": "https://github.com/artem328", "subscriptions_url": "https://api.github.com/users/artem328/subscriptions", "avatar_url": "https://avatars.githubusercontent.com/u/8807891?v=3", "repos_url": "https://api.github.com/users/artem328/repos", "received_events_url": "https://api.github.com/users/artem328/received_events", "gravatar_id": "", "starred_url": "https://api.github.com/users/artem328/starred{/owner}{/repo}", "site_admin": false, "login": "artem328", "type": "User", "id": 8807891, "followers_url": "https://api.github.com/users/artem328/followers"}, "milestone": null, "locked": false, "url": "https://api.github.com/repos/opencart/opencart/issues/3742", "created_at": "2015-12-16T05:37:41Z", "assignees": []}, "id": 493342212}, {"commit_id": null, "commit_url": null, "url": "https://api.github.com/repos/opencart/opencart/issues/events/493156258", "created_at": "2015-12-16T07:38:13Z", "actor": {"following_url": "https://api.github.com/users/danielkerr/following{/other_user}", "events_url": "https://api.github.com/users/danielkerr/events{/privacy}", "organizations_url": "https://api.github.com/users/danielkerr/orgs", "url": "https://api.github.com/users/danielkerr", "gists_url": "https://api.github.com/users/danielkerr/gists{/gist_id}", "html_url": "https://github.com/danielkerr", "subscriptions_url": "https://api.github.com/users/danielkerr/subscriptions", "avatar_url": "https://avatars.githubusercontent.com/u/5079756?v=3", "repos_url": "https://api.github.com/users/danielkerr/repos", "received_events_url": "https://api.github.com/users/danielkerr/received_events", "gravatar_id": "", "starred_url": "https://api.github.com/users/danielkerr/starred{/owner}{/repo}", "site_admin": false, "login": "danielkerr", "type": "User", "id": 5079756, "followers_url": "https://api.github.com/users/danielkerr/followers"}, "event": "closed", "issue": {"body": "When automatically creating resized images, white borders are added either above or below the image. This is undesirable most of the time, so can the image width and height be calculated as close to the max size for images that's set in the admin, and then when the image is created, instead of the image being set to the actual max size, the calculated size is used.\n\nGD is capable of creating transparent images, so should not leave such a border. If the correct dimensions were passed to GD in the first place, there would be no white border\n", "labels": [], "locked": false, "title": "image resizing and transparency", "url": "https://api.github.com/repos/opencart/opencart/issues/3741", "labels_url": "https://api.github.com/repos/opencart/opencart/issues/3741/labels{/name}", "created_at": "2015-12-15T13:13:46Z", "events_url": "https://api.github.com/repos/opencart/opencart/issues/3741/events", "comments_url": "https://api.github.com/repos/opencart/opencart/issues/3741/comments", "html_url": "https://github.com/opencart/opencart/issues/3741", "comments": 1, "number": 3741, "updated_at": "2015-12-16T07:38:24Z", "assignee": null, "state": "closed", "user": {"following_url": "https://api.github.com/users/ChangePlaces/following{/other_user}", "events_url": "https://api.github.com/users/ChangePlaces/events{/privacy}", "organizations_url": "https://api.github.com/users/ChangePlaces/orgs", "url": "https://api.github.com/users/ChangePlaces", "gists_url": "https://api.github.com/users/ChangePlaces/gists{/gist_id}", "html_url": "https://github.com/ChangePlaces", "subscriptions_url": "https://api.github.com/users/ChangePlaces/subscriptions", "avatar_url": "https://avatars.githubusercontent.com/u/302031?v=3", "repos_url": "https://api.github.com/users/ChangePlaces/repos", "received_events_url": "https://api.github.com/users/ChangePlaces/received_events", "gravatar_id": "", "starred_url": "https://api.github.com/users/ChangePlaces/starred{/owner}{/repo}", "site_admin": false, "login": "ChangePlaces", "type": "User", "id": 302031, "followers_url": "https://api.github.com/users/ChangePlaces/followers"}, "milestone": null, "repository_url": "https://api.github.com/repos/opencart/opencart", "closed_at": "2015-12-16T07:38:13Z", "assignees": [], "id": 122269442}, "id": 493156258}, {"commit_id": null, "commit_url": null, "url": "https://api.github.com/repos/opencart/opencart/issues/events/492239113", "created_at": "2015-12-15T13:53:21Z", "actor": {"following_url": "https://api.github.com/users/jamesallsup/following{/other_user}", "events_url": "https://api.github.com/users/jamesallsup/events{/privacy}", "organizations_url": "https://api.github.com/users/jamesallsup/orgs", "url": "https://api.github.com/users/jamesallsup", "gists_url": "https://api.github.com/users/jamesallsup/gists{/gist_id}", "html_url": "https://github.com/jamesallsup", "subscriptions_url": "https://api.github.com/users/jamesallsup/subscriptions", "avatar_url": "https://avatars.githubusercontent.com/u/2026129?v=3", "repos_url": "https://api.github.com/users/jamesallsup/repos", "received_events_url": "https://api.github.com/users/jamesallsup/received_events", "gravatar_id": "", "starred_url": "https://api.github.com/users/jamesallsup/starred{/owner}{/repo}", "site_admin": false, "login": "jamesallsup", "type": "User", "id": 2026129, "followers_url": "https://api.github.com/users/jamesallsup/followers"}, "event": "locked", "issue": {"body": "For the categories and products, there are links to the SE friendly urls, but the logo, and the whole checkout process uses non-friendly urls. 2.1.0.1\n", "labels": [], "locked": true, "title": "Search Engine Friendly Urls not used everywhere", "url": "https://api.github.com/repos/opencart/opencart/issues/3673", "labels_url": "https://api.github.com/repos/opencart/opencart/issues/3673/labels{/name}", "created_at": "2015-11-26T23:22:04Z", "events_url": "https://api.github.com/repos/opencart/opencart/issues/3673/events", "comments_url": "https://api.github.com/repos/opencart/opencart/issues/3673/comments", "html_url": "https://github.com/opencart/opencart/issues/3673", "comments": 5, "number": 3673, "updated_at": "2015-12-15T13:53:21Z", "assignee": null, "state": "closed", "user": {"following_url": "https://api.github.com/users/ChangePlaces/following{/other_user}", "events_url": "https://api.github.com/users/ChangePlaces/events{/privacy}", "organizations_url": "https://api.github.com/users/ChangePlaces/orgs", "url": "https://api.github.com/users/ChangePlaces", "gists_url": "https://api.github.com/users/ChangePlaces/gists{/gist_id}", "html_url": "https://github.com/ChangePlaces", "subscriptions_url": "https://api.github.com/users/ChangePlaces/subscriptions", "avatar_url": "https://avatars.githubusercontent.com/u/302031?v=3", "repos_url": "https://api.github.com/users/ChangePlaces/repos", "received_events_url": "https://api.github.com/users/ChangePlaces/received_events", "gravatar_id": "", "starred_url": "https://api.github.com/users/ChangePlaces/starred{/owner}{/repo}", "site_admin": false, "login": "ChangePlaces", "type": "User", "id": 302031, "followers_url": "https://api.github.com/users/ChangePlaces/followers"}, "milestone": null, "repository_url": "https://api.github.com/repos/opencart/opencart", "closed_at": "2015-12-14T18:17:25Z", "assignees": [], "id": 119109878}, "id": 492239113}, {"commit_id": null, "commit_url": null, "url": "https://api.github.com/repos/opencart/opencart/issues/events/492238872", "created_at": "2015-12-15T13:53:09Z", "actor": {"following_url": "https://api.github.com/users/drkskwlkr/following{/other_user}", "events_url": "https://api.github.com/users/drkskwlkr/events{/privacy}", "organizations_url": "https://api.github.com/users/drkskwlkr/orgs", "url": "https://api.github.com/users/drkskwlkr", "gists_url": "https://api.github.com/users/drkskwlkr/gists{/gist_id}", "html_url": "https://github.com/drkskwlkr", "subscriptions_url": "https://api.github.com/users/drkskwlkr/subscriptions", "avatar_url": "https://avatars.githubusercontent.com/u/6951698?v=3", "repos_url": "https://api.github.com/users/drkskwlkr/repos", "received_events_url": "https://api.github.com/users/drkskwlkr/received_events", "gravatar_id": "", "starred_url": "https://api.github.com/users/drkskwlkr/starred{/owner}{/repo}", "site_admin": false, "login": "drkskwlkr", "type": "User", "id": 6951698, "followers_url": "https://api.github.com/users/drkskwlkr/followers"}, "event": "subscribed", "issue": {"body": "For the categories and products, there are links to the SE friendly urls, but the logo, and the whole checkout process uses non-friendly urls. 2.1.0.1\n", "labels": [], "locked": true, "title": "Search Engine Friendly Urls not used everywhere", "url": "https://api.github.com/repos/opencart/opencart/issues/3673", "labels_url": "https://api.github.com/repos/opencart/opencart/issues/3673/labels{/name}", "created_at": "2015-11-26T23:22:04Z", "events_url": "https://api.github.com/repos/opencart/opencart/issues/3673/events", "comments_url": "https://api.github.com/repos/opencart/opencart/issues/3673/comments", "html_url": "https://github.com/opencart/opencart/issues/3673", "comments": 5, "number": 3673, "updated_at": "2015-12-15T13:53:21Z", "assignee": null, "state": "closed", "user": {"following_url": "https://api.github.com/users/ChangePlaces/following{/other_user}", "events_url": "https://api.github.com/users/ChangePlaces/events{/privacy}", "organizations_url": "https://api.github.com/users/ChangePlaces/orgs", "url": "https://api.github.com/users/ChangePlaces", "gists_url": "https://api.github.com/users/ChangePlaces/gists{/gist_id}", "html_url": "https://github.com/ChangePlaces", "subscriptions_url": "https://api.github.com/users/ChangePlaces/subscriptions", "avatar_url": "https://avatars.githubusercontent.com/u/302031?v=3", "repos_url": "https://api.github.com/users/ChangePlaces/repos", "received_events_url": "https://api.github.com/users/ChangePlaces/received_events", "gravatar_id": "", "starred_url": "https://api.github.com/users/ChangePlaces/starred{/owner}{/repo}", "site_admin": false, "login": "ChangePlaces", "type": "User", "id": 302031, "followers_url": "https://api.github.com/users/ChangePlaces/followers"}, "milestone": null, "repository_url": "https://api.github.com/repos/opencart/opencart", "closed_at": "2015-12-14T18:17:25Z", "assignees": [], "id": 119109878}, "id": 492238872}, {"commit_id": null, "commit_url": null, "url": "https://api.github.com/repos/opencart/opencart/issues/events/492238871", "created_at": "2015-12-15T13:53:09Z", "actor": {"following_url": "https://api.github.com/users/drkskwlkr/following{/other_user}", "events_url": "https://api.github.com/users/drkskwlkr/events{/privacy}", "organizations_url": "https://api.github.com/users/drkskwlkr/orgs", "url": "https://api.github.com/users/drkskwlkr", "gists_url": "https://api.github.com/users/drkskwlkr/gists{/gist_id}", "html_url": "https://github.com/drkskwlkr", "subscriptions_url": "https://api.github.com/users/drkskwlkr/subscriptions", "avatar_url": "https://avatars.githubusercontent.com/u/6951698?v=3", "repos_url": "https://api.github.com/users/drkskwlkr/repos", "received_events_url": "https://api.github.com/users/drkskwlkr/received_events", "gravatar_id": "", "starred_url": "https://api.github.com/users/drkskwlkr/starred{/owner}{/repo}", "site_admin": false, "login": "drkskwlkr", "type": "User", "id": 6951698, "followers_url": "https://api.github.com/users/drkskwlkr/followers"}, "event": "mentioned", "issue": {"body": "For the categories and products, there are links to the SE friendly urls, but the logo, and the whole checkout process uses non-friendly urls. 2.1.0.1\n", "labels": [], "locked": true, "title": "Search Engine Friendly Urls not used everywhere", "url": "https://api.github.com/repos/opencart/opencart/issues/3673", "labels_url": "https://api.github.com/repos/opencart/opencart/issues/3673/labels{/name}", "created_at": "2015-11-26T23:22:04Z", "events_url": "https://api.github.com/repos/opencart/opencart/issues/3673/events", "comments_url": "https://api.github.com/repos/opencart/opencart/issues/3673/comments", "html_url": "https://github.com/opencart/opencart/issues/3673", "comments": 5, "number": 3673, "updated_at": "2015-12-15T13:53:21Z", "assignee": null, "state": "closed", "user": {"following_url": "https://api.github.com/users/ChangePlaces/following{/other_user}", "events_url": "https://api.github.com/users/ChangePlaces/events{/privacy}", "organizations_url": "https://api.github.com/users/ChangePlaces/orgs", "url": "https://api.github.com/users/ChangePlaces", "gists_url": "https://api.github.com/users/ChangePlaces/gists{/gist_id}", "html_url": "https://github.com/ChangePlaces", "subscriptions_url": "https://api.github.com/users/ChangePlaces/subscriptions", "avatar_url": "https://avatars.githubusercontent.com/u/302031?v=3", "repos_url": "https://api.github.com/users/ChangePlaces/repos", "received_events_url": "https://api.github.com/users/ChangePlaces/received_events", "gravatar_id": "", "starred_url": "https://api.github.com/users/ChangePlaces/starred{/owner}{/repo}", "site_admin": false, "login": "ChangePlaces", "type": "User", "id": 302031, "followers_url": "https://api.github.com/users/ChangePlaces/followers"}, "milestone": null, "repository_url": "https://api.github.com/repos/opencart/opencart", "closed_at": "2015-12-14T18:17:25Z", "assignees": [], "id": 119109878}, "id": 492238871}]