[{"commit_id": null, "commit_url": null, "url": "https://api.github.com/repos/opencart/opencart/issues/events/422086180", "created_at": "2015-09-29T16:28:44Z", "actor": {"following_url": "https://api.github.com/users/sterrek/following{/other_user}", "events_url": "https://api.github.com/users/sterrek/events{/privacy}", "organizations_url": "https://api.github.com/users/sterrek/orgs", "url": "https://api.github.com/users/sterrek", "gists_url": "https://api.github.com/users/sterrek/gists{/gist_id}", "html_url": "https://github.com/sterrek", "subscriptions_url": "https://api.github.com/users/sterrek/subscriptions", "avatar_url": "https://avatars.githubusercontent.com/u/9420026?v=3", "repos_url": "https://api.github.com/users/sterrek/repos", "received_events_url": "https://api.github.com/users/sterrek/received_events", "gravatar_id": "", "starred_url": "https://api.github.com/users/sterrek/starred{/owner}{/repo}", "site_admin": false, "login": "sterrek", "type": "User", "id": 9420026, "followers_url": "https://api.github.com/users/sterrek/followers"}, "event": "mentioned", "issue": {"body": "Hi,\n\nI use opencart 2.0.3.1 with g2apay\nBut when i get a order it does not forward from pending to complete.\nWhen i go to g2apay merchent page i see there that the order is complete.\ni added some pictures of my settings.\n![orderstatus](https://cloud.githubusercontent.com/assets/9420026/9932379/bc27e9a0-5d43-11e5-89d2-fef736145908.JPG)\n\n![g2settins](https://cloud.githubusercontent.com/assets/9420026/9931826/3977f7ba-5d3f-11e5-9b0e-f57f85eadabf.JPG)\n\nI hope somebody knows a fix or see what i did wrong.\n\nKind regards\n", "labels": [], "locked": false, "title": "G2APAY order status doesnt forward to complete", "url": "https://api.github.com/repos/opencart/opencart/issues/3353", "labels_url": "https://api.github.com/repos/opencart/opencart/issues/3353/labels{/name}", "created_at": "2015-09-17T11:23:51Z", "events_url": "https://api.github.com/repos/opencart/opencart/issues/3353/events", "comments_url": "https://api.github.com/repos/opencart/opencart/issues/3353/comments", "html_url": "https://github.com/opencart/opencart/issues/3353", "comments": 20, "number": 3353, "updated_at": "2016-01-19T13:11:20Z", "assignee": null, "state": "closed", "user": {"following_url": "https://api.github.com/users/sterrek/following{/other_user}", "events_url": "https://api.github.com/users/sterrek/events{/privacy}", "organizations_url": "https://api.github.com/users/sterrek/orgs", "url": "https://api.github.com/users/sterrek", "gists_url": "https://api.github.com/users/sterrek/gists{/gist_id}", "html_url": "https://github.com/sterrek", "subscriptions_url": "https://api.github.com/users/sterrek/subscriptions", "avatar_url": "https://avatars.githubusercontent.com/u/9420026?v=3", "repos_url": "https://api.github.com/users/sterrek/repos", "received_events_url": "https://api.github.com/users/sterrek/received_events", "gravatar_id": "", "starred_url": "https://api.github.com/users/sterrek/starred{/owner}{/repo}", "site_admin": false, "login": "sterrek", "type": "User", "id": 9420026, "followers_url": "https://api.github.com/users/sterrek/followers"}, "milestone": null, "repository_url": "https://api.github.com/repos/opencart/opencart", "closed_at": "2016-01-19T13:11:20Z", "assignees": [], "id": 106963120}, "id": 422086180}, {"commit_id": null, "commit_url": null, "url": "https://api.github.com/repos/opencart/opencart/issues/events/422047953", "created_at": "2015-09-29T15:54:06Z", "actor": {"following_url": "https://api.github.com/users/jamesallsup/following{/other_user}", "events_url": "https://api.github.com/users/jamesallsup/events{/privacy}", "organizations_url": "https://api.github.com/users/jamesallsup/orgs", "url": "https://api.github.com/users/jamesallsup", "gists_url": "https://api.github.com/users/jamesallsup/gists{/gist_id}", "html_url": "https://github.com/jamesallsup", "subscriptions_url": "https://api.github.com/users/jamesallsup/subscriptions", "avatar_url": "https://avatars.githubusercontent.com/u/2026129?v=3", "repos_url": "https://api.github.com/users/jamesallsup/repos", "received_events_url": "https://api.github.com/users/jamesallsup/received_events", "gravatar_id": "", "starred_url": "https://api.github.com/users/jamesallsup/starred{/owner}{/repo}", "site_admin": false, "login": "jamesallsup", "type": "User", "id": 2026129, "followers_url": "https://api.github.com/users/jamesallsup/followers"}, "event": "closed", "issue": {"body": "Help, OpenCart isn't working\n", "labels": [], "locked": false, "title": "Straight outta options", "url": "https://api.github.com/repos/opencart/opencart/issues/3403", "labels_url": "https://api.github.com/repos/opencart/opencart/issues/3403/labels{/name}", "created_at": "2015-09-29T15:44:15Z", "events_url": "https://api.github.com/repos/opencart/opencart/issues/3403/events", "comments_url": "https://api.github.com/repos/opencart/opencart/issues/3403/comments", "html_url": "https://github.com/opencart/opencart/issues/3403", "comments": 4, "number": 3403, "updated_at": "2015-09-29T15:56:34Z", "assignee": null, "state": "closed", "user": {"following_url": "https://api.github.com/users/roachy/following{/other_user}", "events_url": "https://api.github.com/users/roachy/events{/privacy}", "organizations_url": "https://api.github.com/users/roachy/orgs", "url": "https://api.github.com/users/roachy", "gists_url": "https://api.github.com/users/roachy/gists{/gist_id}", "html_url": "https://github.com/roachy", "subscriptions_url": "https://api.github.com/users/roachy/subscriptions", "avatar_url": "https://avatars.githubusercontent.com/u/4661449?v=3", "repos_url": "https://api.github.com/users/roachy/repos", "received_events_url": "https://api.github.com/users/roachy/received_events", "gravatar_id": "", "starred_url": "https://api.github.com/users/roachy/starred{/owner}{/repo}", "site_admin": false, "login": "roachy", "type": "User", "id": 4661449, "followers_url": "https://api.github.com/users/roachy/followers"}, "milestone": null, "repository_url": "https://api.github.com/repos/opencart/opencart", "closed_at": "2015-09-29T15:54:06Z", "assignees": [], "id": 108897772}, "id": 422047953}, {"commit_id": null, "rename": {"to": "Straight outta options", "from": "Bugs4Days"}, "commit_url": null, "url": "https://api.github.com/repos/opencart/opencart/issues/events/422045623", "created_at": "2015-09-29T15:52:16Z", "actor": {"following_url": "https://api.github.com/users/roachy/following{/other_user}", "events_url": "https://api.github.com/users/roachy/events{/privacy}", "organizations_url": "https://api.github.com/users/roachy/orgs", "url": "https://api.github.com/users/roachy", "gists_url": "https://api.github.com/users/roachy/gists{/gist_id}", "html_url": "https://github.com/roachy", "subscriptions_url": "https://api.github.com/users/roachy/subscriptions", "avatar_url": "https://avatars.githubusercontent.com/u/4661449?v=3", "repos_url": "https://api.github.com/users/roachy/repos", "received_events_url": "https://api.github.com/users/roachy/received_events", "gravatar_id": "", "starred_url": "https://api.github.com/users/roachy/starred{/owner}{/repo}", "site_admin": false, "login": "roachy", "type": "User", "id": 4661449, "followers_url": "https://api.github.com/users/roachy/followers"}, "event": "renamed", "issue": {"body": "Help, OpenCart isn't working\n", "labels": [], "locked": false, "title": "Straight outta options", "url": "https://api.github.com/repos/opencart/opencart/issues/3403", "labels_url": "https://api.github.com/repos/opencart/opencart/issues/3403/labels{/name}", "created_at": "2015-09-29T15:44:15Z", "events_url": "https://api.github.com/repos/opencart/opencart/issues/3403/events", "comments_url": "https://api.github.com/repos/opencart/opencart/issues/3403/comments", "html_url": "https://github.com/opencart/opencart/issues/3403", "comments": 4, "number": 3403, "updated_at": "2015-09-29T15:56:34Z", "assignee": null, "state": "closed", "user": {"following_url": "https://api.github.com/users/roachy/following{/other_user}", "events_url": "https://api.github.com/users/roachy/events{/privacy}", "organizations_url": "https://api.github.com/users/roachy/orgs", "url": "https://api.github.com/users/roachy", "gists_url": "https://api.github.com/users/roachy/gists{/gist_id}", "html_url": "https://github.com/roachy", "subscriptions_url": "https://api.github.com/users/roachy/subscriptions", "avatar_url": "https://avatars.githubusercontent.com/u/4661449?v=3", "repos_url": "https://api.github.com/users/roachy/repos", "received_events_url": "https://api.github.com/users/roachy/received_events", "gravatar_id": "", "starred_url": "https://api.github.com/users/roachy/starred{/owner}{/repo}", "site_admin": false, "login": "roachy", "type": "User", "id": 4661449, "followers_url": "https://api.github.com/users/roachy/followers"}, "milestone": null, "repository_url": "https://api.github.com/repos/opencart/opencart", "closed_at": "2015-09-29T15:54:06Z", "assignees": [], "id": 108897772}, "id": 422045623}, {"commit_id": null, "commit_url": null, "url": "https://api.github.com/repos/opencart/opencart/issues/events/422044774", "created_at": "2015-09-29T15:51:28Z", "actor": {"following_url": "https://api.github.com/users/roachy/following{/other_user}", "events_url": "https://api.github.com/users/roachy/events{/privacy}", "organizations_url": "https://api.github.com/users/roachy/orgs", "url": "https://api.github.com/users/roachy", "gists_url": "https://api.github.com/users/roachy/gists{/gist_id}", "html_url": "https://github.com/roachy", "subscriptions_url": "https://api.github.com/users/roachy/subscriptions", "avatar_url": "https://avatars.githubusercontent.com/u/4661449?v=3", "repos_url": "https://api.github.com/users/roachy/repos", "received_events_url": "https://api.github.com/users/roachy/received_events", "gravatar_id": "", "starred_url": "https://api.github.com/users/roachy/starred{/owner}{/repo}", "site_admin": false, "login": "roachy", "type": "User", "id": 4661449, "followers_url": "https://api.github.com/users/roachy/followers"}, "event": "reopened", "issue": {"body": "Help, OpenCart isn't working\n", "labels": [], "locked": false, "title": "Straight outta options", "url": "https://api.github.com/repos/opencart/opencart/issues/3403", "labels_url": "https://api.github.com/repos/opencart/opencart/issues/3403/labels{/name}", "created_at": "2015-09-29T15:44:15Z", "events_url": "https://api.github.com/repos/opencart/opencart/issues/3403/events", "comments_url": "https://api.github.com/repos/opencart/opencart/issues/3403/comments", "html_url": "https://github.com/opencart/opencart/issues/3403", "comments": 4, "number": 3403, "updated_at": "2015-09-29T15:56:34Z", "assignee": null, "state": "closed", "user": {"following_url": "https://api.github.com/users/roachy/following{/other_user}", "events_url": "https://api.github.com/users/roachy/events{/privacy}", "organizations_url": "https://api.github.com/users/roachy/orgs", "url": "https://api.github.com/users/roachy", "gists_url": "https://api.github.com/users/roachy/gists{/gist_id}", "html_url": "https://github.com/roachy", "subscriptions_url": "https://api.github.com/users/roachy/subscriptions", "avatar_url": "https://avatars.githubusercontent.com/u/4661449?v=3", "repos_url": "https://api.github.com/users/roachy/repos", "received_events_url": "https://api.github.com/users/roachy/received_events", "gravatar_id": "", "starred_url": "https://api.github.com/users/roachy/starred{/owner}{/repo}", "site_admin": false, "login": "roachy", "type": "User", "id": 4661449, "followers_url": "https://api.github.com/users/roachy/followers"}, "milestone": null, "repository_url": "https://api.github.com/repos/opencart/opencart", "closed_at": "2015-09-29T15:54:06Z", "assignees": [], "id": 108897772}, "id": 422044774}, {"commit_id": null, "commit_url": null, "url": "https://api.github.com/repos/opencart/opencart/issues/events/422043554", "created_at": "2015-09-29T15:50:25Z", "actor": {"following_url": "https://api.github.com/users/roachy/following{/other_user}", "events_url": "https://api.github.com/users/roachy/events{/privacy}", "organizations_url": "https://api.github.com/users/roachy/orgs", "url": "https://api.github.com/users/roachy", "gists_url": "https://api.github.com/users/roachy/gists{/gist_id}", "html_url": "https://github.com/roachy", "subscriptions_url": "https://api.github.com/users/roachy/subscriptions", "avatar_url": "https://avatars.githubusercontent.com/u/4661449?v=3", "repos_url": "https://api.github.com/users/roachy/repos", "received_events_url": "https://api.github.com/users/roachy/received_events", "gravatar_id": "", "starred_url": "https://api.github.com/users/roachy/starred{/owner}{/repo}", "site_admin": false, "login": "roachy", "type": "User", "id": 4661449, "followers_url": "https://api.github.com/users/roachy/followers"}, "event": "closed", "issue": {"body": "Help, OpenCart isn't working\n", "labels": [], "locked": false, "title": "Straight outta options", "url": "https://api.github.com/repos/opencart/opencart/issues/3403", "labels_url": "https://api.github.com/repos/opencart/opencart/issues/3403/labels{/name}", "created_at": "2015-09-29T15:44:15Z", "events_url": "https://api.github.com/repos/opencart/opencart/issues/3403/events", "comments_url": "https://api.github.com/repos/opencart/opencart/issues/3403/comments", "html_url": "https://github.com/opencart/opencart/issues/3403", "comments": 4, "number": 3403, "updated_at": "2015-09-29T15:56:34Z", "assignee": null, "state": "closed", "user": {"following_url": "https://api.github.com/users/roachy/following{/other_user}", "events_url": "https://api.github.com/users/roachy/events{/privacy}", "organizations_url": "https://api.github.com/users/roachy/orgs", "url": "https://api.github.com/users/roachy", "gists_url": "https://api.github.com/users/roachy/gists{/gist_id}", "html_url": "https://github.com/roachy", "subscriptions_url": "https://api.github.com/users/roachy/subscriptions", "avatar_url": "https://avatars.githubusercontent.com/u/4661449?v=3", "repos_url": "https://api.github.com/users/roachy/repos", "received_events_url": "https://api.github.com/users/roachy/received_events", "gravatar_id": "", "starred_url": "https://api.github.com/users/roachy/starred{/owner}{/repo}", "site_admin": false, "login": "roachy", "type": "User", "id": 4661449, "followers_url": "https://api.github.com/users/roachy/followers"}, "milestone": null, "repository_url": "https://api.github.com/repos/opencart/opencart", "closed_at": "2015-09-29T15:54:06Z", "assignees": [], "id": 108897772}, "id": 422043554}, {"commit_id": null, "commit_url": null, "url": "https://api.github.com/repos/opencart/opencart/issues/events/422042396", "created_at": "2015-09-29T15:49:31Z", "actor": {"following_url": "https://api.github.com/users/roachy/following{/other_user}", "events_url": "https://api.github.com/users/roachy/events{/privacy}", "organizations_url": "https://api.github.com/users/roachy/orgs", "url": "https://api.github.com/users/roachy", "gists_url": "https://api.github.com/users/roachy/gists{/gist_id}", "html_url": "https://github.com/roachy", "subscriptions_url": "https://api.github.com/users/roachy/subscriptions", "avatar_url": "https://avatars.githubusercontent.com/u/4661449?v=3", "repos_url": "https://api.github.com/users/roachy/repos", "received_events_url": "https://api.github.com/users/roachy/received_events", "gravatar_id": "", "starred_url": "https://api.github.com/users/roachy/starred{/owner}{/repo}", "site_admin": false, "login": "roachy", "type": "User", "id": 4661449, "followers_url": "https://api.github.com/users/roachy/followers"}, "event": "reopened", "issue": {"body": "Help, OpenCart isn't working\n", "labels": [], "locked": false, "title": "Straight outta options", "url": "https://api.github.com/repos/opencart/opencart/issues/3403", "labels_url": "https://api.github.com/repos/opencart/opencart/issues/3403/labels{/name}", "created_at": "2015-09-29T15:44:15Z", "events_url": "https://api.github.com/repos/opencart/opencart/issues/3403/events", "comments_url": "https://api.github.com/repos/opencart/opencart/issues/3403/comments", "html_url": "https://github.com/opencart/opencart/issues/3403", "comments": 4, "number": 3403, "updated_at": "2015-09-29T15:56:34Z", "assignee": null, "state": "closed", "user": {"following_url": "https://api.github.com/users/roachy/following{/other_user}", "events_url": "https://api.github.com/users/roachy/events{/privacy}", "organizations_url": "https://api.github.com/users/roachy/orgs", "url": "https://api.github.com/users/roachy", "gists_url": "https://api.github.com/users/roachy/gists{/gist_id}", "html_url": "https://github.com/roachy", "subscriptions_url": "https://api.github.com/users/roachy/subscriptions", "avatar_url": "https://avatars.githubusercontent.com/u/4661449?v=3", "repos_url": "https://api.github.com/users/roachy/repos", "received_events_url": "https://api.github.com/users/roachy/received_events", "gravatar_id": "", "starred_url": "https://api.github.com/users/roachy/starred{/owner}{/repo}", "site_admin": false, "login": "roachy", "type": "User", "id": 4661449, "followers_url": "https://api.github.com/users/roachy/followers"}, "milestone": null, "repository_url": "https://api.github.com/repos/opencart/opencart", "closed_at": "2015-09-29T15:54:06Z", "assignees": [], "id": 108897772}, "id": 422042396}, {"commit_id": null, "rename": {"to": "Bugs4Days", "from": "Breadcrumbs for all categories"}, "commit_url": null, "url": "https://api.github.com/repos/opencart/opencart/issues/events/422039215", "created_at": "2015-09-29T15:47:02Z", "actor": {"following_url": "https://api.github.com/users/roachy/following{/other_user}", "events_url": "https://api.github.com/users/roachy/events{/privacy}", "organizations_url": "https://api.github.com/users/roachy/orgs", "url": "https://api.github.com/users/roachy", "gists_url": "https://api.github.com/users/roachy/gists{/gist_id}", "html_url": "https://github.com/roachy", "subscriptions_url": "https://api.github.com/users/roachy/subscriptions", "avatar_url": "https://avatars.githubusercontent.com/u/4661449?v=3", "repos_url": "https://api.github.com/users/roachy/repos", "received_events_url": "https://api.github.com/users/roachy/received_events", "gravatar_id": "", "starred_url": "https://api.github.com/users/roachy/starred{/owner}{/repo}", "site_admin": false, "login": "roachy", "type": "User", "id": 4661449, "followers_url": "https://api.github.com/users/roachy/followers"}, "event": "renamed", "issue": {"body": "Help, OpenCart isn't working\n", "labels": [], "locked": false, "title": "Straight outta options", "url": "https://api.github.com/repos/opencart/opencart/issues/3403", "labels_url": "https://api.github.com/repos/opencart/opencart/issues/3403/labels{/name}", "created_at": "2015-09-29T15:44:15Z", "events_url": "https://api.github.com/repos/opencart/opencart/issues/3403/events", "comments_url": "https://api.github.com/repos/opencart/opencart/issues/3403/comments", "html_url": "https://github.com/opencart/opencart/issues/3403", "comments": 4, "number": 3403, "updated_at": "2015-09-29T15:56:34Z", "assignee": null, "state": "closed", "user": {"following_url": "https://api.github.com/users/roachy/following{/other_user}", "events_url": "https://api.github.com/users/roachy/events{/privacy}", "organizations_url": "https://api.github.com/users/roachy/orgs", "url": "https://api.github.com/users/roachy", "gists_url": "https://api.github.com/users/roachy/gists{/gist_id}", "html_url": "https://github.com/roachy", "subscriptions_url": "https://api.github.com/users/roachy/subscriptions", "avatar_url": "https://avatars.githubusercontent.com/u/4661449?v=3", "repos_url": "https://api.github.com/users/roachy/repos", "received_events_url": "https://api.github.com/users/roachy/received_events", "gravatar_id": "", "starred_url": "https://api.github.com/users/roachy/starred{/owner}{/repo}", "site_admin": false, "login": "roachy", "type": "User", "id": 4661449, "followers_url": "https://api.github.com/users/roachy/followers"}, "milestone": null, "repository_url": "https://api.github.com/repos/opencart/opencart", "closed_at": "2015-09-29T15:54:06Z", "assignees": [], "id": 108897772}, "id": 422039215}, {"commit_id": null, "rename": {"to": "Breadcrumbs for all categories", "from": "Choc full of bugs"}, "commit_url": null, "url": "https://api.github.com/repos/opencart/opencart/issues/events/422038480", "created_at": "2015-09-29T15:46:25Z", "actor": {"following_url": "https://api.github.com/users/roachy/following{/other_user}", "events_url": "https://api.github.com/users/roachy/events{/privacy}", "organizations_url": "https://api.github.com/users/roachy/orgs", "url": "https://api.github.com/users/roachy", "gists_url": "https://api.github.com/users/roachy/gists{/gist_id}", "html_url": "https://github.com/roachy", "subscriptions_url": "https://api.github.com/users/roachy/subscriptions", "avatar_url": "https://avatars.githubusercontent.com/u/4661449?v=3", "repos_url": "https://api.github.com/users/roachy/repos", "received_events_url": "https://api.github.com/users/roachy/received_events", "gravatar_id": "", "starred_url": "https://api.github.com/users/roachy/starred{/owner}{/repo}", "site_admin": false, "login": "roachy", "type": "User", "id": 4661449, "followers_url": "https://api.github.com/users/roachy/followers"}, "event": "renamed", "issue": {"body": "Help, OpenCart isn't working\n", "labels": [], "locked": false, "title": "Straight outta options", "url": "https://api.github.com/repos/opencart/opencart/issues/3403", "labels_url": "https://api.github.com/repos/opencart/opencart/issues/3403/labels{/name}", "created_at": "2015-09-29T15:44:15Z", "events_url": "https://api.github.com/repos/opencart/opencart/issues/3403/events", "comments_url": "https://api.github.com/repos/opencart/opencart/issues/3403/comments", "html_url": "https://github.com/opencart/opencart/issues/3403", "comments": 4, "number": 3403, "updated_at": "2015-09-29T15:56:34Z", "assignee": null, "state": "closed", "user": {"following_url": "https://api.github.com/users/roachy/following{/other_user}", "events_url": "https://api.github.com/users/roachy/events{/privacy}", "organizations_url": "https://api.github.com/users/roachy/orgs", "url": "https://api.github.com/users/roachy", "gists_url": "https://api.github.com/users/roachy/gists{/gist_id}", "html_url": "https://github.com/roachy", "subscriptions_url": "https://api.github.com/users/roachy/subscriptions", "avatar_url": "https://avatars.githubusercontent.com/u/4661449?v=3", "repos_url": "https://api.github.com/users/roachy/repos", "received_events_url": "https://api.github.com/users/roachy/received_events", "gravatar_id": "", "starred_url": "https://api.github.com/users/roachy/starred{/owner}{/repo}", "site_admin": false, "login": "roachy", "type": "User", "id": 4661449, "followers_url": "https://api.github.com/users/roachy/followers"}, "milestone": null, "repository_url": "https://api.github.com/repos/opencart/opencart", "closed_at": "2015-09-29T15:54:06Z", "assignees": [], "id": 108897772}, "id": 422038480}, {"commit_id": null, "rename": {"to": "Choc full of bugs", "from": "OpenCart is a bug"}, "commit_url": null, "url": "https://api.github.com/repos/opencart/opencart/issues/events/422037614", "created_at": "2015-09-29T15:45:42Z", "actor": {"following_url": "https://api.github.com/users/roachy/following{/other_user}", "events_url": "https://api.github.com/users/roachy/events{/privacy}", "organizations_url": "https://api.github.com/users/roachy/orgs", "url": "https://api.github.com/users/roachy", "gists_url": "https://api.github.com/users/roachy/gists{/gist_id}", "html_url": "https://github.com/roachy", "subscriptions_url": "https://api.github.com/users/roachy/subscriptions", "avatar_url": "https://avatars.githubusercontent.com/u/4661449?v=3", "repos_url": "https://api.github.com/users/roachy/repos", "received_events_url": "https://api.github.com/users/roachy/received_events", "gravatar_id": "", "starred_url": "https://api.github.com/users/roachy/starred{/owner}{/repo}", "site_admin": false, "login": "roachy", "type": "User", "id": 4661449, "followers_url": "https://api.github.com/users/roachy/followers"}, "event": "renamed", "issue": {"body": "Help, OpenCart isn't working\n", "labels": [], "locked": false, "title": "Straight outta options", "url": "https://api.github.com/repos/opencart/opencart/issues/3403", "labels_url": "https://api.github.com/repos/opencart/opencart/issues/3403/labels{/name}", "created_at": "2015-09-29T15:44:15Z", "events_url": "https://api.github.com/repos/opencart/opencart/issues/3403/events", "comments_url": "https://api.github.com/repos/opencart/opencart/issues/3403/comments", "html_url": "https://github.com/opencart/opencart/issues/3403", "comments": 4, "number": 3403, "updated_at": "2015-09-29T15:56:34Z", "assignee": null, "state": "closed", "user": {"following_url": "https://api.github.com/users/roachy/following{/other_user}", "events_url": "https://api.github.com/users/roachy/events{/privacy}", "organizations_url": "https://api.github.com/users/roachy/orgs", "url": "https://api.github.com/users/roachy", "gists_url": "https://api.github.com/users/roachy/gists{/gist_id}", "html_url": "https://github.com/roachy", "subscriptions_url": "https://api.github.com/users/roachy/subscriptions", "avatar_url": "https://avatars.githubusercontent.com/u/4661449?v=3", "repos_url": "https://api.github.com/users/roachy/repos", "received_events_url": "https://api.github.com/users/roachy/received_events", "gravatar_id": "", "starred_url": "https://api.github.com/users/roachy/starred{/owner}{/repo}", "site_admin": false, "login": "roachy", "type": "User", "id": 4661449, "followers_url": "https://api.github.com/users/roachy/followers"}, "milestone": null, "repository_url": "https://api.github.com/repos/opencart/opencart", "closed_at": "2015-09-29T15:54:06Z", "assignees": [], "id": 108897772}, "id": 422037614}, {"commit_id": null, "commit_url": null, "url": "https://api.github.com/repos/opencart/opencart/issues/events/422037091", "created_at": "2015-09-29T15:45:18Z", "actor": {"following_url": "https://api.github.com/users/roachy/following{/other_user}", "events_url": "https://api.github.com/users/roachy/events{/privacy}", "organizations_url": "https://api.github.com/users/roachy/orgs", "url": "https://api.github.com/users/roachy", "gists_url": "https://api.github.com/users/roachy/gists{/gist_id}", "html_url": "https://github.com/roachy", "subscriptions_url": "https://api.github.com/users/roachy/subscriptions", "avatar_url": "https://avatars.githubusercontent.com/u/4661449?v=3", "repos_url": "https://api.github.com/users/roachy/repos", "received_events_url": "https://api.github.com/users/roachy/received_events", "gravatar_id": "", "starred_url": "https://api.github.com/users/roachy/starred{/owner}{/repo}", "site_admin": false, "login": "roachy", "type": "User", "id": 4661449, "followers_url": "https://api.github.com/users/roachy/followers"}, "event": "closed", "issue": {"body": "Help, OpenCart isn't working\n", "labels": [], "locked": false, "title": "Straight outta options", "url": "https://api.github.com/repos/opencart/opencart/issues/3403", "labels_url": "https://api.github.com/repos/opencart/opencart/issues/3403/labels{/name}", "created_at": "2015-09-29T15:44:15Z", "events_url": "https://api.github.com/repos/opencart/opencart/issues/3403/events", "comments_url": "https://api.github.com/repos/opencart/opencart/issues/3403/comments", "html_url": "https://github.com/opencart/opencart/issues/3403", "comments": 4, "number": 3403, "updated_at": "2015-09-29T15:56:34Z", "assignee": null, "state": "closed", "user": {"following_url": "https://api.github.com/users/roachy/following{/other_user}", "events_url": "https://api.github.com/users/roachy/events{/privacy}", "organizations_url": "https://api.github.com/users/roachy/orgs", "url": "https://api.github.com/users/roachy", "gists_url": "https://api.github.com/users/roachy/gists{/gist_id}", "html_url": "https://github.com/roachy", "subscriptions_url": "https://api.github.com/users/roachy/subscriptions", "avatar_url": "https://avatars.githubusercontent.com/u/4661449?v=3", "repos_url": "https://api.github.com/users/roachy/repos", "received_events_url": "https://api.github.com/users/roachy/received_events", "gravatar_id": "", "starred_url": "https://api.github.com/users/roachy/starred{/owner}{/repo}", "site_admin": false, "login": "roachy", "type": "User", "id": 4661449, "followers_url": "https://api.github.com/users/roachy/followers"}, "milestone": null, "repository_url": "https://api.github.com/repos/opencart/opencart", "closed_at": "2015-09-29T15:54:06Z", "assignees": [], "id": 108897772}, "id": 422037091}, {"commit_id": null, "commit_url": null, "url": "https://api.github.com/repos/opencart/opencart/issues/events/421828502", "created_at": "2015-09-29T12:44:24Z", "actor": {"following_url": "https://api.github.com/users/jamesallsup/following{/other_user}", "events_url": "https://api.github.com/users/jamesallsup/events{/privacy}", "organizations_url": "https://api.github.com/users/jamesallsup/orgs", "url": "https://api.github.com/users/jamesallsup", "gists_url": "https://api.github.com/users/jamesallsup/gists{/gist_id}", "html_url": "https://github.com/jamesallsup", "subscriptions_url": "https://api.github.com/users/jamesallsup/subscriptions", "avatar_url": "https://avatars.githubusercontent.com/u/2026129?v=3", "repos_url": "https://api.github.com/users/jamesallsup/repos", "received_events_url": "https://api.github.com/users/jamesallsup/received_events", "gravatar_id": "", "starred_url": "https://api.github.com/users/jamesallsup/starred{/owner}{/repo}", "site_admin": false, "login": "jamesallsup", "type": "User", "id": 2026129, "followers_url": "https://api.github.com/users/jamesallsup/followers"}, "event": "closed", "issue": {"labels": [], "number": 3401, "assignee": null, "repository_url": "https://api.github.com/repos/opencart/opencart", "closed_at": "2015-09-29T12:44:24Z", "id": 108818424, "title": "Update index.php", "pull_request": {"url": "https://api.github.com/repos/opencart/opencart/pulls/3401", "diff_url": "https://github.com/opencart/opencart/pull/3401.diff", "html_url": "https://github.com/opencart/opencart/pull/3401", "patch_url": "https://github.com/opencart/opencart/pull/3401.patch"}, "comments": 0, "state": "closed", "body": "Latest release Contains RC https://github.com/opencart/opencart/releases which was released 2 days ago\n", "labels_url": "https://api.github.com/repos/opencart/opencart/issues/3401/labels{/name}", "events_url": "https://api.github.com/repos/opencart/opencart/issues/3401/events", "comments_url": "https://api.github.com/repos/opencart/opencart/issues/3401/comments", "html_url": "https://github.com/opencart/opencart/pull/3401", "updated_at": "2015-09-29T12:44:24Z", "user": {"following_url": "https://api.github.com/users/vivekkiran/following{/other_user}", "events_url": "https://api.github.com/users/vivekkiran/events{/privacy}", "organizations_url": "https://api.github.com/users/vivekkiran/orgs", "url": "https://api.github.com/users/vivekkiran", "gists_url": "https://api.github.com/users/vivekkiran/gists{/gist_id}", "html_url": "https://github.com/vivekkiran", "subscriptions_url": "https://api.github.com/users/vivekkiran/subscriptions", "avatar_url": "https://avatars.githubusercontent.com/u/5557539?v=3", "repos_url": "https://api.github.com/users/vivekkiran/repos", "received_events_url": "https://api.github.com/users/vivekkiran/received_events", "gravatar_id": "", "starred_url": "https://api.github.com/users/vivekkiran/starred{/owner}{/repo}", "site_admin": false, "login": "vivekkiran", "type": "User", "id": 5557539, "followers_url": "https://api.github.com/users/vivekkiran/followers"}, "milestone": null, "locked": false, "url": "https://api.github.com/repos/opencart/opencart/issues/3401", "created_at": "2015-09-29T08:27:48Z", "assignees": []}, "id": 421828502}, {"commit_id": "b29daa4f83eadaa2ff054829c71e8c33015cf38f", "commit_url": "https://api.github.com/repos/opencart/opencart/commits/b29daa4f83eadaa2ff054829c71e8c33015cf38f", "url": "https://api.github.com/repos/opencart/opencart/issues/events/421828312", "created_at": "2015-09-29T12:44:11Z", "actor": {"following_url": "https://api.github.com/users/jamesallsup/following{/other_user}", "events_url": "https://api.github.com/users/jamesallsup/events{/privacy}", "organizations_url": "https://api.github.com/users/jamesallsup/orgs", "url": "https://api.github.com/users/jamesallsup", "gists_url": "https://api.github.com/users/jamesallsup/gists{/gist_id}", "html_url": "https://github.com/jamesallsup", "subscriptions_url": "https://api.github.com/users/jamesallsup/subscriptions", "avatar_url": "https://avatars.githubusercontent.com/u/2026129?v=3", "repos_url": "https://api.github.com/users/jamesallsup/repos", "received_events_url": "https://api.github.com/users/jamesallsup/received_events", "gravatar_id": "", "starred_url": "https://api.github.com/users/jamesallsup/starred{/owner}{/repo}", "site_admin": false, "login": "jamesallsup", "type": "User", "id": 2026129, "followers_url": "https://api.github.com/users/jamesallsup/followers"}, "event": "referenced", "issue": {"labels": [], "number": 3401, "assignee": null, "repository_url": "https://api.github.com/repos/opencart/opencart", "closed_at": "2015-09-29T12:44:24Z", "id": 108818424, "title": "Update index.php", "pull_request": {"url": "https://api.github.com/repos/opencart/opencart/pulls/3401", "diff_url": "https://github.com/opencart/opencart/pull/3401.diff", "html_url": "https://github.com/opencart/opencart/pull/3401", "patch_url": "https://github.com/opencart/opencart/pull/3401.patch"}, "comments": 0, "state": "closed", "body": "Latest release Contains RC https://github.com/opencart/opencart/releases which was released 2 days ago\n", "labels_url": "https://api.github.com/repos/opencart/opencart/issues/3401/labels{/name}", "events_url": "https://api.github.com/repos/opencart/opencart/issues/3401/events", "comments_url": "https://api.github.com/repos/opencart/opencart/issues/3401/comments", "html_url": "https://github.com/opencart/opencart/pull/3401", "updated_at": "2015-09-29T12:44:24Z", "user": {"following_url": "https://api.github.com/users/vivekkiran/following{/other_user}", "events_url": "https://api.github.com/users/vivekkiran/events{/privacy}", "organizations_url": "https://api.github.com/users/vivekkiran/orgs", "url": "https://api.github.com/users/vivekkiran", "gists_url": "https://api.github.com/users/vivekkiran/gists{/gist_id}", "html_url": "https://github.com/vivekkiran", "subscriptions_url": "https://api.github.com/users/vivekkiran/subscriptions", "avatar_url": "https://avatars.githubusercontent.com/u/5557539?v=3", "repos_url": "https://api.github.com/users/vivekkiran/repos", "received_events_url": "https://api.github.com/users/vivekkiran/received_events", "gravatar_id": "", "starred_url": "https://api.github.com/users/vivekkiran/starred{/owner}{/repo}", "site_admin": false, "login": "vivekkiran", "type": "User", "id": 5557539, "followers_url": "https://api.github.com/users/vivekkiran/followers"}, "milestone": null, "locked": false, "url": "https://api.github.com/repos/opencart/opencart/issues/3401", "created_at": "2015-09-29T08:27:48Z", "assignees": []}, "id": 421828312}, {"commit_id": "b29daa4f83eadaa2ff054829c71e8c33015cf38f", "commit_url": "https://api.github.com/repos/opencart/opencart/commits/b29daa4f83eadaa2ff054829c71e8c33015cf38f", "url": "https://api.github.com/repos/opencart/opencart/issues/events/421828309", "created_at": "2015-09-29T12:44:11Z", "actor": {"following_url": "https://api.github.com/users/jamesallsup/following{/other_user}", "events_url": "https://api.github.com/users/jamesallsup/events{/privacy}", "organizations_url": "https://api.github.com/users/jamesallsup/orgs", "url": "https://api.github.com/users/jamesallsup", "gists_url": "https://api.github.com/users/jamesallsup/gists{/gist_id}", "html_url": "https://github.com/jamesallsup", "subscriptions_url": "https://api.github.com/users/jamesallsup/subscriptions", "avatar_url": "https://avatars.githubusercontent.com/u/2026129?v=3", "repos_url": "https://api.github.com/users/jamesallsup/repos", "received_events_url": "https://api.github.com/users/jamesallsup/received_events", "gravatar_id": "", "starred_url": "https://api.github.com/users/jamesallsup/starred{/owner}{/repo}", "site_admin": false, "login": "jamesallsup", "type": "User", "id": 2026129, "followers_url": "https://api.github.com/users/jamesallsup/followers"}, "event": "closed", "issue": {"labels": [], "number": 3400, "assignee": null, "repository_url": "https://api.github.com/repos/opencart/opencart", "closed_at": "2015-09-29T12:44:11Z", "id": 108818011, "title": "Removed RC 1 from admin", "pull_request": {"url": "https://api.github.com/repos/opencart/opencart/pulls/3400", "diff_url": "https://github.com/opencart/opencart/pull/3400.diff", "html_url": "https://github.com/opencart/opencart/pull/3400", "patch_url": "https://github.com/opencart/opencart/pull/3400.patch"}, "comments": 0, "state": "closed", "body": "Latest release Contains RC https://github.com/opencart/opencart/releases which was released 2 days ago\n", "labels_url": "https://api.github.com/repos/opencart/opencart/issues/3400/labels{/name}", "events_url": "https://api.github.com/repos/opencart/opencart/issues/3400/events", "comments_url": "https://api.github.com/repos/opencart/opencart/issues/3400/comments", "html_url": "https://github.com/opencart/opencart/pull/3400", "updated_at": "2015-09-29T12:44:11Z", "user": {"following_url": "https://api.github.com/users/vivekkiran/following{/other_user}", "events_url": "https://api.github.com/users/vivekkiran/events{/privacy}", "organizations_url": "https://api.github.com/users/vivekkiran/orgs", "url": "https://api.github.com/users/vivekkiran", "gists_url": "https://api.github.com/users/vivekkiran/gists{/gist_id}", "html_url": "https://github.com/vivekkiran", "subscriptions_url": "https://api.github.com/users/vivekkiran/subscriptions", "avatar_url": "https://avatars.githubusercontent.com/u/5557539?v=3", "repos_url": "https://api.github.com/users/vivekkiran/repos", "received_events_url": "https://api.github.com/users/vivekkiran/received_events", "gravatar_id": "", "starred_url": "https://api.github.com/users/vivekkiran/starred{/owner}{/repo}", "site_admin": false, "login": "vivekkiran", "type": "User", "id": 5557539, "followers_url": "https://api.github.com/users/vivekkiran/followers"}, "milestone": null, "locked": false, "url": "https://api.github.com/repos/opencart/opencart/issues/3400", "created_at": "2015-09-29T08:25:40Z", "assignees": []}, "id": 421828309}, {"commit_id": null, "commit_url": null, "url": "https://api.github.com/repos/opencart/opencart/issues/events/421524100", "created_at": "2015-09-29T06:20:42Z", "actor": {"following_url": "https://api.github.com/users/danielkerr/following{/other_user}", "events_url": "https://api.github.com/users/danielkerr/events{/privacy}", "organizations_url": "https://api.github.com/users/danielkerr/orgs", "url": "https://api.github.com/users/danielkerr", "gists_url": "https://api.github.com/users/danielkerr/gists{/gist_id}", "html_url": "https://github.com/danielkerr", "subscriptions_url": "https://api.github.com/users/danielkerr/subscriptions", "avatar_url": "https://avatars.githubusercontent.com/u/5079756?v=3", "repos_url": "https://api.github.com/users/danielkerr/repos", "received_events_url": "https://api.github.com/users/danielkerr/received_events", "gravatar_id": "", "starred_url": "https://api.github.com/users/danielkerr/starred{/owner}{/repo}", "site_admin": false, "login": "danielkerr", "type": "User", "id": 5079756, "followers_url": "https://api.github.com/users/danielkerr/followers"}, "event": "closed", "issue": {"labels": [], "number": 3192, "assignee": null, "repository_url": "https://api.github.com/repos/opencart/opencart", "closed_at": "2015-09-29T06:20:42Z", "id": 96479643, "title": "use ip from data object & wording changes for fraudlabspro anti-fraud", "pull_request": {"url": "https://api.github.com/repos/opencart/opencart/pulls/3192", "diff_url": "https://github.com/opencart/opencart/pull/3192.diff", "html_url": "https://github.com/opencart/opencart/pull/3192", "patch_url": "https://github.com/opencart/opencart/pull/3192.patch"}, "comments": 0, "state": "closed", "body": "", "labels_url": "https://api.github.com/repos/opencart/opencart/issues/3192/labels{/name}", "events_url": "https://api.github.com/repos/opencart/opencart/issues/3192/events", "comments_url": "https://api.github.com/repos/opencart/opencart/issues/3192/comments", "html_url": "https://github.com/opencart/opencart/pull/3192", "updated_at": "2015-09-29T06:20:42Z", "user": {"following_url": "https://api.github.com/users/chrislim2888/following{/other_user}", "events_url": "https://api.github.com/users/chrislim2888/events{/privacy}", "organizations_url": "https://api.github.com/users/chrislim2888/orgs", "url": "https://api.github.com/users/chrislim2888", "gists_url": "https://api.github.com/users/chrislim2888/gists{/gist_id}", "html_url": "https://github.com/chrislim2888", "subscriptions_url": "https://api.github.com/users/chrislim2888/subscriptions", "avatar_url": "https://avatars.githubusercontent.com/u/3418232?v=3", "repos_url": "https://api.github.com/users/chrislim2888/repos", "received_events_url": "https://api.github.com/users/chrislim2888/received_events", "gravatar_id": "", "starred_url": "https://api.github.com/users/chrislim2888/starred{/owner}{/repo}", "site_admin": false, "login": "chrislim2888", "type": "User", "id": 3418232, "followers_url": "https://api.github.com/users/chrislim2888/followers"}, "milestone": null, "locked": false, "url": "https://api.github.com/repos/opencart/opencart/issues/3192", "created_at": "2015-07-22T05:34:56Z", "assignees": []}, "id": 421524100}, {"commit_id": "84c0358d4ad5beab0e2ac8508aa9f3682d499a9a", "commit_url": "https://api.github.com/repos/opencart/opencart/commits/84c0358d4ad5beab0e2ac8508aa9f3682d499a9a", "url": "https://api.github.com/repos/opencart/opencart/issues/events/421524098", "created_at": "2015-09-29T06:20:42Z", "actor": {"following_url": "https://api.github.com/users/danielkerr/following{/other_user}", "events_url": "https://api.github.com/users/danielkerr/events{/privacy}", "organizations_url": "https://api.github.com/users/danielkerr/orgs", "url": "https://api.github.com/users/danielkerr", "gists_url": "https://api.github.com/users/danielkerr/gists{/gist_id}", "html_url": "https://github.com/danielkerr", "subscriptions_url": "https://api.github.com/users/danielkerr/subscriptions", "avatar_url": "https://avatars.githubusercontent.com/u/5079756?v=3", "repos_url": "https://api.github.com/users/danielkerr/repos", "received_events_url": "https://api.github.com/users/danielkerr/received_events", "gravatar_id": "", "starred_url": "https://api.github.com/users/danielkerr/starred{/owner}{/repo}", "site_admin": false, "login": "danielkerr", "type": "User", "id": 5079756, "followers_url": "https://api.github.com/users/danielkerr/followers"}, "event": "merged", "issue": {"labels": [], "number": 3192, "assignee": null, "repository_url": "https://api.github.com/repos/opencart/opencart", "closed_at": "2015-09-29T06:20:42Z", "id": 96479643, "title": "use ip from data object & wording changes for fraudlabspro anti-fraud", "pull_request": {"url": "https://api.github.com/repos/opencart/opencart/pulls/3192", "diff_url": "https://github.com/opencart/opencart/pull/3192.diff", "html_url": "https://github.com/opencart/opencart/pull/3192", "patch_url": "https://github.com/opencart/opencart/pull/3192.patch"}, "comments": 0, "state": "closed", "body": "", "labels_url": "https://api.github.com/repos/opencart/opencart/issues/3192/labels{/name}", "events_url": "https://api.github.com/repos/opencart/opencart/issues/3192/events", "comments_url": "https://api.github.com/repos/opencart/opencart/issues/3192/comments", "html_url": "https://github.com/opencart/opencart/pull/3192", "updated_at": "2015-09-29T06:20:42Z", "user": {"following_url": "https://api.github.com/users/chrislim2888/following{/other_user}", "events_url": "https://api.github.com/users/chrislim2888/events{/privacy}", "organizations_url": "https://api.github.com/users/chrislim2888/orgs", "url": "https://api.github.com/users/chrislim2888", "gists_url": "https://api.github.com/users/chrislim2888/gists{/gist_id}", "html_url": "https://github.com/chrislim2888", "subscriptions_url": "https://api.github.com/users/chrislim2888/subscriptions", "avatar_url": "https://avatars.githubusercontent.com/u/3418232?v=3", "repos_url": "https://api.github.com/users/chrislim2888/repos", "received_events_url": "https://api.github.com/users/chrislim2888/received_events", "gravatar_id": "", "starred_url": "https://api.github.com/users/chrislim2888/starred{/owner}{/repo}", "site_admin": false, "login": "chrislim2888", "type": "User", "id": 3418232, "followers_url": "https://api.github.com/users/chrislim2888/followers"}, "milestone": null, "locked": false, "url": "https://api.github.com/repos/opencart/opencart/issues/3192", "created_at": "2015-07-22T05:34:56Z", "assignees": []}, "id": 421524098}, {"commit_id": "84c0358d4ad5beab0e2ac8508aa9f3682d499a9a", "commit_url": "https://api.github.com/repos/opencart/opencart/commits/84c0358d4ad5beab0e2ac8508aa9f3682d499a9a", "url": "https://api.github.com/repos/opencart/opencart/issues/events/421524097", "created_at": "2015-09-29T06:20:42Z", "actor": {"following_url": "https://api.github.com/users/danielkerr/following{/other_user}", "events_url": "https://api.github.com/users/danielkerr/events{/privacy}", "organizations_url": "https://api.github.com/users/danielkerr/orgs", "url": "https://api.github.com/users/danielkerr", "gists_url": "https://api.github.com/users/danielkerr/gists{/gist_id}", "html_url": "https://github.com/danielkerr", "subscriptions_url": "https://api.github.com/users/danielkerr/subscriptions", "avatar_url": "https://avatars.githubusercontent.com/u/5079756?v=3", "repos_url": "https://api.github.com/users/danielkerr/repos", "received_events_url": "https://api.github.com/users/danielkerr/received_events", "gravatar_id": "", "starred_url": "https://api.github.com/users/danielkerr/starred{/owner}{/repo}", "site_admin": false, "login": "danielkerr", "type": "User", "id": 5079756, "followers_url": "https://api.github.com/users/danielkerr/followers"}, "event": "referenced", "issue": {"labels": [], "number": 3192, "assignee": null, "repository_url": "https://api.github.com/repos/opencart/opencart", "closed_at": "2015-09-29T06:20:42Z", "id": 96479643, "title": "use ip from data object & wording changes for fraudlabspro anti-fraud", "pull_request": {"url": "https://api.github.com/repos/opencart/opencart/pulls/3192", "diff_url": "https://github.com/opencart/opencart/pull/3192.diff", "html_url": "https://github.com/opencart/opencart/pull/3192", "patch_url": "https://github.com/opencart/opencart/pull/3192.patch"}, "comments": 0, "state": "closed", "body": "", "labels_url": "https://api.github.com/repos/opencart/opencart/issues/3192/labels{/name}", "events_url": "https://api.github.com/repos/opencart/opencart/issues/3192/events", "comments_url": "https://api.github.com/repos/opencart/opencart/issues/3192/comments", "html_url": "https://github.com/opencart/opencart/pull/3192", "updated_at": "2015-09-29T06:20:42Z", "user": {"following_url": "https://api.github.com/users/chrislim2888/following{/other_user}", "events_url": "https://api.github.com/users/chrislim2888/events{/privacy}", "organizations_url": "https://api.github.com/users/chrislim2888/orgs", "url": "https://api.github.com/users/chrislim2888", "gists_url": "https://api.github.com/users/chrislim2888/gists{/gist_id}", "html_url": "https://github.com/chrislim2888", "subscriptions_url": "https://api.github.com/users/chrislim2888/subscriptions", "avatar_url": "https://avatars.githubusercontent.com/u/3418232?v=3", "repos_url": "https://api.github.com/users/chrislim2888/repos", "received_events_url": "https://api.github.com/users/chrislim2888/received_events", "gravatar_id": "", "starred_url": "https://api.github.com/users/chrislim2888/starred{/owner}{/repo}", "site_admin": false, "login": "chrislim2888", "type": "User", "id": 3418232, "followers_url": "https://api.github.com/users/chrislim2888/followers"}, "milestone": null, "locked": false, "url": "https://api.github.com/repos/opencart/opencart/issues/3192", "created_at": "2015-07-22T05:34:56Z", "assignees": []}, "id": 421524097}, {"commit_id": null, "commit_url": null, "url": "https://api.github.com/repos/opencart/opencart/issues/events/421522332", "created_at": "2015-09-29T06:16:33Z", "actor": {"following_url": "https://api.github.com/users/danielkerr/following{/other_user}", "events_url": "https://api.github.com/users/danielkerr/events{/privacy}", "organizations_url": "https://api.github.com/users/danielkerr/orgs", "url": "https://api.github.com/users/danielkerr", "gists_url": "https://api.github.com/users/danielkerr/gists{/gist_id}", "html_url": "https://github.com/danielkerr", "subscriptions_url": "https://api.github.com/users/danielkerr/subscriptions", "avatar_url": "https://avatars.githubusercontent.com/u/5079756?v=3", "repos_url": "https://api.github.com/users/danielkerr/repos", "received_events_url": "https://api.github.com/users/danielkerr/received_events", "gravatar_id": "", "starred_url": "https://api.github.com/users/danielkerr/starred{/owner}{/repo}", "site_admin": false, "login": "danielkerr", "type": "User", "id": 5079756, "followers_url": "https://api.github.com/users/danielkerr/followers"}, "event": "closed", "issue": {"body": "", "labels": [], "locked": false, "title": "SQL injection BUG ", "url": "https://api.github.com/repos/opencart/opencart/issues/3398", "labels_url": "https://api.github.com/repos/opencart/opencart/issues/3398/labels{/name}", "created_at": "2015-09-29T04:04:39Z", "events_url": "https://api.github.com/repos/opencart/opencart/issues/3398/events", "comments_url": "https://api.github.com/repos/opencart/opencart/issues/3398/comments", "html_url": "https://github.com/opencart/opencart/issues/3398", "comments": 0, "number": 3398, "updated_at": "2015-09-29T18:26:17Z", "assignee": null, "state": "closed", "user": {"following_url": "https://api.github.com/users/mrg123/following{/other_user}", "events_url": "https://api.github.com/users/mrg123/events{/privacy}", "organizations_url": "https://api.github.com/users/mrg123/orgs", "url": "https://api.github.com/users/mrg123", "gists_url": "https://api.github.com/users/mrg123/gists{/gist_id}", "html_url": "https://github.com/mrg123", "subscriptions_url": "https://api.github.com/users/mrg123/subscriptions", "avatar_url": "https://avatars.githubusercontent.com/u/8348713?v=3", "repos_url": "https://api.github.com/users/mrg123/repos", "received_events_url": "https://api.github.com/users/mrg123/received_events", "gravatar_id": "", "starred_url": "https://api.github.com/users/mrg123/starred{/owner}{/repo}", "site_admin": false, "login": "mrg123", "type": "User", "id": 8348713, "followers_url": "https://api.github.com/users/mrg123/followers"}, "milestone": null, "repository_url": "https://api.github.com/repos/opencart/opencart", "closed_at": "2015-09-29T06:16:33Z", "assignees": [], "id": 108790597}, "id": 421522332}, {"commit_id": null, "commit_url": null, "url": "https://api.github.com/repos/opencart/opencart/issues/events/421063888", "created_at": "2015-09-28T18:20:54Z", "actor": {"following_url": "https://api.github.com/users/chris-wm/following{/other_user}", "events_url": "https://api.github.com/users/chris-wm/events{/privacy}", "organizations_url": "https://api.github.com/users/chris-wm/orgs", "url": "https://api.github.com/users/chris-wm", "gists_url": "https://api.github.com/users/chris-wm/gists{/gist_id}", "html_url": "https://github.com/chris-wm", "subscriptions_url": "https://api.github.com/users/chris-wm/subscriptions", "avatar_url": "https://avatars.githubusercontent.com/u/8395552?v=3", "repos_url": "https://api.github.com/users/chris-wm/repos", "received_events_url": "https://api.github.com/users/chris-wm/received_events", "gravatar_id": "", "starred_url": "https://api.github.com/users/chris-wm/starred{/owner}{/repo}", "site_admin": false, "login": "chris-wm", "type": "User", "id": 8395552, "followers_url": "https://api.github.com/users/chris-wm/followers"}, "event": "subscribed", "issue": {"body": "Hi,\n\nI use opencart 2.0.3.1 with g2apay\nBut when i get a order it does not forward from pending to complete.\nWhen i go to g2apay merchent page i see there that the order is complete.\ni added some pictures of my settings.\n![orderstatus](https://cloud.githubusercontent.com/assets/9420026/9932379/bc27e9a0-5d43-11e5-89d2-fef736145908.JPG)\n\n![g2settins](https://cloud.githubusercontent.com/assets/9420026/9931826/3977f7ba-5d3f-11e5-9b0e-f57f85eadabf.JPG)\n\nI hope somebody knows a fix or see what i did wrong.\n\nKind regards\n", "labels": [], "locked": false, "title": "G2APAY order status doesnt forward to complete", "url": "https://api.github.com/repos/opencart/opencart/issues/3353", "labels_url": "https://api.github.com/repos/opencart/opencart/issues/3353/labels{/name}", "created_at": "2015-09-17T11:23:51Z", "events_url": "https://api.github.com/repos/opencart/opencart/issues/3353/events", "comments_url": "https://api.github.com/repos/opencart/opencart/issues/3353/comments", "html_url": "https://github.com/opencart/opencart/issues/3353", "comments": 20, "number": 3353, "updated_at": "2016-01-19T13:11:20Z", "assignee": null, "state": "closed", "user": {"following_url": "https://api.github.com/users/sterrek/following{/other_user}", "events_url": "https://api.github.com/users/sterrek/events{/privacy}", "organizations_url": "https://api.github.com/users/sterrek/orgs", "url": "https://api.github.com/users/sterrek", "gists_url": "https://api.github.com/users/sterrek/gists{/gist_id}", "html_url": "https://github.com/sterrek", "subscriptions_url": "https://api.github.com/users/sterrek/subscriptions", "avatar_url": "https://avatars.githubusercontent.com/u/9420026?v=3", "repos_url": "https://api.github.com/users/sterrek/repos", "received_events_url": "https://api.github.com/users/sterrek/received_events", "gravatar_id": "", "starred_url": "https://api.github.com/users/sterrek/starred{/owner}{/repo}", "site_admin": false, "login": "sterrek", "type": "User", "id": 9420026, "followers_url": "https://api.github.com/users/sterrek/followers"}, "milestone": null, "repository_url": "https://api.github.com/repos/opencart/opencart", "closed_at": "2016-01-19T13:11:20Z", "assignees": [], "id": 106963120}, "id": 421063888}, {"commit_id": null, "commit_url": null, "url": "https://api.github.com/repos/opencart/opencart/issues/events/421063887", "created_at": "2015-09-28T18:20:54Z", "actor": {"following_url": "https://api.github.com/users/chris-wm/following{/other_user}", "events_url": "https://api.github.com/users/chris-wm/events{/privacy}", "organizations_url": "https://api.github.com/users/chris-wm/orgs", "url": "https://api.github.com/users/chris-wm", "gists_url": "https://api.github.com/users/chris-wm/gists{/gist_id}", "html_url": "https://github.com/chris-wm", "subscriptions_url": "https://api.github.com/users/chris-wm/subscriptions", "avatar_url": "https://avatars.githubusercontent.com/u/8395552?v=3", "repos_url": "https://api.github.com/users/chris-wm/repos", "received_events_url": "https://api.github.com/users/chris-wm/received_events", "gravatar_id": "", "starred_url": "https://api.github.com/users/chris-wm/starred{/owner}{/repo}", "site_admin": false, "login": "chris-wm", "type": "User", "id": 8395552, "followers_url": "https://api.github.com/users/chris-wm/followers"}, "event": "mentioned", "issue": {"body": "Hi,\n\nI use opencart 2.0.3.1 with g2apay\nBut when i get a order it does not forward from pending to complete.\nWhen i go to g2apay merchent page i see there that the order is complete.\ni added some pictures of my settings.\n![orderstatus](https://cloud.githubusercontent.com/assets/9420026/9932379/bc27e9a0-5d43-11e5-89d2-fef736145908.JPG)\n\n![g2settins](https://cloud.githubusercontent.com/assets/9420026/9931826/3977f7ba-5d3f-11e5-9b0e-f57f85eadabf.JPG)\n\nI hope somebody knows a fix or see what i did wrong.\n\nKind regards\n", "labels": [], "locked": false, "title": "G2APAY order status doesnt forward to complete", "url": "https://api.github.com/repos/opencart/opencart/issues/3353", "labels_url": "https://api.github.com/repos/opencart/opencart/issues/3353/labels{/name}", "created_at": "2015-09-17T11:23:51Z", "events_url": "https://api.github.com/repos/opencart/opencart/issues/3353/events", "comments_url": "https://api.github.com/repos/opencart/opencart/issues/3353/comments", "html_url": "https://github.com/opencart/opencart/issues/3353", "comments": 20, "number": 3353, "updated_at": "2016-01-19T13:11:20Z", "assignee": null, "state": "closed", "user": {"following_url": "https://api.github.com/users/sterrek/following{/other_user}", "events_url": "https://api.github.com/users/sterrek/events{/privacy}", "organizations_url": "https://api.github.com/users/sterrek/orgs", "url": "https://api.github.com/users/sterrek", "gists_url": "https://api.github.com/users/sterrek/gists{/gist_id}", "html_url": "https://github.com/sterrek", "subscriptions_url": "https://api.github.com/users/sterrek/subscriptions", "avatar_url": "https://avatars.githubusercontent.com/u/9420026?v=3", "repos_url": "https://api.github.com/users/sterrek/repos", "received_events_url": "https://api.github.com/users/sterrek/received_events", "gravatar_id": "", "starred_url": "https://api.github.com/users/sterrek/starred{/owner}{/repo}", "site_admin": false, "login": "sterrek", "type": "User", "id": 9420026, "followers_url": "https://api.github.com/users/sterrek/followers"}, "milestone": null, "repository_url": "https://api.github.com/repos/opencart/opencart", "closed_at": "2016-01-19T13:11:20Z", "assignees": [], "id": 106963120}, "id": 421063887}, {"commit_id": null, "commit_url": null, "url": "https://api.github.com/repos/opencart/opencart/issues/events/420248314", "created_at": "2015-09-27T20:43:47Z", "actor": {"following_url": "https://api.github.com/users/jamesallsup/following{/other_user}", "events_url": "https://api.github.com/users/jamesallsup/events{/privacy}", "organizations_url": "https://api.github.com/users/jamesallsup/orgs", "url": "https://api.github.com/users/jamesallsup", "gists_url": "https://api.github.com/users/jamesallsup/gists{/gist_id}", "html_url": "https://github.com/jamesallsup", "subscriptions_url": "https://api.github.com/users/jamesallsup/subscriptions", "avatar_url": "https://avatars.githubusercontent.com/u/2026129?v=3", "repos_url": "https://api.github.com/users/jamesallsup/repos", "received_events_url": "https://api.github.com/users/jamesallsup/received_events", "gravatar_id": "", "starred_url": "https://api.github.com/users/jamesallsup/starred{/owner}{/repo}", "site_admin": false, "login": "jamesallsup", "type": "User", "id": 2026129, "followers_url": "https://api.github.com/users/jamesallsup/followers"}, "event": "closed", "issue": {"labels": [], "number": 3394, "assignee": null, "repository_url": "https://api.github.com/repos/opencart/opencart", "closed_at": "2015-09-27T20:43:47Z", "id": 108559594, "title": "v2936 OpenBay Pro release.", "pull_request": {"url": "https://api.github.com/repos/opencart/opencart/pulls/3394", "diff_url": "https://github.com/opencart/opencart/pull/3394.diff", "html_url": "https://github.com/opencart/opencart/pull/3394", "patch_url": "https://github.com/opencart/opencart/pull/3394.patch"}, "comments": 0, "state": "closed", "body": "", "labels_url": "https://api.github.com/repos/opencart/opencart/issues/3394/labels{/name}", "events_url": "https://api.github.com/repos/opencart/opencart/issues/3394/events", "comments_url": "https://api.github.com/repos/opencart/opencart/issues/3394/comments", "html_url": "https://github.com/opencart/opencart/pull/3394", "updated_at": "2015-09-27T20:43:47Z", "user": {"following_url": "https://api.github.com/users/jamesallsup/following{/other_user}", "events_url": "https://api.github.com/users/jamesallsup/events{/privacy}", "organizations_url": "https://api.github.com/users/jamesallsup/orgs", "url": "https://api.github.com/users/jamesallsup", "gists_url": "https://api.github.com/users/jamesallsup/gists{/gist_id}", "html_url": "https://github.com/jamesallsup", "subscriptions_url": "https://api.github.com/users/jamesallsup/subscriptions", "avatar_url": "https://avatars.githubusercontent.com/u/2026129?v=3", "repos_url": "https://api.github.com/users/jamesallsup/repos", "received_events_url": "https://api.github.com/users/jamesallsup/received_events", "gravatar_id": "", "starred_url": "https://api.github.com/users/jamesallsup/starred{/owner}{/repo}", "site_admin": false, "login": "jamesallsup", "type": "User", "id": 2026129, "followers_url": "https://api.github.com/users/jamesallsup/followers"}, "milestone": null, "locked": false, "url": "https://api.github.com/repos/opencart/opencart/issues/3394", "created_at": "2015-09-27T20:43:32Z", "assignees": []}, "id": 420248314}, {"commit_id": "8ee6fe7dc638f7d0160625141f9e96742736f213", "commit_url": "https://api.github.com/repos/opencart/opencart/commits/8ee6fe7dc638f7d0160625141f9e96742736f213", "url": "https://api.github.com/repos/opencart/opencart/issues/events/420248311", "created_at": "2015-09-27T20:43:47Z", "actor": {"following_url": "https://api.github.com/users/jamesallsup/following{/other_user}", "events_url": "https://api.github.com/users/jamesallsup/events{/privacy}", "organizations_url": "https://api.github.com/users/jamesallsup/orgs", "url": "https://api.github.com/users/jamesallsup", "gists_url": "https://api.github.com/users/jamesallsup/gists{/gist_id}", "html_url": "https://github.com/jamesallsup", "subscriptions_url": "https://api.github.com/users/jamesallsup/subscriptions", "avatar_url": "https://avatars.githubusercontent.com/u/2026129?v=3", "repos_url": "https://api.github.com/users/jamesallsup/repos", "received_events_url": "https://api.github.com/users/jamesallsup/received_events", "gravatar_id": "", "starred_url": "https://api.github.com/users/jamesallsup/starred{/owner}{/repo}", "site_admin": false, "login": "jamesallsup", "type": "User", "id": 2026129, "followers_url": "https://api.github.com/users/jamesallsup/followers"}, "event": "merged", "issue": {"labels": [], "number": 3394, "assignee": null, "repository_url": "https://api.github.com/repos/opencart/opencart", "closed_at": "2015-09-27T20:43:47Z", "id": 108559594, "title": "v2936 OpenBay Pro release.", "pull_request": {"url": "https://api.github.com/repos/opencart/opencart/pulls/3394", "diff_url": "https://github.com/opencart/opencart/pull/3394.diff", "html_url": "https://github.com/opencart/opencart/pull/3394", "patch_url": "https://github.com/opencart/opencart/pull/3394.patch"}, "comments": 0, "state": "closed", "body": "", "labels_url": "https://api.github.com/repos/opencart/opencart/issues/3394/labels{/name}", "events_url": "https://api.github.com/repos/opencart/opencart/issues/3394/events", "comments_url": "https://api.github.com/repos/opencart/opencart/issues/3394/comments", "html_url": "https://github.com/opencart/opencart/pull/3394", "updated_at": "2015-09-27T20:43:47Z", "user": {"following_url": "https://api.github.com/users/jamesallsup/following{/other_user}", "events_url": "https://api.github.com/users/jamesallsup/events{/privacy}", "organizations_url": "https://api.github.com/users/jamesallsup/orgs", "url": "https://api.github.com/users/jamesallsup", "gists_url": "https://api.github.com/users/jamesallsup/gists{/gist_id}", "html_url": "https://github.com/jamesallsup", "subscriptions_url": "https://api.github.com/users/jamesallsup/subscriptions", "avatar_url": "https://avatars.githubusercontent.com/u/2026129?v=3", "repos_url": "https://api.github.com/users/jamesallsup/repos", "received_events_url": "https://api.github.com/users/jamesallsup/received_events", "gravatar_id": "", "starred_url": "https://api.github.com/users/jamesallsup/starred{/owner}{/repo}", "site_admin": false, "login": "jamesallsup", "type": "User", "id": 2026129, "followers_url": "https://api.github.com/users/jamesallsup/followers"}, "milestone": null, "locked": false, "url": "https://api.github.com/repos/opencart/opencart/issues/3394", "created_at": "2015-09-27T20:43:32Z", "assignees": []}, "id": 420248311}, {"commit_id": "8ee6fe7dc638f7d0160625141f9e96742736f213", "commit_url": "https://api.github.com/repos/opencart/opencart/commits/8ee6fe7dc638f7d0160625141f9e96742736f213", "url": "https://api.github.com/repos/opencart/opencart/issues/events/420248309", "created_at": "2015-09-27T20:43:47Z", "actor": {"following_url": "https://api.github.com/users/jamesallsup/following{/other_user}", "events_url": "https://api.github.com/users/jamesallsup/events{/privacy}", "organizations_url": "https://api.github.com/users/jamesallsup/orgs", "url": "https://api.github.com/users/jamesallsup", "gists_url": "https://api.github.com/users/jamesallsup/gists{/gist_id}", "html_url": "https://github.com/jamesallsup", "subscriptions_url": "https://api.github.com/users/jamesallsup/subscriptions", "avatar_url": "https://avatars.githubusercontent.com/u/2026129?v=3", "repos_url": "https://api.github.com/users/jamesallsup/repos", "received_events_url": "https://api.github.com/users/jamesallsup/received_events", "gravatar_id": "", "starred_url": "https://api.github.com/users/jamesallsup/starred{/owner}{/repo}", "site_admin": false, "login": "jamesallsup", "type": "User", "id": 2026129, "followers_url": "https://api.github.com/users/jamesallsup/followers"}, "event": "referenced", "issue": {"labels": [], "number": 3394, "assignee": null, "repository_url": "https://api.github.com/repos/opencart/opencart", "closed_at": "2015-09-27T20:43:47Z", "id": 108559594, "title": "v2936 OpenBay Pro release.", "pull_request": {"url": "https://api.github.com/repos/opencart/opencart/pulls/3394", "diff_url": "https://github.com/opencart/opencart/pull/3394.diff", "html_url": "https://github.com/opencart/opencart/pull/3394", "patch_url": "https://github.com/opencart/opencart/pull/3394.patch"}, "comments": 0, "state": "closed", "body": "", "labels_url": "https://api.github.com/repos/opencart/opencart/issues/3394/labels{/name}", "events_url": "https://api.github.com/repos/opencart/opencart/issues/3394/events", "comments_url": "https://api.github.com/repos/opencart/opencart/issues/3394/comments", "html_url": "https://github.com/opencart/opencart/pull/3394", "updated_at": "2015-09-27T20:43:47Z", "user": {"following_url": "https://api.github.com/users/jamesallsup/following{/other_user}", "events_url": "https://api.github.com/users/jamesallsup/events{/privacy}", "organizations_url": "https://api.github.com/users/jamesallsup/orgs", "url": "https://api.github.com/users/jamesallsup", "gists_url": "https://api.github.com/users/jamesallsup/gists{/gist_id}", "html_url": "https://github.com/jamesallsup", "subscriptions_url": "https://api.github.com/users/jamesallsup/subscriptions", "avatar_url": "https://avatars.githubusercontent.com/u/2026129?v=3", "repos_url": "https://api.github.com/users/jamesallsup/repos", "received_events_url": "https://api.github.com/users/jamesallsup/received_events", "gravatar_id": "", "starred_url": "https://api.github.com/users/jamesallsup/starred{/owner}{/repo}", "site_admin": false, "login": "jamesallsup", "type": "User", "id": 2026129, "followers_url": "https://api.github.com/users/jamesallsup/followers"}, "milestone": null, "locked": false, "url": "https://api.github.com/repos/opencart/opencart/issues/3394", "created_at": "2015-09-27T20:43:32Z", "assignees": []}, "id": 420248309}, {"commit_id": null, "commit_url": null, "url": "https://api.github.com/repos/opencart/opencart/issues/events/419196602", "created_at": "2015-09-25T14:09:39Z", "actor": {"following_url": "https://api.github.com/users/danielkerr/following{/other_user}", "events_url": "https://api.github.com/users/danielkerr/events{/privacy}", "organizations_url": "https://api.github.com/users/danielkerr/orgs", "url": "https://api.github.com/users/danielkerr", "gists_url": "https://api.github.com/users/danielkerr/gists{/gist_id}", "html_url": "https://github.com/danielkerr", "subscriptions_url": "https://api.github.com/users/danielkerr/subscriptions", "avatar_url": "https://avatars.githubusercontent.com/u/5079756?v=3", "repos_url": "https://api.github.com/users/danielkerr/repos", "received_events_url": "https://api.github.com/users/danielkerr/received_events", "gravatar_id": "", "starred_url": "https://api.github.com/users/danielkerr/starred{/owner}{/repo}", "site_admin": false, "login": "danielkerr", "type": "User", "id": 5079756, "followers_url": "https://api.github.com/users/danielkerr/followers"}, "event": "closed", "issue": {"body": "catalog/controller/total/voucher.php\nline 24\nreturn $this->load->view('default/template/total/coupon.tpl', $data);\nshould be\nreturn $this->load->view('default/template/total/voucher.tpl', $data);\n", "labels": [], "locked": false, "title": "Controller voucher error", "url": "https://api.github.com/repos/opencart/opencart/issues/3391", "labels_url": "https://api.github.com/repos/opencart/opencart/issues/3391/labels{/name}", "created_at": "2015-09-25T04:46:30Z", "events_url": "https://api.github.com/repos/opencart/opencart/issues/3391/events", "comments_url": "https://api.github.com/repos/opencart/opencart/issues/3391/comments", "html_url": "https://github.com/opencart/opencart/issues/3391", "comments": 0, "number": 3391, "updated_at": "2015-09-25T14:09:39Z", "assignee": null, "state": "closed", "user": {"following_url": "https://api.github.com/users/agatha65/following{/other_user}", "events_url": "https://api.github.com/users/agatha65/events{/privacy}", "organizations_url": "https://api.github.com/users/agatha65/orgs", "url": "https://api.github.com/users/agatha65", "gists_url": "https://api.github.com/users/agatha65/gists{/gist_id}", "html_url": "https://github.com/agatha65", "subscriptions_url": "https://api.github.com/users/agatha65/subscriptions", "avatar_url": "https://avatars.githubusercontent.com/u/682380?v=3", "repos_url": "https://api.github.com/users/agatha65/repos", "received_events_url": "https://api.github.com/users/agatha65/received_events", "gravatar_id": "", "starred_url": "https://api.github.com/users/agatha65/starred{/owner}{/repo}", "site_admin": false, "login": "agatha65", "type": "User", "id": 682380, "followers_url": "https://api.github.com/users/agatha65/followers"}, "milestone": null, "repository_url": "https://api.github.com/repos/opencart/opencart", "closed_at": "2015-09-25T14:09:39Z", "assignees": [], "id": 108262820}, "id": 419196602}, {"commit_id": "e4d3ae3773797d375df01c4db7bd916da73bc223", "commit_url": "https://api.github.com/repos/opencart/opencart/commits/e4d3ae3773797d375df01c4db7bd916da73bc223", "url": "https://api.github.com/repos/opencart/opencart/issues/events/419195982", "created_at": "2015-09-25T14:09:07Z", "actor": {"following_url": "https://api.github.com/users/danielkerr/following{/other_user}", "events_url": "https://api.github.com/users/danielkerr/events{/privacy}", "organizations_url": "https://api.github.com/users/danielkerr/orgs", "url": "https://api.github.com/users/danielkerr", "gists_url": "https://api.github.com/users/danielkerr/gists{/gist_id}", "html_url": "https://github.com/danielkerr", "subscriptions_url": "https://api.github.com/users/danielkerr/subscriptions", "avatar_url": "https://avatars.githubusercontent.com/u/5079756?v=3", "repos_url": "https://api.github.com/users/danielkerr/repos", "received_events_url": "https://api.github.com/users/danielkerr/received_events", "gravatar_id": "", "starred_url": "https://api.github.com/users/danielkerr/starred{/owner}{/repo}", "site_admin": false, "login": "danielkerr", "type": "User", "id": 5079756, "followers_url": "https://api.github.com/users/danielkerr/followers"}, "event": "referenced", "issue": {"body": "catalog/controller/total/voucher.php\nline 24\nreturn $this->load->view('default/template/total/coupon.tpl', $data);\nshould be\nreturn $this->load->view('default/template/total/voucher.tpl', $data);\n", "labels": [], "locked": false, "title": "Controller voucher error", "url": "https://api.github.com/repos/opencart/opencart/issues/3391", "labels_url": "https://api.github.com/repos/opencart/opencart/issues/3391/labels{/name}", "created_at": "2015-09-25T04:46:30Z", "events_url": "https://api.github.com/repos/opencart/opencart/issues/3391/events", "comments_url": "https://api.github.com/repos/opencart/opencart/issues/3391/comments", "html_url": "https://github.com/opencart/opencart/issues/3391", "comments": 0, "number": 3391, "updated_at": "2015-09-25T14:09:39Z", "assignee": null, "state": "closed", "user": {"following_url": "https://api.github.com/users/agatha65/following{/other_user}", "events_url": "https://api.github.com/users/agatha65/events{/privacy}", "organizations_url": "https://api.github.com/users/agatha65/orgs", "url": "https://api.github.com/users/agatha65", "gists_url": "https://api.github.com/users/agatha65/gists{/gist_id}", "html_url": "https://github.com/agatha65", "subscriptions_url": "https://api.github.com/users/agatha65/subscriptions", "avatar_url": "https://avatars.githubusercontent.com/u/682380?v=3", "repos_url": "https://api.github.com/users/agatha65/repos", "received_events_url": "https://api.github.com/users/agatha65/received_events", "gravatar_id": "", "starred_url": "https://api.github.com/users/agatha65/starred{/owner}{/repo}", "site_admin": false, "login": "agatha65", "type": "User", "id": 682380, "followers_url": "https://api.github.com/users/agatha65/followers"}, "milestone": null, "repository_url": "https://api.github.com/repos/opencart/opencart", "closed_at": "2015-09-25T14:09:39Z", "assignees": [], "id": 108262820}, "id": 419195982}, {"commit_id": null, "commit_url": null, "url": "https://api.github.com/repos/opencart/opencart/issues/events/419193252", "created_at": "2015-09-25T14:06:25Z", "actor": {"following_url": "https://api.github.com/users/danielkerr/following{/other_user}", "events_url": "https://api.github.com/users/danielkerr/events{/privacy}", "organizations_url": "https://api.github.com/users/danielkerr/orgs", "url": "https://api.github.com/users/danielkerr", "gists_url": "https://api.github.com/users/danielkerr/gists{/gist_id}", "html_url": "https://github.com/danielkerr", "subscriptions_url": "https://api.github.com/users/danielkerr/subscriptions", "avatar_url": "https://avatars.githubusercontent.com/u/5079756?v=3", "repos_url": "https://api.github.com/users/danielkerr/repos", "received_events_url": "https://api.github.com/users/danielkerr/received_events", "gravatar_id": "", "starred_url": "https://api.github.com/users/danielkerr/starred{/owner}{/repo}", "site_admin": false, "login": "danielkerr", "type": "User", "id": 5079756, "followers_url": "https://api.github.com/users/danielkerr/followers"}, "event": "closed", "issue": {"body": "When in admin the order is edited the customer cart content is replaced by the order products.\n", "labels": [], "locked": false, "title": "Order edit changes the customer cart", "url": "https://api.github.com/repos/opencart/opencart/issues/3392", "labels_url": "https://api.github.com/repos/opencart/opencart/issues/3392/labels{/name}", "created_at": "2015-09-25T05:00:49Z", "events_url": "https://api.github.com/repos/opencart/opencart/issues/3392/events", "comments_url": "https://api.github.com/repos/opencart/opencart/issues/3392/comments", "html_url": "https://github.com/opencart/opencart/issues/3392", "comments": 0, "number": 3392, "updated_at": "2015-09-25T14:06:25Z", "assignee": null, "state": "closed", "user": {"following_url": "https://api.github.com/users/agatha65/following{/other_user}", "events_url": "https://api.github.com/users/agatha65/events{/privacy}", "organizations_url": "https://api.github.com/users/agatha65/orgs", "url": "https://api.github.com/users/agatha65", "gists_url": "https://api.github.com/users/agatha65/gists{/gist_id}", "html_url": "https://github.com/agatha65", "subscriptions_url": "https://api.github.com/users/agatha65/subscriptions", "avatar_url": "https://avatars.githubusercontent.com/u/682380?v=3", "repos_url": "https://api.github.com/users/agatha65/repos", "received_events_url": "https://api.github.com/users/agatha65/received_events", "gravatar_id": "", "starred_url": "https://api.github.com/users/agatha65/starred{/owner}{/repo}", "site_admin": false, "login": "agatha65", "type": "User", "id": 682380, "followers_url": "https://api.github.com/users/agatha65/followers"}, "milestone": null, "repository_url": "https://api.github.com/repos/opencart/opencart", "closed_at": "2015-09-25T14:06:25Z", "assignees": [], "id": 108263923}, "id": 419193252}, {"commit_id": null, "commit_url": null, "url": "https://api.github.com/repos/opencart/opencart/issues/events/419033295", "created_at": "2015-09-25T10:45:56Z", "actor": {"following_url": "https://api.github.com/users/sterrek/following{/other_user}", "events_url": "https://api.github.com/users/sterrek/events{/privacy}", "organizations_url": "https://api.github.com/users/sterrek/orgs", "url": "https://api.github.com/users/sterrek", "gists_url": "https://api.github.com/users/sterrek/gists{/gist_id}", "html_url": "https://github.com/sterrek", "subscriptions_url": "https://api.github.com/users/sterrek/subscriptions", "avatar_url": "https://avatars.githubusercontent.com/u/9420026?v=3", "repos_url": "https://api.github.com/users/sterrek/repos", "received_events_url": "https://api.github.com/users/sterrek/received_events", "gravatar_id": "", "starred_url": "https://api.github.com/users/sterrek/starred{/owner}{/repo}", "site_admin": false, "login": "sterrek", "type": "User", "id": 9420026, "followers_url": "https://api.github.com/users/sterrek/followers"}, "event": "subscribed", "issue": {"body": "Hi,\n\nI use opencart 2.0.3.1 with g2apay\nBut when i get a order it does not forward from pending to complete.\nWhen i go to g2apay merchent page i see there that the order is complete.\ni added some pictures of my settings.\n![orderstatus](https://cloud.githubusercontent.com/assets/9420026/9932379/bc27e9a0-5d43-11e5-89d2-fef736145908.JPG)\n\n![g2settins](https://cloud.githubusercontent.com/assets/9420026/9931826/3977f7ba-5d3f-11e5-9b0e-f57f85eadabf.JPG)\n\nI hope somebody knows a fix or see what i did wrong.\n\nKind regards\n", "labels": [], "locked": false, "title": "G2APAY order status doesnt forward to complete", "url": "https://api.github.com/repos/opencart/opencart/issues/3353", "labels_url": "https://api.github.com/repos/opencart/opencart/issues/3353/labels{/name}", "created_at": "2015-09-17T11:23:51Z", "events_url": "https://api.github.com/repos/opencart/opencart/issues/3353/events", "comments_url": "https://api.github.com/repos/opencart/opencart/issues/3353/comments", "html_url": "https://github.com/opencart/opencart/issues/3353", "comments": 20, "number": 3353, "updated_at": "2016-01-19T13:11:20Z", "assignee": null, "state": "closed", "user": {"following_url": "https://api.github.com/users/sterrek/following{/other_user}", "events_url": "https://api.github.com/users/sterrek/events{/privacy}", "organizations_url": "https://api.github.com/users/sterrek/orgs", "url": "https://api.github.com/users/sterrek", "gists_url": "https://api.github.com/users/sterrek/gists{/gist_id}", "html_url": "https://github.com/sterrek", "subscriptions_url": "https://api.github.com/users/sterrek/subscriptions", "avatar_url": "https://avatars.githubusercontent.com/u/9420026?v=3", "repos_url": "https://api.github.com/users/sterrek/repos", "received_events_url": "https://api.github.com/users/sterrek/received_events", "gravatar_id": "", "starred_url": "https://api.github.com/users/sterrek/starred{/owner}{/repo}", "site_admin": false, "login": "sterrek", "type": "User", "id": 9420026, "followers_url": "https://api.github.com/users/sterrek/followers"}, "milestone": null, "repository_url": "https://api.github.com/repos/opencart/opencart", "closed_at": "2016-01-19T13:11:20Z", "assignees": [], "id": 106963120}, "id": 419033295}, {"commit_id": null, "commit_url": null, "url": "https://api.github.com/repos/opencart/opencart/issues/events/419033294", "created_at": "2015-09-25T10:45:56Z", "actor": {"following_url": "https://api.github.com/users/sterrek/following{/other_user}", "events_url": "https://api.github.com/users/sterrek/events{/privacy}", "organizations_url": "https://api.github.com/users/sterrek/orgs", "url": "https://api.github.com/users/sterrek", "gists_url": "https://api.github.com/users/sterrek/gists{/gist_id}", "html_url": "https://github.com/sterrek", "subscriptions_url": "https://api.github.com/users/sterrek/subscriptions", "avatar_url": "https://avatars.githubusercontent.com/u/9420026?v=3", "repos_url": "https://api.github.com/users/sterrek/repos", "received_events_url": "https://api.github.com/users/sterrek/received_events", "gravatar_id": "", "starred_url": "https://api.github.com/users/sterrek/starred{/owner}{/repo}", "site_admin": false, "login": "sterrek", "type": "User", "id": 9420026, "followers_url": "https://api.github.com/users/sterrek/followers"}, "event": "mentioned", "issue": {"body": "Hi,\n\nI use opencart 2.0.3.1 with g2apay\nBut when i get a order it does not forward from pending to complete.\nWhen i go to g2apay merchent page i see there that the order is complete.\ni added some pictures of my settings.\n![orderstatus](https://cloud.githubusercontent.com/assets/9420026/9932379/bc27e9a0-5d43-11e5-89d2-fef736145908.JPG)\n\n![g2settins](https://cloud.githubusercontent.com/assets/9420026/9931826/3977f7ba-5d3f-11e5-9b0e-f57f85eadabf.JPG)\n\nI hope somebody knows a fix or see what i did wrong.\n\nKind regards\n", "labels": [], "locked": false, "title": "G2APAY order status doesnt forward to complete", "url": "https://api.github.com/repos/opencart/opencart/issues/3353", "labels_url": "https://api.github.com/repos/opencart/opencart/issues/3353/labels{/name}", "created_at": "2015-09-17T11:23:51Z", "events_url": "https://api.github.com/repos/opencart/opencart/issues/3353/events", "comments_url": "https://api.github.com/repos/opencart/opencart/issues/3353/comments", "html_url": "https://github.com/opencart/opencart/issues/3353", "comments": 20, "number": 3353, "updated_at": "2016-01-19T13:11:20Z", "assignee": null, "state": "closed", "user": {"following_url": "https://api.github.com/users/sterrek/following{/other_user}", "events_url": "https://api.github.com/users/sterrek/events{/privacy}", "organizations_url": "https://api.github.com/users/sterrek/orgs", "url": "https://api.github.com/users/sterrek", "gists_url": "https://api.github.com/users/sterrek/gists{/gist_id}", "html_url": "https://github.com/sterrek", "subscriptions_url": "https://api.github.com/users/sterrek/subscriptions", "avatar_url": "https://avatars.githubusercontent.com/u/9420026?v=3", "repos_url": "https://api.github.com/users/sterrek/repos", "received_events_url": "https://api.github.com/users/sterrek/received_events", "gravatar_id": "", "starred_url": "https://api.github.com/users/sterrek/starred{/owner}{/repo}", "site_admin": false, "login": "sterrek", "type": "User", "id": 9420026, "followers_url": "https://api.github.com/users/sterrek/followers"}, "milestone": null, "repository_url": "https://api.github.com/repos/opencart/opencart", "closed_at": "2016-01-19T13:11:20Z", "assignees": [], "id": 106963120}, "id": 419033294}, {"commit_id": null, "rename": {"to": "Order edit changes the customer cart", "from": "Order edit change the customer cart"}, "commit_url": null, "url": "https://api.github.com/repos/opencart/opencart/issues/events/418837108", "created_at": "2015-09-25T05:10:14Z", "actor": {"following_url": "https://api.github.com/users/agatha65/following{/other_user}", "events_url": "https://api.github.com/users/agatha65/events{/privacy}", "organizations_url": "https://api.github.com/users/agatha65/orgs", "url": "https://api.github.com/users/agatha65", "gists_url": "https://api.github.com/users/agatha65/gists{/gist_id}", "html_url": "https://github.com/agatha65", "subscriptions_url": "https://api.github.com/users/agatha65/subscriptions", "avatar_url": "https://avatars.githubusercontent.com/u/682380?v=3", "repos_url": "https://api.github.com/users/agatha65/repos", "received_events_url": "https://api.github.com/users/agatha65/received_events", "gravatar_id": "", "starred_url": "https://api.github.com/users/agatha65/starred{/owner}{/repo}", "site_admin": false, "login": "agatha65", "type": "User", "id": 682380, "followers_url": "https://api.github.com/users/agatha65/followers"}, "event": "renamed", "issue": {"body": "When in admin the order is edited the customer cart content is replaced by the order products.\n", "labels": [], "locked": false, "title": "Order edit changes the customer cart", "url": "https://api.github.com/repos/opencart/opencart/issues/3392", "labels_url": "https://api.github.com/repos/opencart/opencart/issues/3392/labels{/name}", "created_at": "2015-09-25T05:00:49Z", "events_url": "https://api.github.com/repos/opencart/opencart/issues/3392/events", "comments_url": "https://api.github.com/repos/opencart/opencart/issues/3392/comments", "html_url": "https://github.com/opencart/opencart/issues/3392", "comments": 0, "number": 3392, "updated_at": "2015-09-25T14:06:25Z", "assignee": null, "state": "closed", "user": {"following_url": "https://api.github.com/users/agatha65/following{/other_user}", "events_url": "https://api.github.com/users/agatha65/events{/privacy}", "organizations_url": "https://api.github.com/users/agatha65/orgs", "url": "https://api.github.com/users/agatha65", "gists_url": "https://api.github.com/users/agatha65/gists{/gist_id}", "html_url": "https://github.com/agatha65", "subscriptions_url": "https://api.github.com/users/agatha65/subscriptions", "avatar_url": "https://avatars.githubusercontent.com/u/682380?v=3", "repos_url": "https://api.github.com/users/agatha65/repos", "received_events_url": "https://api.github.com/users/agatha65/received_events", "gravatar_id": "", "starred_url": "https://api.github.com/users/agatha65/starred{/owner}{/repo}", "site_admin": false, "login": "agatha65", "type": "User", "id": 682380, "followers_url": "https://api.github.com/users/agatha65/followers"}, "milestone": null, "repository_url": "https://api.github.com/repos/opencart/opencart", "closed_at": "2015-09-25T14:06:25Z", "assignees": [], "id": 108263923}, "id": 418837108}, {"commit_id": null, "commit_url": null, "url": "https://api.github.com/repos/opencart/opencart/issues/events/418512065", "created_at": "2015-09-24T20:06:17Z", "actor": {"following_url": "https://api.github.com/users/jamesallsup/following{/other_user}", "events_url": "https://api.github.com/users/jamesallsup/events{/privacy}", "organizations_url": "https://api.github.com/users/jamesallsup/orgs", "url": "https://api.github.com/users/jamesallsup", "gists_url": "https://api.github.com/users/jamesallsup/gists{/gist_id}", "html_url": "https://github.com/jamesallsup", "subscriptions_url": "https://api.github.com/users/jamesallsup/subscriptions", "avatar_url": "https://avatars.githubusercontent.com/u/2026129?v=3", "repos_url": "https://api.github.com/users/jamesallsup/repos", "received_events_url": "https://api.github.com/users/jamesallsup/received_events", "gravatar_id": "", "starred_url": "https://api.github.com/users/jamesallsup/starred{/owner}{/repo}", "site_admin": false, "login": "jamesallsup", "type": "User", "id": 2026129, "followers_url": "https://api.github.com/users/jamesallsup/followers"}, "event": "closed", "issue": {"labels": [], "number": 3389, "assignee": null, "repository_url": "https://api.github.com/repos/opencart/opencart", "closed_at": "2015-09-24T20:06:17Z", "id": 108179452, "title": "Checkout register login", "pull_request": {"url": "https://api.github.com/repos/opencart/opencart/pulls/3389", "diff_url": "https://github.com/opencart/opencart/pull/3389.diff", "html_url": "https://github.com/opencart/opencart/pull/3389", "patch_url": "https://github.com/opencart/opencart/pull/3389.patch"}, "comments": 0, "state": "closed", "body": "@jamesallsup \n", "labels_url": "https://api.github.com/repos/opencart/opencart/issues/3389/labels{/name}", "events_url": "https://api.github.com/repos/opencart/opencart/issues/3389/events", "comments_url": "https://api.github.com/repos/opencart/opencart/issues/3389/comments", "html_url": "https://github.com/opencart/opencart/pull/3389", "updated_at": "2015-09-24T20:06:17Z", "user": {"following_url": "https://api.github.com/users/davidteal/following{/other_user}", "events_url": "https://api.github.com/users/davidteal/events{/privacy}", "organizations_url": "https://api.github.com/users/davidteal/orgs", "url": "https://api.github.com/users/davidteal", "gists_url": "https://api.github.com/users/davidteal/gists{/gist_id}", "html_url": "https://github.com/davidteal", "subscriptions_url": "https://api.github.com/users/davidteal/subscriptions", "avatar_url": "https://avatars.githubusercontent.com/u/5495327?v=3", "repos_url": "https://api.github.com/users/davidteal/repos", "received_events_url": "https://api.github.com/users/davidteal/received_events", "gravatar_id": "", "starred_url": "https://api.github.com/users/davidteal/starred{/owner}{/repo}", "site_admin": false, "login": "davidteal", "type": "User", "id": 5495327, "followers_url": "https://api.github.com/users/davidteal/followers"}, "milestone": null, "locked": false, "url": "https://api.github.com/repos/opencart/opencart/issues/3389", "created_at": "2015-09-24T17:45:48Z", "assignees": []}, "id": 418512065}, {"commit_id": "61d3be61d95a06d2692ea87284c74bb76b114eca", "commit_url": "https://api.github.com/repos/opencart/opencart/commits/61d3be61d95a06d2692ea87284c74bb76b114eca", "url": "https://api.github.com/repos/opencart/opencart/issues/events/418512063", "created_at": "2015-09-24T20:06:17Z", "actor": {"following_url": "https://api.github.com/users/jamesallsup/following{/other_user}", "events_url": "https://api.github.com/users/jamesallsup/events{/privacy}", "organizations_url": "https://api.github.com/users/jamesallsup/orgs", "url": "https://api.github.com/users/jamesallsup", "gists_url": "https://api.github.com/users/jamesallsup/gists{/gist_id}", "html_url": "https://github.com/jamesallsup", "subscriptions_url": "https://api.github.com/users/jamesallsup/subscriptions", "avatar_url": "https://avatars.githubusercontent.com/u/2026129?v=3", "repos_url": "https://api.github.com/users/jamesallsup/repos", "received_events_url": "https://api.github.com/users/jamesallsup/received_events", "gravatar_id": "", "starred_url": "https://api.github.com/users/jamesallsup/starred{/owner}{/repo}", "site_admin": false, "login": "jamesallsup", "type": "User", "id": 2026129, "followers_url": "https://api.github.com/users/jamesallsup/followers"}, "event": "merged", "issue": {"labels": [], "number": 3389, "assignee": null, "repository_url": "https://api.github.com/repos/opencart/opencart", "closed_at": "2015-09-24T20:06:17Z", "id": 108179452, "title": "Checkout register login", "pull_request": {"url": "https://api.github.com/repos/opencart/opencart/pulls/3389", "diff_url": "https://github.com/opencart/opencart/pull/3389.diff", "html_url": "https://github.com/opencart/opencart/pull/3389", "patch_url": "https://github.com/opencart/opencart/pull/3389.patch"}, "comments": 0, "state": "closed", "body": "@jamesallsup \n", "labels_url": "https://api.github.com/repos/opencart/opencart/issues/3389/labels{/name}", "events_url": "https://api.github.com/repos/opencart/opencart/issues/3389/events", "comments_url": "https://api.github.com/repos/opencart/opencart/issues/3389/comments", "html_url": "https://github.com/opencart/opencart/pull/3389", "updated_at": "2015-09-24T20:06:17Z", "user": {"following_url": "https://api.github.com/users/davidteal/following{/other_user}", "events_url": "https://api.github.com/users/davidteal/events{/privacy}", "organizations_url": "https://api.github.com/users/davidteal/orgs", "url": "https://api.github.com/users/davidteal", "gists_url": "https://api.github.com/users/davidteal/gists{/gist_id}", "html_url": "https://github.com/davidteal", "subscriptions_url": "https://api.github.com/users/davidteal/subscriptions", "avatar_url": "https://avatars.githubusercontent.com/u/5495327?v=3", "repos_url": "https://api.github.com/users/davidteal/repos", "received_events_url": "https://api.github.com/users/davidteal/received_events", "gravatar_id": "", "starred_url": "https://api.github.com/users/davidteal/starred{/owner}{/repo}", "site_admin": false, "login": "davidteal", "type": "User", "id": 5495327, "followers_url": "https://api.github.com/users/davidteal/followers"}, "milestone": null, "locked": false, "url": "https://api.github.com/repos/opencart/opencart/issues/3389", "created_at": "2015-09-24T17:45:48Z", "assignees": []}, "id": 418512063}]