[{"commit_id": "f8deffd06899612b980c76691f165b10e681b4e6", "commit_url": "https://api.github.com/repos/opencart/opencart/commits/f8deffd06899612b980c76691f165b10e681b4e6", "url": "https://api.github.com/repos/opencart/opencart/issues/events/452892330", "created_at": "2015-11-03T07:59:04Z", "actor": {"following_url": "https://api.github.com/users/danielkerr/following{/other_user}", "events_url": "https://api.github.com/users/danielkerr/events{/privacy}", "organizations_url": "https://api.github.com/users/danielkerr/orgs", "url": "https://api.github.com/users/danielkerr", "gists_url": "https://api.github.com/users/danielkerr/gists{/gist_id}", "html_url": "https://github.com/danielkerr", "subscriptions_url": "https://api.github.com/users/danielkerr/subscriptions", "avatar_url": "https://avatars.githubusercontent.com/u/5079756?v=3", "repos_url": "https://api.github.com/users/danielkerr/repos", "received_events_url": "https://api.github.com/users/danielkerr/received_events", "gravatar_id": "", "starred_url": "https://api.github.com/users/danielkerr/starred{/owner}{/repo}", "site_admin": false, "login": "danielkerr", "type": "User", "id": 5079756, "followers_url": "https://api.github.com/users/danielkerr/followers"}, "event": "referenced", "issue": {"labels": [], "number": 3583, "assignee": null, "repository_url": "https://api.github.com/repos/opencart/opencart", "closed_at": "2015-11-03T07:59:04Z", "id": 114487096, "title": "Delete a non-existent city 'Gomo-Altaysk' from Russia country", "pull_request": {"url": "https://api.github.com/repos/opencart/opencart/pulls/3583", "diff_url": "https://github.com/opencart/opencart/pull/3583.diff", "html_url": "https://github.com/opencart/opencart/pull/3583", "patch_url": "https://github.com/opencart/opencart/pull/3583.patch"}, "comments": 0, "state": "closed", "body": "There are no cities with such name in Russia (Russian Federation).\nThe right city is 'GoRNo-Altaysk', not 'GoMo-Altaysk'. It is OCR mistake, probably.\nPlease, keep this string:\n(2738, 176, 'Gorno-Altaysk', 'GA', 1),\nAnd delete this:\n(2737, 176, 'Gomo-Altaysk', 'GA', 1),\n", "labels_url": "https://api.github.com/repos/opencart/opencart/issues/3583/labels{/name}", "events_url": "https://api.github.com/repos/opencart/opencart/issues/3583/events", "comments_url": "https://api.github.com/repos/opencart/opencart/issues/3583/comments", "html_url": "https://github.com/opencart/opencart/pull/3583", "updated_at": "2015-11-03T07:59:04Z", "user": {"following_url": "https://api.github.com/users/GreenRobot777/following{/other_user}", "events_url": "https://api.github.com/users/GreenRobot777/events{/privacy}", "organizations_url": "https://api.github.com/users/GreenRobot777/orgs", "url": "https://api.github.com/users/GreenRobot777", "gists_url": "https://api.github.com/users/GreenRobot777/gists{/gist_id}", "html_url": "https://github.com/GreenRobot777", "subscriptions_url": "https://api.github.com/users/GreenRobot777/subscriptions", "avatar_url": "https://avatars.githubusercontent.com/u/14993551?v=3", "repos_url": "https://api.github.com/users/GreenRobot777/repos", "received_events_url": "https://api.github.com/users/GreenRobot777/received_events", "gravatar_id": "", "starred_url": "https://api.github.com/users/GreenRobot777/starred{/owner}{/repo}", "site_admin": false, "login": "GreenRobot777", "type": "User", "id": 14993551, "followers_url": "https://api.github.com/users/GreenRobot777/followers"}, "milestone": null, "locked": false, "url": "https://api.github.com/repos/opencart/opencart/issues/3583", "created_at": "2015-11-01T19:29:07Z", "assignees": []}, "id": 452892330}, {"commit_id": null, "commit_url": null, "url": "https://api.github.com/repos/opencart/opencart/issues/events/452766760", "created_at": "2015-11-03T04:03:01Z", "actor": {"following_url": "https://api.github.com/users/danielkerr/following{/other_user}", "events_url": "https://api.github.com/users/danielkerr/events{/privacy}", "organizations_url": "https://api.github.com/users/danielkerr/orgs", "url": "https://api.github.com/users/danielkerr", "gists_url": "https://api.github.com/users/danielkerr/gists{/gist_id}", "html_url": "https://github.com/danielkerr", "subscriptions_url": "https://api.github.com/users/danielkerr/subscriptions", "avatar_url": "https://avatars.githubusercontent.com/u/5079756?v=3", "repos_url": "https://api.github.com/users/danielkerr/repos", "received_events_url": "https://api.github.com/users/danielkerr/received_events", "gravatar_id": "", "starred_url": "https://api.github.com/users/danielkerr/starred{/owner}{/repo}", "site_admin": false, "login": "danielkerr", "type": "User", "id": 5079756, "followers_url": "https://api.github.com/users/danielkerr/followers"}, "event": "closed", "issue": {"body": "how check islogin admin?\n", "labels": [], "locked": false, "title": "how check islogin admin?", "url": "https://api.github.com/repos/opencart/opencart/issues/3587", "labels_url": "https://api.github.com/repos/opencart/opencart/issues/3587/labels{/name}", "created_at": "2015-11-03T00:03:51Z", "events_url": "https://api.github.com/repos/opencart/opencart/issues/3587/events", "comments_url": "https://api.github.com/repos/opencart/opencart/issues/3587/comments", "html_url": "https://github.com/opencart/opencart/issues/3587", "comments": 0, "number": 3587, "updated_at": "2015-11-03T04:03:01Z", "assignee": null, "state": "closed", "user": {"following_url": "https://api.github.com/users/ozeranskiy/following{/other_user}", "events_url": "https://api.github.com/users/ozeranskiy/events{/privacy}", "organizations_url": "https://api.github.com/users/ozeranskiy/orgs", "url": "https://api.github.com/users/ozeranskiy", "gists_url": "https://api.github.com/users/ozeranskiy/gists{/gist_id}", "html_url": "https://github.com/ozeranskiy", "subscriptions_url": "https://api.github.com/users/ozeranskiy/subscriptions", "avatar_url": "https://avatars.githubusercontent.com/u/1898297?v=3", "repos_url": "https://api.github.com/users/ozeranskiy/repos", "received_events_url": "https://api.github.com/users/ozeranskiy/received_events", "gravatar_id": "", "starred_url": "https://api.github.com/users/ozeranskiy/starred{/owner}{/repo}", "site_admin": false, "login": "ozeranskiy", "type": "User", "id": 1898297, "followers_url": "https://api.github.com/users/ozeranskiy/followers"}, "milestone": null, "repository_url": "https://api.github.com/repos/opencart/opencart", "closed_at": "2015-11-03T04:03:01Z", "assignees": [], "id": 114712865}, "id": 452766760}, {"commit_id": null, "rename": {"to": "how check islogin admin?", "from": "how check loggin admin?"}, "commit_url": null, "url": "https://api.github.com/repos/opencart/opencart/issues/events/452639615", "created_at": "2015-11-03T00:04:05Z", "actor": {"following_url": "https://api.github.com/users/ozeranskiy/following{/other_user}", "events_url": "https://api.github.com/users/ozeranskiy/events{/privacy}", "organizations_url": "https://api.github.com/users/ozeranskiy/orgs", "url": "https://api.github.com/users/ozeranskiy", "gists_url": "https://api.github.com/users/ozeranskiy/gists{/gist_id}", "html_url": "https://github.com/ozeranskiy", "subscriptions_url": "https://api.github.com/users/ozeranskiy/subscriptions", "avatar_url": "https://avatars.githubusercontent.com/u/1898297?v=3", "repos_url": "https://api.github.com/users/ozeranskiy/repos", "received_events_url": "https://api.github.com/users/ozeranskiy/received_events", "gravatar_id": "", "starred_url": "https://api.github.com/users/ozeranskiy/starred{/owner}{/repo}", "site_admin": false, "login": "ozeranskiy", "type": "User", "id": 1898297, "followers_url": "https://api.github.com/users/ozeranskiy/followers"}, "event": "renamed", "issue": {"body": "how check islogin admin?\n", "labels": [], "locked": false, "title": "how check islogin admin?", "url": "https://api.github.com/repos/opencart/opencart/issues/3587", "labels_url": "https://api.github.com/repos/opencart/opencart/issues/3587/labels{/name}", "created_at": "2015-11-03T00:03:51Z", "events_url": "https://api.github.com/repos/opencart/opencart/issues/3587/events", "comments_url": "https://api.github.com/repos/opencart/opencart/issues/3587/comments", "html_url": "https://github.com/opencart/opencart/issues/3587", "comments": 0, "number": 3587, "updated_at": "2015-11-03T04:03:01Z", "assignee": null, "state": "closed", "user": {"following_url": "https://api.github.com/users/ozeranskiy/following{/other_user}", "events_url": "https://api.github.com/users/ozeranskiy/events{/privacy}", "organizations_url": "https://api.github.com/users/ozeranskiy/orgs", "url": "https://api.github.com/users/ozeranskiy", "gists_url": "https://api.github.com/users/ozeranskiy/gists{/gist_id}", "html_url": "https://github.com/ozeranskiy", "subscriptions_url": "https://api.github.com/users/ozeranskiy/subscriptions", "avatar_url": "https://avatars.githubusercontent.com/u/1898297?v=3", "repos_url": "https://api.github.com/users/ozeranskiy/repos", "received_events_url": "https://api.github.com/users/ozeranskiy/received_events", "gravatar_id": "", "starred_url": "https://api.github.com/users/ozeranskiy/starred{/owner}{/repo}", "site_admin": false, "login": "ozeranskiy", "type": "User", "id": 1898297, "followers_url": "https://api.github.com/users/ozeranskiy/followers"}, "milestone": null, "repository_url": "https://api.github.com/repos/opencart/opencart", "closed_at": "2015-11-03T04:03:01Z", "assignees": [], "id": 114712865}, "id": 452639615}, {"commit_id": null, "commit_url": null, "url": "https://api.github.com/repos/opencart/opencart/issues/events/451595000", "created_at": "2015-11-02T04:48:35Z", "actor": {"following_url": "https://api.github.com/users/danielkerr/following{/other_user}", "events_url": "https://api.github.com/users/danielkerr/events{/privacy}", "organizations_url": "https://api.github.com/users/danielkerr/orgs", "url": "https://api.github.com/users/danielkerr", "gists_url": "https://api.github.com/users/danielkerr/gists{/gist_id}", "html_url": "https://github.com/danielkerr", "subscriptions_url": "https://api.github.com/users/danielkerr/subscriptions", "avatar_url": "https://avatars.githubusercontent.com/u/5079756?v=3", "repos_url": "https://api.github.com/users/danielkerr/repos", "received_events_url": "https://api.github.com/users/danielkerr/received_events", "gravatar_id": "", "starred_url": "https://api.github.com/users/danielkerr/starred{/owner}{/repo}", "site_admin": false, "login": "danielkerr", "type": "User", "id": 5079756, "followers_url": "https://api.github.com/users/danielkerr/followers"}, "event": "closed", "issue": {"body": "In  opencart/upload/admin/model/sale/voucher.php\n\nline 143\n\n```\n$data['text_greeting'] = sprintf($this->language->get('text_greeting'), $this->currency->format($voucher_info['amount'], $order_info['currency_code'], $order_info['currency_value']));\n```\n\n $order_info is empty.\n", "labels": [], "locked": false, "title": "New voucher issue", "url": "https://api.github.com/repos/opencart/opencart/issues/3555", "labels_url": "https://api.github.com/repos/opencart/opencart/issues/3555/labels{/name}", "created_at": "2015-10-26T08:09:02Z", "events_url": "https://api.github.com/repos/opencart/opencart/issues/3555/events", "comments_url": "https://api.github.com/repos/opencart/opencart/issues/3555/comments", "html_url": "https://github.com/opencart/opencart/issues/3555", "comments": 3, "number": 3555, "updated_at": "2015-11-02T05:20:14Z", "assignee": null, "state": "closed", "user": {"following_url": "https://api.github.com/users/danijelGombac/following{/other_user}", "events_url": "https://api.github.com/users/danijelGombac/events{/privacy}", "organizations_url": "https://api.github.com/users/danijelGombac/orgs", "url": "https://api.github.com/users/danijelGombac", "gists_url": "https://api.github.com/users/danijelGombac/gists{/gist_id}", "html_url": "https://github.com/danijelGombac", "subscriptions_url": "https://api.github.com/users/danijelGombac/subscriptions", "avatar_url": "https://avatars.githubusercontent.com/u/3872726?v=3", "repos_url": "https://api.github.com/users/danijelGombac/repos", "received_events_url": "https://api.github.com/users/danijelGombac/received_events", "gravatar_id": "", "starred_url": "https://api.github.com/users/danijelGombac/starred{/owner}{/repo}", "site_admin": false, "login": "danijelGombac", "type": "User", "id": 3872726, "followers_url": "https://api.github.com/users/danijelGombac/followers"}, "milestone": null, "repository_url": "https://api.github.com/repos/opencart/opencart", "closed_at": "2015-11-02T04:48:35Z", "assignees": [], "id": 113303968}, "id": 451595000}, {"commit_id": null, "commit_url": null, "url": "https://api.github.com/repos/opencart/opencart/issues/events/451592628", "created_at": "2015-11-02T04:42:05Z", "actor": {"following_url": "https://api.github.com/users/danielkerr/following{/other_user}", "events_url": "https://api.github.com/users/danielkerr/events{/privacy}", "organizations_url": "https://api.github.com/users/danielkerr/orgs", "url": "https://api.github.com/users/danielkerr", "gists_url": "https://api.github.com/users/danielkerr/gists{/gist_id}", "html_url": "https://github.com/danielkerr", "subscriptions_url": "https://api.github.com/users/danielkerr/subscriptions", "avatar_url": "https://avatars.githubusercontent.com/u/5079756?v=3", "repos_url": "https://api.github.com/users/danielkerr/repos", "received_events_url": "https://api.github.com/users/danielkerr/received_events", "gravatar_id": "", "starred_url": "https://api.github.com/users/danielkerr/starred{/owner}{/repo}", "site_admin": false, "login": "danielkerr", "type": "User", "id": 5079756, "followers_url": "https://api.github.com/users/danielkerr/followers"}, "event": "closed", "issue": {"body": "Keep closing this issue without resolving or addressing it does not make it go away.\n\nI am trying to add a calendar product which has several images that need to be added to the product. I can only get one image to show the rest are blanks and even when I try to update one of the others drops off.\n\nKindly respond to this professionally and do not just close the issue without comment or resolve as you did with my previous request for assistance with this bug.\n\nI am using Version 2.1.0.1\n", "labels": [], "locked": false, "title": "Unable to attach multiple images to a product", "url": "https://api.github.com/repos/opencart/opencart/issues/3584", "labels_url": "https://api.github.com/repos/opencart/opencart/issues/3584/labels{/name}", "created_at": "2015-11-01T22:26:26Z", "events_url": "https://api.github.com/repos/opencart/opencart/issues/3584/events", "comments_url": "https://api.github.com/repos/opencart/opencart/issues/3584/comments", "html_url": "https://github.com/opencart/opencart/issues/3584", "comments": 3, "number": 3584, "updated_at": "2015-11-02T04:42:15Z", "assignee": null, "state": "closed", "user": {"following_url": "https://api.github.com/users/NicWhitham/following{/other_user}", "events_url": "https://api.github.com/users/NicWhitham/events{/privacy}", "organizations_url": "https://api.github.com/users/NicWhitham/orgs", "url": "https://api.github.com/users/NicWhitham", "gists_url": "https://api.github.com/users/NicWhitham/gists{/gist_id}", "html_url": "https://github.com/NicWhitham", "subscriptions_url": "https://api.github.com/users/NicWhitham/subscriptions", "avatar_url": "https://avatars.githubusercontent.com/u/15523612?v=3", "repos_url": "https://api.github.com/users/NicWhitham/repos", "received_events_url": "https://api.github.com/users/NicWhitham/received_events", "gravatar_id": "", "starred_url": "https://api.github.com/users/NicWhitham/starred{/owner}{/repo}", "site_admin": false, "login": "NicWhitham", "type": "User", "id": 15523612, "followers_url": "https://api.github.com/users/NicWhitham/followers"}, "milestone": null, "repository_url": "https://api.github.com/repos/opencart/opencart", "closed_at": "2015-11-02T04:42:05Z", "assignees": [], "id": 114497138}, "id": 451592628}, {"commit_id": null, "commit_url": null, "url": "https://api.github.com/repos/opencart/opencart/issues/events/451467098", "created_at": "2015-11-01T22:44:41Z", "actor": {"following_url": "https://api.github.com/users/jamesallsup/following{/other_user}", "events_url": "https://api.github.com/users/jamesallsup/events{/privacy}", "organizations_url": "https://api.github.com/users/jamesallsup/orgs", "url": "https://api.github.com/users/jamesallsup", "gists_url": "https://api.github.com/users/jamesallsup/gists{/gist_id}", "html_url": "https://github.com/jamesallsup", "subscriptions_url": "https://api.github.com/users/jamesallsup/subscriptions", "avatar_url": "https://avatars.githubusercontent.com/u/2026129?v=3", "repos_url": "https://api.github.com/users/jamesallsup/repos", "received_events_url": "https://api.github.com/users/jamesallsup/received_events", "gravatar_id": "", "starred_url": "https://api.github.com/users/jamesallsup/starred{/owner}{/repo}", "site_admin": false, "login": "jamesallsup", "type": "User", "id": 2026129, "followers_url": "https://api.github.com/users/jamesallsup/followers"}, "event": "locked", "issue": {"body": "I am trying to add a calendar product which has several images that need to be added to the product. I can only get one image to show the rest are blanks and even when I try to update one of the others drops off.\n\nKindly respond to this professionally and do not just close the issue  without comment or resolve as you did with my previous request for assistance with this bug.\n\nI am using Version 2.1.0.1\n", "labels": [], "locked": true, "title": "Unable to attach multiple images to a product", "url": "https://api.github.com/repos/opencart/opencart/issues/3581", "labels_url": "https://api.github.com/repos/opencart/opencart/issues/3581/labels{/name}", "created_at": "2015-11-01T09:31:57Z", "events_url": "https://api.github.com/repos/opencart/opencart/issues/3581/events", "comments_url": "https://api.github.com/repos/opencart/opencart/issues/3581/comments", "html_url": "https://github.com/opencart/opencart/issues/3581", "comments": 2, "number": 3581, "updated_at": "2015-11-01T22:44:41Z", "assignee": null, "state": "closed", "user": {"following_url": "https://api.github.com/users/NicWhitham/following{/other_user}", "events_url": "https://api.github.com/users/NicWhitham/events{/privacy}", "organizations_url": "https://api.github.com/users/NicWhitham/orgs", "url": "https://api.github.com/users/NicWhitham", "gists_url": "https://api.github.com/users/NicWhitham/gists{/gist_id}", "html_url": "https://github.com/NicWhitham", "subscriptions_url": "https://api.github.com/users/NicWhitham/subscriptions", "avatar_url": "https://avatars.githubusercontent.com/u/15523612?v=3", "repos_url": "https://api.github.com/users/NicWhitham/repos", "received_events_url": "https://api.github.com/users/NicWhitham/received_events", "gravatar_id": "", "starred_url": "https://api.github.com/users/NicWhitham/starred{/owner}{/repo}", "site_admin": false, "login": "NicWhitham", "type": "User", "id": 15523612, "followers_url": "https://api.github.com/users/NicWhitham/followers"}, "milestone": null, "repository_url": "https://api.github.com/repos/opencart/opencart", "closed_at": "2015-11-01T18:37:17Z", "assignees": [], "id": 114457920}, "id": 451467098}, {"commit_id": null, "commit_url": null, "url": "https://api.github.com/repos/opencart/opencart/issues/events/451467079", "created_at": "2015-11-01T22:44:37Z", "actor": {"following_url": "https://api.github.com/users/jamesallsup/following{/other_user}", "events_url": "https://api.github.com/users/jamesallsup/events{/privacy}", "organizations_url": "https://api.github.com/users/jamesallsup/orgs", "url": "https://api.github.com/users/jamesallsup", "gists_url": "https://api.github.com/users/jamesallsup/gists{/gist_id}", "html_url": "https://github.com/jamesallsup", "subscriptions_url": "https://api.github.com/users/jamesallsup/subscriptions", "avatar_url": "https://avatars.githubusercontent.com/u/2026129?v=3", "repos_url": "https://api.github.com/users/jamesallsup/repos", "received_events_url": "https://api.github.com/users/jamesallsup/received_events", "gravatar_id": "", "starred_url": "https://api.github.com/users/jamesallsup/starred{/owner}{/repo}", "site_admin": false, "login": "jamesallsup", "type": "User", "id": 2026129, "followers_url": "https://api.github.com/users/jamesallsup/followers"}, "event": "unlocked", "issue": {"body": "I am trying to add a calendar product which has several images that need to be added to the product. I can only get one image to show the rest are blanks and even when I try to update one of the others drops off.\n\nKindly respond to this professionally and do not just close the issue  without comment or resolve as you did with my previous request for assistance with this bug.\n\nI am using Version 2.1.0.1\n", "labels": [], "locked": true, "title": "Unable to attach multiple images to a product", "url": "https://api.github.com/repos/opencart/opencart/issues/3581", "labels_url": "https://api.github.com/repos/opencart/opencart/issues/3581/labels{/name}", "created_at": "2015-11-01T09:31:57Z", "events_url": "https://api.github.com/repos/opencart/opencart/issues/3581/events", "comments_url": "https://api.github.com/repos/opencart/opencart/issues/3581/comments", "html_url": "https://github.com/opencart/opencart/issues/3581", "comments": 2, "number": 3581, "updated_at": "2015-11-01T22:44:41Z", "assignee": null, "state": "closed", "user": {"following_url": "https://api.github.com/users/NicWhitham/following{/other_user}", "events_url": "https://api.github.com/users/NicWhitham/events{/privacy}", "organizations_url": "https://api.github.com/users/NicWhitham/orgs", "url": "https://api.github.com/users/NicWhitham", "gists_url": "https://api.github.com/users/NicWhitham/gists{/gist_id}", "html_url": "https://github.com/NicWhitham", "subscriptions_url": "https://api.github.com/users/NicWhitham/subscriptions", "avatar_url": "https://avatars.githubusercontent.com/u/15523612?v=3", "repos_url": "https://api.github.com/users/NicWhitham/repos", "received_events_url": "https://api.github.com/users/NicWhitham/received_events", "gravatar_id": "", "starred_url": "https://api.github.com/users/NicWhitham/starred{/owner}{/repo}", "site_admin": false, "login": "NicWhitham", "type": "User", "id": 15523612, "followers_url": "https://api.github.com/users/NicWhitham/followers"}, "milestone": null, "repository_url": "https://api.github.com/repos/opencart/opencart", "closed_at": "2015-11-01T18:37:17Z", "assignees": [], "id": 114457920}, "id": 451467079}, {"commit_id": null, "commit_url": null, "url": "https://api.github.com/repos/opencart/opencart/issues/events/451467012", "created_at": "2015-11-01T22:44:18Z", "actor": {"following_url": "https://api.github.com/users/jamesallsup/following{/other_user}", "events_url": "https://api.github.com/users/jamesallsup/events{/privacy}", "organizations_url": "https://api.github.com/users/jamesallsup/orgs", "url": "https://api.github.com/users/jamesallsup", "gists_url": "https://api.github.com/users/jamesallsup/gists{/gist_id}", "html_url": "https://github.com/jamesallsup", "subscriptions_url": "https://api.github.com/users/jamesallsup/subscriptions", "avatar_url": "https://avatars.githubusercontent.com/u/2026129?v=3", "repos_url": "https://api.github.com/users/jamesallsup/repos", "received_events_url": "https://api.github.com/users/jamesallsup/received_events", "gravatar_id": "", "starred_url": "https://api.github.com/users/jamesallsup/starred{/owner}{/repo}", "site_admin": false, "login": "jamesallsup", "type": "User", "id": 2026129, "followers_url": "https://api.github.com/users/jamesallsup/followers"}, "event": "locked", "issue": {"body": "I am trying to add a calendar product which has several images that need to be added to the product. I can only get one image to show the rest are blanks and even when I try to update one of the others drops off.\n\nKindly respond to this professionally and do not just close the issue  without comment or resolve as you did with my previous request for assistance with this bug.\n\nI am using Version 2.1.0.1\n", "labels": [], "locked": true, "title": "Unable to attach multiple images to a product", "url": "https://api.github.com/repos/opencart/opencart/issues/3581", "labels_url": "https://api.github.com/repos/opencart/opencart/issues/3581/labels{/name}", "created_at": "2015-11-01T09:31:57Z", "events_url": "https://api.github.com/repos/opencart/opencart/issues/3581/events", "comments_url": "https://api.github.com/repos/opencart/opencart/issues/3581/comments", "html_url": "https://github.com/opencart/opencart/issues/3581", "comments": 2, "number": 3581, "updated_at": "2015-11-01T22:44:41Z", "assignee": null, "state": "closed", "user": {"following_url": "https://api.github.com/users/NicWhitham/following{/other_user}", "events_url": "https://api.github.com/users/NicWhitham/events{/privacy}", "organizations_url": "https://api.github.com/users/NicWhitham/orgs", "url": "https://api.github.com/users/NicWhitham", "gists_url": "https://api.github.com/users/NicWhitham/gists{/gist_id}", "html_url": "https://github.com/NicWhitham", "subscriptions_url": "https://api.github.com/users/NicWhitham/subscriptions", "avatar_url": "https://avatars.githubusercontent.com/u/15523612?v=3", "repos_url": "https://api.github.com/users/NicWhitham/repos", "received_events_url": "https://api.github.com/users/NicWhitham/received_events", "gravatar_id": "", "starred_url": "https://api.github.com/users/NicWhitham/starred{/owner}{/repo}", "site_admin": false, "login": "NicWhitham", "type": "User", "id": 15523612, "followers_url": "https://api.github.com/users/NicWhitham/followers"}, "milestone": null, "repository_url": "https://api.github.com/repos/opencart/opencart", "closed_at": "2015-11-01T18:37:17Z", "assignees": [], "id": 114457920}, "id": 451467012}, {"commit_id": null, "commit_url": null, "url": "https://api.github.com/repos/opencart/opencart/issues/events/451406850", "created_at": "2015-11-01T18:37:17Z", "actor": {"following_url": "https://api.github.com/users/danielkerr/following{/other_user}", "events_url": "https://api.github.com/users/danielkerr/events{/privacy}", "organizations_url": "https://api.github.com/users/danielkerr/orgs", "url": "https://api.github.com/users/danielkerr", "gists_url": "https://api.github.com/users/danielkerr/gists{/gist_id}", "html_url": "https://github.com/danielkerr", "subscriptions_url": "https://api.github.com/users/danielkerr/subscriptions", "avatar_url": "https://avatars.githubusercontent.com/u/5079756?v=3", "repos_url": "https://api.github.com/users/danielkerr/repos", "received_events_url": "https://api.github.com/users/danielkerr/received_events", "gravatar_id": "", "starred_url": "https://api.github.com/users/danielkerr/starred{/owner}{/repo}", "site_admin": false, "login": "danielkerr", "type": "User", "id": 5079756, "followers_url": "https://api.github.com/users/danielkerr/followers"}, "event": "closed", "issue": {"body": "I am trying to add a calendar product which has several images that need to be added to the product. I can only get one image to show the rest are blanks and even when I try to update one of the others drops off.\n\nKindly respond to this professionally and do not just close the issue  without comment or resolve as you did with my previous request for assistance with this bug.\n\nI am using Version 2.1.0.1\n", "labels": [], "locked": true, "title": "Unable to attach multiple images to a product", "url": "https://api.github.com/repos/opencart/opencart/issues/3581", "labels_url": "https://api.github.com/repos/opencart/opencart/issues/3581/labels{/name}", "created_at": "2015-11-01T09:31:57Z", "events_url": "https://api.github.com/repos/opencart/opencart/issues/3581/events", "comments_url": "https://api.github.com/repos/opencart/opencart/issues/3581/comments", "html_url": "https://github.com/opencart/opencart/issues/3581", "comments": 2, "number": 3581, "updated_at": "2015-11-01T22:44:41Z", "assignee": null, "state": "closed", "user": {"following_url": "https://api.github.com/users/NicWhitham/following{/other_user}", "events_url": "https://api.github.com/users/NicWhitham/events{/privacy}", "organizations_url": "https://api.github.com/users/NicWhitham/orgs", "url": "https://api.github.com/users/NicWhitham", "gists_url": "https://api.github.com/users/NicWhitham/gists{/gist_id}", "html_url": "https://github.com/NicWhitham", "subscriptions_url": "https://api.github.com/users/NicWhitham/subscriptions", "avatar_url": "https://avatars.githubusercontent.com/u/15523612?v=3", "repos_url": "https://api.github.com/users/NicWhitham/repos", "received_events_url": "https://api.github.com/users/NicWhitham/received_events", "gravatar_id": "", "starred_url": "https://api.github.com/users/NicWhitham/starred{/owner}{/repo}", "site_admin": false, "login": "NicWhitham", "type": "User", "id": 15523612, "followers_url": "https://api.github.com/users/NicWhitham/followers"}, "milestone": null, "repository_url": "https://api.github.com/repos/opencart/opencart", "closed_at": "2015-11-01T18:37:17Z", "assignees": [], "id": 114457920}, "id": 451406850}, {"commit_id": null, "commit_url": null, "url": "https://api.github.com/repos/opencart/opencart/issues/events/451340691", "created_at": "2015-11-01T13:23:42Z", "actor": {"following_url": "https://api.github.com/users/akamri300/following{/other_user}", "events_url": "https://api.github.com/users/akamri300/events{/privacy}", "organizations_url": "https://api.github.com/users/akamri300/orgs", "url": "https://api.github.com/users/akamri300", "gists_url": "https://api.github.com/users/akamri300/gists{/gist_id}", "html_url": "https://github.com/akamri300", "subscriptions_url": "https://api.github.com/users/akamri300/subscriptions", "avatar_url": "https://avatars.githubusercontent.com/u/15563593?v=3", "repos_url": "https://api.github.com/users/akamri300/repos", "received_events_url": "https://api.github.com/users/akamri300/received_events", "gravatar_id": "", "starred_url": "https://api.github.com/users/akamri300/starred{/owner}{/repo}", "site_admin": false, "login": "akamri300", "type": "User", "id": 15563593, "followers_url": "https://api.github.com/users/akamri300/followers"}, "event": "subscribed", "issue": {"body": "Upgraded from opencart-2.0.3.1 to opencart-2.1.0.1 and noticed:\n- table oc_api keep firstname and lastname (column name is not created)\n- table oc_cart is not created\n  Also having an error from admin/controller/dashboard/activity.php line 19.\n\nSaw no errors with a clean install.\n", "labels": [], "locked": false, "title": "opencart-2.1.0.1 Upgrade is broken", "url": "https://api.github.com/repos/opencart/opencart/issues/3424", "labels_url": "https://api.github.com/repos/opencart/opencart/issues/3424/labels{/name}", "created_at": "2015-10-06T20:44:51Z", "events_url": "https://api.github.com/repos/opencart/opencart/issues/3424/events", "comments_url": "https://api.github.com/repos/opencart/opencart/issues/3424/comments", "html_url": "https://github.com/opencart/opencart/issues/3424", "comments": 25, "number": 3424, "updated_at": "2016-02-24T16:34:58Z", "assignee": null, "state": "closed", "user": {"following_url": "https://api.github.com/users/ebmarques/following{/other_user}", "events_url": "https://api.github.com/users/ebmarques/events{/privacy}", "organizations_url": "https://api.github.com/users/ebmarques/orgs", "url": "https://api.github.com/users/ebmarques", "gists_url": "https://api.github.com/users/ebmarques/gists{/gist_id}", "html_url": "https://github.com/ebmarques", "subscriptions_url": "https://api.github.com/users/ebmarques/subscriptions", "avatar_url": "https://avatars.githubusercontent.com/u/486270?v=3", "repos_url": "https://api.github.com/users/ebmarques/repos", "received_events_url": "https://api.github.com/users/ebmarques/received_events", "gravatar_id": "", "starred_url": "https://api.github.com/users/ebmarques/starred{/owner}{/repo}", "site_admin": false, "login": "ebmarques", "type": "User", "id": 486270, "followers_url": "https://api.github.com/users/ebmarques/followers"}, "milestone": null, "repository_url": "https://api.github.com/repos/opencart/opencart", "closed_at": "2015-12-30T14:32:41Z", "assignees": [], "id": 110097190}, "id": 451340691}, {"commit_id": null, "commit_url": null, "url": "https://api.github.com/repos/opencart/opencart/issues/events/451340690", "created_at": "2015-11-01T13:23:42Z", "actor": {"following_url": "https://api.github.com/users/akamri300/following{/other_user}", "events_url": "https://api.github.com/users/akamri300/events{/privacy}", "organizations_url": "https://api.github.com/users/akamri300/orgs", "url": "https://api.github.com/users/akamri300", "gists_url": "https://api.github.com/users/akamri300/gists{/gist_id}", "html_url": "https://github.com/akamri300", "subscriptions_url": "https://api.github.com/users/akamri300/subscriptions", "avatar_url": "https://avatars.githubusercontent.com/u/15563593?v=3", "repos_url": "https://api.github.com/users/akamri300/repos", "received_events_url": "https://api.github.com/users/akamri300/received_events", "gravatar_id": "", "starred_url": "https://api.github.com/users/akamri300/starred{/owner}{/repo}", "site_admin": false, "login": "akamri300", "type": "User", "id": 15563593, "followers_url": "https://api.github.com/users/akamri300/followers"}, "event": "mentioned", "issue": {"body": "Upgraded from opencart-2.0.3.1 to opencart-2.1.0.1 and noticed:\n- table oc_api keep firstname and lastname (column name is not created)\n- table oc_cart is not created\n  Also having an error from admin/controller/dashboard/activity.php line 19.\n\nSaw no errors with a clean install.\n", "labels": [], "locked": false, "title": "opencart-2.1.0.1 Upgrade is broken", "url": "https://api.github.com/repos/opencart/opencart/issues/3424", "labels_url": "https://api.github.com/repos/opencart/opencart/issues/3424/labels{/name}", "created_at": "2015-10-06T20:44:51Z", "events_url": "https://api.github.com/repos/opencart/opencart/issues/3424/events", "comments_url": "https://api.github.com/repos/opencart/opencart/issues/3424/comments", "html_url": "https://github.com/opencart/opencart/issues/3424", "comments": 25, "number": 3424, "updated_at": "2016-02-24T16:34:58Z", "assignee": null, "state": "closed", "user": {"following_url": "https://api.github.com/users/ebmarques/following{/other_user}", "events_url": "https://api.github.com/users/ebmarques/events{/privacy}", "organizations_url": "https://api.github.com/users/ebmarques/orgs", "url": "https://api.github.com/users/ebmarques", "gists_url": "https://api.github.com/users/ebmarques/gists{/gist_id}", "html_url": "https://github.com/ebmarques", "subscriptions_url": "https://api.github.com/users/ebmarques/subscriptions", "avatar_url": "https://avatars.githubusercontent.com/u/486270?v=3", "repos_url": "https://api.github.com/users/ebmarques/repos", "received_events_url": "https://api.github.com/users/ebmarques/received_events", "gravatar_id": "", "starred_url": "https://api.github.com/users/ebmarques/starred{/owner}{/repo}", "site_admin": false, "login": "ebmarques", "type": "User", "id": 486270, "followers_url": "https://api.github.com/users/ebmarques/followers"}, "milestone": null, "repository_url": "https://api.github.com/repos/opencart/opencart", "closed_at": "2015-12-30T14:32:41Z", "assignees": [], "id": 110097190}, "id": 451340690}, {"commit_id": null, "commit_url": null, "url": "https://api.github.com/repos/opencart/opencart/issues/events/451335591", "created_at": "2015-11-01T12:49:54Z", "actor": {"following_url": "https://api.github.com/users/akamri300/following{/other_user}", "events_url": "https://api.github.com/users/akamri300/events{/privacy}", "organizations_url": "https://api.github.com/users/akamri300/orgs", "url": "https://api.github.com/users/akamri300", "gists_url": "https://api.github.com/users/akamri300/gists{/gist_id}", "html_url": "https://github.com/akamri300", "subscriptions_url": "https://api.github.com/users/akamri300/subscriptions", "avatar_url": "https://avatars.githubusercontent.com/u/15563593?v=3", "repos_url": "https://api.github.com/users/akamri300/repos", "received_events_url": "https://api.github.com/users/akamri300/received_events", "gravatar_id": "", "starred_url": "https://api.github.com/users/akamri300/starred{/owner}{/repo}", "site_admin": false, "login": "akamri300", "type": "User", "id": 15563593, "followers_url": "https://api.github.com/users/akamri300/followers"}, "event": "subscribed", "issue": {"body": "Upgraded from opencart-2.0.3.1 to opencart-2.1.0.1 and noticed:\n- table oc_api keep firstname and lastname (column name is not created)\n- table oc_cart is not created\n  Also having an error from admin/controller/dashboard/activity.php line 19.\n\nSaw no errors with a clean install.\n", "labels": [], "locked": false, "title": "opencart-2.1.0.1 Upgrade is broken", "url": "https://api.github.com/repos/opencart/opencart/issues/3424", "labels_url": "https://api.github.com/repos/opencart/opencart/issues/3424/labels{/name}", "created_at": "2015-10-06T20:44:51Z", "events_url": "https://api.github.com/repos/opencart/opencart/issues/3424/events", "comments_url": "https://api.github.com/repos/opencart/opencart/issues/3424/comments", "html_url": "https://github.com/opencart/opencart/issues/3424", "comments": 25, "number": 3424, "updated_at": "2016-02-24T16:34:58Z", "assignee": null, "state": "closed", "user": {"following_url": "https://api.github.com/users/ebmarques/following{/other_user}", "events_url": "https://api.github.com/users/ebmarques/events{/privacy}", "organizations_url": "https://api.github.com/users/ebmarques/orgs", "url": "https://api.github.com/users/ebmarques", "gists_url": "https://api.github.com/users/ebmarques/gists{/gist_id}", "html_url": "https://github.com/ebmarques", "subscriptions_url": "https://api.github.com/users/ebmarques/subscriptions", "avatar_url": "https://avatars.githubusercontent.com/u/486270?v=3", "repos_url": "https://api.github.com/users/ebmarques/repos", "received_events_url": "https://api.github.com/users/ebmarques/received_events", "gravatar_id": "", "starred_url": "https://api.github.com/users/ebmarques/starred{/owner}{/repo}", "site_admin": false, "login": "ebmarques", "type": "User", "id": 486270, "followers_url": "https://api.github.com/users/ebmarques/followers"}, "milestone": null, "repository_url": "https://api.github.com/repos/opencart/opencart", "closed_at": "2015-12-30T14:32:41Z", "assignees": [], "id": 110097190}, "id": 451335591}, {"commit_id": null, "commit_url": null, "url": "https://api.github.com/repos/opencart/opencart/issues/events/451335590", "created_at": "2015-11-01T12:49:54Z", "actor": {"following_url": "https://api.github.com/users/akamri300/following{/other_user}", "events_url": "https://api.github.com/users/akamri300/events{/privacy}", "organizations_url": "https://api.github.com/users/akamri300/orgs", "url": "https://api.github.com/users/akamri300", "gists_url": "https://api.github.com/users/akamri300/gists{/gist_id}", "html_url": "https://github.com/akamri300", "subscriptions_url": "https://api.github.com/users/akamri300/subscriptions", "avatar_url": "https://avatars.githubusercontent.com/u/15563593?v=3", "repos_url": "https://api.github.com/users/akamri300/repos", "received_events_url": "https://api.github.com/users/akamri300/received_events", "gravatar_id": "", "starred_url": "https://api.github.com/users/akamri300/starred{/owner}{/repo}", "site_admin": false, "login": "akamri300", "type": "User", "id": 15563593, "followers_url": "https://api.github.com/users/akamri300/followers"}, "event": "mentioned", "issue": {"body": "Upgraded from opencart-2.0.3.1 to opencart-2.1.0.1 and noticed:\n- table oc_api keep firstname and lastname (column name is not created)\n- table oc_cart is not created\n  Also having an error from admin/controller/dashboard/activity.php line 19.\n\nSaw no errors with a clean install.\n", "labels": [], "locked": false, "title": "opencart-2.1.0.1 Upgrade is broken", "url": "https://api.github.com/repos/opencart/opencart/issues/3424", "labels_url": "https://api.github.com/repos/opencart/opencart/issues/3424/labels{/name}", "created_at": "2015-10-06T20:44:51Z", "events_url": "https://api.github.com/repos/opencart/opencart/issues/3424/events", "comments_url": "https://api.github.com/repos/opencart/opencart/issues/3424/comments", "html_url": "https://github.com/opencart/opencart/issues/3424", "comments": 25, "number": 3424, "updated_at": "2016-02-24T16:34:58Z", "assignee": null, "state": "closed", "user": {"following_url": "https://api.github.com/users/ebmarques/following{/other_user}", "events_url": "https://api.github.com/users/ebmarques/events{/privacy}", "organizations_url": "https://api.github.com/users/ebmarques/orgs", "url": "https://api.github.com/users/ebmarques", "gists_url": "https://api.github.com/users/ebmarques/gists{/gist_id}", "html_url": "https://github.com/ebmarques", "subscriptions_url": "https://api.github.com/users/ebmarques/subscriptions", "avatar_url": "https://avatars.githubusercontent.com/u/486270?v=3", "repos_url": "https://api.github.com/users/ebmarques/repos", "received_events_url": "https://api.github.com/users/ebmarques/received_events", "gravatar_id": "", "starred_url": "https://api.github.com/users/ebmarques/starred{/owner}{/repo}", "site_admin": false, "login": "ebmarques", "type": "User", "id": 486270, "followers_url": "https://api.github.com/users/ebmarques/followers"}, "milestone": null, "repository_url": "https://api.github.com/repos/opencart/opencart", "closed_at": "2015-12-30T14:32:41Z", "assignees": [], "id": 110097190}, "id": 451335590}, {"commit_id": null, "commit_url": null, "url": "https://api.github.com/repos/opencart/opencart/issues/events/451284478", "created_at": "2015-11-01T07:28:28Z", "actor": {"following_url": "https://api.github.com/users/danielkerr/following{/other_user}", "events_url": "https://api.github.com/users/danielkerr/events{/privacy}", "organizations_url": "https://api.github.com/users/danielkerr/orgs", "url": "https://api.github.com/users/danielkerr", "gists_url": "https://api.github.com/users/danielkerr/gists{/gist_id}", "html_url": "https://github.com/danielkerr", "subscriptions_url": "https://api.github.com/users/danielkerr/subscriptions", "avatar_url": "https://avatars.githubusercontent.com/u/5079756?v=3", "repos_url": "https://api.github.com/users/danielkerr/repos", "received_events_url": "https://api.github.com/users/danielkerr/received_events", "gravatar_id": "", "starred_url": "https://api.github.com/users/danielkerr/starred{/owner}{/repo}", "site_admin": false, "login": "danielkerr", "type": "User", "id": 5079756, "followers_url": "https://api.github.com/users/danielkerr/followers"}, "event": "closed", "issue": {"body": "It seems that `$this->db->escape($data['image'])` in admin/model/catalog/product.php doesn't update image.oc_product, 'cause $data['image'] is probably empty.\nFor this reason, is not possible to show main image for products (category listing).\n", "labels": [], "locked": false, "title": "Unable to show image in products", "url": "https://api.github.com/repos/opencart/opencart/issues/3573", "labels_url": "https://api.github.com/repos/opencart/opencart/issues/3573/labels{/name}", "created_at": "2015-10-29T15:20:30Z", "events_url": "https://api.github.com/repos/opencart/opencart/issues/3573/events", "comments_url": "https://api.github.com/repos/opencart/opencart/issues/3573/comments", "html_url": "https://github.com/opencart/opencart/issues/3573", "comments": 1, "number": 3573, "updated_at": "2015-11-01T07:28:55Z", "assignee": null, "state": "closed", "user": {"following_url": "https://api.github.com/users/insideRobb/following{/other_user}", "events_url": "https://api.github.com/users/insideRobb/events{/privacy}", "organizations_url": "https://api.github.com/users/insideRobb/orgs", "url": "https://api.github.com/users/insideRobb", "gists_url": "https://api.github.com/users/insideRobb/gists{/gist_id}", "html_url": "https://github.com/insideRobb", "subscriptions_url": "https://api.github.com/users/insideRobb/subscriptions", "avatar_url": "https://avatars.githubusercontent.com/u/15321538?v=3", "repos_url": "https://api.github.com/users/insideRobb/repos", "received_events_url": "https://api.github.com/users/insideRobb/received_events", "gravatar_id": "", "starred_url": "https://api.github.com/users/insideRobb/starred{/owner}{/repo}", "site_admin": false, "login": "insideRobb", "type": "User", "id": 15321538, "followers_url": "https://api.github.com/users/insideRobb/followers"}, "milestone": null, "repository_url": "https://api.github.com/repos/opencart/opencart", "closed_at": "2015-11-01T07:28:28Z", "assignees": [], "id": 114073013}, "id": 451284478}, {"commit_id": null, "commit_url": null, "url": "https://api.github.com/repos/opencart/opencart/issues/events/451284464", "created_at": "2015-11-01T07:28:21Z", "actor": {"following_url": "https://api.github.com/users/danielkerr/following{/other_user}", "events_url": "https://api.github.com/users/danielkerr/events{/privacy}", "organizations_url": "https://api.github.com/users/danielkerr/orgs", "url": "https://api.github.com/users/danielkerr", "gists_url": "https://api.github.com/users/danielkerr/gists{/gist_id}", "html_url": "https://github.com/danielkerr", "subscriptions_url": "https://api.github.com/users/danielkerr/subscriptions", "avatar_url": "https://avatars.githubusercontent.com/u/5079756?v=3", "repos_url": "https://api.github.com/users/danielkerr/repos", "received_events_url": "https://api.github.com/users/danielkerr/received_events", "gravatar_id": "", "starred_url": "https://api.github.com/users/danielkerr/starred{/owner}{/repo}", "site_admin": false, "login": "danielkerr", "type": "User", "id": 5079756, "followers_url": "https://api.github.com/users/danielkerr/followers"}, "event": "closed", "issue": {"body": "I am trying to add a calendar which has several images which need to be added to the product.  I can only get one image to show the rest are blanks and even when I try to update one of the others drops off\n", "labels": [], "locked": false, "title": "Unable to attach multiple images to a product", "url": "https://api.github.com/repos/opencart/opencart/issues/3580", "labels_url": "https://api.github.com/repos/opencart/opencart/issues/3580/labels{/name}", "created_at": "2015-10-31T16:10:09Z", "events_url": "https://api.github.com/repos/opencart/opencart/issues/3580/events", "comments_url": "https://api.github.com/repos/opencart/opencart/issues/3580/comments", "html_url": "https://github.com/opencart/opencart/issues/3580", "comments": 1, "number": 3580, "updated_at": "2015-11-01T09:28:13Z", "assignee": null, "state": "closed", "user": {"following_url": "https://api.github.com/users/NicWhitham/following{/other_user}", "events_url": "https://api.github.com/users/NicWhitham/events{/privacy}", "organizations_url": "https://api.github.com/users/NicWhitham/orgs", "url": "https://api.github.com/users/NicWhitham", "gists_url": "https://api.github.com/users/NicWhitham/gists{/gist_id}", "html_url": "https://github.com/NicWhitham", "subscriptions_url": "https://api.github.com/users/NicWhitham/subscriptions", "avatar_url": "https://avatars.githubusercontent.com/u/15523612?v=3", "repos_url": "https://api.github.com/users/NicWhitham/repos", "received_events_url": "https://api.github.com/users/NicWhitham/received_events", "gravatar_id": "", "starred_url": "https://api.github.com/users/NicWhitham/starred{/owner}{/repo}", "site_admin": false, "login": "NicWhitham", "type": "User", "id": 15523612, "followers_url": "https://api.github.com/users/NicWhitham/followers"}, "milestone": null, "repository_url": "https://api.github.com/repos/opencart/opencart", "closed_at": "2015-11-01T07:28:21Z", "assignees": [], "id": 114418843}, "id": 451284464}, {"commit_id": null, "commit_url": null, "url": "https://api.github.com/repos/opencart/opencart/issues/events/451036456", "created_at": "2015-10-31T07:18:45Z", "actor": {"following_url": "https://api.github.com/users/danielkerr/following{/other_user}", "events_url": "https://api.github.com/users/danielkerr/events{/privacy}", "organizations_url": "https://api.github.com/users/danielkerr/orgs", "url": "https://api.github.com/users/danielkerr", "gists_url": "https://api.github.com/users/danielkerr/gists{/gist_id}", "html_url": "https://github.com/danielkerr", "subscriptions_url": "https://api.github.com/users/danielkerr/subscriptions", "avatar_url": "https://avatars.githubusercontent.com/u/5079756?v=3", "repos_url": "https://api.github.com/users/danielkerr/repos", "received_events_url": "https://api.github.com/users/danielkerr/received_events", "gravatar_id": "", "starred_url": "https://api.github.com/users/danielkerr/starred{/owner}{/repo}", "site_admin": false, "login": "danielkerr", "type": "User", "id": 5079756, "followers_url": "https://api.github.com/users/danielkerr/followers"}, "event": "closed", "issue": {"body": "Hi,\nI would like to know how to port or upgrade an extension which works in OpenCart 2.0.3.1 but not in 2.1.0.1? Are there any significant changes to make note of.\n", "labels": [], "locked": false, "title": "How to upgrade or port an extension to work in OpenCart 2.1.0.1", "url": "https://api.github.com/repos/opencart/opencart/issues/3570", "labels_url": "https://api.github.com/repos/opencart/opencart/issues/3570/labels{/name}", "created_at": "2015-10-28T11:53:15Z", "events_url": "https://api.github.com/repos/opencart/opencart/issues/3570/events", "comments_url": "https://api.github.com/repos/opencart/opencart/issues/3570/comments", "html_url": "https://github.com/opencart/opencart/issues/3570", "comments": 1, "number": 3570, "updated_at": "2015-10-31T07:18:45Z", "assignee": null, "state": "closed", "user": {"following_url": "https://api.github.com/users/vivekkiran/following{/other_user}", "events_url": "https://api.github.com/users/vivekkiran/events{/privacy}", "organizations_url": "https://api.github.com/users/vivekkiran/orgs", "url": "https://api.github.com/users/vivekkiran", "gists_url": "https://api.github.com/users/vivekkiran/gists{/gist_id}", "html_url": "https://github.com/vivekkiran", "subscriptions_url": "https://api.github.com/users/vivekkiran/subscriptions", "avatar_url": "https://avatars.githubusercontent.com/u/5557539?v=3", "repos_url": "https://api.github.com/users/vivekkiran/repos", "received_events_url": "https://api.github.com/users/vivekkiran/received_events", "gravatar_id": "", "starred_url": "https://api.github.com/users/vivekkiran/starred{/owner}{/repo}", "site_admin": false, "login": "vivekkiran", "type": "User", "id": 5557539, "followers_url": "https://api.github.com/users/vivekkiran/followers"}, "milestone": null, "repository_url": "https://api.github.com/repos/opencart/opencart", "closed_at": "2015-10-31T07:18:45Z", "assignees": [], "id": 113803263}, "id": 451036456}, {"commit_id": null, "commit_url": null, "url": "https://api.github.com/repos/opencart/opencart/issues/events/451036333", "created_at": "2015-10-31T07:17:15Z", "actor": {"following_url": "https://api.github.com/users/danielkerr/following{/other_user}", "events_url": "https://api.github.com/users/danielkerr/events{/privacy}", "organizations_url": "https://api.github.com/users/danielkerr/orgs", "url": "https://api.github.com/users/danielkerr", "gists_url": "https://api.github.com/users/danielkerr/gists{/gist_id}", "html_url": "https://github.com/danielkerr", "subscriptions_url": "https://api.github.com/users/danielkerr/subscriptions", "avatar_url": "https://avatars.githubusercontent.com/u/5079756?v=3", "repos_url": "https://api.github.com/users/danielkerr/repos", "received_events_url": "https://api.github.com/users/danielkerr/received_events", "gravatar_id": "", "starred_url": "https://api.github.com/users/danielkerr/starred{/owner}{/repo}", "site_admin": false, "login": "danielkerr", "type": "User", "id": 5079756, "followers_url": "https://api.github.com/users/danielkerr/followers"}, "event": "closed", "issue": {"body": "When new order is created, it looks like OpenCart saves **title strings** for the following entities in DB for each order:\n- shipping method\n- payment method\n- product name\n- total modules\n\nThat means that if user ordered something while using **language A**, these strings are saved using this language. If user then switches to **language B** and goes to view Order Details, she will see strings from **language A**.\n\nIs there a particular reason why OpenCart saves these strings? I can only think that so not to do few extra joins to get the proper values from relevant tables, but I don't think its worth it and it affects user experience negatively.\n", "labels": [], "locked": false, "title": "Localisation in Order Information page is broken (v 2.0.3.1)", "url": "https://api.github.com/repos/opencart/opencart/issues/3575", "labels_url": "https://api.github.com/repos/opencart/opencart/issues/3575/labels{/name}", "created_at": "2015-10-29T16:59:15Z", "events_url": "https://api.github.com/repos/opencart/opencart/issues/3575/events", "comments_url": "https://api.github.com/repos/opencart/opencart/issues/3575/comments", "html_url": "https://github.com/opencart/opencart/issues/3575", "comments": 2, "number": 3575, "updated_at": "2015-10-31T09:18:55Z", "assignee": null, "state": "closed", "user": {"following_url": "https://api.github.com/users/acheshko/following{/other_user}", "events_url": "https://api.github.com/users/acheshko/events{/privacy}", "organizations_url": "https://api.github.com/users/acheshko/orgs", "url": "https://api.github.com/users/acheshko", "gists_url": "https://api.github.com/users/acheshko/gists{/gist_id}", "html_url": "https://github.com/acheshko", "subscriptions_url": "https://api.github.com/users/acheshko/subscriptions", "avatar_url": "https://avatars.githubusercontent.com/u/14127397?v=3", "repos_url": "https://api.github.com/users/acheshko/repos", "received_events_url": "https://api.github.com/users/acheshko/received_events", "gravatar_id": "", "starred_url": "https://api.github.com/users/acheshko/starred{/owner}{/repo}", "site_admin": false, "login": "acheshko", "type": "User", "id": 14127397, "followers_url": "https://api.github.com/users/acheshko/followers"}, "milestone": null, "repository_url": "https://api.github.com/repos/opencart/opencart", "closed_at": "2015-10-31T07:17:15Z", "assignees": [], "id": 114097493}, "id": 451036333}, {"commit_id": null, "commit_url": null, "url": "https://api.github.com/repos/opencart/opencart/issues/events/451020135", "created_at": "2015-10-31T05:49:53Z", "actor": {"following_url": "https://api.github.com/users/danielkerr/following{/other_user}", "events_url": "https://api.github.com/users/danielkerr/events{/privacy}", "organizations_url": "https://api.github.com/users/danielkerr/orgs", "url": "https://api.github.com/users/danielkerr", "gists_url": "https://api.github.com/users/danielkerr/gists{/gist_id}", "html_url": "https://github.com/danielkerr", "subscriptions_url": "https://api.github.com/users/danielkerr/subscriptions", "avatar_url": "https://avatars.githubusercontent.com/u/5079756?v=3", "repos_url": "https://api.github.com/users/danielkerr/repos", "received_events_url": "https://api.github.com/users/danielkerr/received_events", "gravatar_id": "", "starred_url": "https://api.github.com/users/danielkerr/starred{/owner}{/repo}", "site_admin": false, "login": "danielkerr", "type": "User", "id": 5079756, "followers_url": "https://api.github.com/users/danielkerr/followers"}, "event": "closed", "issue": {"body": "Hello,\n\nI noticed that there is an [unused](https://github.com/opencart/opencart/blob/master/upload/catalog/model/total/reward.php#L20) `$points`   variable on the `ModelTotalReward` class.\nCould you please take a look?\n\nThanks.\n", "labels": [], "locked": false, "title": "Unused $points variable in ModelTotalReward class", "url": "https://api.github.com/repos/opencart/opencart/issues/3576", "labels_url": "https://api.github.com/repos/opencart/opencart/issues/3576/labels{/name}", "created_at": "2015-10-29T21:20:09Z", "events_url": "https://api.github.com/repos/opencart/opencart/issues/3576/events", "comments_url": "https://api.github.com/repos/opencart/opencart/issues/3576/comments", "html_url": "https://github.com/opencart/opencart/issues/3576", "comments": 1, "number": 3576, "updated_at": "2015-10-31T05:49:53Z", "assignee": null, "state": "closed", "user": {"following_url": "https://api.github.com/users/matrunchyk/following{/other_user}", "events_url": "https://api.github.com/users/matrunchyk/events{/privacy}", "organizations_url": "https://api.github.com/users/matrunchyk/orgs", "url": "https://api.github.com/users/matrunchyk", "gists_url": "https://api.github.com/users/matrunchyk/gists{/gist_id}", "html_url": "https://github.com/matrunchyk", "subscriptions_url": "https://api.github.com/users/matrunchyk/subscriptions", "avatar_url": "https://avatars.githubusercontent.com/u/2089828?v=3", "repos_url": "https://api.github.com/users/matrunchyk/repos", "received_events_url": "https://api.github.com/users/matrunchyk/received_events", "gravatar_id": "", "starred_url": "https://api.github.com/users/matrunchyk/starred{/owner}{/repo}", "site_admin": false, "login": "matrunchyk", "type": "User", "id": 2089828, "followers_url": "https://api.github.com/users/matrunchyk/followers"}, "milestone": null, "repository_url": "https://api.github.com/repos/opencart/opencart", "closed_at": "2015-10-31T05:49:53Z", "assignees": [], "id": 114150170}, "id": 451020135}, {"commit_id": null, "commit_url": null, "url": "https://api.github.com/repos/opencart/opencart/issues/events/451016916", "created_at": "2015-10-31T05:22:46Z", "actor": {"following_url": "https://api.github.com/users/danielkerr/following{/other_user}", "events_url": "https://api.github.com/users/danielkerr/events{/privacy}", "organizations_url": "https://api.github.com/users/danielkerr/orgs", "url": "https://api.github.com/users/danielkerr", "gists_url": "https://api.github.com/users/danielkerr/gists{/gist_id}", "html_url": "https://github.com/danielkerr", "subscriptions_url": "https://api.github.com/users/danielkerr/subscriptions", "avatar_url": "https://avatars.githubusercontent.com/u/5079756?v=3", "repos_url": "https://api.github.com/users/danielkerr/repos", "received_events_url": "https://api.github.com/users/danielkerr/received_events", "gravatar_id": "", "starred_url": "https://api.github.com/users/danielkerr/starred{/owner}{/repo}", "site_admin": false, "login": "danielkerr", "type": "User", "id": 5079756, "followers_url": "https://api.github.com/users/danielkerr/followers"}, "event": "closed", "issue": {"body": "Image manager Multiple image upload\n", "labels": [], "locked": false, "title": "Image manager Multiple image upload", "url": "https://api.github.com/repos/opencart/opencart/issues/3577", "labels_url": "https://api.github.com/repos/opencart/opencart/issues/3577/labels{/name}", "created_at": "2015-10-30T11:45:35Z", "events_url": "https://api.github.com/repos/opencart/opencart/issues/3577/events", "comments_url": "https://api.github.com/repos/opencart/opencart/issues/3577/comments", "html_url": "https://github.com/opencart/opencart/issues/3577", "comments": 0, "number": 3577, "updated_at": "2015-10-31T05:22:46Z", "assignee": null, "state": "closed", "user": {"following_url": "https://api.github.com/users/ivan3a/following{/other_user}", "events_url": "https://api.github.com/users/ivan3a/events{/privacy}", "organizations_url": "https://api.github.com/users/ivan3a/orgs", "url": "https://api.github.com/users/ivan3a", "gists_url": "https://api.github.com/users/ivan3a/gists{/gist_id}", "html_url": "https://github.com/ivan3a", "subscriptions_url": "https://api.github.com/users/ivan3a/subscriptions", "avatar_url": "https://avatars.githubusercontent.com/u/9783259?v=3", "repos_url": "https://api.github.com/users/ivan3a/repos", "received_events_url": "https://api.github.com/users/ivan3a/received_events", "gravatar_id": "", "starred_url": "https://api.github.com/users/ivan3a/starred{/owner}{/repo}", "site_admin": false, "login": "ivan3a", "type": "User", "id": 9783259, "followers_url": "https://api.github.com/users/ivan3a/followers"}, "milestone": null, "repository_url": "https://api.github.com/repos/opencart/opencart", "closed_at": "2015-10-31T05:22:46Z", "assignees": [], "id": 114254708}, "id": 451016916}, {"commit_id": null, "commit_url": null, "url": "https://api.github.com/repos/opencart/opencart/issues/events/451016736", "created_at": "2015-10-31T05:21:09Z", "actor": {"following_url": "https://api.github.com/users/danielkerr/following{/other_user}", "events_url": "https://api.github.com/users/danielkerr/events{/privacy}", "organizations_url": "https://api.github.com/users/danielkerr/orgs", "url": "https://api.github.com/users/danielkerr", "gists_url": "https://api.github.com/users/danielkerr/gists{/gist_id}", "html_url": "https://github.com/danielkerr", "subscriptions_url": "https://api.github.com/users/danielkerr/subscriptions", "avatar_url": "https://avatars.githubusercontent.com/u/5079756?v=3", "repos_url": "https://api.github.com/users/danielkerr/repos", "received_events_url": "https://api.github.com/users/danielkerr/received_events", "gravatar_id": "", "starred_url": "https://api.github.com/users/danielkerr/starred{/owner}{/repo}", "site_admin": false, "login": "danielkerr", "type": "User", "id": 5079756, "followers_url": "https://api.github.com/users/danielkerr/followers"}, "event": "closed", "issue": {"body": "Hi Daniel\n\nSo firstly: great job in developing OpenCart. I love your system. But there is a huge problem, making the shop not usable in all EU countries: The well known rounding issue.\n\nI understand that opencart is doing rounding with 8 decimals. That\u00b4s great but simply not usable for countries with just 2 decimals (whole EU). \n\nI have used several other shop systems like Magento and Shopware. None of them got this issue. \nThere should be an option to turn off the 8 decimal calculation and switch to 2 decimals. Again: This issue makes OpenCart NOT usable in EU countries. The laws are quite strict. \n\nSo please, Daniel, give us your opinion to this issue (and don\u00b4t just close it). Will this be developed in the future? Or is there any quick fix for that?\n\nGreetings from Germany\nLukas\n", "labels": [], "locked": false, "title": "Rounding issue again", "url": "https://api.github.com/repos/opencart/opencart/issues/3578", "labels_url": "https://api.github.com/repos/opencart/opencart/issues/3578/labels{/name}", "created_at": "2015-10-30T21:57:08Z", "events_url": "https://api.github.com/repos/opencart/opencart/issues/3578/events", "comments_url": "https://api.github.com/repos/opencart/opencart/issues/3578/comments", "html_url": "https://github.com/opencart/opencart/issues/3578", "comments": 9, "number": 3578, "updated_at": "2016-01-08T17:39:37Z", "assignee": null, "state": "closed", "user": {"following_url": "https://api.github.com/users/micrdy/following{/other_user}", "events_url": "https://api.github.com/users/micrdy/events{/privacy}", "organizations_url": "https://api.github.com/users/micrdy/orgs", "url": "https://api.github.com/users/micrdy", "gists_url": "https://api.github.com/users/micrdy/gists{/gist_id}", "html_url": "https://github.com/micrdy", "subscriptions_url": "https://api.github.com/users/micrdy/subscriptions", "avatar_url": "https://avatars.githubusercontent.com/u/1951916?v=3", "repos_url": "https://api.github.com/users/micrdy/repos", "received_events_url": "https://api.github.com/users/micrdy/received_events", "gravatar_id": "", "starred_url": "https://api.github.com/users/micrdy/starred{/owner}{/repo}", "site_admin": false, "login": "micrdy", "type": "User", "id": 1951916, "followers_url": "https://api.github.com/users/micrdy/followers"}, "milestone": null, "repository_url": "https://api.github.com/repos/opencart/opencart", "closed_at": "2015-10-31T05:21:09Z", "assignees": [], "id": 114362873}, "id": 451016736}, {"commit_id": null, "rename": {"to": "Unused $points variable in ModelTotalReward class", "from": "Unused $points variable in Reward class"}, "commit_url": null, "url": "https://api.github.com/repos/opencart/opencart/issues/events/449765529", "created_at": "2015-10-29T21:20:34Z", "actor": {"following_url": "https://api.github.com/users/matrunchyk/following{/other_user}", "events_url": "https://api.github.com/users/matrunchyk/events{/privacy}", "organizations_url": "https://api.github.com/users/matrunchyk/orgs", "url": "https://api.github.com/users/matrunchyk", "gists_url": "https://api.github.com/users/matrunchyk/gists{/gist_id}", "html_url": "https://github.com/matrunchyk", "subscriptions_url": "https://api.github.com/users/matrunchyk/subscriptions", "avatar_url": "https://avatars.githubusercontent.com/u/2089828?v=3", "repos_url": "https://api.github.com/users/matrunchyk/repos", "received_events_url": "https://api.github.com/users/matrunchyk/received_events", "gravatar_id": "", "starred_url": "https://api.github.com/users/matrunchyk/starred{/owner}{/repo}", "site_admin": false, "login": "matrunchyk", "type": "User", "id": 2089828, "followers_url": "https://api.github.com/users/matrunchyk/followers"}, "event": "renamed", "issue": {"body": "Hello,\n\nI noticed that there is an [unused](https://github.com/opencart/opencart/blob/master/upload/catalog/model/total/reward.php#L20) `$points`   variable on the `ModelTotalReward` class.\nCould you please take a look?\n\nThanks.\n", "labels": [], "locked": false, "title": "Unused $points variable in ModelTotalReward class", "url": "https://api.github.com/repos/opencart/opencart/issues/3576", "labels_url": "https://api.github.com/repos/opencart/opencart/issues/3576/labels{/name}", "created_at": "2015-10-29T21:20:09Z", "events_url": "https://api.github.com/repos/opencart/opencart/issues/3576/events", "comments_url": "https://api.github.com/repos/opencart/opencart/issues/3576/comments", "html_url": "https://github.com/opencart/opencart/issues/3576", "comments": 1, "number": 3576, "updated_at": "2015-10-31T05:49:53Z", "assignee": null, "state": "closed", "user": {"following_url": "https://api.github.com/users/matrunchyk/following{/other_user}", "events_url": "https://api.github.com/users/matrunchyk/events{/privacy}", "organizations_url": "https://api.github.com/users/matrunchyk/orgs", "url": "https://api.github.com/users/matrunchyk", "gists_url": "https://api.github.com/users/matrunchyk/gists{/gist_id}", "html_url": "https://github.com/matrunchyk", "subscriptions_url": "https://api.github.com/users/matrunchyk/subscriptions", "avatar_url": "https://avatars.githubusercontent.com/u/2089828?v=3", "repos_url": "https://api.github.com/users/matrunchyk/repos", "received_events_url": "https://api.github.com/users/matrunchyk/received_events", "gravatar_id": "", "starred_url": "https://api.github.com/users/matrunchyk/starred{/owner}{/repo}", "site_admin": false, "login": "matrunchyk", "type": "User", "id": 2089828, "followers_url": "https://api.github.com/users/matrunchyk/followers"}, "milestone": null, "repository_url": "https://api.github.com/repos/opencart/opencart", "closed_at": "2015-10-31T05:49:53Z", "assignees": [], "id": 114150170}, "id": 449765529}, {"commit_id": null, "rename": {"to": "Localisation in Order Information page is broken (v 2.0.3.1)", "from": "Localisation in Order Information Page is broken (v 2.0.3.1)"}, "commit_url": null, "url": "https://api.github.com/repos/opencart/opencart/issues/events/449476647", "created_at": "2015-10-29T17:03:07Z", "actor": {"following_url": "https://api.github.com/users/acheshko/following{/other_user}", "events_url": "https://api.github.com/users/acheshko/events{/privacy}", "organizations_url": "https://api.github.com/users/acheshko/orgs", "url": "https://api.github.com/users/acheshko", "gists_url": "https://api.github.com/users/acheshko/gists{/gist_id}", "html_url": "https://github.com/acheshko", "subscriptions_url": "https://api.github.com/users/acheshko/subscriptions", "avatar_url": "https://avatars.githubusercontent.com/u/14127397?v=3", "repos_url": "https://api.github.com/users/acheshko/repos", "received_events_url": "https://api.github.com/users/acheshko/received_events", "gravatar_id": "", "starred_url": "https://api.github.com/users/acheshko/starred{/owner}{/repo}", "site_admin": false, "login": "acheshko", "type": "User", "id": 14127397, "followers_url": "https://api.github.com/users/acheshko/followers"}, "event": "renamed", "issue": {"body": "When new order is created, it looks like OpenCart saves **title strings** for the following entities in DB for each order:\n- shipping method\n- payment method\n- product name\n- total modules\n\nThat means that if user ordered something while using **language A**, these strings are saved using this language. If user then switches to **language B** and goes to view Order Details, she will see strings from **language A**.\n\nIs there a particular reason why OpenCart saves these strings? I can only think that so not to do few extra joins to get the proper values from relevant tables, but I don't think its worth it and it affects user experience negatively.\n", "labels": [], "locked": false, "title": "Localisation in Order Information page is broken (v 2.0.3.1)", "url": "https://api.github.com/repos/opencart/opencart/issues/3575", "labels_url": "https://api.github.com/repos/opencart/opencart/issues/3575/labels{/name}", "created_at": "2015-10-29T16:59:15Z", "events_url": "https://api.github.com/repos/opencart/opencart/issues/3575/events", "comments_url": "https://api.github.com/repos/opencart/opencart/issues/3575/comments", "html_url": "https://github.com/opencart/opencart/issues/3575", "comments": 2, "number": 3575, "updated_at": "2015-10-31T09:18:55Z", "assignee": null, "state": "closed", "user": {"following_url": "https://api.github.com/users/acheshko/following{/other_user}", "events_url": "https://api.github.com/users/acheshko/events{/privacy}", "organizations_url": "https://api.github.com/users/acheshko/orgs", "url": "https://api.github.com/users/acheshko", "gists_url": "https://api.github.com/users/acheshko/gists{/gist_id}", "html_url": "https://github.com/acheshko", "subscriptions_url": "https://api.github.com/users/acheshko/subscriptions", "avatar_url": "https://avatars.githubusercontent.com/u/14127397?v=3", "repos_url": "https://api.github.com/users/acheshko/repos", "received_events_url": "https://api.github.com/users/acheshko/received_events", "gravatar_id": "", "starred_url": "https://api.github.com/users/acheshko/starred{/owner}{/repo}", "site_admin": false, "login": "acheshko", "type": "User", "id": 14127397, "followers_url": "https://api.github.com/users/acheshko/followers"}, "milestone": null, "repository_url": "https://api.github.com/repos/opencart/opencart", "closed_at": "2015-10-31T07:17:15Z", "assignees": [], "id": 114097493}, "id": 449476647}, {"commit_id": null, "commit_url": null, "url": "https://api.github.com/repos/opencart/opencart/issues/events/449458191", "created_at": "2015-10-29T16:48:13Z", "actor": {"following_url": "https://api.github.com/users/danielkerr/following{/other_user}", "events_url": "https://api.github.com/users/danielkerr/events{/privacy}", "organizations_url": "https://api.github.com/users/danielkerr/orgs", "url": "https://api.github.com/users/danielkerr", "gists_url": "https://api.github.com/users/danielkerr/gists{/gist_id}", "html_url": "https://github.com/danielkerr", "subscriptions_url": "https://api.github.com/users/danielkerr/subscriptions", "avatar_url": "https://avatars.githubusercontent.com/u/5079756?v=3", "repos_url": "https://api.github.com/users/danielkerr/repos", "received_events_url": "https://api.github.com/users/danielkerr/received_events", "gravatar_id": "", "starred_url": "https://api.github.com/users/danielkerr/starred{/owner}{/repo}", "site_admin": false, "login": "danielkerr", "type": "User", "id": 5079756, "followers_url": "https://api.github.com/users/danielkerr/followers"}, "event": "closed", "issue": {"body": "Going through pages of products of certain category, same products with same product_id reappear in different pages.\n\nYou can test this yourself with this jquery code in your browser's console:\n1. \n   $(\"div.row:nth-child(7) .product-layout\").each(function () {\n   console.log($(this).find(\"button\").attr(\"onclick\"));\n   });\n   first selector selects container of products _whitespace_ name of product container div.\n   second selector select _this_ (each product container). Find selects element with attribute where id can be found.\n\n2.\npaste responses here for every page:\nhttp://www.somacon.com/p568.php\n1. observe how many same lines are repeated.\n\nopencarts 1.5 - 2.0 are affected\n", "labels": [], "locked": false, "title": "items in opencart shop > any category > products page dublicates throughout pages.", "url": "https://api.github.com/repos/opencart/opencart/issues/3574", "labels_url": "https://api.github.com/repos/opencart/opencart/issues/3574/labels{/name}", "created_at": "2015-10-29T16:06:55Z", "events_url": "https://api.github.com/repos/opencart/opencart/issues/3574/events", "comments_url": "https://api.github.com/repos/opencart/opencart/issues/3574/comments", "html_url": "https://github.com/opencart/opencart/issues/3574", "comments": 1, "number": 3574, "updated_at": "2015-10-29T21:34:55Z", "assignee": null, "state": "closed", "user": {"following_url": "https://api.github.com/users/Deluxo/following{/other_user}", "events_url": "https://api.github.com/users/Deluxo/events{/privacy}", "organizations_url": "https://api.github.com/users/Deluxo/orgs", "url": "https://api.github.com/users/Deluxo", "gists_url": "https://api.github.com/users/Deluxo/gists{/gist_id}", "html_url": "https://github.com/Deluxo", "subscriptions_url": "https://api.github.com/users/Deluxo/subscriptions", "avatar_url": "https://avatars.githubusercontent.com/u/3360414?v=3", "repos_url": "https://api.github.com/users/Deluxo/repos", "received_events_url": "https://api.github.com/users/Deluxo/received_events", "gravatar_id": "", "starred_url": "https://api.github.com/users/Deluxo/starred{/owner}{/repo}", "site_admin": false, "login": "Deluxo", "type": "User", "id": 3360414, "followers_url": "https://api.github.com/users/Deluxo/followers"}, "milestone": null, "repository_url": "https://api.github.com/repos/opencart/opencart", "closed_at": "2015-10-29T16:48:13Z", "assignees": [], "id": 114084167}, "id": 449458191}, {"commit_id": null, "commit_url": null, "url": "https://api.github.com/repos/opencart/opencart/issues/events/449457411", "created_at": "2015-10-29T16:47:34Z", "actor": {"following_url": "https://api.github.com/users/danielkerr/following{/other_user}", "events_url": "https://api.github.com/users/danielkerr/events{/privacy}", "organizations_url": "https://api.github.com/users/danielkerr/orgs", "url": "https://api.github.com/users/danielkerr", "gists_url": "https://api.github.com/users/danielkerr/gists{/gist_id}", "html_url": "https://github.com/danielkerr", "subscriptions_url": "https://api.github.com/users/danielkerr/subscriptions", "avatar_url": "https://avatars.githubusercontent.com/u/5079756?v=3", "repos_url": "https://api.github.com/users/danielkerr/repos", "received_events_url": "https://api.github.com/users/danielkerr/received_events", "gravatar_id": "", "starred_url": "https://api.github.com/users/danielkerr/starred{/owner}{/repo}", "site_admin": false, "login": "danielkerr", "type": "User", "id": 5079756, "followers_url": "https://api.github.com/users/danielkerr/followers"}, "event": "closed", "issue": {"labels": [], "number": 3559, "assignee": null, "repository_url": "https://api.github.com/repos/opencart/opencart", "closed_at": "2015-10-29T16:47:34Z", "id": 113392025, "title": "Updated error_store Language", "pull_request": {"url": "https://api.github.com/repos/opencart/opencart/pulls/3559", "diff_url": "https://github.com/opencart/opencart/pull/3559.diff", "html_url": "https://github.com/opencart/opencart/pull/3559", "patch_url": "https://github.com/opencart/opencart/pull/3559.patch"}, "comments": 0, "state": "closed", "body": "Fixed language string for error_store to match others.\n", "labels_url": "https://api.github.com/repos/opencart/opencart/issues/3559/labels{/name}", "events_url": "https://api.github.com/repos/opencart/opencart/issues/3559/events", "comments_url": "https://api.github.com/repos/opencart/opencart/issues/3559/comments", "html_url": "https://github.com/opencart/opencart/pull/3559", "updated_at": "2015-10-29T16:47:34Z", "user": {"following_url": "https://api.github.com/users/OpenCartAddons/following{/other_user}", "events_url": "https://api.github.com/users/OpenCartAddons/events{/privacy}", "organizations_url": "https://api.github.com/users/OpenCartAddons/orgs", "url": "https://api.github.com/users/OpenCartAddons", "gists_url": "https://api.github.com/users/OpenCartAddons/gists{/gist_id}", "html_url": "https://github.com/OpenCartAddons", "subscriptions_url": "https://api.github.com/users/OpenCartAddons/subscriptions", "avatar_url": "https://avatars.githubusercontent.com/u/5317545?v=3", "repos_url": "https://api.github.com/users/OpenCartAddons/repos", "received_events_url": "https://api.github.com/users/OpenCartAddons/received_events", "gravatar_id": "", "starred_url": "https://api.github.com/users/OpenCartAddons/starred{/owner}{/repo}", "site_admin": false, "login": "OpenCartAddons", "type": "User", "id": 5317545, "followers_url": "https://api.github.com/users/OpenCartAddons/followers"}, "milestone": null, "locked": false, "url": "https://api.github.com/repos/opencart/opencart/issues/3559", "created_at": "2015-10-26T16:15:00Z", "assignees": []}, "id": 449457411}, {"commit_id": "962ba628c96a04f56657d11e020ed56236b86636", "commit_url": "https://api.github.com/repos/opencart/opencart/commits/962ba628c96a04f56657d11e020ed56236b86636", "url": "https://api.github.com/repos/opencart/opencart/issues/events/449457408", "created_at": "2015-10-29T16:47:34Z", "actor": {"following_url": "https://api.github.com/users/danielkerr/following{/other_user}", "events_url": "https://api.github.com/users/danielkerr/events{/privacy}", "organizations_url": "https://api.github.com/users/danielkerr/orgs", "url": "https://api.github.com/users/danielkerr", "gists_url": "https://api.github.com/users/danielkerr/gists{/gist_id}", "html_url": "https://github.com/danielkerr", "subscriptions_url": "https://api.github.com/users/danielkerr/subscriptions", "avatar_url": "https://avatars.githubusercontent.com/u/5079756?v=3", "repos_url": "https://api.github.com/users/danielkerr/repos", "received_events_url": "https://api.github.com/users/danielkerr/received_events", "gravatar_id": "", "starred_url": "https://api.github.com/users/danielkerr/starred{/owner}{/repo}", "site_admin": false, "login": "danielkerr", "type": "User", "id": 5079756, "followers_url": "https://api.github.com/users/danielkerr/followers"}, "event": "merged", "issue": {"labels": [], "number": 3559, "assignee": null, "repository_url": "https://api.github.com/repos/opencart/opencart", "closed_at": "2015-10-29T16:47:34Z", "id": 113392025, "title": "Updated error_store Language", "pull_request": {"url": "https://api.github.com/repos/opencart/opencart/pulls/3559", "diff_url": "https://github.com/opencart/opencart/pull/3559.diff", "html_url": "https://github.com/opencart/opencart/pull/3559", "patch_url": "https://github.com/opencart/opencart/pull/3559.patch"}, "comments": 0, "state": "closed", "body": "Fixed language string for error_store to match others.\n", "labels_url": "https://api.github.com/repos/opencart/opencart/issues/3559/labels{/name}", "events_url": "https://api.github.com/repos/opencart/opencart/issues/3559/events", "comments_url": "https://api.github.com/repos/opencart/opencart/issues/3559/comments", "html_url": "https://github.com/opencart/opencart/pull/3559", "updated_at": "2015-10-29T16:47:34Z", "user": {"following_url": "https://api.github.com/users/OpenCartAddons/following{/other_user}", "events_url": "https://api.github.com/users/OpenCartAddons/events{/privacy}", "organizations_url": "https://api.github.com/users/OpenCartAddons/orgs", "url": "https://api.github.com/users/OpenCartAddons", "gists_url": "https://api.github.com/users/OpenCartAddons/gists{/gist_id}", "html_url": "https://github.com/OpenCartAddons", "subscriptions_url": "https://api.github.com/users/OpenCartAddons/subscriptions", "avatar_url": "https://avatars.githubusercontent.com/u/5317545?v=3", "repos_url": "https://api.github.com/users/OpenCartAddons/repos", "received_events_url": "https://api.github.com/users/OpenCartAddons/received_events", "gravatar_id": "", "starred_url": "https://api.github.com/users/OpenCartAddons/starred{/owner}{/repo}", "site_admin": false, "login": "OpenCartAddons", "type": "User", "id": 5317545, "followers_url": "https://api.github.com/users/OpenCartAddons/followers"}, "milestone": null, "locked": false, "url": "https://api.github.com/repos/opencart/opencart/issues/3559", "created_at": "2015-10-26T16:15:00Z", "assignees": []}, "id": 449457408}, {"commit_id": "962ba628c96a04f56657d11e020ed56236b86636", "commit_url": "https://api.github.com/repos/opencart/opencart/commits/962ba628c96a04f56657d11e020ed56236b86636", "url": "https://api.github.com/repos/opencart/opencart/issues/events/449457407", "created_at": "2015-10-29T16:47:34Z", "actor": {"following_url": "https://api.github.com/users/danielkerr/following{/other_user}", "events_url": "https://api.github.com/users/danielkerr/events{/privacy}", "organizations_url": "https://api.github.com/users/danielkerr/orgs", "url": "https://api.github.com/users/danielkerr", "gists_url": "https://api.github.com/users/danielkerr/gists{/gist_id}", "html_url": "https://github.com/danielkerr", "subscriptions_url": "https://api.github.com/users/danielkerr/subscriptions", "avatar_url": "https://avatars.githubusercontent.com/u/5079756?v=3", "repos_url": "https://api.github.com/users/danielkerr/repos", "received_events_url": "https://api.github.com/users/danielkerr/received_events", "gravatar_id": "", "starred_url": "https://api.github.com/users/danielkerr/starred{/owner}{/repo}", "site_admin": false, "login": "danielkerr", "type": "User", "id": 5079756, "followers_url": "https://api.github.com/users/danielkerr/followers"}, "event": "referenced", "issue": {"labels": [], "number": 3559, "assignee": null, "repository_url": "https://api.github.com/repos/opencart/opencart", "closed_at": "2015-10-29T16:47:34Z", "id": 113392025, "title": "Updated error_store Language", "pull_request": {"url": "https://api.github.com/repos/opencart/opencart/pulls/3559", "diff_url": "https://github.com/opencart/opencart/pull/3559.diff", "html_url": "https://github.com/opencart/opencart/pull/3559", "patch_url": "https://github.com/opencart/opencart/pull/3559.patch"}, "comments": 0, "state": "closed", "body": "Fixed language string for error_store to match others.\n", "labels_url": "https://api.github.com/repos/opencart/opencart/issues/3559/labels{/name}", "events_url": "https://api.github.com/repos/opencart/opencart/issues/3559/events", "comments_url": "https://api.github.com/repos/opencart/opencart/issues/3559/comments", "html_url": "https://github.com/opencart/opencart/pull/3559", "updated_at": "2015-10-29T16:47:34Z", "user": {"following_url": "https://api.github.com/users/OpenCartAddons/following{/other_user}", "events_url": "https://api.github.com/users/OpenCartAddons/events{/privacy}", "organizations_url": "https://api.github.com/users/OpenCartAddons/orgs", "url": "https://api.github.com/users/OpenCartAddons", "gists_url": "https://api.github.com/users/OpenCartAddons/gists{/gist_id}", "html_url": "https://github.com/OpenCartAddons", "subscriptions_url": "https://api.github.com/users/OpenCartAddons/subscriptions", "avatar_url": "https://avatars.githubusercontent.com/u/5317545?v=3", "repos_url": "https://api.github.com/users/OpenCartAddons/repos", "received_events_url": "https://api.github.com/users/OpenCartAddons/received_events", "gravatar_id": "", "starred_url": "https://api.github.com/users/OpenCartAddons/starred{/owner}{/repo}", "site_admin": false, "login": "OpenCartAddons", "type": "User", "id": 5317545, "followers_url": "https://api.github.com/users/OpenCartAddons/followers"}, "milestone": null, "locked": false, "url": "https://api.github.com/repos/opencart/opencart/issues/3559", "created_at": "2015-10-26T16:15:00Z", "assignees": []}, "id": 449457407}, {"commit_id": null, "commit_url": null, "url": "https://api.github.com/repos/opencart/opencart/issues/events/449349338", "created_at": "2015-10-29T15:27:57Z", "actor": {"following_url": "https://api.github.com/users/OpenCartAddons/following{/other_user}", "events_url": "https://api.github.com/users/OpenCartAddons/events{/privacy}", "organizations_url": "https://api.github.com/users/OpenCartAddons/orgs", "url": "https://api.github.com/users/OpenCartAddons", "gists_url": "https://api.github.com/users/OpenCartAddons/gists{/gist_id}", "html_url": "https://github.com/OpenCartAddons", "subscriptions_url": "https://api.github.com/users/OpenCartAddons/subscriptions", "avatar_url": "https://avatars.githubusercontent.com/u/5317545?v=3", "repos_url": "https://api.github.com/users/OpenCartAddons/repos", "received_events_url": "https://api.github.com/users/OpenCartAddons/received_events", "gravatar_id": "", "starred_url": "https://api.github.com/users/OpenCartAddons/starred{/owner}{/repo}", "site_admin": false, "login": "OpenCartAddons", "type": "User", "id": 5317545, "followers_url": "https://api.github.com/users/OpenCartAddons/followers"}, "event": "head_ref_deleted", "issue": {"labels": [], "number": 3561, "assignee": null, "repository_url": "https://api.github.com/repos/opencart/opencart", "closed_at": "2015-10-29T14:57:34Z", "id": 113395707, "title": "Language Text Update", "pull_request": {"url": "https://api.github.com/repos/opencart/opencart/pulls/3561", "diff_url": "https://github.com/opencart/opencart/pull/3561.diff", "html_url": "https://github.com/opencart/opencart/pull/3561", "patch_url": "https://github.com/opencart/opencart/pull/3561.patch"}, "comments": 0, "state": "closed", "body": "Updates to grammar and spelling\n", "labels_url": "https://api.github.com/repos/opencart/opencart/issues/3561/labels{/name}", "events_url": "https://api.github.com/repos/opencart/opencart/issues/3561/events", "comments_url": "https://api.github.com/repos/opencart/opencart/issues/3561/comments", "html_url": "https://github.com/opencart/opencart/pull/3561", "updated_at": "2015-10-29T15:27:57Z", "user": {"following_url": "https://api.github.com/users/OpenCartAddons/following{/other_user}", "events_url": "https://api.github.com/users/OpenCartAddons/events{/privacy}", "organizations_url": "https://api.github.com/users/OpenCartAddons/orgs", "url": "https://api.github.com/users/OpenCartAddons", "gists_url": "https://api.github.com/users/OpenCartAddons/gists{/gist_id}", "html_url": "https://github.com/OpenCartAddons", "subscriptions_url": "https://api.github.com/users/OpenCartAddons/subscriptions", "avatar_url": "https://avatars.githubusercontent.com/u/5317545?v=3", "repos_url": "https://api.github.com/users/OpenCartAddons/repos", "received_events_url": "https://api.github.com/users/OpenCartAddons/received_events", "gravatar_id": "", "starred_url": "https://api.github.com/users/OpenCartAddons/starred{/owner}{/repo}", "site_admin": false, "login": "OpenCartAddons", "type": "User", "id": 5317545, "followers_url": "https://api.github.com/users/OpenCartAddons/followers"}, "milestone": null, "locked": false, "url": "https://api.github.com/repos/opencart/opencart/issues/3561", "created_at": "2015-10-26T16:32:05Z", "assignees": []}, "id": 449349338}, {"commit_id": null, "commit_url": null, "url": "https://api.github.com/repos/opencart/opencart/issues/events/449307417", "created_at": "2015-10-29T14:57:34Z", "actor": {"following_url": "https://api.github.com/users/danielkerr/following{/other_user}", "events_url": "https://api.github.com/users/danielkerr/events{/privacy}", "organizations_url": "https://api.github.com/users/danielkerr/orgs", "url": "https://api.github.com/users/danielkerr", "gists_url": "https://api.github.com/users/danielkerr/gists{/gist_id}", "html_url": "https://github.com/danielkerr", "subscriptions_url": "https://api.github.com/users/danielkerr/subscriptions", "avatar_url": "https://avatars.githubusercontent.com/u/5079756?v=3", "repos_url": "https://api.github.com/users/danielkerr/repos", "received_events_url": "https://api.github.com/users/danielkerr/received_events", "gravatar_id": "", "starred_url": "https://api.github.com/users/danielkerr/starred{/owner}{/repo}", "site_admin": false, "login": "danielkerr", "type": "User", "id": 5079756, "followers_url": "https://api.github.com/users/danielkerr/followers"}, "event": "closed", "issue": {"labels": [], "number": 3561, "assignee": null, "repository_url": "https://api.github.com/repos/opencart/opencart", "closed_at": "2015-10-29T14:57:34Z", "id": 113395707, "title": "Language Text Update", "pull_request": {"url": "https://api.github.com/repos/opencart/opencart/pulls/3561", "diff_url": "https://github.com/opencart/opencart/pull/3561.diff", "html_url": "https://github.com/opencart/opencart/pull/3561", "patch_url": "https://github.com/opencart/opencart/pull/3561.patch"}, "comments": 0, "state": "closed", "body": "Updates to grammar and spelling\n", "labels_url": "https://api.github.com/repos/opencart/opencart/issues/3561/labels{/name}", "events_url": "https://api.github.com/repos/opencart/opencart/issues/3561/events", "comments_url": "https://api.github.com/repos/opencart/opencart/issues/3561/comments", "html_url": "https://github.com/opencart/opencart/pull/3561", "updated_at": "2015-10-29T15:27:57Z", "user": {"following_url": "https://api.github.com/users/OpenCartAddons/following{/other_user}", "events_url": "https://api.github.com/users/OpenCartAddons/events{/privacy}", "organizations_url": "https://api.github.com/users/OpenCartAddons/orgs", "url": "https://api.github.com/users/OpenCartAddons", "gists_url": "https://api.github.com/users/OpenCartAddons/gists{/gist_id}", "html_url": "https://github.com/OpenCartAddons", "subscriptions_url": "https://api.github.com/users/OpenCartAddons/subscriptions", "avatar_url": "https://avatars.githubusercontent.com/u/5317545?v=3", "repos_url": "https://api.github.com/users/OpenCartAddons/repos", "received_events_url": "https://api.github.com/users/OpenCartAddons/received_events", "gravatar_id": "", "starred_url": "https://api.github.com/users/OpenCartAddons/starred{/owner}{/repo}", "site_admin": false, "login": "OpenCartAddons", "type": "User", "id": 5317545, "followers_url": "https://api.github.com/users/OpenCartAddons/followers"}, "milestone": null, "locked": false, "url": "https://api.github.com/repos/opencart/opencart/issues/3561", "created_at": "2015-10-26T16:32:05Z", "assignees": []}, "id": 449307417}, {"commit_id": "86d905b19f80ebd6727cbeb498001e54f4e37628", "commit_url": "https://api.github.com/repos/opencart/opencart/commits/86d905b19f80ebd6727cbeb498001e54f4e37628", "url": "https://api.github.com/repos/opencart/opencart/issues/events/449307416", "created_at": "2015-10-29T14:57:34Z", "actor": {"following_url": "https://api.github.com/users/danielkerr/following{/other_user}", "events_url": "https://api.github.com/users/danielkerr/events{/privacy}", "organizations_url": "https://api.github.com/users/danielkerr/orgs", "url": "https://api.github.com/users/danielkerr", "gists_url": "https://api.github.com/users/danielkerr/gists{/gist_id}", "html_url": "https://github.com/danielkerr", "subscriptions_url": "https://api.github.com/users/danielkerr/subscriptions", "avatar_url": "https://avatars.githubusercontent.com/u/5079756?v=3", "repos_url": "https://api.github.com/users/danielkerr/repos", "received_events_url": "https://api.github.com/users/danielkerr/received_events", "gravatar_id": "", "starred_url": "https://api.github.com/users/danielkerr/starred{/owner}{/repo}", "site_admin": false, "login": "danielkerr", "type": "User", "id": 5079756, "followers_url": "https://api.github.com/users/danielkerr/followers"}, "event": "merged", "issue": {"labels": [], "number": 3561, "assignee": null, "repository_url": "https://api.github.com/repos/opencart/opencart", "closed_at": "2015-10-29T14:57:34Z", "id": 113395707, "title": "Language Text Update", "pull_request": {"url": "https://api.github.com/repos/opencart/opencart/pulls/3561", "diff_url": "https://github.com/opencart/opencart/pull/3561.diff", "html_url": "https://github.com/opencart/opencart/pull/3561", "patch_url": "https://github.com/opencart/opencart/pull/3561.patch"}, "comments": 0, "state": "closed", "body": "Updates to grammar and spelling\n", "labels_url": "https://api.github.com/repos/opencart/opencart/issues/3561/labels{/name}", "events_url": "https://api.github.com/repos/opencart/opencart/issues/3561/events", "comments_url": "https://api.github.com/repos/opencart/opencart/issues/3561/comments", "html_url": "https://github.com/opencart/opencart/pull/3561", "updated_at": "2015-10-29T15:27:57Z", "user": {"following_url": "https://api.github.com/users/OpenCartAddons/following{/other_user}", "events_url": "https://api.github.com/users/OpenCartAddons/events{/privacy}", "organizations_url": "https://api.github.com/users/OpenCartAddons/orgs", "url": "https://api.github.com/users/OpenCartAddons", "gists_url": "https://api.github.com/users/OpenCartAddons/gists{/gist_id}", "html_url": "https://github.com/OpenCartAddons", "subscriptions_url": "https://api.github.com/users/OpenCartAddons/subscriptions", "avatar_url": "https://avatars.githubusercontent.com/u/5317545?v=3", "repos_url": "https://api.github.com/users/OpenCartAddons/repos", "received_events_url": "https://api.github.com/users/OpenCartAddons/received_events", "gravatar_id": "", "starred_url": "https://api.github.com/users/OpenCartAddons/starred{/owner}{/repo}", "site_admin": false, "login": "OpenCartAddons", "type": "User", "id": 5317545, "followers_url": "https://api.github.com/users/OpenCartAddons/followers"}, "milestone": null, "locked": false, "url": "https://api.github.com/repos/opencart/opencart/issues/3561", "created_at": "2015-10-26T16:32:05Z", "assignees": []}, "id": 449307416}, {"commit_id": "86d905b19f80ebd6727cbeb498001e54f4e37628", "commit_url": "https://api.github.com/repos/opencart/opencart/commits/86d905b19f80ebd6727cbeb498001e54f4e37628", "url": "https://api.github.com/repos/opencart/opencart/issues/events/449307414", "created_at": "2015-10-29T14:57:34Z", "actor": {"following_url": "https://api.github.com/users/danielkerr/following{/other_user}", "events_url": "https://api.github.com/users/danielkerr/events{/privacy}", "organizations_url": "https://api.github.com/users/danielkerr/orgs", "url": "https://api.github.com/users/danielkerr", "gists_url": "https://api.github.com/users/danielkerr/gists{/gist_id}", "html_url": "https://github.com/danielkerr", "subscriptions_url": "https://api.github.com/users/danielkerr/subscriptions", "avatar_url": "https://avatars.githubusercontent.com/u/5079756?v=3", "repos_url": "https://api.github.com/users/danielkerr/repos", "received_events_url": "https://api.github.com/users/danielkerr/received_events", "gravatar_id": "", "starred_url": "https://api.github.com/users/danielkerr/starred{/owner}{/repo}", "site_admin": false, "login": "danielkerr", "type": "User", "id": 5079756, "followers_url": "https://api.github.com/users/danielkerr/followers"}, "event": "referenced", "issue": {"labels": [], "number": 3561, "assignee": null, "repository_url": "https://api.github.com/repos/opencart/opencart", "closed_at": "2015-10-29T14:57:34Z", "id": 113395707, "title": "Language Text Update", "pull_request": {"url": "https://api.github.com/repos/opencart/opencart/pulls/3561", "diff_url": "https://github.com/opencart/opencart/pull/3561.diff", "html_url": "https://github.com/opencart/opencart/pull/3561", "patch_url": "https://github.com/opencart/opencart/pull/3561.patch"}, "comments": 0, "state": "closed", "body": "Updates to grammar and spelling\n", "labels_url": "https://api.github.com/repos/opencart/opencart/issues/3561/labels{/name}", "events_url": "https://api.github.com/repos/opencart/opencart/issues/3561/events", "comments_url": "https://api.github.com/repos/opencart/opencart/issues/3561/comments", "html_url": "https://github.com/opencart/opencart/pull/3561", "updated_at": "2015-10-29T15:27:57Z", "user": {"following_url": "https://api.github.com/users/OpenCartAddons/following{/other_user}", "events_url": "https://api.github.com/users/OpenCartAddons/events{/privacy}", "organizations_url": "https://api.github.com/users/OpenCartAddons/orgs", "url": "https://api.github.com/users/OpenCartAddons", "gists_url": "https://api.github.com/users/OpenCartAddons/gists{/gist_id}", "html_url": "https://github.com/OpenCartAddons", "subscriptions_url": "https://api.github.com/users/OpenCartAddons/subscriptions", "avatar_url": "https://avatars.githubusercontent.com/u/5317545?v=3", "repos_url": "https://api.github.com/users/OpenCartAddons/repos", "received_events_url": "https://api.github.com/users/OpenCartAddons/received_events", "gravatar_id": "", "starred_url": "https://api.github.com/users/OpenCartAddons/starred{/owner}{/repo}", "site_admin": false, "login": "OpenCartAddons", "type": "User", "id": 5317545, "followers_url": "https://api.github.com/users/OpenCartAddons/followers"}, "milestone": null, "locked": false, "url": "https://api.github.com/repos/opencart/opencart/issues/3561", "created_at": "2015-10-26T16:32:05Z", "assignees": []}, "id": 449307414}]