[{"commit_id": "f0e1dc863d3b66ec6a49cbf215a3e5ec940b559e", "commit_url": "https://api.github.com/repos/opencart/opencart/commits/f0e1dc863d3b66ec6a49cbf215a3e5ec940b559e", "url": "https://api.github.com/repos/opencart/opencart/issues/events/661757418", "created_at": "2016-05-16T15:26:54Z", "actor": {"following_url": "https://api.github.com/users/danielkerr/following{/other_user}", "events_url": "https://api.github.com/users/danielkerr/events{/privacy}", "organizations_url": "https://api.github.com/users/danielkerr/orgs", "url": "https://api.github.com/users/danielkerr", "gists_url": "https://api.github.com/users/danielkerr/gists{/gist_id}", "html_url": "https://github.com/danielkerr", "subscriptions_url": "https://api.github.com/users/danielkerr/subscriptions", "avatar_url": "https://avatars.githubusercontent.com/u/5079756?v=3", "repos_url": "https://api.github.com/users/danielkerr/repos", "received_events_url": "https://api.github.com/users/danielkerr/received_events", "gravatar_id": "", "starred_url": "https://api.github.com/users/danielkerr/starred{/owner}{/repo}", "site_admin": false, "login": "danielkerr", "type": "User", "id": 5079756, "followers_url": "https://api.github.com/users/danielkerr/followers"}, "event": "merged", "issue": {"labels": [], "number": 4376, "assignee": null, "repository_url": "https://api.github.com/repos/opencart/opencart", "closed_at": "2016-05-16T15:26:54Z", "id": 155024193, "title": "disable COD if no shipping products in cart", "pull_request": {"url": "https://api.github.com/repos/opencart/opencart/pulls/4376", "diff_url": "https://github.com/opencart/opencart/pull/4376.diff", "html_url": "https://github.com/opencart/opencart/pull/4376", "patch_url": "https://github.com/opencart/opencart/pull/4376.patch"}, "comments": 0, "state": "closed", "body": "", "labels_url": "https://api.github.com/repos/opencart/opencart/issues/4376/labels{/name}", "events_url": "https://api.github.com/repos/opencart/opencart/issues/4376/events", "comments_url": "https://api.github.com/repos/opencart/opencart/issues/4376/comments", "html_url": "https://github.com/opencart/opencart/pull/4376", "updated_at": "2016-05-16T15:26:54Z", "user": {"following_url": "https://api.github.com/users/pine3ree/following{/other_user}", "events_url": "https://api.github.com/users/pine3ree/events{/privacy}", "organizations_url": "https://api.github.com/users/pine3ree/orgs", "url": "https://api.github.com/users/pine3ree", "gists_url": "https://api.github.com/users/pine3ree/gists{/gist_id}", "html_url": "https://github.com/pine3ree", "subscriptions_url": "https://api.github.com/users/pine3ree/subscriptions", "avatar_url": "https://avatars.githubusercontent.com/u/3229979?v=3", "repos_url": "https://api.github.com/users/pine3ree/repos", "received_events_url": "https://api.github.com/users/pine3ree/received_events", "gravatar_id": "", "starred_url": "https://api.github.com/users/pine3ree/starred{/owner}{/repo}", "site_admin": false, "login": "pine3ree", "type": "User", "id": 3229979, "followers_url": "https://api.github.com/users/pine3ree/followers"}, "milestone": null, "locked": false, "url": "https://api.github.com/repos/opencart/opencart/issues/4376", "created_at": "2016-05-16T12:57:22Z", "assignees": []}, "id": 661757418}, {"commit_id": "f0e1dc863d3b66ec6a49cbf215a3e5ec940b559e", "commit_url": "https://api.github.com/repos/opencart/opencart/commits/f0e1dc863d3b66ec6a49cbf215a3e5ec940b559e", "url": "https://api.github.com/repos/opencart/opencart/issues/events/661757417", "created_at": "2016-05-16T15:26:54Z", "actor": {"following_url": "https://api.github.com/users/danielkerr/following{/other_user}", "events_url": "https://api.github.com/users/danielkerr/events{/privacy}", "organizations_url": "https://api.github.com/users/danielkerr/orgs", "url": "https://api.github.com/users/danielkerr", "gists_url": "https://api.github.com/users/danielkerr/gists{/gist_id}", "html_url": "https://github.com/danielkerr", "subscriptions_url": "https://api.github.com/users/danielkerr/subscriptions", "avatar_url": "https://avatars.githubusercontent.com/u/5079756?v=3", "repos_url": "https://api.github.com/users/danielkerr/repos", "received_events_url": "https://api.github.com/users/danielkerr/received_events", "gravatar_id": "", "starred_url": "https://api.github.com/users/danielkerr/starred{/owner}{/repo}", "site_admin": false, "login": "danielkerr", "type": "User", "id": 5079756, "followers_url": "https://api.github.com/users/danielkerr/followers"}, "event": "referenced", "issue": {"labels": [], "number": 4376, "assignee": null, "repository_url": "https://api.github.com/repos/opencart/opencart", "closed_at": "2016-05-16T15:26:54Z", "id": 155024193, "title": "disable COD if no shipping products in cart", "pull_request": {"url": "https://api.github.com/repos/opencart/opencart/pulls/4376", "diff_url": "https://github.com/opencart/opencart/pull/4376.diff", "html_url": "https://github.com/opencart/opencart/pull/4376", "patch_url": "https://github.com/opencart/opencart/pull/4376.patch"}, "comments": 0, "state": "closed", "body": "", "labels_url": "https://api.github.com/repos/opencart/opencart/issues/4376/labels{/name}", "events_url": "https://api.github.com/repos/opencart/opencart/issues/4376/events", "comments_url": "https://api.github.com/repos/opencart/opencart/issues/4376/comments", "html_url": "https://github.com/opencart/opencart/pull/4376", "updated_at": "2016-05-16T15:26:54Z", "user": {"following_url": "https://api.github.com/users/pine3ree/following{/other_user}", "events_url": "https://api.github.com/users/pine3ree/events{/privacy}", "organizations_url": "https://api.github.com/users/pine3ree/orgs", "url": "https://api.github.com/users/pine3ree", "gists_url": "https://api.github.com/users/pine3ree/gists{/gist_id}", "html_url": "https://github.com/pine3ree", "subscriptions_url": "https://api.github.com/users/pine3ree/subscriptions", "avatar_url": "https://avatars.githubusercontent.com/u/3229979?v=3", "repos_url": "https://api.github.com/users/pine3ree/repos", "received_events_url": "https://api.github.com/users/pine3ree/received_events", "gravatar_id": "", "starred_url": "https://api.github.com/users/pine3ree/starred{/owner}{/repo}", "site_admin": false, "login": "pine3ree", "type": "User", "id": 3229979, "followers_url": "https://api.github.com/users/pine3ree/followers"}, "milestone": null, "locked": false, "url": "https://api.github.com/repos/opencart/opencart/issues/4376", "created_at": "2016-05-16T12:57:22Z", "assignees": []}, "id": 661757417}, {"commit_id": null, "commit_url": null, "url": "https://api.github.com/repos/opencart/opencart/issues/events/661753527", "created_at": "2016-05-16T15:24:04Z", "actor": {"following_url": "https://api.github.com/users/anuj1987kr/following{/other_user}", "events_url": "https://api.github.com/users/anuj1987kr/events{/privacy}", "organizations_url": "https://api.github.com/users/anuj1987kr/orgs", "url": "https://api.github.com/users/anuj1987kr", "gists_url": "https://api.github.com/users/anuj1987kr/gists{/gist_id}", "html_url": "https://github.com/anuj1987kr", "subscriptions_url": "https://api.github.com/users/anuj1987kr/subscriptions", "avatar_url": "https://avatars.githubusercontent.com/u/173776?v=3", "repos_url": "https://api.github.com/users/anuj1987kr/repos", "received_events_url": "https://api.github.com/users/anuj1987kr/received_events", "gravatar_id": "", "starred_url": "https://api.github.com/users/anuj1987kr/starred{/owner}{/repo}", "site_admin": false, "login": "anuj1987kr", "type": "User", "id": 173776, "followers_url": "https://api.github.com/users/anuj1987kr/followers"}, "event": "subscribed", "issue": {"body": "", "labels": [], "locked": false, "title": "oc_menu table is missing", "url": "https://api.github.com/repos/opencart/opencart/issues/4357", "labels_url": "https://api.github.com/repos/opencart/opencart/issues/4357/labels{/name}", "created_at": "2016-05-12T04:07:55Z", "events_url": "https://api.github.com/repos/opencart/opencart/issues/4357/events", "comments_url": "https://api.github.com/repos/opencart/opencart/issues/4357/comments", "html_url": "https://github.com/opencart/opencart/issues/4357", "comments": 2, "number": 4357, "updated_at": "2016-05-16T15:24:04Z", "assignee": null, "state": "closed", "user": {"following_url": "https://api.github.com/users/robinflyhigh/following{/other_user}", "events_url": "https://api.github.com/users/robinflyhigh/events{/privacy}", "organizations_url": "https://api.github.com/users/robinflyhigh/orgs", "url": "https://api.github.com/users/robinflyhigh", "gists_url": "https://api.github.com/users/robinflyhigh/gists{/gist_id}", "html_url": "https://github.com/robinflyhigh", "subscriptions_url": "https://api.github.com/users/robinflyhigh/subscriptions", "avatar_url": "https://avatars.githubusercontent.com/u/275138?v=3", "repos_url": "https://api.github.com/users/robinflyhigh/repos", "received_events_url": "https://api.github.com/users/robinflyhigh/received_events", "gravatar_id": "", "starred_url": "https://api.github.com/users/robinflyhigh/starred{/owner}{/repo}", "site_admin": false, "login": "robinflyhigh", "type": "User", "id": 275138, "followers_url": "https://api.github.com/users/robinflyhigh/followers"}, "milestone": null, "repository_url": "https://api.github.com/repos/opencart/opencart", "closed_at": "2016-05-12T10:21:51Z", "assignees": [], "id": 154392921}, "id": 661753527}, {"commit_id": null, "commit_url": null, "url": "https://api.github.com/repos/opencart/opencart/issues/events/661753526", "created_at": "2016-05-16T15:24:04Z", "actor": {"following_url": "https://api.github.com/users/anuj1987kr/following{/other_user}", "events_url": "https://api.github.com/users/anuj1987kr/events{/privacy}", "organizations_url": "https://api.github.com/users/anuj1987kr/orgs", "url": "https://api.github.com/users/anuj1987kr", "gists_url": "https://api.github.com/users/anuj1987kr/gists{/gist_id}", "html_url": "https://github.com/anuj1987kr", "subscriptions_url": "https://api.github.com/users/anuj1987kr/subscriptions", "avatar_url": "https://avatars.githubusercontent.com/u/173776?v=3", "repos_url": "https://api.github.com/users/anuj1987kr/repos", "received_events_url": "https://api.github.com/users/anuj1987kr/received_events", "gravatar_id": "", "starred_url": "https://api.github.com/users/anuj1987kr/starred{/owner}{/repo}", "site_admin": false, "login": "anuj1987kr", "type": "User", "id": 173776, "followers_url": "https://api.github.com/users/anuj1987kr/followers"}, "event": "mentioned", "issue": {"body": "", "labels": [], "locked": false, "title": "oc_menu table is missing", "url": "https://api.github.com/repos/opencart/opencart/issues/4357", "labels_url": "https://api.github.com/repos/opencart/opencart/issues/4357/labels{/name}", "created_at": "2016-05-12T04:07:55Z", "events_url": "https://api.github.com/repos/opencart/opencart/issues/4357/events", "comments_url": "https://api.github.com/repos/opencart/opencart/issues/4357/comments", "html_url": "https://github.com/opencart/opencart/issues/4357", "comments": 2, "number": 4357, "updated_at": "2016-05-16T15:24:04Z", "assignee": null, "state": "closed", "user": {"following_url": "https://api.github.com/users/robinflyhigh/following{/other_user}", "events_url": "https://api.github.com/users/robinflyhigh/events{/privacy}", "organizations_url": "https://api.github.com/users/robinflyhigh/orgs", "url": "https://api.github.com/users/robinflyhigh", "gists_url": "https://api.github.com/users/robinflyhigh/gists{/gist_id}", "html_url": "https://github.com/robinflyhigh", "subscriptions_url": "https://api.github.com/users/robinflyhigh/subscriptions", "avatar_url": "https://avatars.githubusercontent.com/u/275138?v=3", "repos_url": "https://api.github.com/users/robinflyhigh/repos", "received_events_url": "https://api.github.com/users/robinflyhigh/received_events", "gravatar_id": "", "starred_url": "https://api.github.com/users/robinflyhigh/starred{/owner}{/repo}", "site_admin": false, "login": "robinflyhigh", "type": "User", "id": 275138, "followers_url": "https://api.github.com/users/robinflyhigh/followers"}, "milestone": null, "repository_url": "https://api.github.com/repos/opencart/opencart", "closed_at": "2016-05-12T10:21:51Z", "assignees": [], "id": 154392921}, "id": 661753526}, {"commit_id": null, "commit_url": null, "url": "https://api.github.com/repos/opencart/opencart/issues/events/661538402", "created_at": "2016-05-16T12:11:59Z", "actor": {"following_url": "https://api.github.com/users/eka7a/following{/other_user}", "events_url": "https://api.github.com/users/eka7a/events{/privacy}", "organizations_url": "https://api.github.com/users/eka7a/orgs", "url": "https://api.github.com/users/eka7a", "gists_url": "https://api.github.com/users/eka7a/gists{/gist_id}", "html_url": "https://github.com/eka7a", "subscriptions_url": "https://api.github.com/users/eka7a/subscriptions", "avatar_url": "https://avatars.githubusercontent.com/u/5789807?v=3", "repos_url": "https://api.github.com/users/eka7a/repos", "received_events_url": "https://api.github.com/users/eka7a/received_events", "gravatar_id": "", "starred_url": "https://api.github.com/users/eka7a/starred{/owner}{/repo}", "site_admin": false, "login": "eka7a", "type": "User", "id": 5789807, "followers_url": "https://api.github.com/users/eka7a/followers"}, "event": "head_ref_deleted", "issue": {"labels": [], "number": 4373, "assignee": null, "repository_url": "https://api.github.com/repos/opencart/opencart", "closed_at": "2016-05-16T06:26:14Z", "id": 154919519, "title": "Update order.php", "pull_request": {"url": "https://api.github.com/repos/opencart/opencart/pulls/4373", "diff_url": "https://github.com/opencart/opencart/pull/4373.diff", "html_url": "https://github.com/opencart/opencart/pull/4373", "patch_url": "https://github.com/opencart/opencart/pull/4373.patch"}, "comments": 0, "state": "closed", "body": "Check user group access permission to payment tabs\n", "labels_url": "https://api.github.com/repos/opencart/opencart/issues/4373/labels{/name}", "events_url": "https://api.github.com/repos/opencart/opencart/issues/4373/events", "comments_url": "https://api.github.com/repos/opencart/opencart/issues/4373/comments", "html_url": "https://github.com/opencart/opencart/pull/4373", "updated_at": "2016-05-16T06:26:14Z", "user": {"following_url": "https://api.github.com/users/eka7a/following{/other_user}", "events_url": "https://api.github.com/users/eka7a/events{/privacy}", "organizations_url": "https://api.github.com/users/eka7a/orgs", "url": "https://api.github.com/users/eka7a", "gists_url": "https://api.github.com/users/eka7a/gists{/gist_id}", "html_url": "https://github.com/eka7a", "subscriptions_url": "https://api.github.com/users/eka7a/subscriptions", "avatar_url": "https://avatars.githubusercontent.com/u/5789807?v=3", "repos_url": "https://api.github.com/users/eka7a/repos", "received_events_url": "https://api.github.com/users/eka7a/received_events", "gravatar_id": "", "starred_url": "https://api.github.com/users/eka7a/starred{/owner}{/repo}", "site_admin": false, "login": "eka7a", "type": "User", "id": 5789807, "followers_url": "https://api.github.com/users/eka7a/followers"}, "milestone": null, "locked": false, "url": "https://api.github.com/repos/opencart/opencart/issues/4373", "created_at": "2016-05-15T17:24:11Z", "assignees": []}, "id": 661538402}, {"commit_id": null, "commit_url": null, "url": "https://api.github.com/repos/opencart/opencart/issues/events/661537362", "created_at": "2016-05-16T12:10:36Z", "actor": {"following_url": "https://api.github.com/users/eka7a/following{/other_user}", "events_url": "https://api.github.com/users/eka7a/events{/privacy}", "organizations_url": "https://api.github.com/users/eka7a/orgs", "url": "https://api.github.com/users/eka7a", "gists_url": "https://api.github.com/users/eka7a/gists{/gist_id}", "html_url": "https://github.com/eka7a", "subscriptions_url": "https://api.github.com/users/eka7a/subscriptions", "avatar_url": "https://avatars.githubusercontent.com/u/5789807?v=3", "repos_url": "https://api.github.com/users/eka7a/repos", "received_events_url": "https://api.github.com/users/eka7a/received_events", "gravatar_id": "", "starred_url": "https://api.github.com/users/eka7a/starred{/owner}{/repo}", "site_admin": false, "login": "eka7a", "type": "User", "id": 5789807, "followers_url": "https://api.github.com/users/eka7a/followers"}, "event": "head_ref_deleted", "issue": {"labels": [], "number": 4351, "assignee": null, "repository_url": "https://api.github.com/repos/opencart/opencart", "closed_at": "2016-05-10T08:41:29Z", "id": 153943617, "title": "Update login.php", "pull_request": {"url": "https://api.github.com/repos/opencart/opencart/pulls/4351", "diff_url": "https://github.com/opencart/opencart/pull/4351.diff", "html_url": "https://github.com/opencart/opencart/pull/4351", "patch_url": "https://github.com/opencart/opencart/pull/4351.patch"}, "comments": 0, "state": "closed", "body": "", "labels_url": "https://api.github.com/repos/opencart/opencart/issues/4351/labels{/name}", "events_url": "https://api.github.com/repos/opencart/opencart/issues/4351/events", "comments_url": "https://api.github.com/repos/opencart/opencart/issues/4351/comments", "html_url": "https://github.com/opencart/opencart/pull/4351", "updated_at": "2016-05-10T08:41:29Z", "user": {"following_url": "https://api.github.com/users/eka7a/following{/other_user}", "events_url": "https://api.github.com/users/eka7a/events{/privacy}", "organizations_url": "https://api.github.com/users/eka7a/orgs", "url": "https://api.github.com/users/eka7a", "gists_url": "https://api.github.com/users/eka7a/gists{/gist_id}", "html_url": "https://github.com/eka7a", "subscriptions_url": "https://api.github.com/users/eka7a/subscriptions", "avatar_url": "https://avatars.githubusercontent.com/u/5789807?v=3", "repos_url": "https://api.github.com/users/eka7a/repos", "received_events_url": "https://api.github.com/users/eka7a/received_events", "gravatar_id": "", "starred_url": "https://api.github.com/users/eka7a/starred{/owner}{/repo}", "site_admin": false, "login": "eka7a", "type": "User", "id": 5789807, "followers_url": "https://api.github.com/users/eka7a/followers"}, "milestone": null, "locked": false, "url": "https://api.github.com/repos/opencart/opencart/issues/4351", "created_at": "2016-05-10T07:48:07Z", "assignees": []}, "id": 661537362}, {"commit_id": null, "commit_url": null, "url": "https://api.github.com/repos/opencart/opencart/issues/events/661537170", "created_at": "2016-05-16T12:10:23Z", "actor": {"following_url": "https://api.github.com/users/eka7a/following{/other_user}", "events_url": "https://api.github.com/users/eka7a/events{/privacy}", "organizations_url": "https://api.github.com/users/eka7a/orgs", "url": "https://api.github.com/users/eka7a", "gists_url": "https://api.github.com/users/eka7a/gists{/gist_id}", "html_url": "https://github.com/eka7a", "subscriptions_url": "https://api.github.com/users/eka7a/subscriptions", "avatar_url": "https://avatars.githubusercontent.com/u/5789807?v=3", "repos_url": "https://api.github.com/users/eka7a/repos", "received_events_url": "https://api.github.com/users/eka7a/received_events", "gravatar_id": "", "starred_url": "https://api.github.com/users/eka7a/starred{/owner}{/repo}", "site_admin": false, "login": "eka7a", "type": "User", "id": 5789807, "followers_url": "https://api.github.com/users/eka7a/followers"}, "event": "head_ref_deleted", "issue": {"labels": [], "number": 4362, "assignee": null, "repository_url": "https://api.github.com/repos/opencart/opencart", "closed_at": "2016-05-13T06:05:28Z", "id": 154523887, "title": "Update extension.php", "pull_request": {"url": "https://api.github.com/repos/opencart/opencart/pulls/4362", "diff_url": "https://github.com/opencart/opencart/pull/4362.diff", "html_url": "https://github.com/opencart/opencart/pull/4362", "patch_url": "https://github.com/opencart/opencart/pull/4362.patch"}, "comments": 1, "state": "closed", "body": "", "labels_url": "https://api.github.com/repos/opencart/opencart/issues/4362/labels{/name}", "events_url": "https://api.github.com/repos/opencart/opencart/issues/4362/events", "comments_url": "https://api.github.com/repos/opencart/opencart/issues/4362/comments", "html_url": "https://github.com/opencart/opencart/pull/4362", "updated_at": "2016-05-13T06:05:28Z", "user": {"following_url": "https://api.github.com/users/eka7a/following{/other_user}", "events_url": "https://api.github.com/users/eka7a/events{/privacy}", "organizations_url": "https://api.github.com/users/eka7a/orgs", "url": "https://api.github.com/users/eka7a", "gists_url": "https://api.github.com/users/eka7a/gists{/gist_id}", "html_url": "https://github.com/eka7a", "subscriptions_url": "https://api.github.com/users/eka7a/subscriptions", "avatar_url": "https://avatars.githubusercontent.com/u/5789807?v=3", "repos_url": "https://api.github.com/users/eka7a/repos", "received_events_url": "https://api.github.com/users/eka7a/received_events", "gravatar_id": "", "starred_url": "https://api.github.com/users/eka7a/starred{/owner}{/repo}", "site_admin": false, "login": "eka7a", "type": "User", "id": 5789807, "followers_url": "https://api.github.com/users/eka7a/followers"}, "milestone": null, "locked": false, "url": "https://api.github.com/repos/opencart/opencart/issues/4362", "created_at": "2016-05-12T16:19:14Z", "assignees": []}, "id": 661537170}, {"commit_id": null, "commit_url": null, "url": "https://api.github.com/repos/opencart/opencart/issues/events/661271693", "created_at": "2016-05-16T06:26:14Z", "actor": {"following_url": "https://api.github.com/users/danielkerr/following{/other_user}", "events_url": "https://api.github.com/users/danielkerr/events{/privacy}", "organizations_url": "https://api.github.com/users/danielkerr/orgs", "url": "https://api.github.com/users/danielkerr", "gists_url": "https://api.github.com/users/danielkerr/gists{/gist_id}", "html_url": "https://github.com/danielkerr", "subscriptions_url": "https://api.github.com/users/danielkerr/subscriptions", "avatar_url": "https://avatars.githubusercontent.com/u/5079756?v=3", "repos_url": "https://api.github.com/users/danielkerr/repos", "received_events_url": "https://api.github.com/users/danielkerr/received_events", "gravatar_id": "", "starred_url": "https://api.github.com/users/danielkerr/starred{/owner}{/repo}", "site_admin": false, "login": "danielkerr", "type": "User", "id": 5079756, "followers_url": "https://api.github.com/users/danielkerr/followers"}, "event": "closed", "issue": {"labels": [], "number": 4373, "assignee": null, "repository_url": "https://api.github.com/repos/opencart/opencart", "closed_at": "2016-05-16T06:26:14Z", "id": 154919519, "title": "Update order.php", "pull_request": {"url": "https://api.github.com/repos/opencart/opencart/pulls/4373", "diff_url": "https://github.com/opencart/opencart/pull/4373.diff", "html_url": "https://github.com/opencart/opencart/pull/4373", "patch_url": "https://github.com/opencart/opencart/pull/4373.patch"}, "comments": 0, "state": "closed", "body": "Check user group access permission to payment tabs\n", "labels_url": "https://api.github.com/repos/opencart/opencart/issues/4373/labels{/name}", "events_url": "https://api.github.com/repos/opencart/opencart/issues/4373/events", "comments_url": "https://api.github.com/repos/opencart/opencart/issues/4373/comments", "html_url": "https://github.com/opencart/opencart/pull/4373", "updated_at": "2016-05-16T06:26:14Z", "user": {"following_url": "https://api.github.com/users/eka7a/following{/other_user}", "events_url": "https://api.github.com/users/eka7a/events{/privacy}", "organizations_url": "https://api.github.com/users/eka7a/orgs", "url": "https://api.github.com/users/eka7a", "gists_url": "https://api.github.com/users/eka7a/gists{/gist_id}", "html_url": "https://github.com/eka7a", "subscriptions_url": "https://api.github.com/users/eka7a/subscriptions", "avatar_url": "https://avatars.githubusercontent.com/u/5789807?v=3", "repos_url": "https://api.github.com/users/eka7a/repos", "received_events_url": "https://api.github.com/users/eka7a/received_events", "gravatar_id": "", "starred_url": "https://api.github.com/users/eka7a/starred{/owner}{/repo}", "site_admin": false, "login": "eka7a", "type": "User", "id": 5789807, "followers_url": "https://api.github.com/users/eka7a/followers"}, "milestone": null, "locked": false, "url": "https://api.github.com/repos/opencart/opencart/issues/4373", "created_at": "2016-05-15T17:24:11Z", "assignees": []}, "id": 661271693}, {"commit_id": "ddb346a9fd2eb187fa28003d9813ceeeaa394701", "commit_url": "https://api.github.com/repos/opencart/opencart/commits/ddb346a9fd2eb187fa28003d9813ceeeaa394701", "url": "https://api.github.com/repos/opencart/opencart/issues/events/661271692", "created_at": "2016-05-16T06:26:14Z", "actor": {"following_url": "https://api.github.com/users/danielkerr/following{/other_user}", "events_url": "https://api.github.com/users/danielkerr/events{/privacy}", "organizations_url": "https://api.github.com/users/danielkerr/orgs", "url": "https://api.github.com/users/danielkerr", "gists_url": "https://api.github.com/users/danielkerr/gists{/gist_id}", "html_url": "https://github.com/danielkerr", "subscriptions_url": "https://api.github.com/users/danielkerr/subscriptions", "avatar_url": "https://avatars.githubusercontent.com/u/5079756?v=3", "repos_url": "https://api.github.com/users/danielkerr/repos", "received_events_url": "https://api.github.com/users/danielkerr/received_events", "gravatar_id": "", "starred_url": "https://api.github.com/users/danielkerr/starred{/owner}{/repo}", "site_admin": false, "login": "danielkerr", "type": "User", "id": 5079756, "followers_url": "https://api.github.com/users/danielkerr/followers"}, "event": "merged", "issue": {"labels": [], "number": 4373, "assignee": null, "repository_url": "https://api.github.com/repos/opencart/opencart", "closed_at": "2016-05-16T06:26:14Z", "id": 154919519, "title": "Update order.php", "pull_request": {"url": "https://api.github.com/repos/opencart/opencart/pulls/4373", "diff_url": "https://github.com/opencart/opencart/pull/4373.diff", "html_url": "https://github.com/opencart/opencart/pull/4373", "patch_url": "https://github.com/opencart/opencart/pull/4373.patch"}, "comments": 0, "state": "closed", "body": "Check user group access permission to payment tabs\n", "labels_url": "https://api.github.com/repos/opencart/opencart/issues/4373/labels{/name}", "events_url": "https://api.github.com/repos/opencart/opencart/issues/4373/events", "comments_url": "https://api.github.com/repos/opencart/opencart/issues/4373/comments", "html_url": "https://github.com/opencart/opencart/pull/4373", "updated_at": "2016-05-16T06:26:14Z", "user": {"following_url": "https://api.github.com/users/eka7a/following{/other_user}", "events_url": "https://api.github.com/users/eka7a/events{/privacy}", "organizations_url": "https://api.github.com/users/eka7a/orgs", "url": "https://api.github.com/users/eka7a", "gists_url": "https://api.github.com/users/eka7a/gists{/gist_id}", "html_url": "https://github.com/eka7a", "subscriptions_url": "https://api.github.com/users/eka7a/subscriptions", "avatar_url": "https://avatars.githubusercontent.com/u/5789807?v=3", "repos_url": "https://api.github.com/users/eka7a/repos", "received_events_url": "https://api.github.com/users/eka7a/received_events", "gravatar_id": "", "starred_url": "https://api.github.com/users/eka7a/starred{/owner}{/repo}", "site_admin": false, "login": "eka7a", "type": "User", "id": 5789807, "followers_url": "https://api.github.com/users/eka7a/followers"}, "milestone": null, "locked": false, "url": "https://api.github.com/repos/opencart/opencart/issues/4373", "created_at": "2016-05-15T17:24:11Z", "assignees": []}, "id": 661271692}, {"commit_id": "ddb346a9fd2eb187fa28003d9813ceeeaa394701", "commit_url": "https://api.github.com/repos/opencart/opencart/commits/ddb346a9fd2eb187fa28003d9813ceeeaa394701", "url": "https://api.github.com/repos/opencart/opencart/issues/events/661271691", "created_at": "2016-05-16T06:26:14Z", "actor": {"following_url": "https://api.github.com/users/danielkerr/following{/other_user}", "events_url": "https://api.github.com/users/danielkerr/events{/privacy}", "organizations_url": "https://api.github.com/users/danielkerr/orgs", "url": "https://api.github.com/users/danielkerr", "gists_url": "https://api.github.com/users/danielkerr/gists{/gist_id}", "html_url": "https://github.com/danielkerr", "subscriptions_url": "https://api.github.com/users/danielkerr/subscriptions", "avatar_url": "https://avatars.githubusercontent.com/u/5079756?v=3", "repos_url": "https://api.github.com/users/danielkerr/repos", "received_events_url": "https://api.github.com/users/danielkerr/received_events", "gravatar_id": "", "starred_url": "https://api.github.com/users/danielkerr/starred{/owner}{/repo}", "site_admin": false, "login": "danielkerr", "type": "User", "id": 5079756, "followers_url": "https://api.github.com/users/danielkerr/followers"}, "event": "referenced", "issue": {"labels": [], "number": 4373, "assignee": null, "repository_url": "https://api.github.com/repos/opencart/opencart", "closed_at": "2016-05-16T06:26:14Z", "id": 154919519, "title": "Update order.php", "pull_request": {"url": "https://api.github.com/repos/opencart/opencart/pulls/4373", "diff_url": "https://github.com/opencart/opencart/pull/4373.diff", "html_url": "https://github.com/opencart/opencart/pull/4373", "patch_url": "https://github.com/opencart/opencart/pull/4373.patch"}, "comments": 0, "state": "closed", "body": "Check user group access permission to payment tabs\n", "labels_url": "https://api.github.com/repos/opencart/opencart/issues/4373/labels{/name}", "events_url": "https://api.github.com/repos/opencart/opencart/issues/4373/events", "comments_url": "https://api.github.com/repos/opencart/opencart/issues/4373/comments", "html_url": "https://github.com/opencart/opencart/pull/4373", "updated_at": "2016-05-16T06:26:14Z", "user": {"following_url": "https://api.github.com/users/eka7a/following{/other_user}", "events_url": "https://api.github.com/users/eka7a/events{/privacy}", "organizations_url": "https://api.github.com/users/eka7a/orgs", "url": "https://api.github.com/users/eka7a", "gists_url": "https://api.github.com/users/eka7a/gists{/gist_id}", "html_url": "https://github.com/eka7a", "subscriptions_url": "https://api.github.com/users/eka7a/subscriptions", "avatar_url": "https://avatars.githubusercontent.com/u/5789807?v=3", "repos_url": "https://api.github.com/users/eka7a/repos", "received_events_url": "https://api.github.com/users/eka7a/received_events", "gravatar_id": "", "starred_url": "https://api.github.com/users/eka7a/starred{/owner}{/repo}", "site_admin": false, "login": "eka7a", "type": "User", "id": 5789807, "followers_url": "https://api.github.com/users/eka7a/followers"}, "milestone": null, "locked": false, "url": "https://api.github.com/repos/opencart/opencart/issues/4373", "created_at": "2016-05-15T17:24:11Z", "assignees": []}, "id": 661271691}, {"commit_id": null, "commit_url": null, "url": "https://api.github.com/repos/opencart/opencart/issues/events/661194329", "created_at": "2016-05-16T03:34:32Z", "actor": {"following_url": "https://api.github.com/users/pine3ree/following{/other_user}", "events_url": "https://api.github.com/users/pine3ree/events{/privacy}", "organizations_url": "https://api.github.com/users/pine3ree/orgs", "url": "https://api.github.com/users/pine3ree", "gists_url": "https://api.github.com/users/pine3ree/gists{/gist_id}", "html_url": "https://github.com/pine3ree", "subscriptions_url": "https://api.github.com/users/pine3ree/subscriptions", "avatar_url": "https://avatars.githubusercontent.com/u/3229979?v=3", "repos_url": "https://api.github.com/users/pine3ree/repos", "received_events_url": "https://api.github.com/users/pine3ree/received_events", "gravatar_id": "", "starred_url": "https://api.github.com/users/pine3ree/starred{/owner}{/repo}", "site_admin": false, "login": "pine3ree", "type": "User", "id": 3229979, "followers_url": "https://api.github.com/users/pine3ree/followers"}, "event": "subscribed", "issue": {"body": "Hello!\n\nAs checked here: http://stackoverflow.com/questions/28979726/modification-requires-a-unique-id-code-opencart-ocmod - the wiki examples are missing the `<code>` tag. Please update it to avoid confusion.\n\nThank you. :+1: \n", "labels": [], "locked": false, "title": "Update wiki Modification System", "url": "https://api.github.com/repos/opencart/opencart/issues/4099", "labels_url": "https://api.github.com/repos/opencart/opencart/issues/4099/labels{/name}", "created_at": "2016-03-11T19:35:36Z", "events_url": "https://api.github.com/repos/opencart/opencart/issues/4099/events", "comments_url": "https://api.github.com/repos/opencart/opencart/issues/4099/comments", "html_url": "https://github.com/opencart/opencart/issues/4099", "comments": 5, "number": 4099, "updated_at": "2016-07-04T18:41:16Z", "assignee": null, "state": "closed", "user": {"following_url": "https://api.github.com/users/giovannipds/following{/other_user}", "events_url": "https://api.github.com/users/giovannipds/events{/privacy}", "organizations_url": "https://api.github.com/users/giovannipds/orgs", "url": "https://api.github.com/users/giovannipds", "gists_url": "https://api.github.com/users/giovannipds/gists{/gist_id}", "html_url": "https://github.com/giovannipds", "subscriptions_url": "https://api.github.com/users/giovannipds/subscriptions", "avatar_url": "https://avatars.githubusercontent.com/u/1820017?v=3", "repos_url": "https://api.github.com/users/giovannipds/repos", "received_events_url": "https://api.github.com/users/giovannipds/received_events", "gravatar_id": "", "starred_url": "https://api.github.com/users/giovannipds/starred{/owner}{/repo}", "site_admin": false, "login": "giovannipds", "type": "User", "id": 1820017, "followers_url": "https://api.github.com/users/giovannipds/followers"}, "milestone": null, "repository_url": "https://api.github.com/repos/opencart/opencart", "closed_at": "2016-03-13T08:26:20Z", "assignees": [], "id": 140272002}, "id": 661194329}, {"commit_id": null, "commit_url": null, "url": "https://api.github.com/repos/opencart/opencart/issues/events/661194328", "created_at": "2016-05-16T03:34:32Z", "actor": {"following_url": "https://api.github.com/users/pine3ree/following{/other_user}", "events_url": "https://api.github.com/users/pine3ree/events{/privacy}", "organizations_url": "https://api.github.com/users/pine3ree/orgs", "url": "https://api.github.com/users/pine3ree", "gists_url": "https://api.github.com/users/pine3ree/gists{/gist_id}", "html_url": "https://github.com/pine3ree", "subscriptions_url": "https://api.github.com/users/pine3ree/subscriptions", "avatar_url": "https://avatars.githubusercontent.com/u/3229979?v=3", "repos_url": "https://api.github.com/users/pine3ree/repos", "received_events_url": "https://api.github.com/users/pine3ree/received_events", "gravatar_id": "", "starred_url": "https://api.github.com/users/pine3ree/starred{/owner}{/repo}", "site_admin": false, "login": "pine3ree", "type": "User", "id": 3229979, "followers_url": "https://api.github.com/users/pine3ree/followers"}, "event": "mentioned", "issue": {"body": "Hello!\n\nAs checked here: http://stackoverflow.com/questions/28979726/modification-requires-a-unique-id-code-opencart-ocmod - the wiki examples are missing the `<code>` tag. Please update it to avoid confusion.\n\nThank you. :+1: \n", "labels": [], "locked": false, "title": "Update wiki Modification System", "url": "https://api.github.com/repos/opencart/opencart/issues/4099", "labels_url": "https://api.github.com/repos/opencart/opencart/issues/4099/labels{/name}", "created_at": "2016-03-11T19:35:36Z", "events_url": "https://api.github.com/repos/opencart/opencart/issues/4099/events", "comments_url": "https://api.github.com/repos/opencart/opencart/issues/4099/comments", "html_url": "https://github.com/opencart/opencart/issues/4099", "comments": 5, "number": 4099, "updated_at": "2016-07-04T18:41:16Z", "assignee": null, "state": "closed", "user": {"following_url": "https://api.github.com/users/giovannipds/following{/other_user}", "events_url": "https://api.github.com/users/giovannipds/events{/privacy}", "organizations_url": "https://api.github.com/users/giovannipds/orgs", "url": "https://api.github.com/users/giovannipds", "gists_url": "https://api.github.com/users/giovannipds/gists{/gist_id}", "html_url": "https://github.com/giovannipds", "subscriptions_url": "https://api.github.com/users/giovannipds/subscriptions", "avatar_url": "https://avatars.githubusercontent.com/u/1820017?v=3", "repos_url": "https://api.github.com/users/giovannipds/repos", "received_events_url": "https://api.github.com/users/giovannipds/received_events", "gravatar_id": "", "starred_url": "https://api.github.com/users/giovannipds/starred{/owner}{/repo}", "site_admin": false, "login": "giovannipds", "type": "User", "id": 1820017, "followers_url": "https://api.github.com/users/giovannipds/followers"}, "milestone": null, "repository_url": "https://api.github.com/repos/opencart/opencart", "closed_at": "2016-03-13T08:26:20Z", "assignees": [], "id": 140272002}, "id": 661194328}, {"commit_id": null, "commit_url": null, "url": "https://api.github.com/repos/opencart/opencart/issues/events/661194327", "created_at": "2016-05-16T03:34:32Z", "actor": {"following_url": "https://api.github.com/users/eka7a/following{/other_user}", "events_url": "https://api.github.com/users/eka7a/events{/privacy}", "organizations_url": "https://api.github.com/users/eka7a/orgs", "url": "https://api.github.com/users/eka7a", "gists_url": "https://api.github.com/users/eka7a/gists{/gist_id}", "html_url": "https://github.com/eka7a", "subscriptions_url": "https://api.github.com/users/eka7a/subscriptions", "avatar_url": "https://avatars.githubusercontent.com/u/5789807?v=3", "repos_url": "https://api.github.com/users/eka7a/repos", "received_events_url": "https://api.github.com/users/eka7a/received_events", "gravatar_id": "", "starred_url": "https://api.github.com/users/eka7a/starred{/owner}{/repo}", "site_admin": false, "login": "eka7a", "type": "User", "id": 5789807, "followers_url": "https://api.github.com/users/eka7a/followers"}, "event": "subscribed", "issue": {"body": "Hello!\n\nAs checked here: http://stackoverflow.com/questions/28979726/modification-requires-a-unique-id-code-opencart-ocmod - the wiki examples are missing the `<code>` tag. Please update it to avoid confusion.\n\nThank you. :+1: \n", "labels": [], "locked": false, "title": "Update wiki Modification System", "url": "https://api.github.com/repos/opencart/opencart/issues/4099", "labels_url": "https://api.github.com/repos/opencart/opencart/issues/4099/labels{/name}", "created_at": "2016-03-11T19:35:36Z", "events_url": "https://api.github.com/repos/opencart/opencart/issues/4099/events", "comments_url": "https://api.github.com/repos/opencart/opencart/issues/4099/comments", "html_url": "https://github.com/opencart/opencart/issues/4099", "comments": 5, "number": 4099, "updated_at": "2016-07-04T18:41:16Z", "assignee": null, "state": "closed", "user": {"following_url": "https://api.github.com/users/giovannipds/following{/other_user}", "events_url": "https://api.github.com/users/giovannipds/events{/privacy}", "organizations_url": "https://api.github.com/users/giovannipds/orgs", "url": "https://api.github.com/users/giovannipds", "gists_url": "https://api.github.com/users/giovannipds/gists{/gist_id}", "html_url": "https://github.com/giovannipds", "subscriptions_url": "https://api.github.com/users/giovannipds/subscriptions", "avatar_url": "https://avatars.githubusercontent.com/u/1820017?v=3", "repos_url": "https://api.github.com/users/giovannipds/repos", "received_events_url": "https://api.github.com/users/giovannipds/received_events", "gravatar_id": "", "starred_url": "https://api.github.com/users/giovannipds/starred{/owner}{/repo}", "site_admin": false, "login": "giovannipds", "type": "User", "id": 1820017, "followers_url": "https://api.github.com/users/giovannipds/followers"}, "milestone": null, "repository_url": "https://api.github.com/repos/opencart/opencart", "closed_at": "2016-03-13T08:26:20Z", "assignees": [], "id": 140272002}, "id": 661194327}, {"commit_id": null, "commit_url": null, "url": "https://api.github.com/repos/opencart/opencart/issues/events/661194326", "created_at": "2016-05-16T03:34:32Z", "actor": {"following_url": "https://api.github.com/users/eka7a/following{/other_user}", "events_url": "https://api.github.com/users/eka7a/events{/privacy}", "organizations_url": "https://api.github.com/users/eka7a/orgs", "url": "https://api.github.com/users/eka7a", "gists_url": "https://api.github.com/users/eka7a/gists{/gist_id}", "html_url": "https://github.com/eka7a", "subscriptions_url": "https://api.github.com/users/eka7a/subscriptions", "avatar_url": "https://avatars.githubusercontent.com/u/5789807?v=3", "repos_url": "https://api.github.com/users/eka7a/repos", "received_events_url": "https://api.github.com/users/eka7a/received_events", "gravatar_id": "", "starred_url": "https://api.github.com/users/eka7a/starred{/owner}{/repo}", "site_admin": false, "login": "eka7a", "type": "User", "id": 5789807, "followers_url": "https://api.github.com/users/eka7a/followers"}, "event": "mentioned", "issue": {"body": "Hello!\n\nAs checked here: http://stackoverflow.com/questions/28979726/modification-requires-a-unique-id-code-opencart-ocmod - the wiki examples are missing the `<code>` tag. Please update it to avoid confusion.\n\nThank you. :+1: \n", "labels": [], "locked": false, "title": "Update wiki Modification System", "url": "https://api.github.com/repos/opencart/opencart/issues/4099", "labels_url": "https://api.github.com/repos/opencart/opencart/issues/4099/labels{/name}", "created_at": "2016-03-11T19:35:36Z", "events_url": "https://api.github.com/repos/opencart/opencart/issues/4099/events", "comments_url": "https://api.github.com/repos/opencart/opencart/issues/4099/comments", "html_url": "https://github.com/opencart/opencart/issues/4099", "comments": 5, "number": 4099, "updated_at": "2016-07-04T18:41:16Z", "assignee": null, "state": "closed", "user": {"following_url": "https://api.github.com/users/giovannipds/following{/other_user}", "events_url": "https://api.github.com/users/giovannipds/events{/privacy}", "organizations_url": "https://api.github.com/users/giovannipds/orgs", "url": "https://api.github.com/users/giovannipds", "gists_url": "https://api.github.com/users/giovannipds/gists{/gist_id}", "html_url": "https://github.com/giovannipds", "subscriptions_url": "https://api.github.com/users/giovannipds/subscriptions", "avatar_url": "https://avatars.githubusercontent.com/u/1820017?v=3", "repos_url": "https://api.github.com/users/giovannipds/repos", "received_events_url": "https://api.github.com/users/giovannipds/received_events", "gravatar_id": "", "starred_url": "https://api.github.com/users/giovannipds/starred{/owner}{/repo}", "site_admin": false, "login": "giovannipds", "type": "User", "id": 1820017, "followers_url": "https://api.github.com/users/giovannipds/followers"}, "milestone": null, "repository_url": "https://api.github.com/repos/opencart/opencart", "closed_at": "2016-03-13T08:26:20Z", "assignees": [], "id": 140272002}, "id": 661194326}, {"commit_id": null, "commit_url": null, "url": "https://api.github.com/repos/opencart/opencart/issues/events/661194325", "created_at": "2016-05-16T03:34:32Z", "actor": {"following_url": "https://api.github.com/users/jamesallsup/following{/other_user}", "events_url": "https://api.github.com/users/jamesallsup/events{/privacy}", "organizations_url": "https://api.github.com/users/jamesallsup/orgs", "url": "https://api.github.com/users/jamesallsup", "gists_url": "https://api.github.com/users/jamesallsup/gists{/gist_id}", "html_url": "https://github.com/jamesallsup", "subscriptions_url": "https://api.github.com/users/jamesallsup/subscriptions", "avatar_url": "https://avatars.githubusercontent.com/u/2026129?v=3", "repos_url": "https://api.github.com/users/jamesallsup/repos", "received_events_url": "https://api.github.com/users/jamesallsup/received_events", "gravatar_id": "", "starred_url": "https://api.github.com/users/jamesallsup/starred{/owner}{/repo}", "site_admin": false, "login": "jamesallsup", "type": "User", "id": 2026129, "followers_url": "https://api.github.com/users/jamesallsup/followers"}, "event": "subscribed", "issue": {"body": "Hello!\n\nAs checked here: http://stackoverflow.com/questions/28979726/modification-requires-a-unique-id-code-opencart-ocmod - the wiki examples are missing the `<code>` tag. Please update it to avoid confusion.\n\nThank you. :+1: \n", "labels": [], "locked": false, "title": "Update wiki Modification System", "url": "https://api.github.com/repos/opencart/opencart/issues/4099", "labels_url": "https://api.github.com/repos/opencart/opencart/issues/4099/labels{/name}", "created_at": "2016-03-11T19:35:36Z", "events_url": "https://api.github.com/repos/opencart/opencart/issues/4099/events", "comments_url": "https://api.github.com/repos/opencart/opencart/issues/4099/comments", "html_url": "https://github.com/opencart/opencart/issues/4099", "comments": 5, "number": 4099, "updated_at": "2016-07-04T18:41:16Z", "assignee": null, "state": "closed", "user": {"following_url": "https://api.github.com/users/giovannipds/following{/other_user}", "events_url": "https://api.github.com/users/giovannipds/events{/privacy}", "organizations_url": "https://api.github.com/users/giovannipds/orgs", "url": "https://api.github.com/users/giovannipds", "gists_url": "https://api.github.com/users/giovannipds/gists{/gist_id}", "html_url": "https://github.com/giovannipds", "subscriptions_url": "https://api.github.com/users/giovannipds/subscriptions", "avatar_url": "https://avatars.githubusercontent.com/u/1820017?v=3", "repos_url": "https://api.github.com/users/giovannipds/repos", "received_events_url": "https://api.github.com/users/giovannipds/received_events", "gravatar_id": "", "starred_url": "https://api.github.com/users/giovannipds/starred{/owner}{/repo}", "site_admin": false, "login": "giovannipds", "type": "User", "id": 1820017, "followers_url": "https://api.github.com/users/giovannipds/followers"}, "milestone": null, "repository_url": "https://api.github.com/repos/opencart/opencart", "closed_at": "2016-03-13T08:26:20Z", "assignees": [], "id": 140272002}, "id": 661194325}, {"commit_id": null, "commit_url": null, "url": "https://api.github.com/repos/opencart/opencart/issues/events/661194324", "created_at": "2016-05-16T03:34:32Z", "actor": {"following_url": "https://api.github.com/users/jamesallsup/following{/other_user}", "events_url": "https://api.github.com/users/jamesallsup/events{/privacy}", "organizations_url": "https://api.github.com/users/jamesallsup/orgs", "url": "https://api.github.com/users/jamesallsup", "gists_url": "https://api.github.com/users/jamesallsup/gists{/gist_id}", "html_url": "https://github.com/jamesallsup", "subscriptions_url": "https://api.github.com/users/jamesallsup/subscriptions", "avatar_url": "https://avatars.githubusercontent.com/u/2026129?v=3", "repos_url": "https://api.github.com/users/jamesallsup/repos", "received_events_url": "https://api.github.com/users/jamesallsup/received_events", "gravatar_id": "", "starred_url": "https://api.github.com/users/jamesallsup/starred{/owner}{/repo}", "site_admin": false, "login": "jamesallsup", "type": "User", "id": 2026129, "followers_url": "https://api.github.com/users/jamesallsup/followers"}, "event": "mentioned", "issue": {"body": "Hello!\n\nAs checked here: http://stackoverflow.com/questions/28979726/modification-requires-a-unique-id-code-opencart-ocmod - the wiki examples are missing the `<code>` tag. Please update it to avoid confusion.\n\nThank you. :+1: \n", "labels": [], "locked": false, "title": "Update wiki Modification System", "url": "https://api.github.com/repos/opencart/opencart/issues/4099", "labels_url": "https://api.github.com/repos/opencart/opencart/issues/4099/labels{/name}", "created_at": "2016-03-11T19:35:36Z", "events_url": "https://api.github.com/repos/opencart/opencart/issues/4099/events", "comments_url": "https://api.github.com/repos/opencart/opencart/issues/4099/comments", "html_url": "https://github.com/opencart/opencart/issues/4099", "comments": 5, "number": 4099, "updated_at": "2016-07-04T18:41:16Z", "assignee": null, "state": "closed", "user": {"following_url": "https://api.github.com/users/giovannipds/following{/other_user}", "events_url": "https://api.github.com/users/giovannipds/events{/privacy}", "organizations_url": "https://api.github.com/users/giovannipds/orgs", "url": "https://api.github.com/users/giovannipds", "gists_url": "https://api.github.com/users/giovannipds/gists{/gist_id}", "html_url": "https://github.com/giovannipds", "subscriptions_url": "https://api.github.com/users/giovannipds/subscriptions", "avatar_url": "https://avatars.githubusercontent.com/u/1820017?v=3", "repos_url": "https://api.github.com/users/giovannipds/repos", "received_events_url": "https://api.github.com/users/giovannipds/received_events", "gravatar_id": "", "starred_url": "https://api.github.com/users/giovannipds/starred{/owner}{/repo}", "site_admin": false, "login": "giovannipds", "type": "User", "id": 1820017, "followers_url": "https://api.github.com/users/giovannipds/followers"}, "milestone": null, "repository_url": "https://api.github.com/repos/opencart/opencart", "closed_at": "2016-03-13T08:26:20Z", "assignees": [], "id": 140272002}, "id": 661194324}, {"commit_id": null, "commit_url": null, "url": "https://api.github.com/repos/opencart/opencart/issues/events/661193489", "created_at": "2016-05-16T03:32:42Z", "actor": {"following_url": "https://api.github.com/users/danielkerr/following{/other_user}", "events_url": "https://api.github.com/users/danielkerr/events{/privacy}", "organizations_url": "https://api.github.com/users/danielkerr/orgs", "url": "https://api.github.com/users/danielkerr", "gists_url": "https://api.github.com/users/danielkerr/gists{/gist_id}", "html_url": "https://github.com/danielkerr", "subscriptions_url": "https://api.github.com/users/danielkerr/subscriptions", "avatar_url": "https://avatars.githubusercontent.com/u/5079756?v=3", "repos_url": "https://api.github.com/users/danielkerr/repos", "received_events_url": "https://api.github.com/users/danielkerr/received_events", "gravatar_id": "", "starred_url": "https://api.github.com/users/danielkerr/starred{/owner}{/repo}", "site_admin": false, "login": "danielkerr", "type": "User", "id": 5079756, "followers_url": "https://api.github.com/users/danielkerr/followers"}, "event": "subscribed", "issue": {"body": "Hello!\n\nAs checked here: http://stackoverflow.com/questions/28979726/modification-requires-a-unique-id-code-opencart-ocmod - the wiki examples are missing the `<code>` tag. Please update it to avoid confusion.\n\nThank you. :+1: \n", "labels": [], "locked": false, "title": "Update wiki Modification System", "url": "https://api.github.com/repos/opencart/opencart/issues/4099", "labels_url": "https://api.github.com/repos/opencart/opencart/issues/4099/labels{/name}", "created_at": "2016-03-11T19:35:36Z", "events_url": "https://api.github.com/repos/opencart/opencart/issues/4099/events", "comments_url": "https://api.github.com/repos/opencart/opencart/issues/4099/comments", "html_url": "https://github.com/opencart/opencart/issues/4099", "comments": 5, "number": 4099, "updated_at": "2016-07-04T18:41:16Z", "assignee": null, "state": "closed", "user": {"following_url": "https://api.github.com/users/giovannipds/following{/other_user}", "events_url": "https://api.github.com/users/giovannipds/events{/privacy}", "organizations_url": "https://api.github.com/users/giovannipds/orgs", "url": "https://api.github.com/users/giovannipds", "gists_url": "https://api.github.com/users/giovannipds/gists{/gist_id}", "html_url": "https://github.com/giovannipds", "subscriptions_url": "https://api.github.com/users/giovannipds/subscriptions", "avatar_url": "https://avatars.githubusercontent.com/u/1820017?v=3", "repos_url": "https://api.github.com/users/giovannipds/repos", "received_events_url": "https://api.github.com/users/giovannipds/received_events", "gravatar_id": "", "starred_url": "https://api.github.com/users/giovannipds/starred{/owner}{/repo}", "site_admin": false, "login": "giovannipds", "type": "User", "id": 1820017, "followers_url": "https://api.github.com/users/giovannipds/followers"}, "milestone": null, "repository_url": "https://api.github.com/repos/opencart/opencart", "closed_at": "2016-03-13T08:26:20Z", "assignees": [], "id": 140272002}, "id": 661193489}, {"commit_id": null, "commit_url": null, "url": "https://api.github.com/repos/opencart/opencart/issues/events/661193488", "created_at": "2016-05-16T03:32:42Z", "actor": {"following_url": "https://api.github.com/users/danielkerr/following{/other_user}", "events_url": "https://api.github.com/users/danielkerr/events{/privacy}", "organizations_url": "https://api.github.com/users/danielkerr/orgs", "url": "https://api.github.com/users/danielkerr", "gists_url": "https://api.github.com/users/danielkerr/gists{/gist_id}", "html_url": "https://github.com/danielkerr", "subscriptions_url": "https://api.github.com/users/danielkerr/subscriptions", "avatar_url": "https://avatars.githubusercontent.com/u/5079756?v=3", "repos_url": "https://api.github.com/users/danielkerr/repos", "received_events_url": "https://api.github.com/users/danielkerr/received_events", "gravatar_id": "", "starred_url": "https://api.github.com/users/danielkerr/starred{/owner}{/repo}", "site_admin": false, "login": "danielkerr", "type": "User", "id": 5079756, "followers_url": "https://api.github.com/users/danielkerr/followers"}, "event": "mentioned", "issue": {"body": "Hello!\n\nAs checked here: http://stackoverflow.com/questions/28979726/modification-requires-a-unique-id-code-opencart-ocmod - the wiki examples are missing the `<code>` tag. Please update it to avoid confusion.\n\nThank you. :+1: \n", "labels": [], "locked": false, "title": "Update wiki Modification System", "url": "https://api.github.com/repos/opencart/opencart/issues/4099", "labels_url": "https://api.github.com/repos/opencart/opencart/issues/4099/labels{/name}", "created_at": "2016-03-11T19:35:36Z", "events_url": "https://api.github.com/repos/opencart/opencart/issues/4099/events", "comments_url": "https://api.github.com/repos/opencart/opencart/issues/4099/comments", "html_url": "https://github.com/opencart/opencart/issues/4099", "comments": 5, "number": 4099, "updated_at": "2016-07-04T18:41:16Z", "assignee": null, "state": "closed", "user": {"following_url": "https://api.github.com/users/giovannipds/following{/other_user}", "events_url": "https://api.github.com/users/giovannipds/events{/privacy}", "organizations_url": "https://api.github.com/users/giovannipds/orgs", "url": "https://api.github.com/users/giovannipds", "gists_url": "https://api.github.com/users/giovannipds/gists{/gist_id}", "html_url": "https://github.com/giovannipds", "subscriptions_url": "https://api.github.com/users/giovannipds/subscriptions", "avatar_url": "https://avatars.githubusercontent.com/u/1820017?v=3", "repos_url": "https://api.github.com/users/giovannipds/repos", "received_events_url": "https://api.github.com/users/giovannipds/received_events", "gravatar_id": "", "starred_url": "https://api.github.com/users/giovannipds/starred{/owner}{/repo}", "site_admin": false, "login": "giovannipds", "type": "User", "id": 1820017, "followers_url": "https://api.github.com/users/giovannipds/followers"}, "milestone": null, "repository_url": "https://api.github.com/repos/opencart/opencart", "closed_at": "2016-03-13T08:26:20Z", "assignees": [], "id": 140272002}, "id": 661193488}, {"commit_id": null, "rename": {"to": "Can't use admin passwords with some special symbols like \"&\"", "from": "Can't use passwords with some special symbols"}, "commit_url": null, "url": "https://api.github.com/repos/opencart/opencart/issues/events/660969098", "created_at": "2016-05-15T13:35:48Z", "actor": {"following_url": "https://api.github.com/users/lz1nud/following{/other_user}", "events_url": "https://api.github.com/users/lz1nud/events{/privacy}", "organizations_url": "https://api.github.com/users/lz1nud/orgs", "url": "https://api.github.com/users/lz1nud", "gists_url": "https://api.github.com/users/lz1nud/gists{/gist_id}", "html_url": "https://github.com/lz1nud", "subscriptions_url": "https://api.github.com/users/lz1nud/subscriptions", "avatar_url": "https://avatars.githubusercontent.com/u/10178657?v=3", "repos_url": "https://api.github.com/users/lz1nud/repos", "received_events_url": "https://api.github.com/users/lz1nud/received_events", "gravatar_id": "", "starred_url": "https://api.github.com/users/lz1nud/starred{/owner}{/repo}", "site_admin": false, "login": "lz1nud", "type": "User", "id": 10178657, "followers_url": "https://api.github.com/users/lz1nud/followers"}, "event": "renamed", "issue": {"body": "Fresh install of OC 2.x - when using password like \"abc&abc\" , after install opencart doesn't recognize the password. Shows - No match for Username and/or Password (works with \"!\", doesn't work with \"&\", only tested those two) on old 1.5 everything works fine.\n", "labels": [], "locked": false, "title": "Can't use admin passwords with some special symbols like \"&\"", "url": "https://api.github.com/repos/opencart/opencart/issues/4363", "labels_url": "https://api.github.com/repos/opencart/opencart/issues/4363/labels{/name}", "created_at": "2016-05-12T19:50:49Z", "events_url": "https://api.github.com/repos/opencart/opencart/issues/4363/events", "comments_url": "https://api.github.com/repos/opencart/opencart/issues/4363/comments", "html_url": "https://github.com/opencart/opencart/issues/4363", "comments": 0, "number": 4363, "updated_at": "2016-05-20T05:51:46Z", "assignee": null, "state": "closed", "user": {"following_url": "https://api.github.com/users/lz1nud/following{/other_user}", "events_url": "https://api.github.com/users/lz1nud/events{/privacy}", "organizations_url": "https://api.github.com/users/lz1nud/orgs", "url": "https://api.github.com/users/lz1nud", "gists_url": "https://api.github.com/users/lz1nud/gists{/gist_id}", "html_url": "https://github.com/lz1nud", "subscriptions_url": "https://api.github.com/users/lz1nud/subscriptions", "avatar_url": "https://avatars.githubusercontent.com/u/10178657?v=3", "repos_url": "https://api.github.com/users/lz1nud/repos", "received_events_url": "https://api.github.com/users/lz1nud/received_events", "gravatar_id": "", "starred_url": "https://api.github.com/users/lz1nud/starred{/owner}{/repo}", "site_admin": false, "login": "lz1nud", "type": "User", "id": 10178657, "followers_url": "https://api.github.com/users/lz1nud/followers"}, "milestone": null, "repository_url": "https://api.github.com/repos/opencart/opencart", "closed_at": "2016-05-20T05:51:46Z", "assignees": [], "id": 154566217}, "id": 660969098}, {"commit_id": null, "rename": {"to": "Fixes Create new order from admin panel always show the last created order products list #4286", "from": "Fixes #4286"}, "commit_url": null, "url": "https://api.github.com/repos/opencart/opencart/issues/events/660965863", "created_at": "2016-05-15T13:18:54Z", "actor": {"following_url": "https://api.github.com/users/thephpx/following{/other_user}", "events_url": "https://api.github.com/users/thephpx/events{/privacy}", "organizations_url": "https://api.github.com/users/thephpx/orgs", "url": "https://api.github.com/users/thephpx", "gists_url": "https://api.github.com/users/thephpx/gists{/gist_id}", "html_url": "https://github.com/thephpx", "subscriptions_url": "https://api.github.com/users/thephpx/subscriptions", "avatar_url": "https://avatars.githubusercontent.com/u/812660?v=3", "repos_url": "https://api.github.com/users/thephpx/repos", "received_events_url": "https://api.github.com/users/thephpx/received_events", "gravatar_id": "", "starred_url": "https://api.github.com/users/thephpx/starred{/owner}{/repo}", "site_admin": false, "login": "thephpx", "type": "User", "id": 812660, "followers_url": "https://api.github.com/users/thephpx/followers"}, "event": "renamed", "issue": {"labels": [], "number": 4356, "assignee": null, "repository_url": "https://api.github.com/repos/opencart/opencart", "closed_at": "2016-06-13T07:52:36Z", "id": 154323750, "title": "Fixes Create new order from admin panel always show the last created order products list #4286", "pull_request": {"url": "https://api.github.com/repos/opencart/opencart/pulls/4356", "diff_url": "https://github.com/opencart/opencart/pull/4356.diff", "html_url": "https://github.com/opencart/opencart/pull/4356", "patch_url": "https://github.com/opencart/opencart/pull/4356.patch"}, "comments": 0, "state": "closed", "body": "fixes #4286\n\nThe problem with the issue was even after an order is completed from the back-end the oc_cart table entries remained and that resulted in them showing up again in another new order's product list.\n\nSolution was to clear the cart once the order has been successfully added.\n", "labels_url": "https://api.github.com/repos/opencart/opencart/issues/4356/labels{/name}", "events_url": "https://api.github.com/repos/opencart/opencart/issues/4356/events", "comments_url": "https://api.github.com/repos/opencart/opencart/issues/4356/comments", "html_url": "https://github.com/opencart/opencart/pull/4356", "updated_at": "2016-06-13T07:52:36Z", "user": {"following_url": "https://api.github.com/users/thephpx/following{/other_user}", "events_url": "https://api.github.com/users/thephpx/events{/privacy}", "organizations_url": "https://api.github.com/users/thephpx/orgs", "url": "https://api.github.com/users/thephpx", "gists_url": "https://api.github.com/users/thephpx/gists{/gist_id}", "html_url": "https://github.com/thephpx", "subscriptions_url": "https://api.github.com/users/thephpx/subscriptions", "avatar_url": "https://avatars.githubusercontent.com/u/812660?v=3", "repos_url": "https://api.github.com/users/thephpx/repos", "received_events_url": "https://api.github.com/users/thephpx/received_events", "gravatar_id": "", "starred_url": "https://api.github.com/users/thephpx/starred{/owner}{/repo}", "site_admin": false, "login": "thephpx", "type": "User", "id": 812660, "followers_url": "https://api.github.com/users/thephpx/followers"}, "milestone": null, "locked": false, "url": "https://api.github.com/repos/opencart/opencart/issues/4356", "created_at": "2016-05-11T19:31:54Z", "assignees": []}, "id": 660965863}, {"commit_id": null, "commit_url": null, "url": "https://api.github.com/repos/opencart/opencart/issues/events/660959416", "created_at": "2016-05-15T12:43:10Z", "actor": {"following_url": "https://api.github.com/users/danielkerr/following{/other_user}", "events_url": "https://api.github.com/users/danielkerr/events{/privacy}", "organizations_url": "https://api.github.com/users/danielkerr/orgs", "url": "https://api.github.com/users/danielkerr", "gists_url": "https://api.github.com/users/danielkerr/gists{/gist_id}", "html_url": "https://github.com/danielkerr", "subscriptions_url": "https://api.github.com/users/danielkerr/subscriptions", "avatar_url": "https://avatars.githubusercontent.com/u/5079756?v=3", "repos_url": "https://api.github.com/users/danielkerr/repos", "received_events_url": "https://api.github.com/users/danielkerr/received_events", "gravatar_id": "", "starred_url": "https://api.github.com/users/danielkerr/starred{/owner}{/repo}", "site_admin": false, "login": "danielkerr", "type": "User", "id": 5079756, "followers_url": "https://api.github.com/users/danielkerr/followers"}, "event": "closed", "issue": {"body": "I am creating a API for register and in response I am getting notice for some filed. I tried to set error_reporting(E_ALL & ~E_NOTICE); \nbut not working. this API is working in older version.\n", "labels": [], "locked": false, "title": "Display notice even after I set display error NO", "url": "https://api.github.com/repos/opencart/opencart/issues/4366", "labels_url": "https://api.github.com/repos/opencart/opencart/issues/4366/labels{/name}", "created_at": "2016-05-14T10:48:09Z", "events_url": "https://api.github.com/repos/opencart/opencart/issues/4366/events", "comments_url": "https://api.github.com/repos/opencart/opencart/issues/4366/comments", "html_url": "https://github.com/opencart/opencart/issues/4366", "comments": 3, "number": 4366, "updated_at": "2016-05-17T05:57:37Z", "assignee": null, "state": "closed", "user": {"following_url": "https://api.github.com/users/pranavpari/following{/other_user}", "events_url": "https://api.github.com/users/pranavpari/events{/privacy}", "organizations_url": "https://api.github.com/users/pranavpari/orgs", "url": "https://api.github.com/users/pranavpari", "gists_url": "https://api.github.com/users/pranavpari/gists{/gist_id}", "html_url": "https://github.com/pranavpari", "subscriptions_url": "https://api.github.com/users/pranavpari/subscriptions", "avatar_url": "https://avatars.githubusercontent.com/u/3996308?v=3", "repos_url": "https://api.github.com/users/pranavpari/repos", "received_events_url": "https://api.github.com/users/pranavpari/received_events", "gravatar_id": "", "starred_url": "https://api.github.com/users/pranavpari/starred{/owner}{/repo}", "site_admin": false, "login": "pranavpari", "type": "User", "id": 3996308, "followers_url": "https://api.github.com/users/pranavpari/followers"}, "milestone": null, "repository_url": "https://api.github.com/repos/opencart/opencart", "closed_at": "2016-05-15T12:43:10Z", "assignees": [], "id": 154847063}, "id": 660959416}, {"commit_id": null, "commit_url": null, "url": "https://api.github.com/repos/opencart/opencart/issues/events/660959159", "created_at": "2016-05-15T12:41:43Z", "actor": {"following_url": "https://api.github.com/users/danielkerr/following{/other_user}", "events_url": "https://api.github.com/users/danielkerr/events{/privacy}", "organizations_url": "https://api.github.com/users/danielkerr/orgs", "url": "https://api.github.com/users/danielkerr", "gists_url": "https://api.github.com/users/danielkerr/gists{/gist_id}", "html_url": "https://github.com/danielkerr", "subscriptions_url": "https://api.github.com/users/danielkerr/subscriptions", "avatar_url": "https://avatars.githubusercontent.com/u/5079756?v=3", "repos_url": "https://api.github.com/users/danielkerr/repos", "received_events_url": "https://api.github.com/users/danielkerr/received_events", "gravatar_id": "", "starred_url": "https://api.github.com/users/danielkerr/starred{/owner}{/repo}", "site_admin": false, "login": "danielkerr", "type": "User", "id": 5079756, "followers_url": "https://api.github.com/users/danielkerr/followers"}, "event": "closed", "issue": {"body": "I click the remove button in order list. The order is deleted in database, but the order item row is now removed in UI\n", "labels": [], "locked": false, "title": "Order Item is not removed from Order list", "url": "https://api.github.com/repos/opencart/opencart/issues/4367", "labels_url": "https://api.github.com/repos/opencart/opencart/issues/4367/labels{/name}", "created_at": "2016-05-14T14:15:01Z", "events_url": "https://api.github.com/repos/opencart/opencart/issues/4367/events", "comments_url": "https://api.github.com/repos/opencart/opencart/issues/4367/comments", "html_url": "https://github.com/opencart/opencart/issues/4367", "comments": 0, "number": 4367, "updated_at": "2016-05-15T12:41:42Z", "assignee": null, "state": "closed", "user": {"following_url": "https://api.github.com/users/qdzsoft/following{/other_user}", "events_url": "https://api.github.com/users/qdzsoft/events{/privacy}", "organizations_url": "https://api.github.com/users/qdzsoft/orgs", "url": "https://api.github.com/users/qdzsoft", "gists_url": "https://api.github.com/users/qdzsoft/gists{/gist_id}", "html_url": "https://github.com/qdzsoft", "subscriptions_url": "https://api.github.com/users/qdzsoft/subscriptions", "avatar_url": "https://avatars.githubusercontent.com/u/8458784?v=3", "repos_url": "https://api.github.com/users/qdzsoft/repos", "received_events_url": "https://api.github.com/users/qdzsoft/received_events", "gravatar_id": "", "starred_url": "https://api.github.com/users/qdzsoft/starred{/owner}{/repo}", "site_admin": false, "login": "qdzsoft", "type": "User", "id": 8458784, "followers_url": "https://api.github.com/users/qdzsoft/followers"}, "milestone": null, "repository_url": "https://api.github.com/repos/opencart/opencart", "closed_at": "2016-05-15T12:41:42Z", "assignees": [], "id": 154855952}, "id": 660959159}, {"commit_id": null, "commit_url": null, "url": "https://api.github.com/repos/opencart/opencart/issues/events/660959108", "created_at": "2016-05-15T12:41:22Z", "actor": {"following_url": "https://api.github.com/users/danielkerr/following{/other_user}", "events_url": "https://api.github.com/users/danielkerr/events{/privacy}", "organizations_url": "https://api.github.com/users/danielkerr/orgs", "url": "https://api.github.com/users/danielkerr", "gists_url": "https://api.github.com/users/danielkerr/gists{/gist_id}", "html_url": "https://github.com/danielkerr", "subscriptions_url": "https://api.github.com/users/danielkerr/subscriptions", "avatar_url": "https://avatars.githubusercontent.com/u/5079756?v=3", "repos_url": "https://api.github.com/users/danielkerr/repos", "received_events_url": "https://api.github.com/users/danielkerr/received_events", "gravatar_id": "", "starred_url": "https://api.github.com/users/danielkerr/starred{/owner}{/repo}", "site_admin": false, "login": "danielkerr", "type": "User", "id": 5079756, "followers_url": "https://api.github.com/users/danielkerr/followers"}, "event": "closed", "issue": {"body": "Table oc_country should have language_id column. Names of countries should be processed the same way as other language specific strings.\n", "labels": [], "locked": false, "title": "Country names not localized", "url": "https://api.github.com/repos/opencart/opencart/issues/4369", "labels_url": "https://api.github.com/repos/opencart/opencart/issues/4369/labels{/name}", "created_at": "2016-05-14T15:18:17Z", "events_url": "https://api.github.com/repos/opencart/opencart/issues/4369/events", "comments_url": "https://api.github.com/repos/opencart/opencart/issues/4369/comments", "html_url": "https://github.com/opencart/opencart/issues/4369", "comments": 2, "number": 4369, "updated_at": "2016-05-16T11:15:42Z", "assignee": null, "state": "closed", "user": {"following_url": "https://api.github.com/users/LaconicTranslator/following{/other_user}", "events_url": "https://api.github.com/users/LaconicTranslator/events{/privacy}", "organizations_url": "https://api.github.com/users/LaconicTranslator/orgs", "url": "https://api.github.com/users/LaconicTranslator", "gists_url": "https://api.github.com/users/LaconicTranslator/gists{/gist_id}", "html_url": "https://github.com/LaconicTranslator", "subscriptions_url": "https://api.github.com/users/LaconicTranslator/subscriptions", "avatar_url": "https://avatars.githubusercontent.com/u/16424709?v=3", "repos_url": "https://api.github.com/users/LaconicTranslator/repos", "received_events_url": "https://api.github.com/users/LaconicTranslator/received_events", "gravatar_id": "", "starred_url": "https://api.github.com/users/LaconicTranslator/starred{/owner}{/repo}", "site_admin": false, "login": "LaconicTranslator", "type": "User", "id": 16424709, "followers_url": "https://api.github.com/users/LaconicTranslator/followers"}, "milestone": null, "repository_url": "https://api.github.com/repos/opencart/opencart", "closed_at": "2016-05-15T12:41:22Z", "assignees": [], "id": 154858909}, "id": 660959108}, {"commit_id": null, "commit_url": null, "url": "https://api.github.com/repos/opencart/opencart/issues/events/660938921", "created_at": "2016-05-15T11:02:34Z", "actor": {"following_url": "https://api.github.com/users/carl1957/following{/other_user}", "events_url": "https://api.github.com/users/carl1957/events{/privacy}", "organizations_url": "https://api.github.com/users/carl1957/orgs", "url": "https://api.github.com/users/carl1957", "gists_url": "https://api.github.com/users/carl1957/gists{/gist_id}", "html_url": "https://github.com/carl1957", "subscriptions_url": "https://api.github.com/users/carl1957/subscriptions", "avatar_url": "https://avatars.githubusercontent.com/u/19368619?v=3", "repos_url": "https://api.github.com/users/carl1957/repos", "received_events_url": "https://api.github.com/users/carl1957/received_events", "gravatar_id": "", "starred_url": "https://api.github.com/users/carl1957/starred{/owner}{/repo}", "site_admin": false, "login": "carl1957", "type": "User", "id": 19368619, "followers_url": "https://api.github.com/users/carl1957/followers"}, "event": "subscribed", "issue": {"body": "would anyone be able to help me please, and please bear in mind I'm not a programmer. I'm having a number of issues with the above, namely; I get an error message if I try to access the customer totals, I cannot seem to be able to activate international shipping and I keep having messages from potential customers that when they try to pay by paypal they get the message 'invalid client key'. the error message I get with the customer totals is Parse error: syntax error, unexpected '&&' (T_BOOLEAN_AND), expecting ')' in /data01/c7641554/public_html/admin/controller/customer/customer.php on line 1103\n", "labels": [], "locked": false, "title": "opencart 2.2.0.0", "url": "https://api.github.com/repos/opencart/opencart/issues/4372", "labels_url": "https://api.github.com/repos/opencart/opencart/issues/4372/labels{/name}", "created_at": "2016-05-15T04:20:50Z", "events_url": "https://api.github.com/repos/opencart/opencart/issues/4372/events", "comments_url": "https://api.github.com/repos/opencart/opencart/issues/4372/comments", "html_url": "https://github.com/opencart/opencart/issues/4372", "comments": 5, "number": 4372, "updated_at": "2016-05-15T11:02:34Z", "assignee": null, "state": "closed", "user": {"following_url": "https://api.github.com/users/carl1957/following{/other_user}", "events_url": "https://api.github.com/users/carl1957/events{/privacy}", "organizations_url": "https://api.github.com/users/carl1957/orgs", "url": "https://api.github.com/users/carl1957", "gists_url": "https://api.github.com/users/carl1957/gists{/gist_id}", "html_url": "https://github.com/carl1957", "subscriptions_url": "https://api.github.com/users/carl1957/subscriptions", "avatar_url": "https://avatars.githubusercontent.com/u/19368619?v=3", "repos_url": "https://api.github.com/users/carl1957/repos", "received_events_url": "https://api.github.com/users/carl1957/received_events", "gravatar_id": "", "starred_url": "https://api.github.com/users/carl1957/starred{/owner}{/repo}", "site_admin": false, "login": "carl1957", "type": "User", "id": 19368619, "followers_url": "https://api.github.com/users/carl1957/followers"}, "milestone": null, "repository_url": "https://api.github.com/repos/opencart/opencart", "closed_at": "2016-05-15T05:25:07Z", "assignees": [], "id": 154889451}, "id": 660938921}, {"commit_id": null, "commit_url": null, "url": "https://api.github.com/repos/opencart/opencart/issues/events/660938920", "created_at": "2016-05-15T11:02:34Z", "actor": {"following_url": "https://api.github.com/users/carl1957/following{/other_user}", "events_url": "https://api.github.com/users/carl1957/events{/privacy}", "organizations_url": "https://api.github.com/users/carl1957/orgs", "url": "https://api.github.com/users/carl1957", "gists_url": "https://api.github.com/users/carl1957/gists{/gist_id}", "html_url": "https://github.com/carl1957", "subscriptions_url": "https://api.github.com/users/carl1957/subscriptions", "avatar_url": "https://avatars.githubusercontent.com/u/19368619?v=3", "repos_url": "https://api.github.com/users/carl1957/repos", "received_events_url": "https://api.github.com/users/carl1957/received_events", "gravatar_id": "", "starred_url": "https://api.github.com/users/carl1957/starred{/owner}{/repo}", "site_admin": false, "login": "carl1957", "type": "User", "id": 19368619, "followers_url": "https://api.github.com/users/carl1957/followers"}, "event": "mentioned", "issue": {"body": "would anyone be able to help me please, and please bear in mind I'm not a programmer. I'm having a number of issues with the above, namely; I get an error message if I try to access the customer totals, I cannot seem to be able to activate international shipping and I keep having messages from potential customers that when they try to pay by paypal they get the message 'invalid client key'. the error message I get with the customer totals is Parse error: syntax error, unexpected '&&' (T_BOOLEAN_AND), expecting ')' in /data01/c7641554/public_html/admin/controller/customer/customer.php on line 1103\n", "labels": [], "locked": false, "title": "opencart 2.2.0.0", "url": "https://api.github.com/repos/opencart/opencart/issues/4372", "labels_url": "https://api.github.com/repos/opencart/opencart/issues/4372/labels{/name}", "created_at": "2016-05-15T04:20:50Z", "events_url": "https://api.github.com/repos/opencart/opencart/issues/4372/events", "comments_url": "https://api.github.com/repos/opencart/opencart/issues/4372/comments", "html_url": "https://github.com/opencart/opencart/issues/4372", "comments": 5, "number": 4372, "updated_at": "2016-05-15T11:02:34Z", "assignee": null, "state": "closed", "user": {"following_url": "https://api.github.com/users/carl1957/following{/other_user}", "events_url": "https://api.github.com/users/carl1957/events{/privacy}", "organizations_url": "https://api.github.com/users/carl1957/orgs", "url": "https://api.github.com/users/carl1957", "gists_url": "https://api.github.com/users/carl1957/gists{/gist_id}", "html_url": "https://github.com/carl1957", "subscriptions_url": "https://api.github.com/users/carl1957/subscriptions", "avatar_url": "https://avatars.githubusercontent.com/u/19368619?v=3", "repos_url": "https://api.github.com/users/carl1957/repos", "received_events_url": "https://api.github.com/users/carl1957/received_events", "gravatar_id": "", "starred_url": "https://api.github.com/users/carl1957/starred{/owner}{/repo}", "site_admin": false, "login": "carl1957", "type": "User", "id": 19368619, "followers_url": "https://api.github.com/users/carl1957/followers"}, "milestone": null, "repository_url": "https://api.github.com/repos/opencart/opencart", "closed_at": "2016-05-15T05:25:07Z", "assignees": [], "id": 154889451}, "id": 660938920}, {"commit_id": null, "commit_url": null, "url": "https://api.github.com/repos/opencart/opencart/issues/events/660937518", "created_at": "2016-05-15T10:54:33Z", "actor": {"following_url": "https://api.github.com/users/carl1957/following{/other_user}", "events_url": "https://api.github.com/users/carl1957/events{/privacy}", "organizations_url": "https://api.github.com/users/carl1957/orgs", "url": "https://api.github.com/users/carl1957", "gists_url": "https://api.github.com/users/carl1957/gists{/gist_id}", "html_url": "https://github.com/carl1957", "subscriptions_url": "https://api.github.com/users/carl1957/subscriptions", "avatar_url": "https://avatars.githubusercontent.com/u/19368619?v=3", "repos_url": "https://api.github.com/users/carl1957/repos", "received_events_url": "https://api.github.com/users/carl1957/received_events", "gravatar_id": "", "starred_url": "https://api.github.com/users/carl1957/starred{/owner}{/repo}", "site_admin": false, "login": "carl1957", "type": "User", "id": 19368619, "followers_url": "https://api.github.com/users/carl1957/followers"}, "event": "subscribed", "issue": {"body": "would anyone be able to help me please, and please bear in mind I'm not a programmer. I'm having a number of issues with the above, namely; I get an error message if I try to access the customer totals, I cannot seem to be able to activate international shipping and I keep having messages from potential customers that when they try to pay by paypal they get the message 'invalid client key'. the error message I get with the customer totals is Parse error: syntax error, unexpected '&&' (T_BOOLEAN_AND), expecting ')' in /data01/c7641554/public_html/admin/controller/customer/customer.php on line 1103\n", "labels": [], "locked": false, "title": "opencart 2.2.0.0", "url": "https://api.github.com/repos/opencart/opencart/issues/4372", "labels_url": "https://api.github.com/repos/opencart/opencart/issues/4372/labels{/name}", "created_at": "2016-05-15T04:20:50Z", "events_url": "https://api.github.com/repos/opencart/opencart/issues/4372/events", "comments_url": "https://api.github.com/repos/opencart/opencart/issues/4372/comments", "html_url": "https://github.com/opencart/opencart/issues/4372", "comments": 5, "number": 4372, "updated_at": "2016-05-15T11:02:34Z", "assignee": null, "state": "closed", "user": {"following_url": "https://api.github.com/users/carl1957/following{/other_user}", "events_url": "https://api.github.com/users/carl1957/events{/privacy}", "organizations_url": "https://api.github.com/users/carl1957/orgs", "url": "https://api.github.com/users/carl1957", "gists_url": "https://api.github.com/users/carl1957/gists{/gist_id}", "html_url": "https://github.com/carl1957", "subscriptions_url": "https://api.github.com/users/carl1957/subscriptions", "avatar_url": "https://avatars.githubusercontent.com/u/19368619?v=3", "repos_url": "https://api.github.com/users/carl1957/repos", "received_events_url": "https://api.github.com/users/carl1957/received_events", "gravatar_id": "", "starred_url": "https://api.github.com/users/carl1957/starred{/owner}{/repo}", "site_admin": false, "login": "carl1957", "type": "User", "id": 19368619, "followers_url": "https://api.github.com/users/carl1957/followers"}, "milestone": null, "repository_url": "https://api.github.com/repos/opencart/opencart", "closed_at": "2016-05-15T05:25:07Z", "assignees": [], "id": 154889451}, "id": 660937518}, {"commit_id": null, "commit_url": null, "url": "https://api.github.com/repos/opencart/opencart/issues/events/660937517", "created_at": "2016-05-15T10:54:33Z", "actor": {"following_url": "https://api.github.com/users/carl1957/following{/other_user}", "events_url": "https://api.github.com/users/carl1957/events{/privacy}", "organizations_url": "https://api.github.com/users/carl1957/orgs", "url": "https://api.github.com/users/carl1957", "gists_url": "https://api.github.com/users/carl1957/gists{/gist_id}", "html_url": "https://github.com/carl1957", "subscriptions_url": "https://api.github.com/users/carl1957/subscriptions", "avatar_url": "https://avatars.githubusercontent.com/u/19368619?v=3", "repos_url": "https://api.github.com/users/carl1957/repos", "received_events_url": "https://api.github.com/users/carl1957/received_events", "gravatar_id": "", "starred_url": "https://api.github.com/users/carl1957/starred{/owner}{/repo}", "site_admin": false, "login": "carl1957", "type": "User", "id": 19368619, "followers_url": "https://api.github.com/users/carl1957/followers"}, "event": "mentioned", "issue": {"body": "would anyone be able to help me please, and please bear in mind I'm not a programmer. I'm having a number of issues with the above, namely; I get an error message if I try to access the customer totals, I cannot seem to be able to activate international shipping and I keep having messages from potential customers that when they try to pay by paypal they get the message 'invalid client key'. the error message I get with the customer totals is Parse error: syntax error, unexpected '&&' (T_BOOLEAN_AND), expecting ')' in /data01/c7641554/public_html/admin/controller/customer/customer.php on line 1103\n", "labels": [], "locked": false, "title": "opencart 2.2.0.0", "url": "https://api.github.com/repos/opencart/opencart/issues/4372", "labels_url": "https://api.github.com/repos/opencart/opencart/issues/4372/labels{/name}", "created_at": "2016-05-15T04:20:50Z", "events_url": "https://api.github.com/repos/opencart/opencart/issues/4372/events", "comments_url": "https://api.github.com/repos/opencart/opencart/issues/4372/comments", "html_url": "https://github.com/opencart/opencart/issues/4372", "comments": 5, "number": 4372, "updated_at": "2016-05-15T11:02:34Z", "assignee": null, "state": "closed", "user": {"following_url": "https://api.github.com/users/carl1957/following{/other_user}", "events_url": "https://api.github.com/users/carl1957/events{/privacy}", "organizations_url": "https://api.github.com/users/carl1957/orgs", "url": "https://api.github.com/users/carl1957", "gists_url": "https://api.github.com/users/carl1957/gists{/gist_id}", "html_url": "https://github.com/carl1957", "subscriptions_url": "https://api.github.com/users/carl1957/subscriptions", "avatar_url": "https://avatars.githubusercontent.com/u/19368619?v=3", "repos_url": "https://api.github.com/users/carl1957/repos", "received_events_url": "https://api.github.com/users/carl1957/received_events", "gravatar_id": "", "starred_url": "https://api.github.com/users/carl1957/starred{/owner}{/repo}", "site_admin": false, "login": "carl1957", "type": "User", "id": 19368619, "followers_url": "https://api.github.com/users/carl1957/followers"}, "milestone": null, "repository_url": "https://api.github.com/repos/opencart/opencart", "closed_at": "2016-05-15T05:25:07Z", "assignees": [], "id": 154889451}, "id": 660937517}, {"commit_id": null, "commit_url": null, "url": "https://api.github.com/repos/opencart/opencart/issues/events/660923046", "created_at": "2016-05-15T09:24:03Z", "actor": {"following_url": "https://api.github.com/users/danielkerr/following{/other_user}", "events_url": "https://api.github.com/users/danielkerr/events{/privacy}", "organizations_url": "https://api.github.com/users/danielkerr/orgs", "url": "https://api.github.com/users/danielkerr", "gists_url": "https://api.github.com/users/danielkerr/gists{/gist_id}", "html_url": "https://github.com/danielkerr", "subscriptions_url": "https://api.github.com/users/danielkerr/subscriptions", "avatar_url": "https://avatars.githubusercontent.com/u/5079756?v=3", "repos_url": "https://api.github.com/users/danielkerr/repos", "received_events_url": "https://api.github.com/users/danielkerr/received_events", "gravatar_id": "", "starred_url": "https://api.github.com/users/danielkerr/starred{/owner}{/repo}", "site_admin": false, "login": "danielkerr", "type": "User", "id": 5079756, "followers_url": "https://api.github.com/users/danielkerr/followers"}, "event": "closed", "issue": {"body": "parse error: syntax error, unexpected '&&' (T_BOOLEAN_AND), expecting ')' in /home/te/public_html/admin/controller/customer/customer.php on line 1105\n\nhow can i fix this error i have tried what people have shared. does any one have a good customer php that i can upload\n", "labels": [], "locked": false, "title": "customer php error", "url": "https://api.github.com/repos/opencart/opencart/issues/4371", "labels_url": "https://api.github.com/repos/opencart/opencart/issues/4371/labels{/name}", "created_at": "2016-05-15T04:10:09Z", "events_url": "https://api.github.com/repos/opencart/opencart/issues/4371/events", "comments_url": "https://api.github.com/repos/opencart/opencart/issues/4371/comments", "html_url": "https://github.com/opencart/opencart/issues/4371", "comments": 1, "number": 4371, "updated_at": "2016-05-15T09:24:03Z", "assignee": null, "state": "closed", "user": {"following_url": "https://api.github.com/users/aliscomputer/following{/other_user}", "events_url": "https://api.github.com/users/aliscomputer/events{/privacy}", "organizations_url": "https://api.github.com/users/aliscomputer/orgs", "url": "https://api.github.com/users/aliscomputer", "gists_url": "https://api.github.com/users/aliscomputer/gists{/gist_id}", "html_url": "https://github.com/aliscomputer", "subscriptions_url": "https://api.github.com/users/aliscomputer/subscriptions", "avatar_url": "https://avatars.githubusercontent.com/u/19368289?v=3", "repos_url": "https://api.github.com/users/aliscomputer/repos", "received_events_url": "https://api.github.com/users/aliscomputer/received_events", "gravatar_id": "", "starred_url": "https://api.github.com/users/aliscomputer/starred{/owner}{/repo}", "site_admin": false, "login": "aliscomputer", "type": "User", "id": 19368289, "followers_url": "https://api.github.com/users/aliscomputer/followers"}, "milestone": null, "repository_url": "https://api.github.com/repos/opencart/opencart", "closed_at": "2016-05-15T09:24:03Z", "assignees": [], "id": 154889205}, "id": 660923046}, {"commit_id": null, "commit_url": null, "url": "https://api.github.com/repos/opencart/opencart/issues/events/660907800", "created_at": "2016-05-15T07:48:48Z", "actor": {"following_url": "https://api.github.com/users/aliscomputer/following{/other_user}", "events_url": "https://api.github.com/users/aliscomputer/events{/privacy}", "organizations_url": "https://api.github.com/users/aliscomputer/orgs", "url": "https://api.github.com/users/aliscomputer", "gists_url": "https://api.github.com/users/aliscomputer/gists{/gist_id}", "html_url": "https://github.com/aliscomputer", "subscriptions_url": "https://api.github.com/users/aliscomputer/subscriptions", "avatar_url": "https://avatars.githubusercontent.com/u/19368289?v=3", "repos_url": "https://api.github.com/users/aliscomputer/repos", "received_events_url": "https://api.github.com/users/aliscomputer/received_events", "gravatar_id": "", "starred_url": "https://api.github.com/users/aliscomputer/starred{/owner}{/repo}", "site_admin": false, "login": "aliscomputer", "type": "User", "id": 19368289, "followers_url": "https://api.github.com/users/aliscomputer/followers"}, "event": "subscribed", "issue": {"body": "parse error: syntax error, unexpected '&&' (T_BOOLEAN_AND), expecting ')' in /home/te/public_html/admin/controller/customer/customer.php on line 1105\n\nhow can i fix this error i have tried what people have shared. does any one have a good customer php that i can upload\n", "labels": [], "locked": false, "title": "customer php error", "url": "https://api.github.com/repos/opencart/opencart/issues/4371", "labels_url": "https://api.github.com/repos/opencart/opencart/issues/4371/labels{/name}", "created_at": "2016-05-15T04:10:09Z", "events_url": "https://api.github.com/repos/opencart/opencart/issues/4371/events", "comments_url": "https://api.github.com/repos/opencart/opencart/issues/4371/comments", "html_url": "https://github.com/opencart/opencart/issues/4371", "comments": 1, "number": 4371, "updated_at": "2016-05-15T09:24:03Z", "assignee": null, "state": "closed", "user": {"following_url": "https://api.github.com/users/aliscomputer/following{/other_user}", "events_url": "https://api.github.com/users/aliscomputer/events{/privacy}", "organizations_url": "https://api.github.com/users/aliscomputer/orgs", "url": "https://api.github.com/users/aliscomputer", "gists_url": "https://api.github.com/users/aliscomputer/gists{/gist_id}", "html_url": "https://github.com/aliscomputer", "subscriptions_url": "https://api.github.com/users/aliscomputer/subscriptions", "avatar_url": "https://avatars.githubusercontent.com/u/19368289?v=3", "repos_url": "https://api.github.com/users/aliscomputer/repos", "received_events_url": "https://api.github.com/users/aliscomputer/received_events", "gravatar_id": "", "starred_url": "https://api.github.com/users/aliscomputer/starred{/owner}{/repo}", "site_admin": false, "login": "aliscomputer", "type": "User", "id": 19368289, "followers_url": "https://api.github.com/users/aliscomputer/followers"}, "milestone": null, "repository_url": "https://api.github.com/repos/opencart/opencart", "closed_at": "2016-05-15T09:24:03Z", "assignees": [], "id": 154889205}, "id": 660907800}, {"commit_id": null, "commit_url": null, "url": "https://api.github.com/repos/opencart/opencart/issues/events/660907799", "created_at": "2016-05-15T07:48:48Z", "actor": {"following_url": "https://api.github.com/users/aliscomputer/following{/other_user}", "events_url": "https://api.github.com/users/aliscomputer/events{/privacy}", "organizations_url": "https://api.github.com/users/aliscomputer/orgs", "url": "https://api.github.com/users/aliscomputer", "gists_url": "https://api.github.com/users/aliscomputer/gists{/gist_id}", "html_url": "https://github.com/aliscomputer", "subscriptions_url": "https://api.github.com/users/aliscomputer/subscriptions", "avatar_url": "https://avatars.githubusercontent.com/u/19368289?v=3", "repos_url": "https://api.github.com/users/aliscomputer/repos", "received_events_url": "https://api.github.com/users/aliscomputer/received_events", "gravatar_id": "", "starred_url": "https://api.github.com/users/aliscomputer/starred{/owner}{/repo}", "site_admin": false, "login": "aliscomputer", "type": "User", "id": 19368289, "followers_url": "https://api.github.com/users/aliscomputer/followers"}, "event": "mentioned", "issue": {"body": "parse error: syntax error, unexpected '&&' (T_BOOLEAN_AND), expecting ')' in /home/te/public_html/admin/controller/customer/customer.php on line 1105\n\nhow can i fix this error i have tried what people have shared. does any one have a good customer php that i can upload\n", "labels": [], "locked": false, "title": "customer php error", "url": "https://api.github.com/repos/opencart/opencart/issues/4371", "labels_url": "https://api.github.com/repos/opencart/opencart/issues/4371/labels{/name}", "created_at": "2016-05-15T04:10:09Z", "events_url": "https://api.github.com/repos/opencart/opencart/issues/4371/events", "comments_url": "https://api.github.com/repos/opencart/opencart/issues/4371/comments", "html_url": "https://github.com/opencart/opencart/issues/4371", "comments": 1, "number": 4371, "updated_at": "2016-05-15T09:24:03Z", "assignee": null, "state": "closed", "user": {"following_url": "https://api.github.com/users/aliscomputer/following{/other_user}", "events_url": "https://api.github.com/users/aliscomputer/events{/privacy}", "organizations_url": "https://api.github.com/users/aliscomputer/orgs", "url": "https://api.github.com/users/aliscomputer", "gists_url": "https://api.github.com/users/aliscomputer/gists{/gist_id}", "html_url": "https://github.com/aliscomputer", "subscriptions_url": "https://api.github.com/users/aliscomputer/subscriptions", "avatar_url": "https://avatars.githubusercontent.com/u/19368289?v=3", "repos_url": "https://api.github.com/users/aliscomputer/repos", "received_events_url": "https://api.github.com/users/aliscomputer/received_events", "gravatar_id": "", "starred_url": "https://api.github.com/users/aliscomputer/starred{/owner}{/repo}", "site_admin": false, "login": "aliscomputer", "type": "User", "id": 19368289, "followers_url": "https://api.github.com/users/aliscomputer/followers"}, "milestone": null, "repository_url": "https://api.github.com/repos/opencart/opencart", "closed_at": "2016-05-15T09:24:03Z", "assignees": [], "id": 154889205}, "id": 660907799}]