[{"commit_id": null, "commit_url": null, "url": "https://api.github.com/repos/opencart/opencart/issues/events/126112177", "created_at": "2014-05-29T18:29:27Z", "actor": {"following_url": "https://api.github.com/users/opencarthelp/following{/other_user}", "events_url": "https://api.github.com/users/opencarthelp/events{/privacy}", "organizations_url": "https://api.github.com/users/opencarthelp/orgs", "url": "https://api.github.com/users/opencarthelp", "gists_url": "https://api.github.com/users/opencarthelp/gists{/gist_id}", "html_url": "https://github.com/opencarthelp", "subscriptions_url": "https://api.github.com/users/opencarthelp/subscriptions", "avatar_url": "https://avatars.githubusercontent.com/u/2072585?v=3", "repos_url": "https://api.github.com/users/opencarthelp/repos", "received_events_url": "https://api.github.com/users/opencarthelp/received_events", "gravatar_id": "", "starred_url": "https://api.github.com/users/opencarthelp/starred{/owner}{/repo}", "site_admin": false, "login": "opencarthelp", "type": "User", "id": 2072585, "followers_url": "https://api.github.com/users/opencarthelp/followers"}, "event": "mentioned", "issue": {"labels": [], "number": 1446, "assignee": null, "repository_url": "https://api.github.com/repos/opencart/opencart", "closed_at": "2014-05-16T13:21:50Z", "id": 33670042, "title": "Fix for the cache's file driver - added some protections to race conditions.", "pull_request": {"url": "https://api.github.com/repos/opencart/opencart/pulls/1446", "diff_url": "https://github.com/opencart/opencart/pull/1446.diff", "html_url": "https://github.com/opencart/opencart/pull/1446", "patch_url": "https://github.com/opencart/opencart/pull/1446.patch"}, "comments": 5, "state": "closed", "body": "Fix for the caching system's file driver. Under high load multiple requests can be creating / deleting file. This commit adds additional checks to avoid race conditions and silence PHP warnings. This fix is similar to #1403 , but this commit does not implement deleting files randomly.\n", "labels_url": "https://api.github.com/repos/opencart/opencart/issues/1446/labels{/name}", "events_url": "https://api.github.com/repos/opencart/opencart/issues/1446/events", "comments_url": "https://api.github.com/repos/opencart/opencart/issues/1446/comments", "html_url": "https://github.com/opencart/opencart/pull/1446", "updated_at": "2014-06-15T14:01:30Z", "user": {"following_url": "https://api.github.com/users/Martynas-P/following{/other_user}", "events_url": "https://api.github.com/users/Martynas-P/events{/privacy}", "organizations_url": "https://api.github.com/users/Martynas-P/orgs", "url": "https://api.github.com/users/Martynas-P", "gists_url": "https://api.github.com/users/Martynas-P/gists{/gist_id}", "html_url": "https://github.com/Martynas-P", "subscriptions_url": "https://api.github.com/users/Martynas-P/subscriptions", "avatar_url": "https://avatars.githubusercontent.com/u/2590908?v=3", "repos_url": "https://api.github.com/users/Martynas-P/repos", "received_events_url": "https://api.github.com/users/Martynas-P/received_events", "gravatar_id": "", "starred_url": "https://api.github.com/users/Martynas-P/starred{/owner}{/repo}", "site_admin": false, "login": "Martynas-P", "type": "User", "id": 2590908, "followers_url": "https://api.github.com/users/Martynas-P/followers"}, "milestone": null, "locked": false, "url": "https://api.github.com/repos/opencart/opencart/issues/1446", "created_at": "2014-05-16T12:20:07Z", "assignees": []}, "id": 126112177}, {"commit_id": null, "commit_url": null, "url": "https://api.github.com/repos/opencart/opencart/issues/events/126048813", "created_at": "2014-05-29T15:57:21Z", "actor": {"following_url": "https://api.github.com/users/Martynas-P/following{/other_user}", "events_url": "https://api.github.com/users/Martynas-P/events{/privacy}", "organizations_url": "https://api.github.com/users/Martynas-P/orgs", "url": "https://api.github.com/users/Martynas-P", "gists_url": "https://api.github.com/users/Martynas-P/gists{/gist_id}", "html_url": "https://github.com/Martynas-P", "subscriptions_url": "https://api.github.com/users/Martynas-P/subscriptions", "avatar_url": "https://avatars.githubusercontent.com/u/2590908?v=3", "repos_url": "https://api.github.com/users/Martynas-P/repos", "received_events_url": "https://api.github.com/users/Martynas-P/received_events", "gravatar_id": "", "starred_url": "https://api.github.com/users/Martynas-P/starred{/owner}{/repo}", "site_admin": false, "login": "Martynas-P", "type": "User", "id": 2590908, "followers_url": "https://api.github.com/users/Martynas-P/followers"}, "event": "subscribed", "issue": {"labels": [], "number": 1446, "assignee": null, "repository_url": "https://api.github.com/repos/opencart/opencart", "closed_at": "2014-05-16T13:21:50Z", "id": 33670042, "title": "Fix for the cache's file driver - added some protections to race conditions.", "pull_request": {"url": "https://api.github.com/repos/opencart/opencart/pulls/1446", "diff_url": "https://github.com/opencart/opencart/pull/1446.diff", "html_url": "https://github.com/opencart/opencart/pull/1446", "patch_url": "https://github.com/opencart/opencart/pull/1446.patch"}, "comments": 5, "state": "closed", "body": "Fix for the caching system's file driver. Under high load multiple requests can be creating / deleting file. This commit adds additional checks to avoid race conditions and silence PHP warnings. This fix is similar to #1403 , but this commit does not implement deleting files randomly.\n", "labels_url": "https://api.github.com/repos/opencart/opencart/issues/1446/labels{/name}", "events_url": "https://api.github.com/repos/opencart/opencart/issues/1446/events", "comments_url": "https://api.github.com/repos/opencart/opencart/issues/1446/comments", "html_url": "https://github.com/opencart/opencart/pull/1446", "updated_at": "2014-06-15T14:01:30Z", "user": {"following_url": "https://api.github.com/users/Martynas-P/following{/other_user}", "events_url": "https://api.github.com/users/Martynas-P/events{/privacy}", "organizations_url": "https://api.github.com/users/Martynas-P/orgs", "url": "https://api.github.com/users/Martynas-P", "gists_url": "https://api.github.com/users/Martynas-P/gists{/gist_id}", "html_url": "https://github.com/Martynas-P", "subscriptions_url": "https://api.github.com/users/Martynas-P/subscriptions", "avatar_url": "https://avatars.githubusercontent.com/u/2590908?v=3", "repos_url": "https://api.github.com/users/Martynas-P/repos", "received_events_url": "https://api.github.com/users/Martynas-P/received_events", "gravatar_id": "", "starred_url": "https://api.github.com/users/Martynas-P/starred{/owner}{/repo}", "site_admin": false, "login": "Martynas-P", "type": "User", "id": 2590908, "followers_url": "https://api.github.com/users/Martynas-P/followers"}, "milestone": null, "locked": false, "url": "https://api.github.com/repos/opencart/opencart/issues/1446", "created_at": "2014-05-16T12:20:07Z", "assignees": []}, "id": 126048813}, {"commit_id": null, "commit_url": null, "url": "https://api.github.com/repos/opencart/opencart/issues/events/126048812", "created_at": "2014-05-29T15:57:21Z", "actor": {"following_url": "https://api.github.com/users/Martynas-P/following{/other_user}", "events_url": "https://api.github.com/users/Martynas-P/events{/privacy}", "organizations_url": "https://api.github.com/users/Martynas-P/orgs", "url": "https://api.github.com/users/Martynas-P", "gists_url": "https://api.github.com/users/Martynas-P/gists{/gist_id}", "html_url": "https://github.com/Martynas-P", "subscriptions_url": "https://api.github.com/users/Martynas-P/subscriptions", "avatar_url": "https://avatars.githubusercontent.com/u/2590908?v=3", "repos_url": "https://api.github.com/users/Martynas-P/repos", "received_events_url": "https://api.github.com/users/Martynas-P/received_events", "gravatar_id": "", "starred_url": "https://api.github.com/users/Martynas-P/starred{/owner}{/repo}", "site_admin": false, "login": "Martynas-P", "type": "User", "id": 2590908, "followers_url": "https://api.github.com/users/Martynas-P/followers"}, "event": "mentioned", "issue": {"labels": [], "number": 1446, "assignee": null, "repository_url": "https://api.github.com/repos/opencart/opencart", "closed_at": "2014-05-16T13:21:50Z", "id": 33670042, "title": "Fix for the cache's file driver - added some protections to race conditions.", "pull_request": {"url": "https://api.github.com/repos/opencart/opencart/pulls/1446", "diff_url": "https://github.com/opencart/opencart/pull/1446.diff", "html_url": "https://github.com/opencart/opencart/pull/1446", "patch_url": "https://github.com/opencart/opencart/pull/1446.patch"}, "comments": 5, "state": "closed", "body": "Fix for the caching system's file driver. Under high load multiple requests can be creating / deleting file. This commit adds additional checks to avoid race conditions and silence PHP warnings. This fix is similar to #1403 , but this commit does not implement deleting files randomly.\n", "labels_url": "https://api.github.com/repos/opencart/opencart/issues/1446/labels{/name}", "events_url": "https://api.github.com/repos/opencart/opencart/issues/1446/events", "comments_url": "https://api.github.com/repos/opencart/opencart/issues/1446/comments", "html_url": "https://github.com/opencart/opencart/pull/1446", "updated_at": "2014-06-15T14:01:30Z", "user": {"following_url": "https://api.github.com/users/Martynas-P/following{/other_user}", "events_url": "https://api.github.com/users/Martynas-P/events{/privacy}", "organizations_url": "https://api.github.com/users/Martynas-P/orgs", "url": "https://api.github.com/users/Martynas-P", "gists_url": "https://api.github.com/users/Martynas-P/gists{/gist_id}", "html_url": "https://github.com/Martynas-P", "subscriptions_url": "https://api.github.com/users/Martynas-P/subscriptions", "avatar_url": "https://avatars.githubusercontent.com/u/2590908?v=3", "repos_url": "https://api.github.com/users/Martynas-P/repos", "received_events_url": "https://api.github.com/users/Martynas-P/received_events", "gravatar_id": "", "starred_url": "https://api.github.com/users/Martynas-P/starred{/owner}{/repo}", "site_admin": false, "login": "Martynas-P", "type": "User", "id": 2590908, "followers_url": "https://api.github.com/users/Martynas-P/followers"}, "milestone": null, "locked": false, "url": "https://api.github.com/repos/opencart/opencart/issues/1446", "created_at": "2014-05-16T12:20:07Z", "assignees": []}, "id": 126048812}, {"commit_id": null, "commit_url": null, "url": "https://api.github.com/repos/opencart/opencart/issues/events/126038278", "created_at": "2014-05-29T15:35:19Z", "actor": {"following_url": "https://api.github.com/users/jamesallsup/following{/other_user}", "events_url": "https://api.github.com/users/jamesallsup/events{/privacy}", "organizations_url": "https://api.github.com/users/jamesallsup/orgs", "url": "https://api.github.com/users/jamesallsup", "gists_url": "https://api.github.com/users/jamesallsup/gists{/gist_id}", "html_url": "https://github.com/jamesallsup", "subscriptions_url": "https://api.github.com/users/jamesallsup/subscriptions", "avatar_url": "https://avatars.githubusercontent.com/u/2026129?v=3", "repos_url": "https://api.github.com/users/jamesallsup/repos", "received_events_url": "https://api.github.com/users/jamesallsup/received_events", "gravatar_id": "", "starred_url": "https://api.github.com/users/jamesallsup/starred{/owner}{/repo}", "site_admin": false, "login": "jamesallsup", "type": "User", "id": 2026129, "followers_url": "https://api.github.com/users/jamesallsup/followers"}, "event": "closed", "issue": {"labels": [], "number": 1525, "assignee": null, "repository_url": "https://api.github.com/repos/opencart/opencart", "closed_at": "2014-05-29T15:35:19Z", "id": 34564998, "title": "Selenium tests for Amazon Payments", "pull_request": {"url": "https://api.github.com/repos/opencart/opencart/pulls/1525", "diff_url": "https://github.com/opencart/opencart/pull/1525.diff", "html_url": "https://github.com/opencart/opencart/pull/1525", "patch_url": "https://github.com/opencart/opencart/pull/1525.patch"}, "comments": 0, "state": "closed", "body": "Started to work on Selenium tests for Amazon Payments.\n", "labels_url": "https://api.github.com/repos/opencart/opencart/issues/1525/labels{/name}", "events_url": "https://api.github.com/repos/opencart/opencart/issues/1525/events", "comments_url": "https://api.github.com/repos/opencart/opencart/issues/1525/comments", "html_url": "https://github.com/opencart/opencart/pull/1525", "updated_at": "2014-06-21T18:44:19Z", "user": {"following_url": "https://api.github.com/users/Martynas-P/following{/other_user}", "events_url": "https://api.github.com/users/Martynas-P/events{/privacy}", "organizations_url": "https://api.github.com/users/Martynas-P/orgs", "url": "https://api.github.com/users/Martynas-P", "gists_url": "https://api.github.com/users/Martynas-P/gists{/gist_id}", "html_url": "https://github.com/Martynas-P", "subscriptions_url": "https://api.github.com/users/Martynas-P/subscriptions", "avatar_url": "https://avatars.githubusercontent.com/u/2590908?v=3", "repos_url": "https://api.github.com/users/Martynas-P/repos", "received_events_url": "https://api.github.com/users/Martynas-P/received_events", "gravatar_id": "", "starred_url": "https://api.github.com/users/Martynas-P/starred{/owner}{/repo}", "site_admin": false, "login": "Martynas-P", "type": "User", "id": 2590908, "followers_url": "https://api.github.com/users/Martynas-P/followers"}, "milestone": null, "locked": false, "url": "https://api.github.com/repos/opencart/opencart/issues/1525", "created_at": "2014-05-29T15:34:50Z", "assignees": []}, "id": 126038278}, {"commit_id": "da541ee2e6faeb223d25be51221a6e7b85dc1884", "commit_url": "https://api.github.com/repos/opencart/opencart/commits/da541ee2e6faeb223d25be51221a6e7b85dc1884", "url": "https://api.github.com/repos/opencart/opencart/issues/events/126038277", "created_at": "2014-05-29T15:35:19Z", "actor": {"following_url": "https://api.github.com/users/jamesallsup/following{/other_user}", "events_url": "https://api.github.com/users/jamesallsup/events{/privacy}", "organizations_url": "https://api.github.com/users/jamesallsup/orgs", "url": "https://api.github.com/users/jamesallsup", "gists_url": "https://api.github.com/users/jamesallsup/gists{/gist_id}", "html_url": "https://github.com/jamesallsup", "subscriptions_url": "https://api.github.com/users/jamesallsup/subscriptions", "avatar_url": "https://avatars.githubusercontent.com/u/2026129?v=3", "repos_url": "https://api.github.com/users/jamesallsup/repos", "received_events_url": "https://api.github.com/users/jamesallsup/received_events", "gravatar_id": "", "starred_url": "https://api.github.com/users/jamesallsup/starred{/owner}{/repo}", "site_admin": false, "login": "jamesallsup", "type": "User", "id": 2026129, "followers_url": "https://api.github.com/users/jamesallsup/followers"}, "event": "merged", "issue": {"labels": [], "number": 1525, "assignee": null, "repository_url": "https://api.github.com/repos/opencart/opencart", "closed_at": "2014-05-29T15:35:19Z", "id": 34564998, "title": "Selenium tests for Amazon Payments", "pull_request": {"url": "https://api.github.com/repos/opencart/opencart/pulls/1525", "diff_url": "https://github.com/opencart/opencart/pull/1525.diff", "html_url": "https://github.com/opencart/opencart/pull/1525", "patch_url": "https://github.com/opencart/opencart/pull/1525.patch"}, "comments": 0, "state": "closed", "body": "Started to work on Selenium tests for Amazon Payments.\n", "labels_url": "https://api.github.com/repos/opencart/opencart/issues/1525/labels{/name}", "events_url": "https://api.github.com/repos/opencart/opencart/issues/1525/events", "comments_url": "https://api.github.com/repos/opencart/opencart/issues/1525/comments", "html_url": "https://github.com/opencart/opencart/pull/1525", "updated_at": "2014-06-21T18:44:19Z", "user": {"following_url": "https://api.github.com/users/Martynas-P/following{/other_user}", "events_url": "https://api.github.com/users/Martynas-P/events{/privacy}", "organizations_url": "https://api.github.com/users/Martynas-P/orgs", "url": "https://api.github.com/users/Martynas-P", "gists_url": "https://api.github.com/users/Martynas-P/gists{/gist_id}", "html_url": "https://github.com/Martynas-P", "subscriptions_url": "https://api.github.com/users/Martynas-P/subscriptions", "avatar_url": "https://avatars.githubusercontent.com/u/2590908?v=3", "repos_url": "https://api.github.com/users/Martynas-P/repos", "received_events_url": "https://api.github.com/users/Martynas-P/received_events", "gravatar_id": "", "starred_url": "https://api.github.com/users/Martynas-P/starred{/owner}{/repo}", "site_admin": false, "login": "Martynas-P", "type": "User", "id": 2590908, "followers_url": "https://api.github.com/users/Martynas-P/followers"}, "milestone": null, "locked": false, "url": "https://api.github.com/repos/opencart/opencart/issues/1525", "created_at": "2014-05-29T15:34:50Z", "assignees": []}, "id": 126038277}, {"commit_id": "da541ee2e6faeb223d25be51221a6e7b85dc1884", "commit_url": "https://api.github.com/repos/opencart/opencart/commits/da541ee2e6faeb223d25be51221a6e7b85dc1884", "url": "https://api.github.com/repos/opencart/opencart/issues/events/126038276", "created_at": "2014-05-29T15:35:19Z", "actor": {"following_url": "https://api.github.com/users/jamesallsup/following{/other_user}", "events_url": "https://api.github.com/users/jamesallsup/events{/privacy}", "organizations_url": "https://api.github.com/users/jamesallsup/orgs", "url": "https://api.github.com/users/jamesallsup", "gists_url": "https://api.github.com/users/jamesallsup/gists{/gist_id}", "html_url": "https://github.com/jamesallsup", "subscriptions_url": "https://api.github.com/users/jamesallsup/subscriptions", "avatar_url": "https://avatars.githubusercontent.com/u/2026129?v=3", "repos_url": "https://api.github.com/users/jamesallsup/repos", "received_events_url": "https://api.github.com/users/jamesallsup/received_events", "gravatar_id": "", "starred_url": "https://api.github.com/users/jamesallsup/starred{/owner}{/repo}", "site_admin": false, "login": "jamesallsup", "type": "User", "id": 2026129, "followers_url": "https://api.github.com/users/jamesallsup/followers"}, "event": "referenced", "issue": {"labels": [], "number": 1525, "assignee": null, "repository_url": "https://api.github.com/repos/opencart/opencart", "closed_at": "2014-05-29T15:35:19Z", "id": 34564998, "title": "Selenium tests for Amazon Payments", "pull_request": {"url": "https://api.github.com/repos/opencart/opencart/pulls/1525", "diff_url": "https://github.com/opencart/opencart/pull/1525.diff", "html_url": "https://github.com/opencart/opencart/pull/1525", "patch_url": "https://github.com/opencart/opencart/pull/1525.patch"}, "comments": 0, "state": "closed", "body": "Started to work on Selenium tests for Amazon Payments.\n", "labels_url": "https://api.github.com/repos/opencart/opencart/issues/1525/labels{/name}", "events_url": "https://api.github.com/repos/opencart/opencart/issues/1525/events", "comments_url": "https://api.github.com/repos/opencart/opencart/issues/1525/comments", "html_url": "https://github.com/opencart/opencart/pull/1525", "updated_at": "2014-06-21T18:44:19Z", "user": {"following_url": "https://api.github.com/users/Martynas-P/following{/other_user}", "events_url": "https://api.github.com/users/Martynas-P/events{/privacy}", "organizations_url": "https://api.github.com/users/Martynas-P/orgs", "url": "https://api.github.com/users/Martynas-P", "gists_url": "https://api.github.com/users/Martynas-P/gists{/gist_id}", "html_url": "https://github.com/Martynas-P", "subscriptions_url": "https://api.github.com/users/Martynas-P/subscriptions", "avatar_url": "https://avatars.githubusercontent.com/u/2590908?v=3", "repos_url": "https://api.github.com/users/Martynas-P/repos", "received_events_url": "https://api.github.com/users/Martynas-P/received_events", "gravatar_id": "", "starred_url": "https://api.github.com/users/Martynas-P/starred{/owner}{/repo}", "site_admin": false, "login": "Martynas-P", "type": "User", "id": 2590908, "followers_url": "https://api.github.com/users/Martynas-P/followers"}, "milestone": null, "locked": false, "url": "https://api.github.com/repos/opencart/opencart/issues/1525", "created_at": "2014-05-29T15:34:50Z", "assignees": []}, "id": 126038276}, {"commit_id": null, "commit_url": null, "url": "https://api.github.com/repos/opencart/opencart/issues/events/125472424", "created_at": "2014-05-28T09:38:50Z", "actor": {"following_url": "https://api.github.com/users/jamesallsup/following{/other_user}", "events_url": "https://api.github.com/users/jamesallsup/events{/privacy}", "organizations_url": "https://api.github.com/users/jamesallsup/orgs", "url": "https://api.github.com/users/jamesallsup", "gists_url": "https://api.github.com/users/jamesallsup/gists{/gist_id}", "html_url": "https://github.com/jamesallsup", "subscriptions_url": "https://api.github.com/users/jamesallsup/subscriptions", "avatar_url": "https://avatars.githubusercontent.com/u/2026129?v=3", "repos_url": "https://api.github.com/users/jamesallsup/repos", "received_events_url": "https://api.github.com/users/jamesallsup/received_events", "gravatar_id": "", "starred_url": "https://api.github.com/users/jamesallsup/starred{/owner}{/repo}", "site_admin": false, "login": "jamesallsup", "type": "User", "id": 2026129, "followers_url": "https://api.github.com/users/jamesallsup/followers"}, "event": "closed", "issue": {"labels": [], "number": 1523, "assignee": null, "repository_url": "https://api.github.com/repos/opencart/opencart", "closed_at": "2014-05-28T09:38:50Z", "id": 34448788, "title": "Added filtering by order's channel to OpenBay Pro's Bulk Order Update tool", "pull_request": {"url": "https://api.github.com/repos/opencart/opencart/pulls/1523", "diff_url": "https://github.com/opencart/opencart/pull/1523.diff", "html_url": "https://github.com/opencart/opencart/pull/1523", "patch_url": "https://github.com/opencart/opencart/pull/1523.patch"}, "comments": 0, "state": "closed", "body": "Users can now filter by order's channel (Web, eBay, Amazon EU or Amazon US).\n", "labels_url": "https://api.github.com/repos/opencart/opencart/issues/1523/labels{/name}", "events_url": "https://api.github.com/repos/opencart/opencart/issues/1523/events", "comments_url": "https://api.github.com/repos/opencart/opencart/issues/1523/comments", "html_url": "https://github.com/opencart/opencart/pull/1523", "updated_at": "2014-06-21T14:20:04Z", "user": {"following_url": "https://api.github.com/users/Martynas-P/following{/other_user}", "events_url": "https://api.github.com/users/Martynas-P/events{/privacy}", "organizations_url": "https://api.github.com/users/Martynas-P/orgs", "url": "https://api.github.com/users/Martynas-P", "gists_url": "https://api.github.com/users/Martynas-P/gists{/gist_id}", "html_url": "https://github.com/Martynas-P", "subscriptions_url": "https://api.github.com/users/Martynas-P/subscriptions", "avatar_url": "https://avatars.githubusercontent.com/u/2590908?v=3", "repos_url": "https://api.github.com/users/Martynas-P/repos", "received_events_url": "https://api.github.com/users/Martynas-P/received_events", "gravatar_id": "", "starred_url": "https://api.github.com/users/Martynas-P/starred{/owner}{/repo}", "site_admin": false, "login": "Martynas-P", "type": "User", "id": 2590908, "followers_url": "https://api.github.com/users/Martynas-P/followers"}, "milestone": null, "locked": false, "url": "https://api.github.com/repos/opencart/opencart/issues/1523", "created_at": "2014-05-28T09:14:50Z", "assignees": []}, "id": 125472424}, {"commit_id": "fdc8adaf7d1be5683df248c60cf07a73797ad132", "commit_url": "https://api.github.com/repos/opencart/opencart/commits/fdc8adaf7d1be5683df248c60cf07a73797ad132", "url": "https://api.github.com/repos/opencart/opencart/issues/events/125472423", "created_at": "2014-05-28T09:38:50Z", "actor": {"following_url": "https://api.github.com/users/jamesallsup/following{/other_user}", "events_url": "https://api.github.com/users/jamesallsup/events{/privacy}", "organizations_url": "https://api.github.com/users/jamesallsup/orgs", "url": "https://api.github.com/users/jamesallsup", "gists_url": "https://api.github.com/users/jamesallsup/gists{/gist_id}", "html_url": "https://github.com/jamesallsup", "subscriptions_url": "https://api.github.com/users/jamesallsup/subscriptions", "avatar_url": "https://avatars.githubusercontent.com/u/2026129?v=3", "repos_url": "https://api.github.com/users/jamesallsup/repos", "received_events_url": "https://api.github.com/users/jamesallsup/received_events", "gravatar_id": "", "starred_url": "https://api.github.com/users/jamesallsup/starred{/owner}{/repo}", "site_admin": false, "login": "jamesallsup", "type": "User", "id": 2026129, "followers_url": "https://api.github.com/users/jamesallsup/followers"}, "event": "merged", "issue": {"labels": [], "number": 1523, "assignee": null, "repository_url": "https://api.github.com/repos/opencart/opencart", "closed_at": "2014-05-28T09:38:50Z", "id": 34448788, "title": "Added filtering by order's channel to OpenBay Pro's Bulk Order Update tool", "pull_request": {"url": "https://api.github.com/repos/opencart/opencart/pulls/1523", "diff_url": "https://github.com/opencart/opencart/pull/1523.diff", "html_url": "https://github.com/opencart/opencart/pull/1523", "patch_url": "https://github.com/opencart/opencart/pull/1523.patch"}, "comments": 0, "state": "closed", "body": "Users can now filter by order's channel (Web, eBay, Amazon EU or Amazon US).\n", "labels_url": "https://api.github.com/repos/opencart/opencart/issues/1523/labels{/name}", "events_url": "https://api.github.com/repos/opencart/opencart/issues/1523/events", "comments_url": "https://api.github.com/repos/opencart/opencart/issues/1523/comments", "html_url": "https://github.com/opencart/opencart/pull/1523", "updated_at": "2014-06-21T14:20:04Z", "user": {"following_url": "https://api.github.com/users/Martynas-P/following{/other_user}", "events_url": "https://api.github.com/users/Martynas-P/events{/privacy}", "organizations_url": "https://api.github.com/users/Martynas-P/orgs", "url": "https://api.github.com/users/Martynas-P", "gists_url": "https://api.github.com/users/Martynas-P/gists{/gist_id}", "html_url": "https://github.com/Martynas-P", "subscriptions_url": "https://api.github.com/users/Martynas-P/subscriptions", "avatar_url": "https://avatars.githubusercontent.com/u/2590908?v=3", "repos_url": "https://api.github.com/users/Martynas-P/repos", "received_events_url": "https://api.github.com/users/Martynas-P/received_events", "gravatar_id": "", "starred_url": "https://api.github.com/users/Martynas-P/starred{/owner}{/repo}", "site_admin": false, "login": "Martynas-P", "type": "User", "id": 2590908, "followers_url": "https://api.github.com/users/Martynas-P/followers"}, "milestone": null, "locked": false, "url": "https://api.github.com/repos/opencart/opencart/issues/1523", "created_at": "2014-05-28T09:14:50Z", "assignees": []}, "id": 125472423}, {"commit_id": "fdc8adaf7d1be5683df248c60cf07a73797ad132", "commit_url": "https://api.github.com/repos/opencart/opencart/commits/fdc8adaf7d1be5683df248c60cf07a73797ad132", "url": "https://api.github.com/repos/opencart/opencart/issues/events/125472422", "created_at": "2014-05-28T09:38:50Z", "actor": {"following_url": "https://api.github.com/users/jamesallsup/following{/other_user}", "events_url": "https://api.github.com/users/jamesallsup/events{/privacy}", "organizations_url": "https://api.github.com/users/jamesallsup/orgs", "url": "https://api.github.com/users/jamesallsup", "gists_url": "https://api.github.com/users/jamesallsup/gists{/gist_id}", "html_url": "https://github.com/jamesallsup", "subscriptions_url": "https://api.github.com/users/jamesallsup/subscriptions", "avatar_url": "https://avatars.githubusercontent.com/u/2026129?v=3", "repos_url": "https://api.github.com/users/jamesallsup/repos", "received_events_url": "https://api.github.com/users/jamesallsup/received_events", "gravatar_id": "", "starred_url": "https://api.github.com/users/jamesallsup/starred{/owner}{/repo}", "site_admin": false, "login": "jamesallsup", "type": "User", "id": 2026129, "followers_url": "https://api.github.com/users/jamesallsup/followers"}, "event": "referenced", "issue": {"labels": [], "number": 1523, "assignee": null, "repository_url": "https://api.github.com/repos/opencart/opencart", "closed_at": "2014-05-28T09:38:50Z", "id": 34448788, "title": "Added filtering by order's channel to OpenBay Pro's Bulk Order Update tool", "pull_request": {"url": "https://api.github.com/repos/opencart/opencart/pulls/1523", "diff_url": "https://github.com/opencart/opencart/pull/1523.diff", "html_url": "https://github.com/opencart/opencart/pull/1523", "patch_url": "https://github.com/opencart/opencart/pull/1523.patch"}, "comments": 0, "state": "closed", "body": "Users can now filter by order's channel (Web, eBay, Amazon EU or Amazon US).\n", "labels_url": "https://api.github.com/repos/opencart/opencart/issues/1523/labels{/name}", "events_url": "https://api.github.com/repos/opencart/opencart/issues/1523/events", "comments_url": "https://api.github.com/repos/opencart/opencart/issues/1523/comments", "html_url": "https://github.com/opencart/opencart/pull/1523", "updated_at": "2014-06-21T14:20:04Z", "user": {"following_url": "https://api.github.com/users/Martynas-P/following{/other_user}", "events_url": "https://api.github.com/users/Martynas-P/events{/privacy}", "organizations_url": "https://api.github.com/users/Martynas-P/orgs", "url": "https://api.github.com/users/Martynas-P", "gists_url": "https://api.github.com/users/Martynas-P/gists{/gist_id}", "html_url": "https://github.com/Martynas-P", "subscriptions_url": "https://api.github.com/users/Martynas-P/subscriptions", "avatar_url": "https://avatars.githubusercontent.com/u/2590908?v=3", "repos_url": "https://api.github.com/users/Martynas-P/repos", "received_events_url": "https://api.github.com/users/Martynas-P/received_events", "gravatar_id": "", "starred_url": "https://api.github.com/users/Martynas-P/starred{/owner}{/repo}", "site_admin": false, "login": "Martynas-P", "type": "User", "id": 2590908, "followers_url": "https://api.github.com/users/Martynas-P/followers"}, "milestone": null, "locked": false, "url": "https://api.github.com/repos/opencart/opencart/issues/1523", "created_at": "2014-05-28T09:14:50Z", "assignees": []}, "id": 125472422}, {"commit_id": null, "commit_url": null, "url": "https://api.github.com/repos/opencart/opencart/issues/events/125444228", "created_at": "2014-05-28T08:11:28Z", "actor": {"following_url": "https://api.github.com/users/Martynas-P/following{/other_user}", "events_url": "https://api.github.com/users/Martynas-P/events{/privacy}", "organizations_url": "https://api.github.com/users/Martynas-P/orgs", "url": "https://api.github.com/users/Martynas-P", "gists_url": "https://api.github.com/users/Martynas-P/gists{/gist_id}", "html_url": "https://github.com/Martynas-P", "subscriptions_url": "https://api.github.com/users/Martynas-P/subscriptions", "avatar_url": "https://avatars.githubusercontent.com/u/2590908?v=3", "repos_url": "https://api.github.com/users/Martynas-P/repos", "received_events_url": "https://api.github.com/users/Martynas-P/received_events", "gravatar_id": "", "starred_url": "https://api.github.com/users/Martynas-P/starred{/owner}{/repo}", "site_admin": false, "login": "Martynas-P", "type": "User", "id": 2590908, "followers_url": "https://api.github.com/users/Martynas-P/followers"}, "event": "closed", "issue": {"labels": [], "number": 1522, "assignee": null, "repository_url": "https://api.github.com/repos/opencart/opencart", "closed_at": "2014-05-28T08:11:28Z", "id": 34444160, "title": "Shows order's channel on the sale/order and sale/order/info pages.", "pull_request": {"url": "https://api.github.com/repos/opencart/opencart/pulls/1522", "diff_url": "https://github.com/opencart/opencart/pull/1522.diff", "html_url": "https://github.com/opencart/opencart/pull/1522", "patch_url": "https://github.com/opencart/opencart/pull/1522.patch"}, "comments": 0, "state": "closed", "body": "Shows order's channel (OpenCart, eBay, Amazon EU or Amazon US) on the sale/order and sale/order/info pages.\n", "labels_url": "https://api.github.com/repos/opencart/opencart/issues/1522/labels{/name}", "events_url": "https://api.github.com/repos/opencart/opencart/issues/1522/events", "comments_url": "https://api.github.com/repos/opencart/opencart/issues/1522/comments", "html_url": "https://github.com/opencart/opencart/pull/1522", "updated_at": "2014-06-21T16:08:54Z", "user": {"following_url": "https://api.github.com/users/Martynas-P/following{/other_user}", "events_url": "https://api.github.com/users/Martynas-P/events{/privacy}", "organizations_url": "https://api.github.com/users/Martynas-P/orgs", "url": "https://api.github.com/users/Martynas-P", "gists_url": "https://api.github.com/users/Martynas-P/gists{/gist_id}", "html_url": "https://github.com/Martynas-P", "subscriptions_url": "https://api.github.com/users/Martynas-P/subscriptions", "avatar_url": "https://avatars.githubusercontent.com/u/2590908?v=3", "repos_url": "https://api.github.com/users/Martynas-P/repos", "received_events_url": "https://api.github.com/users/Martynas-P/received_events", "gravatar_id": "", "starred_url": "https://api.github.com/users/Martynas-P/starred{/owner}{/repo}", "site_admin": false, "login": "Martynas-P", "type": "User", "id": 2590908, "followers_url": "https://api.github.com/users/Martynas-P/followers"}, "milestone": null, "locked": false, "url": "https://api.github.com/repos/opencart/opencart/issues/1522", "created_at": "2014-05-28T08:03:36Z", "assignees": []}, "id": 125444228}, {"commit_id": "3eba779dbbac5c798efba4de2de12563a2f53596", "commit_url": "https://api.github.com/repos/opencart-ce/opencart-ce/commits/3eba779dbbac5c798efba4de2de12563a2f53596", "url": "https://api.github.com/repos/opencart/opencart/issues/events/125318478", "created_at": "2014-05-27T21:48:46Z", "actor": {"following_url": "https://api.github.com/users/opencarthelp/following{/other_user}", "events_url": "https://api.github.com/users/opencarthelp/events{/privacy}", "organizations_url": "https://api.github.com/users/opencarthelp/orgs", "url": "https://api.github.com/users/opencarthelp", "gists_url": "https://api.github.com/users/opencarthelp/gists{/gist_id}", "html_url": "https://github.com/opencarthelp", "subscriptions_url": "https://api.github.com/users/opencarthelp/subscriptions", "avatar_url": "https://avatars.githubusercontent.com/u/2072585?v=3", "repos_url": "https://api.github.com/users/opencarthelp/repos", "received_events_url": "https://api.github.com/users/opencarthelp/received_events", "gravatar_id": "", "starred_url": "https://api.github.com/users/opencarthelp/starred{/owner}{/repo}", "site_admin": false, "login": "opencarthelp", "type": "User", "id": 2072585, "followers_url": "https://api.github.com/users/opencarthelp/followers"}, "event": "referenced", "issue": {"body": "In a fresh install of 1.5.6.4, go to catalog/category.\n\nClick on page 2, look at the URI, you will see something like:\n\n/admin/index.php?route=catalog/category&token=TOKEN&page=2\n\nNow click back on to page 1, the URL now looks like:\n\n/admin/index.php?route=catalog/category&token=TOKEN&page=2&page=1\n", "labels": [], "locked": false, "title": "catalog/category - page url parameter being added to the URL twice", "url": "https://api.github.com/repos/opencart/opencart/issues/1521", "labels_url": "https://api.github.com/repos/opencart/opencart/issues/1521/labels{/name}", "created_at": "2014-05-27T13:26:16Z", "events_url": "https://api.github.com/repos/opencart/opencart/issues/1521/events", "comments_url": "https://api.github.com/repos/opencart/opencart/issues/1521/comments", "html_url": "https://github.com/opencart/opencart/issues/1521", "comments": 0, "number": 1521, "updated_at": "2014-05-27T15:24:29Z", "assignee": null, "state": "closed", "user": {"following_url": "https://api.github.com/users/jmb272/following{/other_user}", "events_url": "https://api.github.com/users/jmb272/events{/privacy}", "organizations_url": "https://api.github.com/users/jmb272/orgs", "url": "https://api.github.com/users/jmb272", "gists_url": "https://api.github.com/users/jmb272/gists{/gist_id}", "html_url": "https://github.com/jmb272", "subscriptions_url": "https://api.github.com/users/jmb272/subscriptions", "avatar_url": "https://avatars.githubusercontent.com/u/1574291?v=3", "repos_url": "https://api.github.com/users/jmb272/repos", "received_events_url": "https://api.github.com/users/jmb272/received_events", "gravatar_id": "", "starred_url": "https://api.github.com/users/jmb272/starred{/owner}{/repo}", "site_admin": false, "login": "jmb272", "type": "User", "id": 1574291, "followers_url": "https://api.github.com/users/jmb272/followers"}, "milestone": null, "repository_url": "https://api.github.com/repos/opencart/opencart", "closed_at": "2014-05-27T15:24:29Z", "assignees": [], "id": 34371852}, "id": 125318478}, {"commit_id": null, "commit_url": null, "url": "https://api.github.com/repos/opencart/opencart/issues/events/125202541", "created_at": "2014-05-27T17:18:36Z", "actor": {"following_url": "https://api.github.com/users/danielkerr/following{/other_user}", "events_url": "https://api.github.com/users/danielkerr/events{/privacy}", "organizations_url": "https://api.github.com/users/danielkerr/orgs", "url": "https://api.github.com/users/danielkerr", "gists_url": "https://api.github.com/users/danielkerr/gists{/gist_id}", "html_url": "https://github.com/danielkerr", "subscriptions_url": "https://api.github.com/users/danielkerr/subscriptions", "avatar_url": "https://avatars.githubusercontent.com/u/5079756?v=3", "repos_url": "https://api.github.com/users/danielkerr/repos", "received_events_url": "https://api.github.com/users/danielkerr/received_events", "gravatar_id": "", "starred_url": "https://api.github.com/users/danielkerr/starred{/owner}{/repo}", "site_admin": false, "login": "danielkerr", "type": "User", "id": 5079756, "followers_url": "https://api.github.com/users/danielkerr/followers"}, "event": "closed", "issue": {"labels": [], "number": 1420, "assignee": null, "repository_url": "https://api.github.com/repos/opencart/opencart", "closed_at": "2014-05-27T17:18:36Z", "id": 33244353, "title": "In response to bug 1414 I've added this fix to ensure the correct accoun...", "pull_request": {"url": "https://api.github.com/repos/opencart/opencart/pulls/1420", "diff_url": "https://github.com/opencart/opencart/pull/1420.diff", "html_url": "https://github.com/opencart/opencart/pull/1420", "patch_url": "https://github.com/opencart/opencart/pull/1420.patch"}, "comments": 0, "state": "closed", "body": "...t module is loaded before attempting to use custom fields.\n\nFor more information see https://github.com/opencart/opencart/issues/1414.\n", "labels_url": "https://api.github.com/repos/opencart/opencart/issues/1420/labels{/name}", "events_url": "https://api.github.com/repos/opencart/opencart/issues/1420/events", "comments_url": "https://api.github.com/repos/opencart/opencart/issues/1420/comments", "html_url": "https://github.com/opencart/opencart/pull/1420", "updated_at": "2014-06-19T03:55:04Z", "user": {"following_url": "https://api.github.com/users/richjowett/following{/other_user}", "events_url": "https://api.github.com/users/richjowett/events{/privacy}", "organizations_url": "https://api.github.com/users/richjowett/orgs", "url": "https://api.github.com/users/richjowett", "gists_url": "https://api.github.com/users/richjowett/gists{/gist_id}", "html_url": "https://github.com/richjowett", "subscriptions_url": "https://api.github.com/users/richjowett/subscriptions", "avatar_url": "https://avatars.githubusercontent.com/u/5247003?v=3", "repos_url": "https://api.github.com/users/richjowett/repos", "received_events_url": "https://api.github.com/users/richjowett/received_events", "gravatar_id": "", "starred_url": "https://api.github.com/users/richjowett/starred{/owner}{/repo}", "site_admin": false, "login": "richjowett", "type": "User", "id": 5247003, "followers_url": "https://api.github.com/users/richjowett/followers"}, "milestone": null, "locked": false, "url": "https://api.github.com/repos/opencart/opencart/issues/1420", "created_at": "2014-05-10T18:04:30Z", "assignees": []}, "id": 125202541}, {"commit_id": null, "commit_url": null, "url": "https://api.github.com/repos/opencart/opencart/issues/events/125149165", "created_at": "2014-05-27T15:24:40Z", "actor": {"following_url": "https://api.github.com/users/danielkerr/following{/other_user}", "events_url": "https://api.github.com/users/danielkerr/events{/privacy}", "organizations_url": "https://api.github.com/users/danielkerr/orgs", "url": "https://api.github.com/users/danielkerr", "gists_url": "https://api.github.com/users/danielkerr/gists{/gist_id}", "html_url": "https://github.com/danielkerr", "subscriptions_url": "https://api.github.com/users/danielkerr/subscriptions", "avatar_url": "https://avatars.githubusercontent.com/u/5079756?v=3", "repos_url": "https://api.github.com/users/danielkerr/repos", "received_events_url": "https://api.github.com/users/danielkerr/received_events", "gravatar_id": "", "starred_url": "https://api.github.com/users/danielkerr/starred{/owner}{/repo}", "site_admin": false, "login": "danielkerr", "type": "User", "id": 5079756, "followers_url": "https://api.github.com/users/danielkerr/followers"}, "event": "closed", "issue": {"body": "", "labels": [], "locked": false, "title": "Need some kind of menu item selected class adding", "url": "https://api.github.com/repos/opencart/opencart/issues/1519", "labels_url": "https://api.github.com/repos/opencart/opencart/issues/1519/labels{/name}", "created_at": "2014-05-27T10:16:56Z", "events_url": "https://api.github.com/repos/opencart/opencart/issues/1519/events", "comments_url": "https://api.github.com/repos/opencart/opencart/issues/1519/comments", "html_url": "https://github.com/opencart/opencart/issues/1519", "comments": 0, "number": 1519, "updated_at": "2014-05-27T15:24:40Z", "assignee": null, "state": "closed", "user": {"following_url": "https://api.github.com/users/mevsme/following{/other_user}", "events_url": "https://api.github.com/users/mevsme/events{/privacy}", "organizations_url": "https://api.github.com/users/mevsme/orgs", "url": "https://api.github.com/users/mevsme", "gists_url": "https://api.github.com/users/mevsme/gists{/gist_id}", "html_url": "https://github.com/mevsme", "subscriptions_url": "https://api.github.com/users/mevsme/subscriptions", "avatar_url": "https://avatars.githubusercontent.com/u/1394030?v=3", "repos_url": "https://api.github.com/users/mevsme/repos", "received_events_url": "https://api.github.com/users/mevsme/received_events", "gravatar_id": "", "starred_url": "https://api.github.com/users/mevsme/starred{/owner}{/repo}", "site_admin": false, "login": "mevsme", "type": "User", "id": 1394030, "followers_url": "https://api.github.com/users/mevsme/followers"}, "milestone": null, "repository_url": "https://api.github.com/repos/opencart/opencart", "closed_at": "2014-05-27T15:24:40Z", "assignees": [], "id": 34358200}, "id": 125149165}, {"commit_id": "0ccecc881fc1bf47445616eb825f3e32c9e5db8b", "commit_url": "https://api.github.com/repos/opencart/opencart/commits/0ccecc881fc1bf47445616eb825f3e32c9e5db8b", "url": "https://api.github.com/repos/opencart/opencart/issues/events/125148993", "created_at": "2014-05-27T15:24:31Z", "actor": {"following_url": "https://api.github.com/users/danielkerr/following{/other_user}", "events_url": "https://api.github.com/users/danielkerr/events{/privacy}", "organizations_url": "https://api.github.com/users/danielkerr/orgs", "url": "https://api.github.com/users/danielkerr", "gists_url": "https://api.github.com/users/danielkerr/gists{/gist_id}", "html_url": "https://github.com/danielkerr", "subscriptions_url": "https://api.github.com/users/danielkerr/subscriptions", "avatar_url": "https://avatars.githubusercontent.com/u/5079756?v=3", "repos_url": "https://api.github.com/users/danielkerr/repos", "received_events_url": "https://api.github.com/users/danielkerr/received_events", "gravatar_id": "", "starred_url": "https://api.github.com/users/danielkerr/starred{/owner}{/repo}", "site_admin": false, "login": "danielkerr", "type": "User", "id": 5079756, "followers_url": "https://api.github.com/users/danielkerr/followers"}, "event": "referenced", "issue": {"body": "In a fresh install of 1.5.6.4, go to catalog/category.\n\nClick on page 2, look at the URI, you will see something like:\n\n/admin/index.php?route=catalog/category&token=TOKEN&page=2\n\nNow click back on to page 1, the URL now looks like:\n\n/admin/index.php?route=catalog/category&token=TOKEN&page=2&page=1\n", "labels": [], "locked": false, "title": "catalog/category - page url parameter being added to the URL twice", "url": "https://api.github.com/repos/opencart/opencart/issues/1521", "labels_url": "https://api.github.com/repos/opencart/opencart/issues/1521/labels{/name}", "created_at": "2014-05-27T13:26:16Z", "events_url": "https://api.github.com/repos/opencart/opencart/issues/1521/events", "comments_url": "https://api.github.com/repos/opencart/opencart/issues/1521/comments", "html_url": "https://github.com/opencart/opencart/issues/1521", "comments": 0, "number": 1521, "updated_at": "2014-05-27T15:24:29Z", "assignee": null, "state": "closed", "user": {"following_url": "https://api.github.com/users/jmb272/following{/other_user}", "events_url": "https://api.github.com/users/jmb272/events{/privacy}", "organizations_url": "https://api.github.com/users/jmb272/orgs", "url": "https://api.github.com/users/jmb272", "gists_url": "https://api.github.com/users/jmb272/gists{/gist_id}", "html_url": "https://github.com/jmb272", "subscriptions_url": "https://api.github.com/users/jmb272/subscriptions", "avatar_url": "https://avatars.githubusercontent.com/u/1574291?v=3", "repos_url": "https://api.github.com/users/jmb272/repos", "received_events_url": "https://api.github.com/users/jmb272/received_events", "gravatar_id": "", "starred_url": "https://api.github.com/users/jmb272/starred{/owner}{/repo}", "site_admin": false, "login": "jmb272", "type": "User", "id": 1574291, "followers_url": "https://api.github.com/users/jmb272/followers"}, "milestone": null, "repository_url": "https://api.github.com/repos/opencart/opencart", "closed_at": "2014-05-27T15:24:29Z", "assignees": [], "id": 34371852}, "id": 125148993}, {"commit_id": null, "commit_url": null, "url": "https://api.github.com/repos/opencart/opencart/issues/events/125148967", "created_at": "2014-05-27T15:24:29Z", "actor": {"following_url": "https://api.github.com/users/danielkerr/following{/other_user}", "events_url": "https://api.github.com/users/danielkerr/events{/privacy}", "organizations_url": "https://api.github.com/users/danielkerr/orgs", "url": "https://api.github.com/users/danielkerr", "gists_url": "https://api.github.com/users/danielkerr/gists{/gist_id}", "html_url": "https://github.com/danielkerr", "subscriptions_url": "https://api.github.com/users/danielkerr/subscriptions", "avatar_url": "https://avatars.githubusercontent.com/u/5079756?v=3", "repos_url": "https://api.github.com/users/danielkerr/repos", "received_events_url": "https://api.github.com/users/danielkerr/received_events", "gravatar_id": "", "starred_url": "https://api.github.com/users/danielkerr/starred{/owner}{/repo}", "site_admin": false, "login": "danielkerr", "type": "User", "id": 5079756, "followers_url": "https://api.github.com/users/danielkerr/followers"}, "event": "closed", "issue": {"body": "In a fresh install of 1.5.6.4, go to catalog/category.\n\nClick on page 2, look at the URI, you will see something like:\n\n/admin/index.php?route=catalog/category&token=TOKEN&page=2\n\nNow click back on to page 1, the URL now looks like:\n\n/admin/index.php?route=catalog/category&token=TOKEN&page=2&page=1\n", "labels": [], "locked": false, "title": "catalog/category - page url parameter being added to the URL twice", "url": "https://api.github.com/repos/opencart/opencart/issues/1521", "labels_url": "https://api.github.com/repos/opencart/opencart/issues/1521/labels{/name}", "created_at": "2014-05-27T13:26:16Z", "events_url": "https://api.github.com/repos/opencart/opencart/issues/1521/events", "comments_url": "https://api.github.com/repos/opencart/opencart/issues/1521/comments", "html_url": "https://github.com/opencart/opencart/issues/1521", "comments": 0, "number": 1521, "updated_at": "2014-05-27T15:24:29Z", "assignee": null, "state": "closed", "user": {"following_url": "https://api.github.com/users/jmb272/following{/other_user}", "events_url": "https://api.github.com/users/jmb272/events{/privacy}", "organizations_url": "https://api.github.com/users/jmb272/orgs", "url": "https://api.github.com/users/jmb272", "gists_url": "https://api.github.com/users/jmb272/gists{/gist_id}", "html_url": "https://github.com/jmb272", "subscriptions_url": "https://api.github.com/users/jmb272/subscriptions", "avatar_url": "https://avatars.githubusercontent.com/u/1574291?v=3", "repos_url": "https://api.github.com/users/jmb272/repos", "received_events_url": "https://api.github.com/users/jmb272/received_events", "gravatar_id": "", "starred_url": "https://api.github.com/users/jmb272/starred{/owner}{/repo}", "site_admin": false, "login": "jmb272", "type": "User", "id": 1574291, "followers_url": "https://api.github.com/users/jmb272/followers"}, "milestone": null, "repository_url": "https://api.github.com/repos/opencart/opencart", "closed_at": "2014-05-27T15:24:29Z", "assignees": [], "id": 34371852}, "id": 125148967}, {"commit_id": null, "commit_url": null, "url": "https://api.github.com/repos/opencart/opencart/issues/events/125147203", "created_at": "2014-05-27T15:21:42Z", "actor": {"following_url": "https://api.github.com/users/danielkerr/following{/other_user}", "events_url": "https://api.github.com/users/danielkerr/events{/privacy}", "organizations_url": "https://api.github.com/users/danielkerr/orgs", "url": "https://api.github.com/users/danielkerr", "gists_url": "https://api.github.com/users/danielkerr/gists{/gist_id}", "html_url": "https://github.com/danielkerr", "subscriptions_url": "https://api.github.com/users/danielkerr/subscriptions", "avatar_url": "https://avatars.githubusercontent.com/u/5079756?v=3", "repos_url": "https://api.github.com/users/danielkerr/repos", "received_events_url": "https://api.github.com/users/danielkerr/received_events", "gravatar_id": "", "starred_url": "https://api.github.com/users/danielkerr/starred{/owner}{/repo}", "site_admin": false, "login": "danielkerr", "type": "User", "id": 5079756, "followers_url": "https://api.github.com/users/danielkerr/followers"}, "event": "closed", "issue": {"body": "Hello Daniel,\n\nTest on your latest git version.\n\nThere is an error just after clicking the continue button on the registration form.\n\nWarning: Invalid argument supplied for foreach() in /home/www/**_/system/library/mail.php on line 21Warning: Cannot modify header information - headers already sent by (output started at /home/www/**_/index.php:93) in /home/www/**_/system/library/response.php on line 12Warning: Cannot modify header information - headers already sent by (output started at /home/www/**_/index.php:93) in /home/www/***/system/library/response.php on line 13\n", "labels": [], "locked": false, "title": "Registration issue", "url": "https://api.github.com/repos/opencart/opencart/issues/1520", "labels_url": "https://api.github.com/repos/opencart/opencart/issues/1520/labels{/name}", "created_at": "2014-05-27T11:27:19Z", "events_url": "https://api.github.com/repos/opencart/opencart/issues/1520/events", "comments_url": "https://api.github.com/repos/opencart/opencart/issues/1520/comments", "html_url": "https://github.com/opencart/opencart/issues/1520", "comments": 2, "number": 1520, "updated_at": "2014-05-27T15:24:51Z", "assignee": null, "state": "closed", "user": {"following_url": "https://api.github.com/users/ghost/following{/other_user}", "events_url": "https://api.github.com/users/ghost/events{/privacy}", "organizations_url": "https://api.github.com/users/ghost/orgs", "url": "https://api.github.com/users/ghost", "gists_url": "https://api.github.com/users/ghost/gists{/gist_id}", "html_url": "https://github.com/ghost", "subscriptions_url": "https://api.github.com/users/ghost/subscriptions", "avatar_url": "https://avatars.githubusercontent.com/u/10137?v=3", "repos_url": "https://api.github.com/users/ghost/repos", "received_events_url": "https://api.github.com/users/ghost/received_events", "gravatar_id": "", "starred_url": "https://api.github.com/users/ghost/starred{/owner}{/repo}", "site_admin": false, "login": "ghost", "type": "User", "id": 10137, "followers_url": "https://api.github.com/users/ghost/followers"}, "milestone": null, "repository_url": "https://api.github.com/repos/opencart/opencart", "closed_at": "2014-05-27T15:21:42Z", "assignees": [], "id": 34362916}, "id": 125147203}, {"commit_id": null, "commit_url": null, "url": "https://api.github.com/repos/opencart/opencart/issues/events/124991895", "created_at": "2014-05-27T08:21:55Z", "actor": {"following_url": "https://api.github.com/users/jamesallsup/following{/other_user}", "events_url": "https://api.github.com/users/jamesallsup/events{/privacy}", "organizations_url": "https://api.github.com/users/jamesallsup/orgs", "url": "https://api.github.com/users/jamesallsup", "gists_url": "https://api.github.com/users/jamesallsup/gists{/gist_id}", "html_url": "https://github.com/jamesallsup", "subscriptions_url": "https://api.github.com/users/jamesallsup/subscriptions", "avatar_url": "https://avatars.githubusercontent.com/u/2026129?v=3", "repos_url": "https://api.github.com/users/jamesallsup/repos", "received_events_url": "https://api.github.com/users/jamesallsup/received_events", "gravatar_id": "", "starred_url": "https://api.github.com/users/jamesallsup/starred{/owner}{/repo}", "site_admin": false, "login": "jamesallsup", "type": "User", "id": 2026129, "followers_url": "https://api.github.com/users/jamesallsup/followers"}, "event": "closed", "issue": {"labels": [], "number": 1489, "assignee": null, "repository_url": "https://api.github.com/repos/opencart/opencart", "closed_at": "2014-05-27T08:21:55Z", "id": 34187799, "title": "Bugfix on the cart page; More selenium tests", "pull_request": {"url": "https://api.github.com/repos/opencart/opencart/pulls/1489", "diff_url": "https://github.com/opencart/opencart/pull/1489.diff", "html_url": "https://github.com/opencart/opencart/pull/1489", "patch_url": "https://github.com/opencart/opencart/pull/1489.patch"}, "comments": 1, "state": "closed", "body": "Added more Selenium tests. Fixed a bug on the cart page - now it's possible to update quantities.\n", "labels_url": "https://api.github.com/repos/opencart/opencart/issues/1489/labels{/name}", "events_url": "https://api.github.com/repos/opencart/opencart/issues/1489/events", "comments_url": "https://api.github.com/repos/opencart/opencart/issues/1489/comments", "html_url": "https://github.com/opencart/opencart/pull/1489", "updated_at": "2014-06-16T07:52:21Z", "user": {"following_url": "https://api.github.com/users/Martynas-P/following{/other_user}", "events_url": "https://api.github.com/users/Martynas-P/events{/privacy}", "organizations_url": "https://api.github.com/users/Martynas-P/orgs", "url": "https://api.github.com/users/Martynas-P", "gists_url": "https://api.github.com/users/Martynas-P/gists{/gist_id}", "html_url": "https://github.com/Martynas-P", "subscriptions_url": "https://api.github.com/users/Martynas-P/subscriptions", "avatar_url": "https://avatars.githubusercontent.com/u/2590908?v=3", "repos_url": "https://api.github.com/users/Martynas-P/repos", "received_events_url": "https://api.github.com/users/Martynas-P/received_events", "gravatar_id": "", "starred_url": "https://api.github.com/users/Martynas-P/starred{/owner}{/repo}", "site_admin": false, "login": "Martynas-P", "type": "User", "id": 2590908, "followers_url": "https://api.github.com/users/Martynas-P/followers"}, "milestone": null, "locked": false, "url": "https://api.github.com/repos/opencart/opencart/issues/1489", "created_at": "2014-05-23T15:53:16Z", "assignees": []}, "id": 124991895}, {"commit_id": "aacb55072643f0d57702b57e678da6a07ca13d1d", "commit_url": "https://api.github.com/repos/opencart/opencart/commits/aacb55072643f0d57702b57e678da6a07ca13d1d", "url": "https://api.github.com/repos/opencart/opencart/issues/events/124991894", "created_at": "2014-05-27T08:21:55Z", "actor": {"following_url": "https://api.github.com/users/jamesallsup/following{/other_user}", "events_url": "https://api.github.com/users/jamesallsup/events{/privacy}", "organizations_url": "https://api.github.com/users/jamesallsup/orgs", "url": "https://api.github.com/users/jamesallsup", "gists_url": "https://api.github.com/users/jamesallsup/gists{/gist_id}", "html_url": "https://github.com/jamesallsup", "subscriptions_url": "https://api.github.com/users/jamesallsup/subscriptions", "avatar_url": "https://avatars.githubusercontent.com/u/2026129?v=3", "repos_url": "https://api.github.com/users/jamesallsup/repos", "received_events_url": "https://api.github.com/users/jamesallsup/received_events", "gravatar_id": "", "starred_url": "https://api.github.com/users/jamesallsup/starred{/owner}{/repo}", "site_admin": false, "login": "jamesallsup", "type": "User", "id": 2026129, "followers_url": "https://api.github.com/users/jamesallsup/followers"}, "event": "merged", "issue": {"labels": [], "number": 1489, "assignee": null, "repository_url": "https://api.github.com/repos/opencart/opencart", "closed_at": "2014-05-27T08:21:55Z", "id": 34187799, "title": "Bugfix on the cart page; More selenium tests", "pull_request": {"url": "https://api.github.com/repos/opencart/opencart/pulls/1489", "diff_url": "https://github.com/opencart/opencart/pull/1489.diff", "html_url": "https://github.com/opencart/opencart/pull/1489", "patch_url": "https://github.com/opencart/opencart/pull/1489.patch"}, "comments": 1, "state": "closed", "body": "Added more Selenium tests. Fixed a bug on the cart page - now it's possible to update quantities.\n", "labels_url": "https://api.github.com/repos/opencart/opencart/issues/1489/labels{/name}", "events_url": "https://api.github.com/repos/opencart/opencart/issues/1489/events", "comments_url": "https://api.github.com/repos/opencart/opencart/issues/1489/comments", "html_url": "https://github.com/opencart/opencart/pull/1489", "updated_at": "2014-06-16T07:52:21Z", "user": {"following_url": "https://api.github.com/users/Martynas-P/following{/other_user}", "events_url": "https://api.github.com/users/Martynas-P/events{/privacy}", "organizations_url": "https://api.github.com/users/Martynas-P/orgs", "url": "https://api.github.com/users/Martynas-P", "gists_url": "https://api.github.com/users/Martynas-P/gists{/gist_id}", "html_url": "https://github.com/Martynas-P", "subscriptions_url": "https://api.github.com/users/Martynas-P/subscriptions", "avatar_url": "https://avatars.githubusercontent.com/u/2590908?v=3", "repos_url": "https://api.github.com/users/Martynas-P/repos", "received_events_url": "https://api.github.com/users/Martynas-P/received_events", "gravatar_id": "", "starred_url": "https://api.github.com/users/Martynas-P/starred{/owner}{/repo}", "site_admin": false, "login": "Martynas-P", "type": "User", "id": 2590908, "followers_url": "https://api.github.com/users/Martynas-P/followers"}, "milestone": null, "locked": false, "url": "https://api.github.com/repos/opencart/opencart/issues/1489", "created_at": "2014-05-23T15:53:16Z", "assignees": []}, "id": 124991894}, {"commit_id": "aacb55072643f0d57702b57e678da6a07ca13d1d", "commit_url": "https://api.github.com/repos/opencart/opencart/commits/aacb55072643f0d57702b57e678da6a07ca13d1d", "url": "https://api.github.com/repos/opencart/opencart/issues/events/124991893", "created_at": "2014-05-27T08:21:55Z", "actor": {"following_url": "https://api.github.com/users/jamesallsup/following{/other_user}", "events_url": "https://api.github.com/users/jamesallsup/events{/privacy}", "organizations_url": "https://api.github.com/users/jamesallsup/orgs", "url": "https://api.github.com/users/jamesallsup", "gists_url": "https://api.github.com/users/jamesallsup/gists{/gist_id}", "html_url": "https://github.com/jamesallsup", "subscriptions_url": "https://api.github.com/users/jamesallsup/subscriptions", "avatar_url": "https://avatars.githubusercontent.com/u/2026129?v=3", "repos_url": "https://api.github.com/users/jamesallsup/repos", "received_events_url": "https://api.github.com/users/jamesallsup/received_events", "gravatar_id": "", "starred_url": "https://api.github.com/users/jamesallsup/starred{/owner}{/repo}", "site_admin": false, "login": "jamesallsup", "type": "User", "id": 2026129, "followers_url": "https://api.github.com/users/jamesallsup/followers"}, "event": "referenced", "issue": {"labels": [], "number": 1489, "assignee": null, "repository_url": "https://api.github.com/repos/opencart/opencart", "closed_at": "2014-05-27T08:21:55Z", "id": 34187799, "title": "Bugfix on the cart page; More selenium tests", "pull_request": {"url": "https://api.github.com/repos/opencart/opencart/pulls/1489", "diff_url": "https://github.com/opencart/opencart/pull/1489.diff", "html_url": "https://github.com/opencart/opencart/pull/1489", "patch_url": "https://github.com/opencart/opencart/pull/1489.patch"}, "comments": 1, "state": "closed", "body": "Added more Selenium tests. Fixed a bug on the cart page - now it's possible to update quantities.\n", "labels_url": "https://api.github.com/repos/opencart/opencart/issues/1489/labels{/name}", "events_url": "https://api.github.com/repos/opencart/opencart/issues/1489/events", "comments_url": "https://api.github.com/repos/opencart/opencart/issues/1489/comments", "html_url": "https://github.com/opencart/opencart/pull/1489", "updated_at": "2014-06-16T07:52:21Z", "user": {"following_url": "https://api.github.com/users/Martynas-P/following{/other_user}", "events_url": "https://api.github.com/users/Martynas-P/events{/privacy}", "organizations_url": "https://api.github.com/users/Martynas-P/orgs", "url": "https://api.github.com/users/Martynas-P", "gists_url": "https://api.github.com/users/Martynas-P/gists{/gist_id}", "html_url": "https://github.com/Martynas-P", "subscriptions_url": "https://api.github.com/users/Martynas-P/subscriptions", "avatar_url": "https://avatars.githubusercontent.com/u/2590908?v=3", "repos_url": "https://api.github.com/users/Martynas-P/repos", "received_events_url": "https://api.github.com/users/Martynas-P/received_events", "gravatar_id": "", "starred_url": "https://api.github.com/users/Martynas-P/starred{/owner}{/repo}", "site_admin": false, "login": "Martynas-P", "type": "User", "id": 2590908, "followers_url": "https://api.github.com/users/Martynas-P/followers"}, "milestone": null, "locked": false, "url": "https://api.github.com/repos/opencart/opencart/issues/1489", "created_at": "2014-05-23T15:53:16Z", "assignees": []}, "id": 124991893}, {"commit_id": null, "commit_url": null, "url": "https://api.github.com/repos/opencart/opencart/issues/events/124991371", "created_at": "2014-05-27T08:19:56Z", "actor": {"following_url": "https://api.github.com/users/jamesallsup/following{/other_user}", "events_url": "https://api.github.com/users/jamesallsup/events{/privacy}", "organizations_url": "https://api.github.com/users/jamesallsup/orgs", "url": "https://api.github.com/users/jamesallsup", "gists_url": "https://api.github.com/users/jamesallsup/gists{/gist_id}", "html_url": "https://github.com/jamesallsup", "subscriptions_url": "https://api.github.com/users/jamesallsup/subscriptions", "avatar_url": "https://avatars.githubusercontent.com/u/2026129?v=3", "repos_url": "https://api.github.com/users/jamesallsup/repos", "received_events_url": "https://api.github.com/users/jamesallsup/received_events", "gravatar_id": "", "starred_url": "https://api.github.com/users/jamesallsup/starred{/owner}{/repo}", "site_admin": false, "login": "jamesallsup", "type": "User", "id": 2026129, "followers_url": "https://api.github.com/users/jamesallsup/followers"}, "event": "closed", "issue": {"labels": [], "number": 1472, "assignee": null, "repository_url": "https://api.github.com/repos/opencart/opencart", "closed_at": "2014-05-27T08:19:56Z", "id": 34174445, "title": "Fixed the usage of ternary operator in Amazon US.", "pull_request": {"url": "https://api.github.com/repos/opencart/opencart/pulls/1472", "diff_url": "https://github.com/opencart/opencart/pull/1472.diff", "html_url": "https://github.com/opencart/opencart/pull/1472", "patch_url": "https://github.com/opencart/opencart/pull/1472.patch"}, "comments": 1, "state": "closed", "body": "Fixed the usage of ternary operator in Amazon US.\n", "labels_url": "https://api.github.com/repos/opencart/opencart/issues/1472/labels{/name}", "events_url": "https://api.github.com/repos/opencart/opencart/issues/1472/events", "comments_url": "https://api.github.com/repos/opencart/opencart/issues/1472/comments", "html_url": "https://github.com/opencart/opencart/pull/1472", "updated_at": "2014-06-21T15:32:38Z", "user": {"following_url": "https://api.github.com/users/Martynas-P/following{/other_user}", "events_url": "https://api.github.com/users/Martynas-P/events{/privacy}", "organizations_url": "https://api.github.com/users/Martynas-P/orgs", "url": "https://api.github.com/users/Martynas-P", "gists_url": "https://api.github.com/users/Martynas-P/gists{/gist_id}", "html_url": "https://github.com/Martynas-P", "subscriptions_url": "https://api.github.com/users/Martynas-P/subscriptions", "avatar_url": "https://avatars.githubusercontent.com/u/2590908?v=3", "repos_url": "https://api.github.com/users/Martynas-P/repos", "received_events_url": "https://api.github.com/users/Martynas-P/received_events", "gravatar_id": "", "starred_url": "https://api.github.com/users/Martynas-P/starred{/owner}{/repo}", "site_admin": false, "login": "Martynas-P", "type": "User", "id": 2590908, "followers_url": "https://api.github.com/users/Martynas-P/followers"}, "milestone": null, "locked": false, "url": "https://api.github.com/repos/opencart/opencart/issues/1472", "created_at": "2014-05-23T13:27:52Z", "assignees": []}, "id": 124991371}, {"commit_id": "d0a487c7cd3f70f0f86bae3531151a72e76a53b0", "commit_url": "https://api.github.com/repos/opencart/opencart/commits/d0a487c7cd3f70f0f86bae3531151a72e76a53b0", "url": "https://api.github.com/repos/opencart/opencart/issues/events/124991370", "created_at": "2014-05-27T08:19:56Z", "actor": {"following_url": "https://api.github.com/users/jamesallsup/following{/other_user}", "events_url": "https://api.github.com/users/jamesallsup/events{/privacy}", "organizations_url": "https://api.github.com/users/jamesallsup/orgs", "url": "https://api.github.com/users/jamesallsup", "gists_url": "https://api.github.com/users/jamesallsup/gists{/gist_id}", "html_url": "https://github.com/jamesallsup", "subscriptions_url": "https://api.github.com/users/jamesallsup/subscriptions", "avatar_url": "https://avatars.githubusercontent.com/u/2026129?v=3", "repos_url": "https://api.github.com/users/jamesallsup/repos", "received_events_url": "https://api.github.com/users/jamesallsup/received_events", "gravatar_id": "", "starred_url": "https://api.github.com/users/jamesallsup/starred{/owner}{/repo}", "site_admin": false, "login": "jamesallsup", "type": "User", "id": 2026129, "followers_url": "https://api.github.com/users/jamesallsup/followers"}, "event": "merged", "issue": {"labels": [], "number": 1472, "assignee": null, "repository_url": "https://api.github.com/repos/opencart/opencart", "closed_at": "2014-05-27T08:19:56Z", "id": 34174445, "title": "Fixed the usage of ternary operator in Amazon US.", "pull_request": {"url": "https://api.github.com/repos/opencart/opencart/pulls/1472", "diff_url": "https://github.com/opencart/opencart/pull/1472.diff", "html_url": "https://github.com/opencart/opencart/pull/1472", "patch_url": "https://github.com/opencart/opencart/pull/1472.patch"}, "comments": 1, "state": "closed", "body": "Fixed the usage of ternary operator in Amazon US.\n", "labels_url": "https://api.github.com/repos/opencart/opencart/issues/1472/labels{/name}", "events_url": "https://api.github.com/repos/opencart/opencart/issues/1472/events", "comments_url": "https://api.github.com/repos/opencart/opencart/issues/1472/comments", "html_url": "https://github.com/opencart/opencart/pull/1472", "updated_at": "2014-06-21T15:32:38Z", "user": {"following_url": "https://api.github.com/users/Martynas-P/following{/other_user}", "events_url": "https://api.github.com/users/Martynas-P/events{/privacy}", "organizations_url": "https://api.github.com/users/Martynas-P/orgs", "url": "https://api.github.com/users/Martynas-P", "gists_url": "https://api.github.com/users/Martynas-P/gists{/gist_id}", "html_url": "https://github.com/Martynas-P", "subscriptions_url": "https://api.github.com/users/Martynas-P/subscriptions", "avatar_url": "https://avatars.githubusercontent.com/u/2590908?v=3", "repos_url": "https://api.github.com/users/Martynas-P/repos", "received_events_url": "https://api.github.com/users/Martynas-P/received_events", "gravatar_id": "", "starred_url": "https://api.github.com/users/Martynas-P/starred{/owner}{/repo}", "site_admin": false, "login": "Martynas-P", "type": "User", "id": 2590908, "followers_url": "https://api.github.com/users/Martynas-P/followers"}, "milestone": null, "locked": false, "url": "https://api.github.com/repos/opencart/opencart/issues/1472", "created_at": "2014-05-23T13:27:52Z", "assignees": []}, "id": 124991370}, {"commit_id": "d0a487c7cd3f70f0f86bae3531151a72e76a53b0", "commit_url": "https://api.github.com/repos/opencart/opencart/commits/d0a487c7cd3f70f0f86bae3531151a72e76a53b0", "url": "https://api.github.com/repos/opencart/opencart/issues/events/124991369", "created_at": "2014-05-27T08:19:56Z", "actor": {"following_url": "https://api.github.com/users/jamesallsup/following{/other_user}", "events_url": "https://api.github.com/users/jamesallsup/events{/privacy}", "organizations_url": "https://api.github.com/users/jamesallsup/orgs", "url": "https://api.github.com/users/jamesallsup", "gists_url": "https://api.github.com/users/jamesallsup/gists{/gist_id}", "html_url": "https://github.com/jamesallsup", "subscriptions_url": "https://api.github.com/users/jamesallsup/subscriptions", "avatar_url": "https://avatars.githubusercontent.com/u/2026129?v=3", "repos_url": "https://api.github.com/users/jamesallsup/repos", "received_events_url": "https://api.github.com/users/jamesallsup/received_events", "gravatar_id": "", "starred_url": "https://api.github.com/users/jamesallsup/starred{/owner}{/repo}", "site_admin": false, "login": "jamesallsup", "type": "User", "id": 2026129, "followers_url": "https://api.github.com/users/jamesallsup/followers"}, "event": "referenced", "issue": {"labels": [], "number": 1472, "assignee": null, "repository_url": "https://api.github.com/repos/opencart/opencart", "closed_at": "2014-05-27T08:19:56Z", "id": 34174445, "title": "Fixed the usage of ternary operator in Amazon US.", "pull_request": {"url": "https://api.github.com/repos/opencart/opencart/pulls/1472", "diff_url": "https://github.com/opencart/opencart/pull/1472.diff", "html_url": "https://github.com/opencart/opencart/pull/1472", "patch_url": "https://github.com/opencart/opencart/pull/1472.patch"}, "comments": 1, "state": "closed", "body": "Fixed the usage of ternary operator in Amazon US.\n", "labels_url": "https://api.github.com/repos/opencart/opencart/issues/1472/labels{/name}", "events_url": "https://api.github.com/repos/opencart/opencart/issues/1472/events", "comments_url": "https://api.github.com/repos/opencart/opencart/issues/1472/comments", "html_url": "https://github.com/opencart/opencart/pull/1472", "updated_at": "2014-06-21T15:32:38Z", "user": {"following_url": "https://api.github.com/users/Martynas-P/following{/other_user}", "events_url": "https://api.github.com/users/Martynas-P/events{/privacy}", "organizations_url": "https://api.github.com/users/Martynas-P/orgs", "url": "https://api.github.com/users/Martynas-P", "gists_url": "https://api.github.com/users/Martynas-P/gists{/gist_id}", "html_url": "https://github.com/Martynas-P", "subscriptions_url": "https://api.github.com/users/Martynas-P/subscriptions", "avatar_url": "https://avatars.githubusercontent.com/u/2590908?v=3", "repos_url": "https://api.github.com/users/Martynas-P/repos", "received_events_url": "https://api.github.com/users/Martynas-P/received_events", "gravatar_id": "", "starred_url": "https://api.github.com/users/Martynas-P/starred{/owner}{/repo}", "site_admin": false, "login": "Martynas-P", "type": "User", "id": 2590908, "followers_url": "https://api.github.com/users/Martynas-P/followers"}, "milestone": null, "locked": false, "url": "https://api.github.com/repos/opencart/opencart/issues/1472", "created_at": "2014-05-23T13:27:52Z", "assignees": []}, "id": 124991369}, {"commit_id": null, "commit_url": null, "url": "https://api.github.com/repos/opencart/opencart/issues/events/124980629", "created_at": "2014-05-27T07:40:24Z", "actor": {"following_url": "https://api.github.com/users/danielkerr/following{/other_user}", "events_url": "https://api.github.com/users/danielkerr/events{/privacy}", "organizations_url": "https://api.github.com/users/danielkerr/orgs", "url": "https://api.github.com/users/danielkerr", "gists_url": "https://api.github.com/users/danielkerr/gists{/gist_id}", "html_url": "https://github.com/danielkerr", "subscriptions_url": "https://api.github.com/users/danielkerr/subscriptions", "avatar_url": "https://avatars.githubusercontent.com/u/5079756?v=3", "repos_url": "https://api.github.com/users/danielkerr/repos", "received_events_url": "https://api.github.com/users/danielkerr/received_events", "gravatar_id": "", "starred_url": "https://api.github.com/users/danielkerr/starred{/owner}{/repo}", "site_admin": false, "login": "danielkerr", "type": "User", "id": 5079756, "followers_url": "https://api.github.com/users/danielkerr/followers"}, "event": "closed", "issue": {"labels": [], "number": 1444, "assignee": null, "repository_url": "https://api.github.com/repos/opencart/opencart", "closed_at": "2014-05-27T07:40:24Z", "id": 33650261, "title": "Custom field module need to be loaded when check out.", "pull_request": {"url": "https://api.github.com/repos/opencart/opencart/pulls/1444", "diff_url": "https://github.com/opencart/opencart/pull/1444.diff", "html_url": "https://github.com/opencart/opencart/pull/1444", "patch_url": "https://github.com/opencart/opencart/pull/1444.patch"}, "comments": 0, "state": "closed", "body": "", "labels_url": "https://api.github.com/repos/opencart/opencart/issues/1444/labels{/name}", "events_url": "https://api.github.com/repos/opencart/opencart/issues/1444/events", "comments_url": "https://api.github.com/repos/opencart/opencart/issues/1444/comments", "html_url": "https://github.com/opencart/opencart/pull/1444", "updated_at": "2014-06-16T06:34:10Z", "user": {"following_url": "https://api.github.com/users/ghost/following{/other_user}", "events_url": "https://api.github.com/users/ghost/events{/privacy}", "organizations_url": "https://api.github.com/users/ghost/orgs", "url": "https://api.github.com/users/ghost", "gists_url": "https://api.github.com/users/ghost/gists{/gist_id}", "html_url": "https://github.com/ghost", "subscriptions_url": "https://api.github.com/users/ghost/subscriptions", "avatar_url": "https://avatars.githubusercontent.com/u/10137?v=3", "repos_url": "https://api.github.com/users/ghost/repos", "received_events_url": "https://api.github.com/users/ghost/received_events", "gravatar_id": "", "starred_url": "https://api.github.com/users/ghost/starred{/owner}{/repo}", "site_admin": false, "login": "ghost", "type": "User", "id": 10137, "followers_url": "https://api.github.com/users/ghost/followers"}, "milestone": null, "locked": false, "url": "https://api.github.com/repos/opencart/opencart/issues/1444", "created_at": "2014-05-16T06:16:50Z", "assignees": []}, "id": 124980629}, {"commit_id": null, "commit_url": null, "url": "https://api.github.com/repos/opencart/opencart/issues/events/124792016", "created_at": "2014-05-26T13:23:23Z", "actor": {"following_url": "https://api.github.com/users/danielkerr/following{/other_user}", "events_url": "https://api.github.com/users/danielkerr/events{/privacy}", "organizations_url": "https://api.github.com/users/danielkerr/orgs", "url": "https://api.github.com/users/danielkerr", "gists_url": "https://api.github.com/users/danielkerr/gists{/gist_id}", "html_url": "https://github.com/danielkerr", "subscriptions_url": "https://api.github.com/users/danielkerr/subscriptions", "avatar_url": "https://avatars.githubusercontent.com/u/5079756?v=3", "repos_url": "https://api.github.com/users/danielkerr/repos", "received_events_url": "https://api.github.com/users/danielkerr/received_events", "gravatar_id": "", "starred_url": "https://api.github.com/users/danielkerr/starred{/owner}{/repo}", "site_admin": false, "login": "danielkerr", "type": "User", "id": 5079756, "followers_url": "https://api.github.com/users/danielkerr/followers"}, "event": "closed", "issue": {"body": "Hello Daniel,\n\nI am not sure why you set the telephone number in the registration form to minimum of 3 chars.\nIn my opinion, the telephone number field should be 6 or 7 chars minimum and not 3.\n\nSincerely,\nDvir Julius\n", "labels": [], "locked": false, "title": "suggestion", "url": "https://api.github.com/repos/opencart/opencart/issues/1517", "labels_url": "https://api.github.com/repos/opencart/opencart/issues/1517/labels{/name}", "created_at": "2014-05-26T09:26:14Z", "events_url": "https://api.github.com/repos/opencart/opencart/issues/1517/events", "comments_url": "https://api.github.com/repos/opencart/opencart/issues/1517/comments", "html_url": "https://github.com/opencart/opencart/issues/1517", "comments": 0, "number": 1517, "updated_at": "2014-05-26T13:23:23Z", "assignee": null, "state": "closed", "user": {"following_url": "https://api.github.com/users/ghost/following{/other_user}", "events_url": "https://api.github.com/users/ghost/events{/privacy}", "organizations_url": "https://api.github.com/users/ghost/orgs", "url": "https://api.github.com/users/ghost", "gists_url": "https://api.github.com/users/ghost/gists{/gist_id}", "html_url": "https://github.com/ghost", "subscriptions_url": "https://api.github.com/users/ghost/subscriptions", "avatar_url": "https://avatars.githubusercontent.com/u/10137?v=3", "repos_url": "https://api.github.com/users/ghost/repos", "received_events_url": "https://api.github.com/users/ghost/received_events", "gravatar_id": "", "starred_url": "https://api.github.com/users/ghost/starred{/owner}{/repo}", "site_admin": false, "login": "ghost", "type": "User", "id": 10137, "followers_url": "https://api.github.com/users/ghost/followers"}, "milestone": null, "repository_url": "https://api.github.com/repos/opencart/opencart", "closed_at": "2014-05-26T13:23:23Z", "assignees": [], "id": 34294289}, "id": 124792016}, {"commit_id": null, "commit_url": null, "url": "https://api.github.com/repos/opencart/opencart/issues/events/124791961", "created_at": "2014-05-26T13:23:12Z", "actor": {"following_url": "https://api.github.com/users/danielkerr/following{/other_user}", "events_url": "https://api.github.com/users/danielkerr/events{/privacy}", "organizations_url": "https://api.github.com/users/danielkerr/orgs", "url": "https://api.github.com/users/danielkerr", "gists_url": "https://api.github.com/users/danielkerr/gists{/gist_id}", "html_url": "https://github.com/danielkerr", "subscriptions_url": "https://api.github.com/users/danielkerr/subscriptions", "avatar_url": "https://avatars.githubusercontent.com/u/5079756?v=3", "repos_url": "https://api.github.com/users/danielkerr/repos", "received_events_url": "https://api.github.com/users/danielkerr/received_events", "gravatar_id": "", "starred_url": "https://api.github.com/users/danielkerr/starred{/owner}{/repo}", "site_admin": false, "login": "danielkerr", "type": "User", "id": 5079756, "followers_url": "https://api.github.com/users/danielkerr/followers"}, "event": "closed", "issue": {"body": "Go to page 2 or higher on catalog/category, then open any category and save it. Rather than returning to the page that particular category was on, you always return back to the first page of categories.\n\nThis can be fixed by adding the following the code:\n\nif (isset($this->request->get['page'])) {\n    $this->data['action'] .= '&page=' . $this->request->get['page'];\n}\n\nJust before:\n\n$this->data['cancel'] = $this->url->link('catalog/category', 'token=' . $this->session->data['token'], 'SSL');\n\nIn the file admin/controller/catalog/category.php\n", "labels": [], "locked": false, "title": "include page url parameter in category save form", "url": "https://api.github.com/repos/opencart/opencart/issues/1518", "labels_url": "https://api.github.com/repos/opencart/opencart/issues/1518/labels{/name}", "created_at": "2014-05-26T12:51:31Z", "events_url": "https://api.github.com/repos/opencart/opencart/issues/1518/events", "comments_url": "https://api.github.com/repos/opencart/opencart/issues/1518/comments", "html_url": "https://github.com/opencart/opencart/issues/1518", "comments": 1, "number": 1518, "updated_at": "2014-05-26T14:49:47Z", "assignee": null, "state": "closed", "user": {"following_url": "https://api.github.com/users/jmb272/following{/other_user}", "events_url": "https://api.github.com/users/jmb272/events{/privacy}", "organizations_url": "https://api.github.com/users/jmb272/orgs", "url": "https://api.github.com/users/jmb272", "gists_url": "https://api.github.com/users/jmb272/gists{/gist_id}", "html_url": "https://github.com/jmb272", "subscriptions_url": "https://api.github.com/users/jmb272/subscriptions", "avatar_url": "https://avatars.githubusercontent.com/u/1574291?v=3", "repos_url": "https://api.github.com/users/jmb272/repos", "received_events_url": "https://api.github.com/users/jmb272/received_events", "gravatar_id": "", "starred_url": "https://api.github.com/users/jmb272/starred{/owner}{/repo}", "site_admin": false, "login": "jmb272", "type": "User", "id": 1574291, "followers_url": "https://api.github.com/users/jmb272/followers"}, "milestone": null, "repository_url": "https://api.github.com/repos/opencart/opencart", "closed_at": "2014-05-26T13:23:12Z", "assignees": [], "id": 34305324}, "id": 124791961}, {"commit_id": "0fe0359ee4ae8f2b62b640cacc8a0144324a796c", "commit_url": "https://api.github.com/repos/opencart/opencart/commits/0fe0359ee4ae8f2b62b640cacc8a0144324a796c", "url": "https://api.github.com/repos/opencart/opencart/issues/events/124791911", "created_at": "2014-05-26T13:23:04Z", "actor": {"following_url": "https://api.github.com/users/danielkerr/following{/other_user}", "events_url": "https://api.github.com/users/danielkerr/events{/privacy}", "organizations_url": "https://api.github.com/users/danielkerr/orgs", "url": "https://api.github.com/users/danielkerr", "gists_url": "https://api.github.com/users/danielkerr/gists{/gist_id}", "html_url": "https://github.com/danielkerr", "subscriptions_url": "https://api.github.com/users/danielkerr/subscriptions", "avatar_url": "https://avatars.githubusercontent.com/u/5079756?v=3", "repos_url": "https://api.github.com/users/danielkerr/repos", "received_events_url": "https://api.github.com/users/danielkerr/received_events", "gravatar_id": "", "starred_url": "https://api.github.com/users/danielkerr/starred{/owner}{/repo}", "site_admin": false, "login": "danielkerr", "type": "User", "id": 5079756, "followers_url": "https://api.github.com/users/danielkerr/followers"}, "event": "referenced", "issue": {"body": "Go to page 2 or higher on catalog/category, then open any category and save it. Rather than returning to the page that particular category was on, you always return back to the first page of categories.\n\nThis can be fixed by adding the following the code:\n\nif (isset($this->request->get['page'])) {\n    $this->data['action'] .= '&page=' . $this->request->get['page'];\n}\n\nJust before:\n\n$this->data['cancel'] = $this->url->link('catalog/category', 'token=' . $this->session->data['token'], 'SSL');\n\nIn the file admin/controller/catalog/category.php\n", "labels": [], "locked": false, "title": "include page url parameter in category save form", "url": "https://api.github.com/repos/opencart/opencart/issues/1518", "labels_url": "https://api.github.com/repos/opencart/opencart/issues/1518/labels{/name}", "created_at": "2014-05-26T12:51:31Z", "events_url": "https://api.github.com/repos/opencart/opencart/issues/1518/events", "comments_url": "https://api.github.com/repos/opencart/opencart/issues/1518/comments", "html_url": "https://github.com/opencart/opencart/issues/1518", "comments": 1, "number": 1518, "updated_at": "2014-05-26T14:49:47Z", "assignee": null, "state": "closed", "user": {"following_url": "https://api.github.com/users/jmb272/following{/other_user}", "events_url": "https://api.github.com/users/jmb272/events{/privacy}", "organizations_url": "https://api.github.com/users/jmb272/orgs", "url": "https://api.github.com/users/jmb272", "gists_url": "https://api.github.com/users/jmb272/gists{/gist_id}", "html_url": "https://github.com/jmb272", "subscriptions_url": "https://api.github.com/users/jmb272/subscriptions", "avatar_url": "https://avatars.githubusercontent.com/u/1574291?v=3", "repos_url": "https://api.github.com/users/jmb272/repos", "received_events_url": "https://api.github.com/users/jmb272/received_events", "gravatar_id": "", "starred_url": "https://api.github.com/users/jmb272/starred{/owner}{/repo}", "site_admin": false, "login": "jmb272", "type": "User", "id": 1574291, "followers_url": "https://api.github.com/users/jmb272/followers"}, "milestone": null, "repository_url": "https://api.github.com/repos/opencart/opencart", "closed_at": "2014-05-26T13:23:12Z", "assignees": [], "id": 34305324}, "id": 124791911}, {"commit_id": null, "commit_url": null, "url": "https://api.github.com/repos/opencart/opencart/issues/events/124687075", "created_at": "2014-05-26T06:25:05Z", "actor": {"following_url": "https://api.github.com/users/danielkerr/following{/other_user}", "events_url": "https://api.github.com/users/danielkerr/events{/privacy}", "organizations_url": "https://api.github.com/users/danielkerr/orgs", "url": "https://api.github.com/users/danielkerr", "gists_url": "https://api.github.com/users/danielkerr/gists{/gist_id}", "html_url": "https://github.com/danielkerr", "subscriptions_url": "https://api.github.com/users/danielkerr/subscriptions", "avatar_url": "https://avatars.githubusercontent.com/u/5079756?v=3", "repos_url": "https://api.github.com/users/danielkerr/repos", "received_events_url": "https://api.github.com/users/danielkerr/received_events", "gravatar_id": "", "starred_url": "https://api.github.com/users/danielkerr/starred{/owner}{/repo}", "site_admin": false, "login": "danielkerr", "type": "User", "id": 5079756, "followers_url": "https://api.github.com/users/danielkerr/followers"}, "event": "closed", "issue": {"body": "The ISBN column in the product page is a varchar(13) field. Which is correct as ISBN is 13 numbers in length. However the most common (user-friendly) format of ISBN would be using dashes like so : 978-960-7510-94-5\n\nIt might be better to extend the column in the database to varchar(17) as a user might not notice that the isbn is not saved correctly in a dashed format and lose numbers from the ISBN while saving in the DB.\n", "labels": [], "locked": false, "title": "ISBN suggestion", "url": "https://api.github.com/repos/opencart/opencart/issues/1461", "labels_url": "https://api.github.com/repos/opencart/opencart/issues/1461/labels{/name}", "created_at": "2014-05-19T17:15:49Z", "events_url": "https://api.github.com/repos/opencart/opencart/issues/1461/events", "comments_url": "https://api.github.com/repos/opencart/opencart/issues/1461/comments", "html_url": "https://github.com/opencart/opencart/issues/1461", "comments": 0, "number": 1461, "updated_at": "2014-05-26T06:25:05Z", "assignee": null, "state": "closed", "user": {"following_url": "https://api.github.com/users/nikosv/following{/other_user}", "events_url": "https://api.github.com/users/nikosv/events{/privacy}", "organizations_url": "https://api.github.com/users/nikosv/orgs", "url": "https://api.github.com/users/nikosv", "gists_url": "https://api.github.com/users/nikosv/gists{/gist_id}", "html_url": "https://github.com/nikosv", "subscriptions_url": "https://api.github.com/users/nikosv/subscriptions", "avatar_url": "https://avatars.githubusercontent.com/u/1217506?v=3", "repos_url": "https://api.github.com/users/nikosv/repos", "received_events_url": "https://api.github.com/users/nikosv/received_events", "gravatar_id": "", "starred_url": "https://api.github.com/users/nikosv/starred{/owner}{/repo}", "site_admin": false, "login": "nikosv", "type": "User", "id": 1217506, "followers_url": "https://api.github.com/users/nikosv/followers"}, "milestone": null, "repository_url": "https://api.github.com/repos/opencart/opencart", "closed_at": "2014-05-26T06:25:05Z", "assignees": [], "id": 33818969}, "id": 124687075}, {"commit_id": "752c797041751d4573049b0a005316fa71d0bb18", "commit_url": "https://api.github.com/repos/opencart/opencart/commits/752c797041751d4573049b0a005316fa71d0bb18", "url": "https://api.github.com/repos/opencart/opencart/issues/events/124687056", "created_at": "2014-05-26T06:24:54Z", "actor": {"following_url": "https://api.github.com/users/danielkerr/following{/other_user}", "events_url": "https://api.github.com/users/danielkerr/events{/privacy}", "organizations_url": "https://api.github.com/users/danielkerr/orgs", "url": "https://api.github.com/users/danielkerr", "gists_url": "https://api.github.com/users/danielkerr/gists{/gist_id}", "html_url": "https://github.com/danielkerr", "subscriptions_url": "https://api.github.com/users/danielkerr/subscriptions", "avatar_url": "https://avatars.githubusercontent.com/u/5079756?v=3", "repos_url": "https://api.github.com/users/danielkerr/repos", "received_events_url": "https://api.github.com/users/danielkerr/received_events", "gravatar_id": "", "starred_url": "https://api.github.com/users/danielkerr/starred{/owner}{/repo}", "site_admin": false, "login": "danielkerr", "type": "User", "id": 5079756, "followers_url": "https://api.github.com/users/danielkerr/followers"}, "event": "referenced", "issue": {"body": "The ISBN column in the product page is a varchar(13) field. Which is correct as ISBN is 13 numbers in length. However the most common (user-friendly) format of ISBN would be using dashes like so : 978-960-7510-94-5\n\nIt might be better to extend the column in the database to varchar(17) as a user might not notice that the isbn is not saved correctly in a dashed format and lose numbers from the ISBN while saving in the DB.\n", "labels": [], "locked": false, "title": "ISBN suggestion", "url": "https://api.github.com/repos/opencart/opencart/issues/1461", "labels_url": "https://api.github.com/repos/opencart/opencart/issues/1461/labels{/name}", "created_at": "2014-05-19T17:15:49Z", "events_url": "https://api.github.com/repos/opencart/opencart/issues/1461/events", "comments_url": "https://api.github.com/repos/opencart/opencart/issues/1461/comments", "html_url": "https://github.com/opencart/opencart/issues/1461", "comments": 0, "number": 1461, "updated_at": "2014-05-26T06:25:05Z", "assignee": null, "state": "closed", "user": {"following_url": "https://api.github.com/users/nikosv/following{/other_user}", "events_url": "https://api.github.com/users/nikosv/events{/privacy}", "organizations_url": "https://api.github.com/users/nikosv/orgs", "url": "https://api.github.com/users/nikosv", "gists_url": "https://api.github.com/users/nikosv/gists{/gist_id}", "html_url": "https://github.com/nikosv", "subscriptions_url": "https://api.github.com/users/nikosv/subscriptions", "avatar_url": "https://avatars.githubusercontent.com/u/1217506?v=3", "repos_url": "https://api.github.com/users/nikosv/repos", "received_events_url": "https://api.github.com/users/nikosv/received_events", "gravatar_id": "", "starred_url": "https://api.github.com/users/nikosv/starred{/owner}{/repo}", "site_admin": false, "login": "nikosv", "type": "User", "id": 1217506, "followers_url": "https://api.github.com/users/nikosv/followers"}, "milestone": null, "repository_url": "https://api.github.com/repos/opencart/opencart", "closed_at": "2014-05-26T06:25:05Z", "assignees": [], "id": 33818969}, "id": 124687056}, {"commit_id": null, "commit_url": null, "url": "https://api.github.com/repos/opencart/opencart/issues/events/124620899", "created_at": "2014-05-25T17:54:43Z", "actor": null, "event": "head_ref_deleted", "issue": {"labels": [], "number": 1516, "assignee": null, "repository_url": "https://api.github.com/repos/opencart/opencart", "closed_at": "2014-05-25T17:54:43Z", "id": 34258280, "title": "duplicate - same on line 572", "pull_request": {"url": "https://api.github.com/repos/opencart/opencart/pulls/1516", "diff_url": "https://github.com/opencart/opencart/pull/1516.diff", "html_url": "https://github.com/opencart/opencart/pull/1516", "patch_url": "https://github.com/opencart/opencart/pull/1516.patch"}, "comments": 0, "state": "closed", "body": "", "labels_url": "https://api.github.com/repos/opencart/opencart/issues/1516/labels{/name}", "events_url": "https://api.github.com/repos/opencart/opencart/issues/1516/events", "comments_url": "https://api.github.com/repos/opencart/opencart/issues/1516/comments", "html_url": "https://github.com/opencart/opencart/pull/1516", "updated_at": "2014-06-21T14:21:36Z", "user": {"following_url": "https://api.github.com/users/ghost/following{/other_user}", "events_url": "https://api.github.com/users/ghost/events{/privacy}", "organizations_url": "https://api.github.com/users/ghost/orgs", "url": "https://api.github.com/users/ghost", "gists_url": "https://api.github.com/users/ghost/gists{/gist_id}", "html_url": "https://github.com/ghost", "subscriptions_url": "https://api.github.com/users/ghost/subscriptions", "avatar_url": "https://avatars.githubusercontent.com/u/10137?v=3", "repos_url": "https://api.github.com/users/ghost/repos", "received_events_url": "https://api.github.com/users/ghost/received_events", "gravatar_id": "", "starred_url": "https://api.github.com/users/ghost/starred{/owner}{/repo}", "site_admin": false, "login": "ghost", "type": "User", "id": 10137, "followers_url": "https://api.github.com/users/ghost/followers"}, "milestone": null, "locked": false, "url": "https://api.github.com/repos/opencart/opencart/issues/1516", "created_at": "2014-05-25T08:21:12Z", "assignees": []}, "id": 124620899}, {"commit_id": null, "commit_url": null, "url": "https://api.github.com/repos/opencart/opencart/issues/events/124620898", "created_at": "2014-05-25T17:54:43Z", "actor": null, "event": "closed", "issue": {"labels": [], "number": 1516, "assignee": null, "repository_url": "https://api.github.com/repos/opencart/opencart", "closed_at": "2014-05-25T17:54:43Z", "id": 34258280, "title": "duplicate - same on line 572", "pull_request": {"url": "https://api.github.com/repos/opencart/opencart/pulls/1516", "diff_url": "https://github.com/opencart/opencart/pull/1516.diff", "html_url": "https://github.com/opencart/opencart/pull/1516", "patch_url": "https://github.com/opencart/opencart/pull/1516.patch"}, "comments": 0, "state": "closed", "body": "", "labels_url": "https://api.github.com/repos/opencart/opencart/issues/1516/labels{/name}", "events_url": "https://api.github.com/repos/opencart/opencart/issues/1516/events", "comments_url": "https://api.github.com/repos/opencart/opencart/issues/1516/comments", "html_url": "https://github.com/opencart/opencart/pull/1516", "updated_at": "2014-06-21T14:21:36Z", "user": {"following_url": "https://api.github.com/users/ghost/following{/other_user}", "events_url": "https://api.github.com/users/ghost/events{/privacy}", "organizations_url": "https://api.github.com/users/ghost/orgs", "url": "https://api.github.com/users/ghost", "gists_url": "https://api.github.com/users/ghost/gists{/gist_id}", "html_url": "https://github.com/ghost", "subscriptions_url": "https://api.github.com/users/ghost/subscriptions", "avatar_url": "https://avatars.githubusercontent.com/u/10137?v=3", "repos_url": "https://api.github.com/users/ghost/repos", "received_events_url": "https://api.github.com/users/ghost/received_events", "gravatar_id": "", "starred_url": "https://api.github.com/users/ghost/starred{/owner}{/repo}", "site_admin": false, "login": "ghost", "type": "User", "id": 10137, "followers_url": "https://api.github.com/users/ghost/followers"}, "milestone": null, "locked": false, "url": "https://api.github.com/repos/opencart/opencart/issues/1516", "created_at": "2014-05-25T08:21:12Z", "assignees": []}, "id": 124620898}]