[{"commit_id": null, "commit_url": null, "url": "https://api.github.com/repos/opencart/opencart/issues/events/45708421", "created_at": "2013-04-18T14:25:56Z", "actor": {"following_url": "https://api.github.com/users/opencart/following{/other_user}", "events_url": "https://api.github.com/users/opencart/events{/privacy}", "organizations_url": "https://api.github.com/users/opencart/orgs", "url": "https://api.github.com/users/opencart", "gists_url": "https://api.github.com/users/opencart/gists{/gist_id}", "html_url": "https://github.com/opencart", "subscriptions_url": "https://api.github.com/users/opencart/subscriptions", "avatar_url": "https://avatars.githubusercontent.com/u/214225?v=3", "repos_url": "https://api.github.com/users/opencart/repos", "received_events_url": "https://api.github.com/users/opencart/received_events", "gravatar_id": "", "starred_url": "https://api.github.com/users/opencart/starred{/owner}{/repo}", "site_admin": false, "login": "opencart", "type": "Organization", "id": 214225, "followers_url": "https://api.github.com/users/opencart/followers"}, "event": "closed", "issue": {"body": "on line 229\n\nforeach($limits as $limit){\n            $this->data['limits'][] = array(\n                'text'  => $limit,\n                'value' => $limit,\n                'href'  => $this->url->link('product/special', $url . '&limit=' . $limit)\n            );\n        }\n\nthe $limit need to be changed to $limit_t else the foreach loop will store the last value in array and will affect the code below :\n\non line 260\n                $this->data['sort'] = $sort;\n        $this->data['order'] = $order;\n        $this->data['limit'] = $limit;\n\nIF THIS PROBLEM IS ALREADY NOTICED OR SOLVED KINDLY IGNORE\n(I search for the same problem but cant get.)\n", "labels": [], "locked": false, "title": "catalog/controller/product/special.php [Limit]", "url": "https://api.github.com/repos/opencart/opencart/issues/628", "labels_url": "https://api.github.com/repos/opencart/opencart/issues/628/labels{/name}", "created_at": "2013-04-18T10:31:08Z", "events_url": "https://api.github.com/repos/opencart/opencart/issues/628/events", "comments_url": "https://api.github.com/repos/opencart/opencart/issues/628/comments", "html_url": "https://github.com/opencart/opencart/issues/628", "comments": 1, "number": 628, "updated_at": "2013-04-18T14:25:56Z", "assignee": null, "state": "closed", "user": {"following_url": "https://api.github.com/users/Shashirajsai/following{/other_user}", "events_url": "https://api.github.com/users/Shashirajsai/events{/privacy}", "organizations_url": "https://api.github.com/users/Shashirajsai/orgs", "url": "https://api.github.com/users/Shashirajsai", "gists_url": "https://api.github.com/users/Shashirajsai/gists{/gist_id}", "html_url": "https://github.com/Shashirajsai", "subscriptions_url": "https://api.github.com/users/Shashirajsai/subscriptions", "avatar_url": "https://avatars.githubusercontent.com/u/4190323?v=3", "repos_url": "https://api.github.com/users/Shashirajsai/repos", "received_events_url": "https://api.github.com/users/Shashirajsai/received_events", "gravatar_id": "", "starred_url": "https://api.github.com/users/Shashirajsai/starred{/owner}{/repo}", "site_admin": false, "login": "Shashirajsai", "type": "User", "id": 4190323, "followers_url": "https://api.github.com/users/Shashirajsai/followers"}, "milestone": null, "repository_url": "https://api.github.com/repos/opencart/opencart", "closed_at": "2013-04-18T14:25:56Z", "assignees": [], "id": 13343316}, "id": 45708421}, {"commit_id": null, "commit_url": null, "url": "https://api.github.com/repos/opencart/opencart/issues/events/45708405", "created_at": "2013-04-18T14:25:48Z", "actor": {"following_url": "https://api.github.com/users/opencart/following{/other_user}", "events_url": "https://api.github.com/users/opencart/events{/privacy}", "organizations_url": "https://api.github.com/users/opencart/orgs", "url": "https://api.github.com/users/opencart", "gists_url": "https://api.github.com/users/opencart/gists{/gist_id}", "html_url": "https://github.com/opencart", "subscriptions_url": "https://api.github.com/users/opencart/subscriptions", "avatar_url": "https://avatars.githubusercontent.com/u/214225?v=3", "repos_url": "https://api.github.com/users/opencart/repos", "received_events_url": "https://api.github.com/users/opencart/received_events", "gravatar_id": "", "starred_url": "https://api.github.com/users/opencart/starred{/owner}{/repo}", "site_admin": false, "login": "opencart", "type": "Organization", "id": 214225, "followers_url": "https://api.github.com/users/opencart/followers"}, "event": "closed", "issue": {"body": "I tried to send email to all customers but it keeps on saying that E-mail Message required error even if there is already a message.  \n", "labels": [], "locked": false, "title": "admin->sales->mail v. 1.5.5.1", "url": "https://api.github.com/repos/opencart/opencart/issues/629", "labels_url": "https://api.github.com/repos/opencart/opencart/issues/629/labels{/name}", "created_at": "2013-04-18T11:50:08Z", "events_url": "https://api.github.com/repos/opencart/opencart/issues/629/events", "comments_url": "https://api.github.com/repos/opencart/opencart/issues/629/comments", "html_url": "https://github.com/opencart/opencart/issues/629", "comments": 1, "number": 629, "updated_at": "2013-04-18T14:25:48Z", "assignee": null, "state": "closed", "user": {"following_url": "https://api.github.com/users/frendcarlo/following{/other_user}", "events_url": "https://api.github.com/users/frendcarlo/events{/privacy}", "organizations_url": "https://api.github.com/users/frendcarlo/orgs", "url": "https://api.github.com/users/frendcarlo", "gists_url": "https://api.github.com/users/frendcarlo/gists{/gist_id}", "html_url": "https://github.com/frendcarlo", "subscriptions_url": "https://api.github.com/users/frendcarlo/subscriptions", "avatar_url": "https://avatars.githubusercontent.com/u/4190930?v=3", "repos_url": "https://api.github.com/users/frendcarlo/repos", "received_events_url": "https://api.github.com/users/frendcarlo/received_events", "gravatar_id": "", "starred_url": "https://api.github.com/users/frendcarlo/starred{/owner}{/repo}", "site_admin": false, "login": "frendcarlo", "type": "User", "id": 4190930, "followers_url": "https://api.github.com/users/frendcarlo/followers"}, "milestone": null, "repository_url": "https://api.github.com/repos/opencart/opencart", "closed_at": "2013-04-18T14:25:48Z", "assignees": [], "id": 13345918}, "id": 45708405}, {"commit_id": null, "commit_url": null, "url": "https://api.github.com/repos/opencart/opencart/issues/events/45638600", "created_at": "2013-04-18T01:12:54Z", "actor": {"following_url": "https://api.github.com/users/valdeir2000/following{/other_user}", "events_url": "https://api.github.com/users/valdeir2000/events{/privacy}", "organizations_url": "https://api.github.com/users/valdeir2000/orgs", "url": "https://api.github.com/users/valdeir2000", "gists_url": "https://api.github.com/users/valdeir2000/gists{/gist_id}", "html_url": "https://github.com/valdeir2000", "subscriptions_url": "https://api.github.com/users/valdeir2000/subscriptions", "avatar_url": "https://avatars.githubusercontent.com/u/606481?v=3", "repos_url": "https://api.github.com/users/valdeir2000/repos", "received_events_url": "https://api.github.com/users/valdeir2000/received_events", "gravatar_id": "", "starred_url": "https://api.github.com/users/valdeir2000/starred{/owner}{/repo}", "site_admin": false, "login": "valdeir2000", "type": "User", "id": 606481, "followers_url": "https://api.github.com/users/valdeir2000/followers"}, "event": "head_ref_deleted", "issue": {"labels": [], "number": 627, "assignee": null, "repository_url": "https://api.github.com/repos/opencart/opencart", "closed_at": "2013-04-18T01:12:37Z", "id": 13327637, "title": "Correction in Breadcrumb", "pull_request": {"url": "https://api.github.com/repos/opencart/opencart/pulls/627", "diff_url": "https://github.com/opencart/opencart/pull/627.diff", "html_url": "https://github.com/opencart/opencart/pull/627", "patch_url": "https://github.com/opencart/opencart/pull/627.patch"}, "comments": 0, "state": "closed", "body": "", "labels_url": "https://api.github.com/repos/opencart/opencart/issues/627/labels{/name}", "events_url": "https://api.github.com/repos/opencart/opencart/issues/627/events", "comments_url": "https://api.github.com/repos/opencart/opencart/issues/627/comments", "html_url": "https://github.com/opencart/opencart/pull/627", "updated_at": "2014-07-04T01:37:35Z", "user": {"following_url": "https://api.github.com/users/valdeir2000/following{/other_user}", "events_url": "https://api.github.com/users/valdeir2000/events{/privacy}", "organizations_url": "https://api.github.com/users/valdeir2000/orgs", "url": "https://api.github.com/users/valdeir2000", "gists_url": "https://api.github.com/users/valdeir2000/gists{/gist_id}", "html_url": "https://github.com/valdeir2000", "subscriptions_url": "https://api.github.com/users/valdeir2000/subscriptions", "avatar_url": "https://avatars.githubusercontent.com/u/606481?v=3", "repos_url": "https://api.github.com/users/valdeir2000/repos", "received_events_url": "https://api.github.com/users/valdeir2000/received_events", "gravatar_id": "", "starred_url": "https://api.github.com/users/valdeir2000/starred{/owner}{/repo}", "site_admin": false, "login": "valdeir2000", "type": "User", "id": 606481, "followers_url": "https://api.github.com/users/valdeir2000/followers"}, "milestone": null, "locked": false, "url": "https://api.github.com/repos/opencart/opencart/issues/627", "created_at": "2013-04-18T01:11:53Z", "assignees": []}, "id": 45638600}, {"commit_id": null, "commit_url": null, "url": "https://api.github.com/repos/opencart/opencart/issues/events/45638577", "created_at": "2013-04-18T01:12:37Z", "actor": {"following_url": "https://api.github.com/users/valdeir2000/following{/other_user}", "events_url": "https://api.github.com/users/valdeir2000/events{/privacy}", "organizations_url": "https://api.github.com/users/valdeir2000/orgs", "url": "https://api.github.com/users/valdeir2000", "gists_url": "https://api.github.com/users/valdeir2000/gists{/gist_id}", "html_url": "https://github.com/valdeir2000", "subscriptions_url": "https://api.github.com/users/valdeir2000/subscriptions", "avatar_url": "https://avatars.githubusercontent.com/u/606481?v=3", "repos_url": "https://api.github.com/users/valdeir2000/repos", "received_events_url": "https://api.github.com/users/valdeir2000/received_events", "gravatar_id": "", "starred_url": "https://api.github.com/users/valdeir2000/starred{/owner}{/repo}", "site_admin": false, "login": "valdeir2000", "type": "User", "id": 606481, "followers_url": "https://api.github.com/users/valdeir2000/followers"}, "event": "closed", "issue": {"labels": [], "number": 627, "assignee": null, "repository_url": "https://api.github.com/repos/opencart/opencart", "closed_at": "2013-04-18T01:12:37Z", "id": 13327637, "title": "Correction in Breadcrumb", "pull_request": {"url": "https://api.github.com/repos/opencart/opencart/pulls/627", "diff_url": "https://github.com/opencart/opencart/pull/627.diff", "html_url": "https://github.com/opencart/opencart/pull/627", "patch_url": "https://github.com/opencart/opencart/pull/627.patch"}, "comments": 0, "state": "closed", "body": "", "labels_url": "https://api.github.com/repos/opencart/opencart/issues/627/labels{/name}", "events_url": "https://api.github.com/repos/opencart/opencart/issues/627/events", "comments_url": "https://api.github.com/repos/opencart/opencart/issues/627/comments", "html_url": "https://github.com/opencart/opencart/pull/627", "updated_at": "2014-07-04T01:37:35Z", "user": {"following_url": "https://api.github.com/users/valdeir2000/following{/other_user}", "events_url": "https://api.github.com/users/valdeir2000/events{/privacy}", "organizations_url": "https://api.github.com/users/valdeir2000/orgs", "url": "https://api.github.com/users/valdeir2000", "gists_url": "https://api.github.com/users/valdeir2000/gists{/gist_id}", "html_url": "https://github.com/valdeir2000", "subscriptions_url": "https://api.github.com/users/valdeir2000/subscriptions", "avatar_url": "https://avatars.githubusercontent.com/u/606481?v=3", "repos_url": "https://api.github.com/users/valdeir2000/repos", "received_events_url": "https://api.github.com/users/valdeir2000/received_events", "gravatar_id": "", "starred_url": "https://api.github.com/users/valdeir2000/starred{/owner}{/repo}", "site_admin": false, "login": "valdeir2000", "type": "User", "id": 606481, "followers_url": "https://api.github.com/users/valdeir2000/followers"}, "milestone": null, "locked": false, "url": "https://api.github.com/repos/opencart/opencart/issues/627", "created_at": "2013-04-18T01:11:53Z", "assignees": []}, "id": 45638577}, {"commit_id": null, "commit_url": null, "url": "https://api.github.com/repos/opencart/opencart/issues/events/45337415", "created_at": "2013-04-16T08:50:24Z", "actor": {"following_url": "https://api.github.com/users/opencart/following{/other_user}", "events_url": "https://api.github.com/users/opencart/events{/privacy}", "organizations_url": "https://api.github.com/users/opencart/orgs", "url": "https://api.github.com/users/opencart", "gists_url": "https://api.github.com/users/opencart/gists{/gist_id}", "html_url": "https://github.com/opencart", "subscriptions_url": "https://api.github.com/users/opencart/subscriptions", "avatar_url": "https://avatars.githubusercontent.com/u/214225?v=3", "repos_url": "https://api.github.com/users/opencart/repos", "received_events_url": "https://api.github.com/users/opencart/received_events", "gravatar_id": "", "starred_url": "https://api.github.com/users/opencart/starred{/owner}{/repo}", "site_admin": false, "login": "opencart", "type": "Organization", "id": 214225, "followers_url": "https://api.github.com/users/opencart/followers"}, "event": "closed", "issue": {"body": "Hi,\n\nI think that SQLite support can be great, because:\n1. Easier to migrate -> Just copy the sqlite file to a new machine, with no changes to any config file and no mysql setup.\n2. Performance wise -> mysql is heavy(relatively), most stores doesn't have thousands of products, so they are not getting any benefits from mysql scaling capabilities.\n\nMost of the code won't have to be changed, because oc doesn't use rare mysql features.\n", "labels": [], "locked": false, "title": "SQLite support", "url": "https://api.github.com/repos/opencart/opencart/issues/624", "labels_url": "https://api.github.com/repos/opencart/opencart/issues/624/labels{/name}", "created_at": "2013-04-16T08:26:31Z", "events_url": "https://api.github.com/repos/opencart/opencart/issues/624/events", "comments_url": "https://api.github.com/repos/opencart/opencart/issues/624/comments", "html_url": "https://github.com/opencart/opencart/issues/624", "comments": 2, "number": 624, "updated_at": "2013-04-16T08:50:24Z", "assignee": null, "state": "closed", "user": {"following_url": "https://api.github.com/users/asafyish/following{/other_user}", "events_url": "https://api.github.com/users/asafyish/events{/privacy}", "organizations_url": "https://api.github.com/users/asafyish/orgs", "url": "https://api.github.com/users/asafyish", "gists_url": "https://api.github.com/users/asafyish/gists{/gist_id}", "html_url": "https://github.com/asafyish", "subscriptions_url": "https://api.github.com/users/asafyish/subscriptions", "avatar_url": "https://avatars.githubusercontent.com/u/1331750?v=3", "repos_url": "https://api.github.com/users/asafyish/repos", "received_events_url": "https://api.github.com/users/asafyish/received_events", "gravatar_id": "", "starred_url": "https://api.github.com/users/asafyish/starred{/owner}{/repo}", "site_admin": false, "login": "asafyish", "type": "User", "id": 1331750, "followers_url": "https://api.github.com/users/asafyish/followers"}, "milestone": null, "repository_url": "https://api.github.com/repos/opencart/opencart", "closed_at": "2013-04-16T08:50:24Z", "assignees": [], "id": 13235907}, "id": 45337415}, {"commit_id": null, "commit_url": null, "url": "https://api.github.com/repos/opencart/opencart/issues/events/45334066", "created_at": "2013-04-16T08:16:39Z", "actor": {"following_url": "https://api.github.com/users/opencart/following{/other_user}", "events_url": "https://api.github.com/users/opencart/events{/privacy}", "organizations_url": "https://api.github.com/users/opencart/orgs", "url": "https://api.github.com/users/opencart", "gists_url": "https://api.github.com/users/opencart/gists{/gist_id}", "html_url": "https://github.com/opencart", "subscriptions_url": "https://api.github.com/users/opencart/subscriptions", "avatar_url": "https://avatars.githubusercontent.com/u/214225?v=3", "repos_url": "https://api.github.com/users/opencart/repos", "received_events_url": "https://api.github.com/users/opencart/received_events", "gravatar_id": "", "starred_url": "https://api.github.com/users/opencart/starred{/owner}{/repo}", "site_admin": false, "login": "opencart", "type": "Organization", "id": 214225, "followers_url": "https://api.github.com/users/opencart/followers"}, "event": "closed", "issue": {"labels": [], "number": 623, "assignee": null, "repository_url": "https://api.github.com/repos/opencart/opencart", "closed_at": "2013-04-16T08:16:39Z", "id": 13234209, "title": "Possible division by zero at Weight::convert()", "pull_request": {"url": "https://api.github.com/repos/opencart/opencart/pulls/623", "diff_url": "https://github.com/opencart/opencart/pull/623.diff", "html_url": "https://github.com/opencart/opencart/pull/623", "patch_url": "https://github.com/opencart/opencart/pull/623.patch"}, "comments": 0, "state": "closed", "body": "When Weight_Format_ID ($from) is not set for the goods item record, method results with division by zero. Possibly the right idea is to output unchanged $value if either $this->weights[$from] OR $this->weights[$to] is not set.\n", "labels_url": "https://api.github.com/repos/opencart/opencart/issues/623/labels{/name}", "events_url": "https://api.github.com/repos/opencart/opencart/issues/623/events", "comments_url": "https://api.github.com/repos/opencart/opencart/issues/623/comments", "html_url": "https://github.com/opencart/opencart/pull/623", "updated_at": "2014-06-16T14:13:28Z", "user": {"following_url": "https://api.github.com/users/Hrumpa/following{/other_user}", "events_url": "https://api.github.com/users/Hrumpa/events{/privacy}", "organizations_url": "https://api.github.com/users/Hrumpa/orgs", "url": "https://api.github.com/users/Hrumpa", "gists_url": "https://api.github.com/users/Hrumpa/gists{/gist_id}", "html_url": "https://github.com/Hrumpa", "subscriptions_url": "https://api.github.com/users/Hrumpa/subscriptions", "avatar_url": "https://avatars.githubusercontent.com/u/662195?v=3", "repos_url": "https://api.github.com/users/Hrumpa/repos", "received_events_url": "https://api.github.com/users/Hrumpa/received_events", "gravatar_id": "", "starred_url": "https://api.github.com/users/Hrumpa/starred{/owner}{/repo}", "site_admin": false, "login": "Hrumpa", "type": "User", "id": 662195, "followers_url": "https://api.github.com/users/Hrumpa/followers"}, "milestone": null, "locked": false, "url": "https://api.github.com/repos/opencart/opencart/issues/623", "created_at": "2013-04-16T07:20:36Z", "assignees": []}, "id": 45334066}, {"commit_id": "521b7485593d435ac4dc33afbc055a1e1705cfce", "commit_url": "https://api.github.com/repos/opencart/opencart/commits/521b7485593d435ac4dc33afbc055a1e1705cfce", "url": "https://api.github.com/repos/opencart/opencart/issues/events/45334065", "created_at": "2013-04-16T08:16:39Z", "actor": {"following_url": "https://api.github.com/users/opencart/following{/other_user}", "events_url": "https://api.github.com/users/opencart/events{/privacy}", "organizations_url": "https://api.github.com/users/opencart/orgs", "url": "https://api.github.com/users/opencart", "gists_url": "https://api.github.com/users/opencart/gists{/gist_id}", "html_url": "https://github.com/opencart", "subscriptions_url": "https://api.github.com/users/opencart/subscriptions", "avatar_url": "https://avatars.githubusercontent.com/u/214225?v=3", "repos_url": "https://api.github.com/users/opencart/repos", "received_events_url": "https://api.github.com/users/opencart/received_events", "gravatar_id": "", "starred_url": "https://api.github.com/users/opencart/starred{/owner}{/repo}", "site_admin": false, "login": "opencart", "type": "Organization", "id": 214225, "followers_url": "https://api.github.com/users/opencart/followers"}, "event": "merged", "issue": {"labels": [], "number": 623, "assignee": null, "repository_url": "https://api.github.com/repos/opencart/opencart", "closed_at": "2013-04-16T08:16:39Z", "id": 13234209, "title": "Possible division by zero at Weight::convert()", "pull_request": {"url": "https://api.github.com/repos/opencart/opencart/pulls/623", "diff_url": "https://github.com/opencart/opencart/pull/623.diff", "html_url": "https://github.com/opencart/opencart/pull/623", "patch_url": "https://github.com/opencart/opencart/pull/623.patch"}, "comments": 0, "state": "closed", "body": "When Weight_Format_ID ($from) is not set for the goods item record, method results with division by zero. Possibly the right idea is to output unchanged $value if either $this->weights[$from] OR $this->weights[$to] is not set.\n", "labels_url": "https://api.github.com/repos/opencart/opencart/issues/623/labels{/name}", "events_url": "https://api.github.com/repos/opencart/opencart/issues/623/events", "comments_url": "https://api.github.com/repos/opencart/opencart/issues/623/comments", "html_url": "https://github.com/opencart/opencart/pull/623", "updated_at": "2014-06-16T14:13:28Z", "user": {"following_url": "https://api.github.com/users/Hrumpa/following{/other_user}", "events_url": "https://api.github.com/users/Hrumpa/events{/privacy}", "organizations_url": "https://api.github.com/users/Hrumpa/orgs", "url": "https://api.github.com/users/Hrumpa", "gists_url": "https://api.github.com/users/Hrumpa/gists{/gist_id}", "html_url": "https://github.com/Hrumpa", "subscriptions_url": "https://api.github.com/users/Hrumpa/subscriptions", "avatar_url": "https://avatars.githubusercontent.com/u/662195?v=3", "repos_url": "https://api.github.com/users/Hrumpa/repos", "received_events_url": "https://api.github.com/users/Hrumpa/received_events", "gravatar_id": "", "starred_url": "https://api.github.com/users/Hrumpa/starred{/owner}{/repo}", "site_admin": false, "login": "Hrumpa", "type": "User", "id": 662195, "followers_url": "https://api.github.com/users/Hrumpa/followers"}, "milestone": null, "locked": false, "url": "https://api.github.com/repos/opencart/opencart/issues/623", "created_at": "2013-04-16T07:20:36Z", "assignees": []}, "id": 45334065}, {"commit_id": "521b7485593d435ac4dc33afbc055a1e1705cfce", "commit_url": "https://api.github.com/repos/opencart/opencart/commits/521b7485593d435ac4dc33afbc055a1e1705cfce", "url": "https://api.github.com/repos/opencart/opencart/issues/events/45334064", "created_at": "2013-04-16T08:16:39Z", "actor": {"following_url": "https://api.github.com/users/opencart/following{/other_user}", "events_url": "https://api.github.com/users/opencart/events{/privacy}", "organizations_url": "https://api.github.com/users/opencart/orgs", "url": "https://api.github.com/users/opencart", "gists_url": "https://api.github.com/users/opencart/gists{/gist_id}", "html_url": "https://github.com/opencart", "subscriptions_url": "https://api.github.com/users/opencart/subscriptions", "avatar_url": "https://avatars.githubusercontent.com/u/214225?v=3", "repos_url": "https://api.github.com/users/opencart/repos", "received_events_url": "https://api.github.com/users/opencart/received_events", "gravatar_id": "", "starred_url": "https://api.github.com/users/opencart/starred{/owner}{/repo}", "site_admin": false, "login": "opencart", "type": "Organization", "id": 214225, "followers_url": "https://api.github.com/users/opencart/followers"}, "event": "referenced", "issue": {"labels": [], "number": 623, "assignee": null, "repository_url": "https://api.github.com/repos/opencart/opencart", "closed_at": "2013-04-16T08:16:39Z", "id": 13234209, "title": "Possible division by zero at Weight::convert()", "pull_request": {"url": "https://api.github.com/repos/opencart/opencart/pulls/623", "diff_url": "https://github.com/opencart/opencart/pull/623.diff", "html_url": "https://github.com/opencart/opencart/pull/623", "patch_url": "https://github.com/opencart/opencart/pull/623.patch"}, "comments": 0, "state": "closed", "body": "When Weight_Format_ID ($from) is not set for the goods item record, method results with division by zero. Possibly the right idea is to output unchanged $value if either $this->weights[$from] OR $this->weights[$to] is not set.\n", "labels_url": "https://api.github.com/repos/opencart/opencart/issues/623/labels{/name}", "events_url": "https://api.github.com/repos/opencart/opencart/issues/623/events", "comments_url": "https://api.github.com/repos/opencart/opencart/issues/623/comments", "html_url": "https://github.com/opencart/opencart/pull/623", "updated_at": "2014-06-16T14:13:28Z", "user": {"following_url": "https://api.github.com/users/Hrumpa/following{/other_user}", "events_url": "https://api.github.com/users/Hrumpa/events{/privacy}", "organizations_url": "https://api.github.com/users/Hrumpa/orgs", "url": "https://api.github.com/users/Hrumpa", "gists_url": "https://api.github.com/users/Hrumpa/gists{/gist_id}", "html_url": "https://github.com/Hrumpa", "subscriptions_url": "https://api.github.com/users/Hrumpa/subscriptions", "avatar_url": "https://avatars.githubusercontent.com/u/662195?v=3", "repos_url": "https://api.github.com/users/Hrumpa/repos", "received_events_url": "https://api.github.com/users/Hrumpa/received_events", "gravatar_id": "", "starred_url": "https://api.github.com/users/Hrumpa/starred{/owner}{/repo}", "site_admin": false, "login": "Hrumpa", "type": "User", "id": 662195, "followers_url": "https://api.github.com/users/Hrumpa/followers"}, "milestone": null, "locked": false, "url": "https://api.github.com/repos/opencart/opencart/issues/623", "created_at": "2013-04-16T07:20:36Z", "assignees": []}, "id": 45334064}, {"commit_id": null, "commit_url": null, "url": "https://api.github.com/repos/opencart/opencart/issues/events/45334005", "created_at": "2013-04-16T08:15:57Z", "actor": {"following_url": "https://api.github.com/users/opencart/following{/other_user}", "events_url": "https://api.github.com/users/opencart/events{/privacy}", "organizations_url": "https://api.github.com/users/opencart/orgs", "url": "https://api.github.com/users/opencart", "gists_url": "https://api.github.com/users/opencart/gists{/gist_id}", "html_url": "https://github.com/opencart", "subscriptions_url": "https://api.github.com/users/opencart/subscriptions", "avatar_url": "https://avatars.githubusercontent.com/u/214225?v=3", "repos_url": "https://api.github.com/users/opencart/repos", "received_events_url": "https://api.github.com/users/opencart/received_events", "gravatar_id": "", "starred_url": "https://api.github.com/users/opencart/starred{/owner}{/repo}", "site_admin": false, "login": "opencart", "type": "Organization", "id": 214225, "followers_url": "https://api.github.com/users/opencart/followers"}, "event": "closed", "issue": {"body": "In current code, there are too much white space, please remove them\n", "labels": [], "locked": false, "title": "Too much whitespace", "url": "https://api.github.com/repos/opencart/opencart/issues/622", "labels_url": "https://api.github.com/repos/opencart/opencart/issues/622/labels{/name}", "created_at": "2013-04-16T04:29:53Z", "events_url": "https://api.github.com/repos/opencart/opencart/issues/622/events", "comments_url": "https://api.github.com/repos/opencart/opencart/issues/622/comments", "html_url": "https://github.com/opencart/opencart/issues/622", "comments": 5, "number": 622, "updated_at": "2013-04-16T08:15:57Z", "assignee": null, "state": "closed", "user": {"following_url": "https://api.github.com/users/eorza/following{/other_user}", "events_url": "https://api.github.com/users/eorza/events{/privacy}", "organizations_url": "https://api.github.com/users/eorza/orgs", "url": "https://api.github.com/users/eorza", "gists_url": "https://api.github.com/users/eorza/gists{/gist_id}", "html_url": "https://github.com/eorza", "subscriptions_url": "https://api.github.com/users/eorza/subscriptions", "avatar_url": "https://avatars.githubusercontent.com/u/1518217?v=3", "repos_url": "https://api.github.com/users/eorza/repos", "received_events_url": "https://api.github.com/users/eorza/received_events", "gravatar_id": "", "starred_url": "https://api.github.com/users/eorza/starred{/owner}{/repo}", "site_admin": false, "login": "eorza", "type": "User", "id": 1518217, "followers_url": "https://api.github.com/users/eorza/followers"}, "milestone": null, "repository_url": "https://api.github.com/repos/opencart/opencart", "closed_at": "2013-04-16T08:15:57Z", "assignees": [], "id": 13231194}, "id": 45334005}, {"commit_id": null, "commit_url": null, "url": "https://api.github.com/repos/opencart/opencart/issues/events/45329474", "created_at": "2013-04-16T07:21:27Z", "actor": {"following_url": "https://api.github.com/users/opencarthelp/following{/other_user}", "events_url": "https://api.github.com/users/opencarthelp/events{/privacy}", "organizations_url": "https://api.github.com/users/opencarthelp/orgs", "url": "https://api.github.com/users/opencarthelp", "gists_url": "https://api.github.com/users/opencarthelp/gists{/gist_id}", "html_url": "https://github.com/opencarthelp", "subscriptions_url": "https://api.github.com/users/opencarthelp/subscriptions", "avatar_url": "https://avatars.githubusercontent.com/u/2072585?v=3", "repos_url": "https://api.github.com/users/opencarthelp/repos", "received_events_url": "https://api.github.com/users/opencarthelp/received_events", "gravatar_id": "", "starred_url": "https://api.github.com/users/opencarthelp/starred{/owner}{/repo}", "site_admin": false, "login": "opencarthelp", "type": "User", "id": 2072585, "followers_url": "https://api.github.com/users/opencarthelp/followers"}, "event": "subscribed", "issue": {"body": "In current code, there are too much white space, please remove them\n", "labels": [], "locked": false, "title": "Too much whitespace", "url": "https://api.github.com/repos/opencart/opencart/issues/622", "labels_url": "https://api.github.com/repos/opencart/opencart/issues/622/labels{/name}", "created_at": "2013-04-16T04:29:53Z", "events_url": "https://api.github.com/repos/opencart/opencart/issues/622/events", "comments_url": "https://api.github.com/repos/opencart/opencart/issues/622/comments", "html_url": "https://github.com/opencart/opencart/issues/622", "comments": 5, "number": 622, "updated_at": "2013-04-16T08:15:57Z", "assignee": null, "state": "closed", "user": {"following_url": "https://api.github.com/users/eorza/following{/other_user}", "events_url": "https://api.github.com/users/eorza/events{/privacy}", "organizations_url": "https://api.github.com/users/eorza/orgs", "url": "https://api.github.com/users/eorza", "gists_url": "https://api.github.com/users/eorza/gists{/gist_id}", "html_url": "https://github.com/eorza", "subscriptions_url": "https://api.github.com/users/eorza/subscriptions", "avatar_url": "https://avatars.githubusercontent.com/u/1518217?v=3", "repos_url": "https://api.github.com/users/eorza/repos", "received_events_url": "https://api.github.com/users/eorza/received_events", "gravatar_id": "", "starred_url": "https://api.github.com/users/eorza/starred{/owner}{/repo}", "site_admin": false, "login": "eorza", "type": "User", "id": 1518217, "followers_url": "https://api.github.com/users/eorza/followers"}, "milestone": null, "repository_url": "https://api.github.com/repos/opencart/opencart", "closed_at": "2013-04-16T08:15:57Z", "assignees": [], "id": 13231194}, "id": 45329474}, {"commit_id": null, "commit_url": null, "url": "https://api.github.com/repos/opencart/opencart/issues/events/45329473", "created_at": "2013-04-16T07:21:27Z", "actor": {"following_url": "https://api.github.com/users/opencarthelp/following{/other_user}", "events_url": "https://api.github.com/users/opencarthelp/events{/privacy}", "organizations_url": "https://api.github.com/users/opencarthelp/orgs", "url": "https://api.github.com/users/opencarthelp", "gists_url": "https://api.github.com/users/opencarthelp/gists{/gist_id}", "html_url": "https://github.com/opencarthelp", "subscriptions_url": "https://api.github.com/users/opencarthelp/subscriptions", "avatar_url": "https://avatars.githubusercontent.com/u/2072585?v=3", "repos_url": "https://api.github.com/users/opencarthelp/repos", "received_events_url": "https://api.github.com/users/opencarthelp/received_events", "gravatar_id": "", "starred_url": "https://api.github.com/users/opencarthelp/starred{/owner}{/repo}", "site_admin": false, "login": "opencarthelp", "type": "User", "id": 2072585, "followers_url": "https://api.github.com/users/opencarthelp/followers"}, "event": "mentioned", "issue": {"body": "In current code, there are too much white space, please remove them\n", "labels": [], "locked": false, "title": "Too much whitespace", "url": "https://api.github.com/repos/opencart/opencart/issues/622", "labels_url": "https://api.github.com/repos/opencart/opencart/issues/622/labels{/name}", "created_at": "2013-04-16T04:29:53Z", "events_url": "https://api.github.com/repos/opencart/opencart/issues/622/events", "comments_url": "https://api.github.com/repos/opencart/opencart/issues/622/comments", "html_url": "https://github.com/opencart/opencart/issues/622", "comments": 5, "number": 622, "updated_at": "2013-04-16T08:15:57Z", "assignee": null, "state": "closed", "user": {"following_url": "https://api.github.com/users/eorza/following{/other_user}", "events_url": "https://api.github.com/users/eorza/events{/privacy}", "organizations_url": "https://api.github.com/users/eorza/orgs", "url": "https://api.github.com/users/eorza", "gists_url": "https://api.github.com/users/eorza/gists{/gist_id}", "html_url": "https://github.com/eorza", "subscriptions_url": "https://api.github.com/users/eorza/subscriptions", "avatar_url": "https://avatars.githubusercontent.com/u/1518217?v=3", "repos_url": "https://api.github.com/users/eorza/repos", "received_events_url": "https://api.github.com/users/eorza/received_events", "gravatar_id": "", "starred_url": "https://api.github.com/users/eorza/starred{/owner}{/repo}", "site_admin": false, "login": "eorza", "type": "User", "id": 1518217, "followers_url": "https://api.github.com/users/eorza/followers"}, "milestone": null, "repository_url": "https://api.github.com/repos/opencart/opencart", "closed_at": "2013-04-16T08:15:57Z", "assignees": [], "id": 13231194}, "id": 45329473}, {"commit_id": null, "commit_url": null, "url": "https://api.github.com/repos/opencart/opencart/issues/events/45323078", "created_at": "2013-04-16T05:39:15Z", "actor": {"following_url": "https://api.github.com/users/rickard2/following{/other_user}", "events_url": "https://api.github.com/users/rickard2/events{/privacy}", "organizations_url": "https://api.github.com/users/rickard2/orgs", "url": "https://api.github.com/users/rickard2", "gists_url": "https://api.github.com/users/rickard2/gists{/gist_id}", "html_url": "https://github.com/rickard2", "subscriptions_url": "https://api.github.com/users/rickard2/subscriptions", "avatar_url": "https://avatars.githubusercontent.com/u/488425?v=3", "repos_url": "https://api.github.com/users/rickard2/repos", "received_events_url": "https://api.github.com/users/rickard2/received_events", "gravatar_id": "", "starred_url": "https://api.github.com/users/rickard2/starred{/owner}{/repo}", "site_admin": false, "login": "rickard2", "type": "User", "id": 488425, "followers_url": "https://api.github.com/users/rickard2/followers"}, "event": "head_ref_deleted", "issue": {"labels": [], "number": 605, "assignee": null, "repository_url": "https://api.github.com/repos/opencart/opencart", "closed_at": "2013-04-15T09:47:49Z", "id": 13104573, "title": "Fixed typo in jQuery selector", "pull_request": {"url": "https://api.github.com/repos/opencart/opencart/pulls/605", "diff_url": "https://github.com/opencart/opencart/pull/605.diff", "html_url": "https://github.com/opencart/opencart/pull/605", "patch_url": "https://github.com/opencart/opencart/pull/605.patch"}, "comments": 0, "state": "closed", "body": "I suppose this is meant to be a .information jQuery selector\n", "labels_url": "https://api.github.com/repos/opencart/opencart/issues/605/labels{/name}", "events_url": "https://api.github.com/repos/opencart/opencart/issues/605/events", "comments_url": "https://api.github.com/repos/opencart/opencart/issues/605/comments", "html_url": "https://github.com/opencart/opencart/pull/605", "updated_at": "2014-07-04T01:37:49Z", "user": {"following_url": "https://api.github.com/users/rickard2/following{/other_user}", "events_url": "https://api.github.com/users/rickard2/events{/privacy}", "organizations_url": "https://api.github.com/users/rickard2/orgs", "url": "https://api.github.com/users/rickard2", "gists_url": "https://api.github.com/users/rickard2/gists{/gist_id}", "html_url": "https://github.com/rickard2", "subscriptions_url": "https://api.github.com/users/rickard2/subscriptions", "avatar_url": "https://avatars.githubusercontent.com/u/488425?v=3", "repos_url": "https://api.github.com/users/rickard2/repos", "received_events_url": "https://api.github.com/users/rickard2/received_events", "gravatar_id": "", "starred_url": "https://api.github.com/users/rickard2/starred{/owner}{/repo}", "site_admin": false, "login": "rickard2", "type": "User", "id": 488425, "followers_url": "https://api.github.com/users/rickard2/followers"}, "milestone": null, "locked": false, "url": "https://api.github.com/repos/opencart/opencart/issues/605", "created_at": "2013-04-12T06:07:59Z", "assignees": []}, "id": 45323078}, {"commit_id": null, "commit_url": null, "url": "https://api.github.com/repos/opencart/opencart/issues/events/45318312", "created_at": "2013-04-16T04:02:39Z", "actor": {"following_url": "https://api.github.com/users/opencart/following{/other_user}", "events_url": "https://api.github.com/users/opencart/events{/privacy}", "organizations_url": "https://api.github.com/users/opencart/orgs", "url": "https://api.github.com/users/opencart", "gists_url": "https://api.github.com/users/opencart/gists{/gist_id}", "html_url": "https://github.com/opencart", "subscriptions_url": "https://api.github.com/users/opencart/subscriptions", "avatar_url": "https://avatars.githubusercontent.com/u/214225?v=3", "repos_url": "https://api.github.com/users/opencart/repos", "received_events_url": "https://api.github.com/users/opencart/received_events", "gravatar_id": "", "starred_url": "https://api.github.com/users/opencart/starred{/owner}{/repo}", "site_admin": false, "login": "opencart", "type": "Organization", "id": 214225, "followers_url": "https://api.github.com/users/opencart/followers"}, "event": "closed", "issue": {"body": "On the \"Links\" tab of a product on the admin page, the red delete button is almost unclickable. I have attatched a screenshot, in which I have marked the area (the black bar) where the cursor turns into a pointer and the action is registered. \n![delete](https://f.cloud.github.com/assets/4165670/383805/ad73f866-a627-11e2-8354-6adec808b8fb.png)\n\nHappens in both Chrome and Safari on OS X 10.8.3\n", "labels": [], "locked": false, "title": "Delete button is almost unclickable.", "url": "https://api.github.com/repos/opencart/opencart/issues/621", "labels_url": "https://api.github.com/repos/opencart/opencart/issues/621/labels{/name}", "created_at": "2013-04-15T23:53:46Z", "events_url": "https://api.github.com/repos/opencart/opencart/issues/621/events", "comments_url": "https://api.github.com/repos/opencart/opencart/issues/621/comments", "html_url": "https://github.com/opencart/opencart/issues/621", "comments": 1, "number": 621, "updated_at": "2013-04-16T04:02:39Z", "assignee": null, "state": "closed", "user": {"following_url": "https://api.github.com/users/agisboye/following{/other_user}", "events_url": "https://api.github.com/users/agisboye/events{/privacy}", "organizations_url": "https://api.github.com/users/agisboye/orgs", "url": "https://api.github.com/users/agisboye", "gists_url": "https://api.github.com/users/agisboye/gists{/gist_id}", "html_url": "https://github.com/agisboye", "subscriptions_url": "https://api.github.com/users/agisboye/subscriptions", "avatar_url": "https://avatars.githubusercontent.com/u/4165670?v=3", "repos_url": "https://api.github.com/users/agisboye/repos", "received_events_url": "https://api.github.com/users/agisboye/received_events", "gravatar_id": "", "starred_url": "https://api.github.com/users/agisboye/starred{/owner}{/repo}", "site_admin": false, "login": "agisboye", "type": "User", "id": 4165670, "followers_url": "https://api.github.com/users/agisboye/followers"}, "milestone": null, "repository_url": "https://api.github.com/repos/opencart/opencart", "closed_at": "2013-04-16T04:02:39Z", "assignees": [], "id": 13225560}, "id": 45318312}, {"commit_id": null, "commit_url": null, "url": "https://api.github.com/repos/opencart/opencart/issues/events/45318254", "created_at": "2013-04-16T04:01:39Z", "actor": {"following_url": "https://api.github.com/users/opencart/following{/other_user}", "events_url": "https://api.github.com/users/opencart/events{/privacy}", "organizations_url": "https://api.github.com/users/opencart/orgs", "url": "https://api.github.com/users/opencart", "gists_url": "https://api.github.com/users/opencart/gists{/gist_id}", "html_url": "https://github.com/opencart", "subscriptions_url": "https://api.github.com/users/opencart/subscriptions", "avatar_url": "https://avatars.githubusercontent.com/u/214225?v=3", "repos_url": "https://api.github.com/users/opencart/repos", "received_events_url": "https://api.github.com/users/opencart/received_events", "gravatar_id": "", "starred_url": "https://api.github.com/users/opencart/starred{/owner}{/repo}", "site_admin": false, "login": "opencart", "type": "Organization", "id": 214225, "followers_url": "https://api.github.com/users/opencart/followers"}, "event": "closed", "issue": {"body": "- New on github. I apologize about the swapped less-than/greater-than signs.\n\nBy editing the HTML value= of an >option< in a >select< on a product page, it is possible to bypass the option check directly from a browser, even though the option is required.\n\nThis is the part in /controller/checkout/cart.php that performs the check:\n\n``` php\nif ($product_option['required'] && empty($option[$product_option['product_option_id']]))\n```\n\nIt only checks to see if the value is empty (which means that it hasn't been changed), but it doesn't check the returned value and actually make sure that it's a valid one. This means that it's possible to add an item to the cart and order it without options, even though they are required.\n", "labels": [], "locked": false, "title": "Options aren't validated.", "url": "https://api.github.com/repos/opencart/opencart/issues/620", "labels_url": "https://api.github.com/repos/opencart/opencart/issues/620/labels{/name}", "created_at": "2013-04-15T23:40:54Z", "events_url": "https://api.github.com/repos/opencart/opencart/issues/620/events", "comments_url": "https://api.github.com/repos/opencart/opencart/issues/620/comments", "html_url": "https://github.com/opencart/opencart/issues/620", "comments": 1, "number": 620, "updated_at": "2013-04-16T04:01:39Z", "assignee": null, "state": "closed", "user": {"following_url": "https://api.github.com/users/agisboye/following{/other_user}", "events_url": "https://api.github.com/users/agisboye/events{/privacy}", "organizations_url": "https://api.github.com/users/agisboye/orgs", "url": "https://api.github.com/users/agisboye", "gists_url": "https://api.github.com/users/agisboye/gists{/gist_id}", "html_url": "https://github.com/agisboye", "subscriptions_url": "https://api.github.com/users/agisboye/subscriptions", "avatar_url": "https://avatars.githubusercontent.com/u/4165670?v=3", "repos_url": "https://api.github.com/users/agisboye/repos", "received_events_url": "https://api.github.com/users/agisboye/received_events", "gravatar_id": "", "starred_url": "https://api.github.com/users/agisboye/starred{/owner}{/repo}", "site_admin": false, "login": "agisboye", "type": "User", "id": 4165670, "followers_url": "https://api.github.com/users/agisboye/followers"}, "milestone": null, "repository_url": "https://api.github.com/repos/opencart/opencart", "closed_at": "2013-04-16T04:01:39Z", "assignees": [], "id": 13225234}, "id": 45318254}, {"commit_id": null, "commit_url": null, "url": "https://api.github.com/repos/opencart/opencart/issues/events/45192494", "created_at": "2013-04-15T09:47:49Z", "actor": {"following_url": "https://api.github.com/users/opencart/following{/other_user}", "events_url": "https://api.github.com/users/opencart/events{/privacy}", "organizations_url": "https://api.github.com/users/opencart/orgs", "url": "https://api.github.com/users/opencart", "gists_url": "https://api.github.com/users/opencart/gists{/gist_id}", "html_url": "https://github.com/opencart", "subscriptions_url": "https://api.github.com/users/opencart/subscriptions", "avatar_url": "https://avatars.githubusercontent.com/u/214225?v=3", "repos_url": "https://api.github.com/users/opencart/repos", "received_events_url": "https://api.github.com/users/opencart/received_events", "gravatar_id": "", "starred_url": "https://api.github.com/users/opencart/starred{/owner}{/repo}", "site_admin": false, "login": "opencart", "type": "Organization", "id": 214225, "followers_url": "https://api.github.com/users/opencart/followers"}, "event": "closed", "issue": {"labels": [], "number": 605, "assignee": null, "repository_url": "https://api.github.com/repos/opencart/opencart", "closed_at": "2013-04-15T09:47:49Z", "id": 13104573, "title": "Fixed typo in jQuery selector", "pull_request": {"url": "https://api.github.com/repos/opencart/opencart/pulls/605", "diff_url": "https://github.com/opencart/opencart/pull/605.diff", "html_url": "https://github.com/opencart/opencart/pull/605", "patch_url": "https://github.com/opencart/opencart/pull/605.patch"}, "comments": 0, "state": "closed", "body": "I suppose this is meant to be a .information jQuery selector\n", "labels_url": "https://api.github.com/repos/opencart/opencart/issues/605/labels{/name}", "events_url": "https://api.github.com/repos/opencart/opencart/issues/605/events", "comments_url": "https://api.github.com/repos/opencart/opencart/issues/605/comments", "html_url": "https://github.com/opencart/opencart/pull/605", "updated_at": "2014-07-04T01:37:49Z", "user": {"following_url": "https://api.github.com/users/rickard2/following{/other_user}", "events_url": "https://api.github.com/users/rickard2/events{/privacy}", "organizations_url": "https://api.github.com/users/rickard2/orgs", "url": "https://api.github.com/users/rickard2", "gists_url": "https://api.github.com/users/rickard2/gists{/gist_id}", "html_url": "https://github.com/rickard2", "subscriptions_url": "https://api.github.com/users/rickard2/subscriptions", "avatar_url": "https://avatars.githubusercontent.com/u/488425?v=3", "repos_url": "https://api.github.com/users/rickard2/repos", "received_events_url": "https://api.github.com/users/rickard2/received_events", "gravatar_id": "", "starred_url": "https://api.github.com/users/rickard2/starred{/owner}{/repo}", "site_admin": false, "login": "rickard2", "type": "User", "id": 488425, "followers_url": "https://api.github.com/users/rickard2/followers"}, "milestone": null, "locked": false, "url": "https://api.github.com/repos/opencart/opencart/issues/605", "created_at": "2013-04-12T06:07:59Z", "assignees": []}, "id": 45192494}, {"commit_id": "15aa9467f910da4130280fa338c4a082daaa1769", "commit_url": "https://api.github.com/repos/opencart/opencart/commits/15aa9467f910da4130280fa338c4a082daaa1769", "url": "https://api.github.com/repos/opencart/opencart/issues/events/45192493", "created_at": "2013-04-15T09:47:49Z", "actor": {"following_url": "https://api.github.com/users/opencart/following{/other_user}", "events_url": "https://api.github.com/users/opencart/events{/privacy}", "organizations_url": "https://api.github.com/users/opencart/orgs", "url": "https://api.github.com/users/opencart", "gists_url": "https://api.github.com/users/opencart/gists{/gist_id}", "html_url": "https://github.com/opencart", "subscriptions_url": "https://api.github.com/users/opencart/subscriptions", "avatar_url": "https://avatars.githubusercontent.com/u/214225?v=3", "repos_url": "https://api.github.com/users/opencart/repos", "received_events_url": "https://api.github.com/users/opencart/received_events", "gravatar_id": "", "starred_url": "https://api.github.com/users/opencart/starred{/owner}{/repo}", "site_admin": false, "login": "opencart", "type": "Organization", "id": 214225, "followers_url": "https://api.github.com/users/opencart/followers"}, "event": "merged", "issue": {"labels": [], "number": 605, "assignee": null, "repository_url": "https://api.github.com/repos/opencart/opencart", "closed_at": "2013-04-15T09:47:49Z", "id": 13104573, "title": "Fixed typo in jQuery selector", "pull_request": {"url": "https://api.github.com/repos/opencart/opencart/pulls/605", "diff_url": "https://github.com/opencart/opencart/pull/605.diff", "html_url": "https://github.com/opencart/opencart/pull/605", "patch_url": "https://github.com/opencart/opencart/pull/605.patch"}, "comments": 0, "state": "closed", "body": "I suppose this is meant to be a .information jQuery selector\n", "labels_url": "https://api.github.com/repos/opencart/opencart/issues/605/labels{/name}", "events_url": "https://api.github.com/repos/opencart/opencart/issues/605/events", "comments_url": "https://api.github.com/repos/opencart/opencart/issues/605/comments", "html_url": "https://github.com/opencart/opencart/pull/605", "updated_at": "2014-07-04T01:37:49Z", "user": {"following_url": "https://api.github.com/users/rickard2/following{/other_user}", "events_url": "https://api.github.com/users/rickard2/events{/privacy}", "organizations_url": "https://api.github.com/users/rickard2/orgs", "url": "https://api.github.com/users/rickard2", "gists_url": "https://api.github.com/users/rickard2/gists{/gist_id}", "html_url": "https://github.com/rickard2", "subscriptions_url": "https://api.github.com/users/rickard2/subscriptions", "avatar_url": "https://avatars.githubusercontent.com/u/488425?v=3", "repos_url": "https://api.github.com/users/rickard2/repos", "received_events_url": "https://api.github.com/users/rickard2/received_events", "gravatar_id": "", "starred_url": "https://api.github.com/users/rickard2/starred{/owner}{/repo}", "site_admin": false, "login": "rickard2", "type": "User", "id": 488425, "followers_url": "https://api.github.com/users/rickard2/followers"}, "milestone": null, "locked": false, "url": "https://api.github.com/repos/opencart/opencart/issues/605", "created_at": "2013-04-12T06:07:59Z", "assignees": []}, "id": 45192493}, {"commit_id": "15aa9467f910da4130280fa338c4a082daaa1769", "commit_url": "https://api.github.com/repos/opencart/opencart/commits/15aa9467f910da4130280fa338c4a082daaa1769", "url": "https://api.github.com/repos/opencart/opencart/issues/events/45192492", "created_at": "2013-04-15T09:47:49Z", "actor": {"following_url": "https://api.github.com/users/opencart/following{/other_user}", "events_url": "https://api.github.com/users/opencart/events{/privacy}", "organizations_url": "https://api.github.com/users/opencart/orgs", "url": "https://api.github.com/users/opencart", "gists_url": "https://api.github.com/users/opencart/gists{/gist_id}", "html_url": "https://github.com/opencart", "subscriptions_url": "https://api.github.com/users/opencart/subscriptions", "avatar_url": "https://avatars.githubusercontent.com/u/214225?v=3", "repos_url": "https://api.github.com/users/opencart/repos", "received_events_url": "https://api.github.com/users/opencart/received_events", "gravatar_id": "", "starred_url": "https://api.github.com/users/opencart/starred{/owner}{/repo}", "site_admin": false, "login": "opencart", "type": "Organization", "id": 214225, "followers_url": "https://api.github.com/users/opencart/followers"}, "event": "referenced", "issue": {"labels": [], "number": 605, "assignee": null, "repository_url": "https://api.github.com/repos/opencart/opencart", "closed_at": "2013-04-15T09:47:49Z", "id": 13104573, "title": "Fixed typo in jQuery selector", "pull_request": {"url": "https://api.github.com/repos/opencart/opencart/pulls/605", "diff_url": "https://github.com/opencart/opencart/pull/605.diff", "html_url": "https://github.com/opencart/opencart/pull/605", "patch_url": "https://github.com/opencart/opencart/pull/605.patch"}, "comments": 0, "state": "closed", "body": "I suppose this is meant to be a .information jQuery selector\n", "labels_url": "https://api.github.com/repos/opencart/opencart/issues/605/labels{/name}", "events_url": "https://api.github.com/repos/opencart/opencart/issues/605/events", "comments_url": "https://api.github.com/repos/opencart/opencart/issues/605/comments", "html_url": "https://github.com/opencart/opencart/pull/605", "updated_at": "2014-07-04T01:37:49Z", "user": {"following_url": "https://api.github.com/users/rickard2/following{/other_user}", "events_url": "https://api.github.com/users/rickard2/events{/privacy}", "organizations_url": "https://api.github.com/users/rickard2/orgs", "url": "https://api.github.com/users/rickard2", "gists_url": "https://api.github.com/users/rickard2/gists{/gist_id}", "html_url": "https://github.com/rickard2", "subscriptions_url": "https://api.github.com/users/rickard2/subscriptions", "avatar_url": "https://avatars.githubusercontent.com/u/488425?v=3", "repos_url": "https://api.github.com/users/rickard2/repos", "received_events_url": "https://api.github.com/users/rickard2/received_events", "gravatar_id": "", "starred_url": "https://api.github.com/users/rickard2/starred{/owner}{/repo}", "site_admin": false, "login": "rickard2", "type": "User", "id": 488425, "followers_url": "https://api.github.com/users/rickard2/followers"}, "milestone": null, "locked": false, "url": "https://api.github.com/repos/opencart/opencart/issues/605", "created_at": "2013-04-12T06:07:59Z", "assignees": []}, "id": 45192492}, {"commit_id": null, "commit_url": null, "url": "https://api.github.com/repos/opencart/opencart/issues/events/45192340", "created_at": "2013-04-15T09:46:43Z", "actor": {"following_url": "https://api.github.com/users/opencart/following{/other_user}", "events_url": "https://api.github.com/users/opencart/events{/privacy}", "organizations_url": "https://api.github.com/users/opencart/orgs", "url": "https://api.github.com/users/opencart", "gists_url": "https://api.github.com/users/opencart/gists{/gist_id}", "html_url": "https://github.com/opencart", "subscriptions_url": "https://api.github.com/users/opencart/subscriptions", "avatar_url": "https://avatars.githubusercontent.com/u/214225?v=3", "repos_url": "https://api.github.com/users/opencart/repos", "received_events_url": "https://api.github.com/users/opencart/received_events", "gravatar_id": "", "starred_url": "https://api.github.com/users/opencart/starred{/owner}{/repo}", "site_admin": false, "login": "opencart", "type": "Organization", "id": 214225, "followers_url": "https://api.github.com/users/opencart/followers"}, "event": "closed", "issue": {"labels": [], "number": 590, "assignee": null, "repository_url": "https://api.github.com/repos/opencart/opencart", "closed_at": "2013-04-15T09:46:43Z", "id": 12742953, "title": "Included image in sitemap.xml", "pull_request": {"url": "https://api.github.com/repos/opencart/opencart/pulls/590", "diff_url": "https://github.com/opencart/opencart/pull/590.diff", "html_url": "https://github.com/opencart/opencart/pull/590", "patch_url": "https://github.com/opencart/opencart/pull/590.patch"}, "comments": 0, "state": "closed", "body": "this will be included image popup product in sitemap.xml\n\nregards,\n", "labels_url": "https://api.github.com/repos/opencart/opencart/issues/590/labels{/name}", "events_url": "https://api.github.com/repos/opencart/opencart/issues/590/events", "comments_url": "https://api.github.com/repos/opencart/opencart/issues/590/comments", "html_url": "https://github.com/opencart/opencart/pull/590", "updated_at": "2014-07-04T01:37:55Z", "user": {"following_url": "https://api.github.com/users/fahmi182/following{/other_user}", "events_url": "https://api.github.com/users/fahmi182/events{/privacy}", "organizations_url": "https://api.github.com/users/fahmi182/orgs", "url": "https://api.github.com/users/fahmi182", "gists_url": "https://api.github.com/users/fahmi182/gists{/gist_id}", "html_url": "https://github.com/fahmi182", "subscriptions_url": "https://api.github.com/users/fahmi182/subscriptions", "avatar_url": "https://avatars.githubusercontent.com/u/2550685?v=3", "repos_url": "https://api.github.com/users/fahmi182/repos", "received_events_url": "https://api.github.com/users/fahmi182/received_events", "gravatar_id": "", "starred_url": "https://api.github.com/users/fahmi182/starred{/owner}{/repo}", "site_admin": false, "login": "fahmi182", "type": "User", "id": 2550685, "followers_url": "https://api.github.com/users/fahmi182/followers"}, "milestone": null, "locked": false, "url": "https://api.github.com/repos/opencart/opencart/issues/590", "created_at": "2013-04-03T08:49:50Z", "assignees": []}, "id": 45192340}, {"commit_id": "c3c6077f3595ed7d2365c3456073a026e50559e6", "commit_url": "https://api.github.com/repos/opencart/opencart/commits/c3c6077f3595ed7d2365c3456073a026e50559e6", "url": "https://api.github.com/repos/opencart/opencart/issues/events/45192339", "created_at": "2013-04-15T09:46:43Z", "actor": {"following_url": "https://api.github.com/users/opencart/following{/other_user}", "events_url": "https://api.github.com/users/opencart/events{/privacy}", "organizations_url": "https://api.github.com/users/opencart/orgs", "url": "https://api.github.com/users/opencart", "gists_url": "https://api.github.com/users/opencart/gists{/gist_id}", "html_url": "https://github.com/opencart", "subscriptions_url": "https://api.github.com/users/opencart/subscriptions", "avatar_url": "https://avatars.githubusercontent.com/u/214225?v=3", "repos_url": "https://api.github.com/users/opencart/repos", "received_events_url": "https://api.github.com/users/opencart/received_events", "gravatar_id": "", "starred_url": "https://api.github.com/users/opencart/starred{/owner}{/repo}", "site_admin": false, "login": "opencart", "type": "Organization", "id": 214225, "followers_url": "https://api.github.com/users/opencart/followers"}, "event": "merged", "issue": {"labels": [], "number": 590, "assignee": null, "repository_url": "https://api.github.com/repos/opencart/opencart", "closed_at": "2013-04-15T09:46:43Z", "id": 12742953, "title": "Included image in sitemap.xml", "pull_request": {"url": "https://api.github.com/repos/opencart/opencart/pulls/590", "diff_url": "https://github.com/opencart/opencart/pull/590.diff", "html_url": "https://github.com/opencart/opencart/pull/590", "patch_url": "https://github.com/opencart/opencart/pull/590.patch"}, "comments": 0, "state": "closed", "body": "this will be included image popup product in sitemap.xml\n\nregards,\n", "labels_url": "https://api.github.com/repos/opencart/opencart/issues/590/labels{/name}", "events_url": "https://api.github.com/repos/opencart/opencart/issues/590/events", "comments_url": "https://api.github.com/repos/opencart/opencart/issues/590/comments", "html_url": "https://github.com/opencart/opencart/pull/590", "updated_at": "2014-07-04T01:37:55Z", "user": {"following_url": "https://api.github.com/users/fahmi182/following{/other_user}", "events_url": "https://api.github.com/users/fahmi182/events{/privacy}", "organizations_url": "https://api.github.com/users/fahmi182/orgs", "url": "https://api.github.com/users/fahmi182", "gists_url": "https://api.github.com/users/fahmi182/gists{/gist_id}", "html_url": "https://github.com/fahmi182", "subscriptions_url": "https://api.github.com/users/fahmi182/subscriptions", "avatar_url": "https://avatars.githubusercontent.com/u/2550685?v=3", "repos_url": "https://api.github.com/users/fahmi182/repos", "received_events_url": "https://api.github.com/users/fahmi182/received_events", "gravatar_id": "", "starred_url": "https://api.github.com/users/fahmi182/starred{/owner}{/repo}", "site_admin": false, "login": "fahmi182", "type": "User", "id": 2550685, "followers_url": "https://api.github.com/users/fahmi182/followers"}, "milestone": null, "locked": false, "url": "https://api.github.com/repos/opencart/opencart/issues/590", "created_at": "2013-04-03T08:49:50Z", "assignees": []}, "id": 45192339}, {"commit_id": "c3c6077f3595ed7d2365c3456073a026e50559e6", "commit_url": "https://api.github.com/repos/opencart/opencart/commits/c3c6077f3595ed7d2365c3456073a026e50559e6", "url": "https://api.github.com/repos/opencart/opencart/issues/events/45192338", "created_at": "2013-04-15T09:46:43Z", "actor": {"following_url": "https://api.github.com/users/opencart/following{/other_user}", "events_url": "https://api.github.com/users/opencart/events{/privacy}", "organizations_url": "https://api.github.com/users/opencart/orgs", "url": "https://api.github.com/users/opencart", "gists_url": "https://api.github.com/users/opencart/gists{/gist_id}", "html_url": "https://github.com/opencart", "subscriptions_url": "https://api.github.com/users/opencart/subscriptions", "avatar_url": "https://avatars.githubusercontent.com/u/214225?v=3", "repos_url": "https://api.github.com/users/opencart/repos", "received_events_url": "https://api.github.com/users/opencart/received_events", "gravatar_id": "", "starred_url": "https://api.github.com/users/opencart/starred{/owner}{/repo}", "site_admin": false, "login": "opencart", "type": "Organization", "id": 214225, "followers_url": "https://api.github.com/users/opencart/followers"}, "event": "referenced", "issue": {"labels": [], "number": 590, "assignee": null, "repository_url": "https://api.github.com/repos/opencart/opencart", "closed_at": "2013-04-15T09:46:43Z", "id": 12742953, "title": "Included image in sitemap.xml", "pull_request": {"url": "https://api.github.com/repos/opencart/opencart/pulls/590", "diff_url": "https://github.com/opencart/opencart/pull/590.diff", "html_url": "https://github.com/opencart/opencart/pull/590", "patch_url": "https://github.com/opencart/opencart/pull/590.patch"}, "comments": 0, "state": "closed", "body": "this will be included image popup product in sitemap.xml\n\nregards,\n", "labels_url": "https://api.github.com/repos/opencart/opencart/issues/590/labels{/name}", "events_url": "https://api.github.com/repos/opencart/opencart/issues/590/events", "comments_url": "https://api.github.com/repos/opencart/opencart/issues/590/comments", "html_url": "https://github.com/opencart/opencart/pull/590", "updated_at": "2014-07-04T01:37:55Z", "user": {"following_url": "https://api.github.com/users/fahmi182/following{/other_user}", "events_url": "https://api.github.com/users/fahmi182/events{/privacy}", "organizations_url": "https://api.github.com/users/fahmi182/orgs", "url": "https://api.github.com/users/fahmi182", "gists_url": "https://api.github.com/users/fahmi182/gists{/gist_id}", "html_url": "https://github.com/fahmi182", "subscriptions_url": "https://api.github.com/users/fahmi182/subscriptions", "avatar_url": "https://avatars.githubusercontent.com/u/2550685?v=3", "repos_url": "https://api.github.com/users/fahmi182/repos", "received_events_url": "https://api.github.com/users/fahmi182/received_events", "gravatar_id": "", "starred_url": "https://api.github.com/users/fahmi182/starred{/owner}{/repo}", "site_admin": false, "login": "fahmi182", "type": "User", "id": 2550685, "followers_url": "https://api.github.com/users/fahmi182/followers"}, "milestone": null, "locked": false, "url": "https://api.github.com/repos/opencart/opencart/issues/590", "created_at": "2013-04-03T08:49:50Z", "assignees": []}, "id": 45192338}, {"commit_id": null, "commit_url": null, "url": "https://api.github.com/repos/opencart/opencart/issues/events/45190741", "created_at": "2013-04-15T09:33:02Z", "actor": {"following_url": "https://api.github.com/users/opencart/following{/other_user}", "events_url": "https://api.github.com/users/opencart/events{/privacy}", "organizations_url": "https://api.github.com/users/opencart/orgs", "url": "https://api.github.com/users/opencart", "gists_url": "https://api.github.com/users/opencart/gists{/gist_id}", "html_url": "https://github.com/opencart", "subscriptions_url": "https://api.github.com/users/opencart/subscriptions", "avatar_url": "https://avatars.githubusercontent.com/u/214225?v=3", "repos_url": "https://api.github.com/users/opencart/repos", "received_events_url": "https://api.github.com/users/opencart/received_events", "gravatar_id": "", "starred_url": "https://api.github.com/users/opencart/starred{/owner}{/repo}", "site_admin": false, "login": "opencart", "type": "Organization", "id": 214225, "followers_url": "https://api.github.com/users/opencart/followers"}, "event": "closed", "issue": {"labels": [], "number": 618, "assignee": null, "repository_url": "https://api.github.com/repos/opencart/opencart", "closed_at": "2013-04-15T09:33:02Z", "id": 13189192, "title": "Typo", "pull_request": {"url": "https://api.github.com/repos/opencart/opencart/pulls/618", "diff_url": "https://github.com/opencart/opencart/pull/618.diff", "html_url": "https://github.com/opencart/opencart/pull/618", "patch_url": "https://github.com/opencart/opencart/pull/618.patch"}, "comments": 0, "state": "closed", "body": "instead of comma, needs to be 'and'\n", "labels_url": "https://api.github.com/repos/opencart/opencart/issues/618/labels{/name}", "events_url": "https://api.github.com/repos/opencart/opencart/issues/618/events", "comments_url": "https://api.github.com/repos/opencart/opencart/issues/618/comments", "html_url": "https://github.com/opencart/opencart/pull/618", "updated_at": "2014-07-04T01:37:41Z", "user": {"following_url": "https://api.github.com/users/Equotix/following{/other_user}", "events_url": "https://api.github.com/users/Equotix/events{/privacy}", "organizations_url": "https://api.github.com/users/Equotix/orgs", "url": "https://api.github.com/users/Equotix", "gists_url": "https://api.github.com/users/Equotix/gists{/gist_id}", "html_url": "https://github.com/Equotix", "subscriptions_url": "https://api.github.com/users/Equotix/subscriptions", "avatar_url": "https://avatars.githubusercontent.com/u/3221339?v=3", "repos_url": "https://api.github.com/users/Equotix/repos", "received_events_url": "https://api.github.com/users/Equotix/received_events", "gravatar_id": "", "starred_url": "https://api.github.com/users/Equotix/starred{/owner}{/repo}", "site_admin": false, "login": "Equotix", "type": "Organization", "id": 3221339, "followers_url": "https://api.github.com/users/Equotix/followers"}, "milestone": null, "locked": false, "url": "https://api.github.com/repos/opencart/opencart/issues/618", "created_at": "2013-04-15T08:24:10Z", "assignees": []}, "id": 45190741}, {"commit_id": "5b139c1107d6cfbffff6b52755b0fdaa9db15782", "commit_url": "https://api.github.com/repos/opencart/opencart/commits/5b139c1107d6cfbffff6b52755b0fdaa9db15782", "url": "https://api.github.com/repos/opencart/opencart/issues/events/45190740", "created_at": "2013-04-15T09:33:02Z", "actor": {"following_url": "https://api.github.com/users/opencart/following{/other_user}", "events_url": "https://api.github.com/users/opencart/events{/privacy}", "organizations_url": "https://api.github.com/users/opencart/orgs", "url": "https://api.github.com/users/opencart", "gists_url": "https://api.github.com/users/opencart/gists{/gist_id}", "html_url": "https://github.com/opencart", "subscriptions_url": "https://api.github.com/users/opencart/subscriptions", "avatar_url": "https://avatars.githubusercontent.com/u/214225?v=3", "repos_url": "https://api.github.com/users/opencart/repos", "received_events_url": "https://api.github.com/users/opencart/received_events", "gravatar_id": "", "starred_url": "https://api.github.com/users/opencart/starred{/owner}{/repo}", "site_admin": false, "login": "opencart", "type": "Organization", "id": 214225, "followers_url": "https://api.github.com/users/opencart/followers"}, "event": "merged", "issue": {"labels": [], "number": 618, "assignee": null, "repository_url": "https://api.github.com/repos/opencart/opencart", "closed_at": "2013-04-15T09:33:02Z", "id": 13189192, "title": "Typo", "pull_request": {"url": "https://api.github.com/repos/opencart/opencart/pulls/618", "diff_url": "https://github.com/opencart/opencart/pull/618.diff", "html_url": "https://github.com/opencart/opencart/pull/618", "patch_url": "https://github.com/opencart/opencart/pull/618.patch"}, "comments": 0, "state": "closed", "body": "instead of comma, needs to be 'and'\n", "labels_url": "https://api.github.com/repos/opencart/opencart/issues/618/labels{/name}", "events_url": "https://api.github.com/repos/opencart/opencart/issues/618/events", "comments_url": "https://api.github.com/repos/opencart/opencart/issues/618/comments", "html_url": "https://github.com/opencart/opencart/pull/618", "updated_at": "2014-07-04T01:37:41Z", "user": {"following_url": "https://api.github.com/users/Equotix/following{/other_user}", "events_url": "https://api.github.com/users/Equotix/events{/privacy}", "organizations_url": "https://api.github.com/users/Equotix/orgs", "url": "https://api.github.com/users/Equotix", "gists_url": "https://api.github.com/users/Equotix/gists{/gist_id}", "html_url": "https://github.com/Equotix", "subscriptions_url": "https://api.github.com/users/Equotix/subscriptions", "avatar_url": "https://avatars.githubusercontent.com/u/3221339?v=3", "repos_url": "https://api.github.com/users/Equotix/repos", "received_events_url": "https://api.github.com/users/Equotix/received_events", "gravatar_id": "", "starred_url": "https://api.github.com/users/Equotix/starred{/owner}{/repo}", "site_admin": false, "login": "Equotix", "type": "Organization", "id": 3221339, "followers_url": "https://api.github.com/users/Equotix/followers"}, "milestone": null, "locked": false, "url": "https://api.github.com/repos/opencart/opencart/issues/618", "created_at": "2013-04-15T08:24:10Z", "assignees": []}, "id": 45190740}, {"commit_id": "5b139c1107d6cfbffff6b52755b0fdaa9db15782", "commit_url": "https://api.github.com/repos/opencart/opencart/commits/5b139c1107d6cfbffff6b52755b0fdaa9db15782", "url": "https://api.github.com/repos/opencart/opencart/issues/events/45190739", "created_at": "2013-04-15T09:33:02Z", "actor": {"following_url": "https://api.github.com/users/opencart/following{/other_user}", "events_url": "https://api.github.com/users/opencart/events{/privacy}", "organizations_url": "https://api.github.com/users/opencart/orgs", "url": "https://api.github.com/users/opencart", "gists_url": "https://api.github.com/users/opencart/gists{/gist_id}", "html_url": "https://github.com/opencart", "subscriptions_url": "https://api.github.com/users/opencart/subscriptions", "avatar_url": "https://avatars.githubusercontent.com/u/214225?v=3", "repos_url": "https://api.github.com/users/opencart/repos", "received_events_url": "https://api.github.com/users/opencart/received_events", "gravatar_id": "", "starred_url": "https://api.github.com/users/opencart/starred{/owner}{/repo}", "site_admin": false, "login": "opencart", "type": "Organization", "id": 214225, "followers_url": "https://api.github.com/users/opencart/followers"}, "event": "referenced", "issue": {"labels": [], "number": 618, "assignee": null, "repository_url": "https://api.github.com/repos/opencart/opencart", "closed_at": "2013-04-15T09:33:02Z", "id": 13189192, "title": "Typo", "pull_request": {"url": "https://api.github.com/repos/opencart/opencart/pulls/618", "diff_url": "https://github.com/opencart/opencart/pull/618.diff", "html_url": "https://github.com/opencart/opencart/pull/618", "patch_url": "https://github.com/opencart/opencart/pull/618.patch"}, "comments": 0, "state": "closed", "body": "instead of comma, needs to be 'and'\n", "labels_url": "https://api.github.com/repos/opencart/opencart/issues/618/labels{/name}", "events_url": "https://api.github.com/repos/opencart/opencart/issues/618/events", "comments_url": "https://api.github.com/repos/opencart/opencart/issues/618/comments", "html_url": "https://github.com/opencart/opencart/pull/618", "updated_at": "2014-07-04T01:37:41Z", "user": {"following_url": "https://api.github.com/users/Equotix/following{/other_user}", "events_url": "https://api.github.com/users/Equotix/events{/privacy}", "organizations_url": "https://api.github.com/users/Equotix/orgs", "url": "https://api.github.com/users/Equotix", "gists_url": "https://api.github.com/users/Equotix/gists{/gist_id}", "html_url": "https://github.com/Equotix", "subscriptions_url": "https://api.github.com/users/Equotix/subscriptions", "avatar_url": "https://avatars.githubusercontent.com/u/3221339?v=3", "repos_url": "https://api.github.com/users/Equotix/repos", "received_events_url": "https://api.github.com/users/Equotix/received_events", "gravatar_id": "", "starred_url": "https://api.github.com/users/Equotix/starred{/owner}{/repo}", "site_admin": false, "login": "Equotix", "type": "Organization", "id": 3221339, "followers_url": "https://api.github.com/users/Equotix/followers"}, "milestone": null, "locked": false, "url": "https://api.github.com/repos/opencart/opencart/issues/618", "created_at": "2013-04-15T08:24:10Z", "assignees": []}, "id": 45190739}, {"commit_id": null, "commit_url": null, "url": "https://api.github.com/repos/opencart/opencart/issues/events/45190662", "created_at": "2013-04-15T09:32:24Z", "actor": {"following_url": "https://api.github.com/users/opencart/following{/other_user}", "events_url": "https://api.github.com/users/opencart/events{/privacy}", "organizations_url": "https://api.github.com/users/opencart/orgs", "url": "https://api.github.com/users/opencart", "gists_url": "https://api.github.com/users/opencart/gists{/gist_id}", "html_url": "https://github.com/opencart", "subscriptions_url": "https://api.github.com/users/opencart/subscriptions", "avatar_url": "https://avatars.githubusercontent.com/u/214225?v=3", "repos_url": "https://api.github.com/users/opencart/repos", "received_events_url": "https://api.github.com/users/opencart/received_events", "gravatar_id": "", "starred_url": "https://api.github.com/users/opencart/starred{/owner}{/repo}", "site_admin": false, "login": "opencart", "type": "Organization", "id": 214225, "followers_url": "https://api.github.com/users/opencart/followers"}, "event": "closed", "issue": {"labels": [], "number": 619, "assignee": null, "repository_url": "https://api.github.com/repos/opencart/opencart", "closed_at": "2013-04-15T09:32:24Z", "id": 13190573, "title": "Update System\\Library\\Image.php", "pull_request": {"url": "https://api.github.com/repos/opencart/opencart/pulls/619", "diff_url": "https://github.com/opencart/opencart/pull/619.diff", "html_url": "https://github.com/opencart/opencart/pull/619", "patch_url": "https://github.com/opencart/opencart/pull/619.patch"}, "comments": 1, "state": "closed", "body": "Correction method Create ()\n- Bug Fix: Problems with PNG files (Did not identify the type of mime)\n\nPositions added in the method watermark ()\n- center\n- centertop\n- centerbottom\n- centerleft\n- centerright\n", "labels_url": "https://api.github.com/repos/opencart/opencart/issues/619/labels{/name}", "events_url": "https://api.github.com/repos/opencart/opencart/issues/619/events", "comments_url": "https://api.github.com/repos/opencart/opencart/issues/619/comments", "html_url": "https://github.com/opencart/opencart/pull/619", "updated_at": "2014-07-04T01:37:39Z", "user": {"following_url": "https://api.github.com/users/valdeir2000/following{/other_user}", "events_url": "https://api.github.com/users/valdeir2000/events{/privacy}", "organizations_url": "https://api.github.com/users/valdeir2000/orgs", "url": "https://api.github.com/users/valdeir2000", "gists_url": "https://api.github.com/users/valdeir2000/gists{/gist_id}", "html_url": "https://github.com/valdeir2000", "subscriptions_url": "https://api.github.com/users/valdeir2000/subscriptions", "avatar_url": "https://avatars.githubusercontent.com/u/606481?v=3", "repos_url": "https://api.github.com/users/valdeir2000/repos", "received_events_url": "https://api.github.com/users/valdeir2000/received_events", "gravatar_id": "", "starred_url": "https://api.github.com/users/valdeir2000/starred{/owner}{/repo}", "site_admin": false, "login": "valdeir2000", "type": "User", "id": 606481, "followers_url": "https://api.github.com/users/valdeir2000/followers"}, "milestone": null, "locked": false, "url": "https://api.github.com/repos/opencart/opencart/issues/619", "created_at": "2013-04-15T09:07:01Z", "assignees": []}, "id": 45190662}, {"commit_id": null, "commit_url": null, "url": "https://api.github.com/repos/opencart/opencart/issues/events/45171495", "created_at": "2013-04-15T04:56:55Z", "actor": {"following_url": "https://api.github.com/users/opencart/following{/other_user}", "events_url": "https://api.github.com/users/opencart/events{/privacy}", "organizations_url": "https://api.github.com/users/opencart/orgs", "url": "https://api.github.com/users/opencart", "gists_url": "https://api.github.com/users/opencart/gists{/gist_id}", "html_url": "https://github.com/opencart", "subscriptions_url": "https://api.github.com/users/opencart/subscriptions", "avatar_url": "https://avatars.githubusercontent.com/u/214225?v=3", "repos_url": "https://api.github.com/users/opencart/repos", "received_events_url": "https://api.github.com/users/opencart/received_events", "gravatar_id": "", "starred_url": "https://api.github.com/users/opencart/starred{/owner}{/repo}", "site_admin": false, "login": "opencart", "type": "Organization", "id": 214225, "followers_url": "https://api.github.com/users/opencart/followers"}, "event": "closed", "issue": {"body": "I see in model catalog and products with code $this->cache->delete('category'); so i can't find set cache code from model !! and products model same !! (Admin Model)\n\nso what mistake ?\n", "labels": [], "locked": false, "title": "What mistake in model Catalog and Product with cache set 1.5.5.1", "url": "https://api.github.com/repos/opencart/opencart/issues/617", "labels_url": "https://api.github.com/repos/opencart/opencart/issues/617/labels{/name}", "created_at": "2013-04-15T04:09:46Z", "events_url": "https://api.github.com/repos/opencart/opencart/issues/617/events", "comments_url": "https://api.github.com/repos/opencart/opencart/issues/617/comments", "html_url": "https://github.com/opencart/opencart/issues/617", "comments": 1, "number": 617, "updated_at": "2013-04-15T04:56:55Z", "assignee": null, "state": "closed", "user": {"following_url": "https://api.github.com/users/jimmyphong/following{/other_user}", "events_url": "https://api.github.com/users/jimmyphong/events{/privacy}", "organizations_url": "https://api.github.com/users/jimmyphong/orgs", "url": "https://api.github.com/users/jimmyphong", "gists_url": "https://api.github.com/users/jimmyphong/gists{/gist_id}", "html_url": "https://github.com/jimmyphong", "subscriptions_url": "https://api.github.com/users/jimmyphong/subscriptions", "avatar_url": "https://avatars.githubusercontent.com/u/3820500?v=3", "repos_url": "https://api.github.com/users/jimmyphong/repos", "received_events_url": "https://api.github.com/users/jimmyphong/received_events", "gravatar_id": "", "starred_url": "https://api.github.com/users/jimmyphong/starred{/owner}{/repo}", "site_admin": false, "login": "jimmyphong", "type": "User", "id": 3820500, "followers_url": "https://api.github.com/users/jimmyphong/followers"}, "milestone": null, "repository_url": "https://api.github.com/repos/opencart/opencart", "closed_at": "2013-04-15T04:56:55Z", "assignees": [], "id": 13184416}, "id": 45171495}, {"commit_id": null, "commit_url": null, "url": "https://api.github.com/repos/opencart/opencart/issues/events/45168697", "created_at": "2013-04-15T03:43:01Z", "actor": {"following_url": "https://api.github.com/users/opencart/following{/other_user}", "events_url": "https://api.github.com/users/opencart/events{/privacy}", "organizations_url": "https://api.github.com/users/opencart/orgs", "url": "https://api.github.com/users/opencart", "gists_url": "https://api.github.com/users/opencart/gists{/gist_id}", "html_url": "https://github.com/opencart", "subscriptions_url": "https://api.github.com/users/opencart/subscriptions", "avatar_url": "https://avatars.githubusercontent.com/u/214225?v=3", "repos_url": "https://api.github.com/users/opencart/repos", "received_events_url": "https://api.github.com/users/opencart/received_events", "gravatar_id": "", "starred_url": "https://api.github.com/users/opencart/starred{/owner}{/repo}", "site_admin": false, "login": "opencart", "type": "Organization", "id": 214225, "followers_url": "https://api.github.com/users/opencart/followers"}, "event": "closed", "issue": {"labels": [], "number": 610, "assignee": null, "repository_url": "https://api.github.com/repos/opencart/opencart", "closed_at": "2013-04-15T03:43:01Z", "id": 13147091, "title": "entry_captcha not needed in language/user/user.php", "pull_request": {"url": "https://api.github.com/repos/opencart/opencart/pulls/610", "diff_url": "https://github.com/opencart/opencart/pull/610.diff", "html_url": "https://github.com/opencart/opencart/pull/610", "patch_url": "https://github.com/opencart/opencart/pull/610.patch"}, "comments": 1, "state": "closed", "body": "", "labels_url": "https://api.github.com/repos/opencart/opencart/issues/610/labels{/name}", "events_url": "https://api.github.com/repos/opencart/opencart/issues/610/events", "comments_url": "https://api.github.com/repos/opencart/opencart/issues/610/comments", "html_url": "https://github.com/opencart/opencart/pull/610", "updated_at": "2014-07-04T01:37:44Z", "user": {"following_url": "https://api.github.com/users/Equotix/following{/other_user}", "events_url": "https://api.github.com/users/Equotix/events{/privacy}", "organizations_url": "https://api.github.com/users/Equotix/orgs", "url": "https://api.github.com/users/Equotix", "gists_url": "https://api.github.com/users/Equotix/gists{/gist_id}", "html_url": "https://github.com/Equotix", "subscriptions_url": "https://api.github.com/users/Equotix/subscriptions", "avatar_url": "https://avatars.githubusercontent.com/u/3221339?v=3", "repos_url": "https://api.github.com/users/Equotix/repos", "received_events_url": "https://api.github.com/users/Equotix/received_events", "gravatar_id": "", "starred_url": "https://api.github.com/users/Equotix/starred{/owner}{/repo}", "site_admin": false, "login": "Equotix", "type": "Organization", "id": 3221339, "followers_url": "https://api.github.com/users/Equotix/followers"}, "milestone": null, "locked": false, "url": "https://api.github.com/repos/opencart/opencart/issues/610", "created_at": "2013-04-13T02:15:29Z", "assignees": []}, "id": 45168697}, {"commit_id": null, "commit_url": null, "url": "https://api.github.com/repos/opencart/opencart/issues/events/45168645", "created_at": "2013-04-15T03:41:58Z", "actor": {"following_url": "https://api.github.com/users/opencart/following{/other_user}", "events_url": "https://api.github.com/users/opencart/events{/privacy}", "organizations_url": "https://api.github.com/users/opencart/orgs", "url": "https://api.github.com/users/opencart", "gists_url": "https://api.github.com/users/opencart/gists{/gist_id}", "html_url": "https://github.com/opencart", "subscriptions_url": "https://api.github.com/users/opencart/subscriptions", "avatar_url": "https://avatars.githubusercontent.com/u/214225?v=3", "repos_url": "https://api.github.com/users/opencart/repos", "received_events_url": "https://api.github.com/users/opencart/received_events", "gravatar_id": "", "starred_url": "https://api.github.com/users/opencart/starred{/owner}{/repo}", "site_admin": false, "login": "opencart", "type": "Organization", "id": 214225, "followers_url": "https://api.github.com/users/opencart/followers"}, "event": "closed", "issue": {"body": "catalog/model/image.php \"return $this->config->get('config_url') . 'image/' . $new_image;\" and  \"return $this->config->get('config_ssl') . 'image/' . $new_image;\" lines, returns image path, not formatted for HTML. If image path contains space, it will not be formatted.\n\nThe same - with UTF-8 characters in path. \n\nPage then is not HTML validated.\n", "labels": [], "locked": false, "title": "Image resize tool returns image path with spaces, witch utf-8 characters.", "url": "https://api.github.com/repos/opencart/opencart/issues/616", "labels_url": "https://api.github.com/repos/opencart/opencart/issues/616/labels{/name}", "created_at": "2013-04-14T19:15:54Z", "events_url": "https://api.github.com/repos/opencart/opencart/issues/616/events", "comments_url": "https://api.github.com/repos/opencart/opencart/issues/616/comments", "html_url": "https://github.com/opencart/opencart/issues/616", "comments": 5, "number": 616, "updated_at": "2014-01-28T14:05:20Z", "assignee": null, "state": "closed", "user": {"following_url": "https://api.github.com/users/arnisjuraga/following{/other_user}", "events_url": "https://api.github.com/users/arnisjuraga/events{/privacy}", "organizations_url": "https://api.github.com/users/arnisjuraga/orgs", "url": "https://api.github.com/users/arnisjuraga", "gists_url": "https://api.github.com/users/arnisjuraga/gists{/gist_id}", "html_url": "https://github.com/arnisjuraga", "subscriptions_url": "https://api.github.com/users/arnisjuraga/subscriptions", "avatar_url": "https://avatars.githubusercontent.com/u/2185289?v=3", "repos_url": "https://api.github.com/users/arnisjuraga/repos", "received_events_url": "https://api.github.com/users/arnisjuraga/received_events", "gravatar_id": "", "starred_url": "https://api.github.com/users/arnisjuraga/starred{/owner}{/repo}", "site_admin": false, "login": "arnisjuraga", "type": "User", "id": 2185289, "followers_url": "https://api.github.com/users/arnisjuraga/followers"}, "milestone": null, "repository_url": "https://api.github.com/repos/opencart/opencart", "closed_at": "2013-04-15T03:41:58Z", "assignees": [], "id": 13177250}, "id": 45168645}, {"commit_id": null, "commit_url": null, "url": "https://api.github.com/repos/opencart/opencart/issues/events/45137530", "created_at": "2013-04-14T12:40:40Z", "actor": {"following_url": "https://api.github.com/users/opencart/following{/other_user}", "events_url": "https://api.github.com/users/opencart/events{/privacy}", "organizations_url": "https://api.github.com/users/opencart/orgs", "url": "https://api.github.com/users/opencart", "gists_url": "https://api.github.com/users/opencart/gists{/gist_id}", "html_url": "https://github.com/opencart", "subscriptions_url": "https://api.github.com/users/opencart/subscriptions", "avatar_url": "https://avatars.githubusercontent.com/u/214225?v=3", "repos_url": "https://api.github.com/users/opencart/repos", "received_events_url": "https://api.github.com/users/opencart/received_events", "gravatar_id": "", "starred_url": "https://api.github.com/users/opencart/starred{/owner}{/repo}", "site_admin": false, "login": "opencart", "type": "Organization", "id": 214225, "followers_url": "https://api.github.com/users/opencart/followers"}, "event": "closed", "issue": {"body": "Company name field is too small for real german company name such as: \"Hochschule f\u00fcr Angewandte Wissenschaften und Kunst\".\n\nPlease increase field up to 64 characters. Thank You\n", "labels": [], "locked": false, "title": "Company name", "url": "https://api.github.com/repos/opencart/opencart/issues/566", "labels_url": "https://api.github.com/repos/opencart/opencart/issues/566/labels{/name}", "created_at": "2013-03-21T13:00:44Z", "events_url": "https://api.github.com/repos/opencart/opencart/issues/566/events", "comments_url": "https://api.github.com/repos/opencart/opencart/issues/566/comments", "html_url": "https://github.com/opencart/opencart/issues/566", "comments": 2, "number": 566, "updated_at": "2013-04-14T12:40:40Z", "assignee": null, "state": "closed", "user": {"following_url": "https://api.github.com/users/anvilex/following{/other_user}", "events_url": "https://api.github.com/users/anvilex/events{/privacy}", "organizations_url": "https://api.github.com/users/anvilex/orgs", "url": "https://api.github.com/users/anvilex", "gists_url": "https://api.github.com/users/anvilex/gists{/gist_id}", "html_url": "https://github.com/anvilex", "subscriptions_url": "https://api.github.com/users/anvilex/subscriptions", "avatar_url": "https://avatars.githubusercontent.com/u/3400637?v=3", "repos_url": "https://api.github.com/users/anvilex/repos", "received_events_url": "https://api.github.com/users/anvilex/received_events", "gravatar_id": "", "starred_url": "https://api.github.com/users/anvilex/starred{/owner}{/repo}", "site_admin": false, "login": "anvilex", "type": "User", "id": 3400637, "followers_url": "https://api.github.com/users/anvilex/followers"}, "milestone": null, "repository_url": "https://api.github.com/repos/opencart/opencart", "closed_at": "2013-04-14T12:40:40Z", "assignees": [], "id": 12273072}, "id": 45137530}, {"commit_id": null, "commit_url": null, "url": "https://api.github.com/repos/opencart/opencart/issues/events/45137523", "created_at": "2013-04-14T12:40:24Z", "actor": {"following_url": "https://api.github.com/users/opencart/following{/other_user}", "events_url": "https://api.github.com/users/opencart/events{/privacy}", "organizations_url": "https://api.github.com/users/opencart/orgs", "url": "https://api.github.com/users/opencart", "gists_url": "https://api.github.com/users/opencart/gists{/gist_id}", "html_url": "https://github.com/opencart", "subscriptions_url": "https://api.github.com/users/opencart/subscriptions", "avatar_url": "https://avatars.githubusercontent.com/u/214225?v=3", "repos_url": "https://api.github.com/users/opencart/repos", "received_events_url": "https://api.github.com/users/opencart/received_events", "gravatar_id": "", "starred_url": "https://api.github.com/users/opencart/starred{/owner}{/repo}", "site_admin": false, "login": "opencart", "type": "Organization", "id": 214225, "followers_url": "https://api.github.com/users/opencart/followers"}, "event": "closed", "issue": {"body": "I want to propose a simple css modification to admin theme.\nWe can add a simple font awesome icon to the error div. \n\n``` css\n.alert-error:before{\n    content: \"\\f05e\\00a0\";\n    font-family: FontAwesome;\n}\n```\n", "labels": [], "locked": false, "title": "Simple Error Sign for Admin Theme", "url": "https://api.github.com/repos/opencart/opencart/issues/608", "labels_url": "https://api.github.com/repos/opencart/opencart/issues/608/labels{/name}", "created_at": "2013-04-12T17:35:45Z", "events_url": "https://api.github.com/repos/opencart/opencart/issues/608/events", "comments_url": "https://api.github.com/repos/opencart/opencart/issues/608/comments", "html_url": "https://github.com/opencart/opencart/issues/608", "comments": 0, "number": 608, "updated_at": "2013-04-14T12:40:24Z", "assignee": null, "state": "closed", "user": {"following_url": "https://api.github.com/users/erdembey/following{/other_user}", "events_url": "https://api.github.com/users/erdembey/events{/privacy}", "organizations_url": "https://api.github.com/users/erdembey/orgs", "url": "https://api.github.com/users/erdembey", "gists_url": "https://api.github.com/users/erdembey/gists{/gist_id}", "html_url": "https://github.com/erdembey", "subscriptions_url": "https://api.github.com/users/erdembey/subscriptions", "avatar_url": "https://avatars.githubusercontent.com/u/592237?v=3", "repos_url": "https://api.github.com/users/erdembey/repos", "received_events_url": "https://api.github.com/users/erdembey/received_events", "gravatar_id": "", "starred_url": "https://api.github.com/users/erdembey/starred{/owner}{/repo}", "site_admin": false, "login": "erdembey", "type": "User", "id": 592237, "followers_url": "https://api.github.com/users/erdembey/followers"}, "milestone": null, "repository_url": "https://api.github.com/repos/opencart/opencart", "closed_at": "2013-04-14T12:40:24Z", "assignees": [], "id": 13130970}, "id": 45137523}, {"commit_id": null, "commit_url": null, "url": "https://api.github.com/repos/opencart/opencart/issues/events/45137518", "created_at": "2013-04-14T12:40:06Z", "actor": {"following_url": "https://api.github.com/users/opencart/following{/other_user}", "events_url": "https://api.github.com/users/opencart/events{/privacy}", "organizations_url": "https://api.github.com/users/opencart/orgs", "url": "https://api.github.com/users/opencart", "gists_url": "https://api.github.com/users/opencart/gists{/gist_id}", "html_url": "https://github.com/opencart", "subscriptions_url": "https://api.github.com/users/opencart/subscriptions", "avatar_url": "https://avatars.githubusercontent.com/u/214225?v=3", "repos_url": "https://api.github.com/users/opencart/repos", "received_events_url": "https://api.github.com/users/opencart/received_events", "gravatar_id": "", "starred_url": "https://api.github.com/users/opencart/starred{/owner}{/repo}", "site_admin": false, "login": "opencart", "type": "Organization", "id": 214225, "followers_url": "https://api.github.com/users/opencart/followers"}, "event": "closed", "issue": {"body": "Connection string parameters needs to be host, user rather hostname and username.\n\nmysql_select_db($database, $this->link) is not not required.\n", "labels": [], "locked": false, "title": "Postgre class not working", "url": "https://api.github.com/repos/opencart/opencart/issues/606", "labels_url": "https://api.github.com/repos/opencart/opencart/issues/606/labels{/name}", "created_at": "2013-04-12T08:53:40Z", "events_url": "https://api.github.com/repos/opencart/opencart/issues/606/events", "comments_url": "https://api.github.com/repos/opencart/opencart/issues/606/comments", "html_url": "https://github.com/opencart/opencart/issues/606", "comments": 1, "number": 606, "updated_at": "2013-04-14T12:40:06Z", "assignee": null, "state": "closed", "user": {"following_url": "https://api.github.com/users/shahmanthan9/following{/other_user}", "events_url": "https://api.github.com/users/shahmanthan9/events{/privacy}", "organizations_url": "https://api.github.com/users/shahmanthan9/orgs", "url": "https://api.github.com/users/shahmanthan9", "gists_url": "https://api.github.com/users/shahmanthan9/gists{/gist_id}", "html_url": "https://github.com/shahmanthan9", "subscriptions_url": "https://api.github.com/users/shahmanthan9/subscriptions", "avatar_url": "https://avatars.githubusercontent.com/u/4135061?v=3", "repos_url": "https://api.github.com/users/shahmanthan9/repos", "received_events_url": "https://api.github.com/users/shahmanthan9/received_events", "gravatar_id": "", "starred_url": "https://api.github.com/users/shahmanthan9/starred{/owner}{/repo}", "site_admin": false, "login": "shahmanthan9", "type": "User", "id": 4135061, "followers_url": "https://api.github.com/users/shahmanthan9/followers"}, "milestone": null, "repository_url": "https://api.github.com/repos/opencart/opencart", "closed_at": "2013-04-14T12:40:06Z", "assignees": [], "id": 13109675}, "id": 45137518}]