[{"commit_id": "768664d127da6383975ab98f79d3696c097a0b23", "commit_url": "https://api.github.com/repos/zilgrg/opencart/commits/768664d127da6383975ab98f79d3696c097a0b23", "url": "https://api.github.com/repos/opencart/opencart/issues/events/172796590", "created_at": "2014-10-01T17:08:34Z", "actor": {"following_url": "https://api.github.com/users/zilgrg/following{/other_user}", "events_url": "https://api.github.com/users/zilgrg/events{/privacy}", "organizations_url": "https://api.github.com/users/zilgrg/orgs", "url": "https://api.github.com/users/zilgrg", "gists_url": "https://api.github.com/users/zilgrg/gists{/gist_id}", "html_url": "https://github.com/zilgrg", "subscriptions_url": "https://api.github.com/users/zilgrg/subscriptions", "avatar_url": "https://avatars.githubusercontent.com/u/5626920?v=3", "repos_url": "https://api.github.com/users/zilgrg/repos", "received_events_url": "https://api.github.com/users/zilgrg/received_events", "gravatar_id": "", "starred_url": "https://api.github.com/users/zilgrg/starred{/owner}{/repo}", "site_admin": false, "login": "zilgrg", "type": "User", "id": 5626920, "followers_url": "https://api.github.com/users/zilgrg/followers"}, "event": "referenced", "issue": {"labels": [], "number": 1828, "assignee": null, "repository_url": "https://api.github.com/repos/opencart/opencart", "closed_at": "2014-09-19T09:54:52Z", "id": 42308672, "title": "Don't query product count if disabled", "pull_request": {"url": "https://api.github.com/repos/opencart/opencart/pulls/1828", "diff_url": "https://github.com/opencart/opencart/pull/1828.diff", "html_url": "https://github.com/opencart/opencart/pull/1828", "patch_url": "https://github.com/opencart/opencart/pull/1828.patch"}, "comments": 1, "state": "closed", "body": "", "labels_url": "https://api.github.com/repos/opencart/opencart/issues/1828/labels{/name}", "events_url": "https://api.github.com/repos/opencart/opencart/issues/1828/events", "comments_url": "https://api.github.com/repos/opencart/opencart/issues/1828/comments", "html_url": "https://github.com/opencart/opencart/pull/1828", "updated_at": "2014-09-19T09:54:52Z", "user": {"following_url": "https://api.github.com/users/CZechBoY/following{/other_user}", "events_url": "https://api.github.com/users/CZechBoY/events{/privacy}", "organizations_url": "https://api.github.com/users/CZechBoY/orgs", "url": "https://api.github.com/users/CZechBoY", "gists_url": "https://api.github.com/users/CZechBoY/gists{/gist_id}", "html_url": "https://github.com/CZechBoY", "subscriptions_url": "https://api.github.com/users/CZechBoY/subscriptions", "avatar_url": "https://avatars.githubusercontent.com/u/4347332?v=3", "repos_url": "https://api.github.com/users/CZechBoY/repos", "received_events_url": "https://api.github.com/users/CZechBoY/received_events", "gravatar_id": "", "starred_url": "https://api.github.com/users/CZechBoY/starred{/owner}{/repo}", "site_admin": false, "login": "CZechBoY", "type": "User", "id": 4347332, "followers_url": "https://api.github.com/users/CZechBoY/followers"}, "milestone": null, "locked": false, "url": "https://api.github.com/repos/opencart/opencart/issues/1828", "created_at": "2014-09-09T13:55:55Z", "assignees": []}, "id": 172796590}, {"commit_id": "d44aed3f1bc361645761b17e5db5956a5a7dec03", "commit_url": "https://api.github.com/repos/zilgrg/opencart/commits/d44aed3f1bc361645761b17e5db5956a5a7dec03", "url": "https://api.github.com/repos/opencart/opencart/issues/events/172796589", "created_at": "2014-10-01T17:08:34Z", "actor": {"following_url": "https://api.github.com/users/zilgrg/following{/other_user}", "events_url": "https://api.github.com/users/zilgrg/events{/privacy}", "organizations_url": "https://api.github.com/users/zilgrg/orgs", "url": "https://api.github.com/users/zilgrg", "gists_url": "https://api.github.com/users/zilgrg/gists{/gist_id}", "html_url": "https://github.com/zilgrg", "subscriptions_url": "https://api.github.com/users/zilgrg/subscriptions", "avatar_url": "https://avatars.githubusercontent.com/u/5626920?v=3", "repos_url": "https://api.github.com/users/zilgrg/repos", "received_events_url": "https://api.github.com/users/zilgrg/received_events", "gravatar_id": "", "starred_url": "https://api.github.com/users/zilgrg/starred{/owner}{/repo}", "site_admin": false, "login": "zilgrg", "type": "User", "id": 5626920, "followers_url": "https://api.github.com/users/zilgrg/followers"}, "event": "referenced", "issue": {"body": "This line:\n\n$this->response->addHeader($this->request->server['SERVER_PROTOCOL'] . '/1.1 404 Not Found');\n\n...results in:\n\nHTTP/1.1/1.1 404 Not Found\n\nIt should be changed to:\n\n$this->response->addHeader($this->request->server['SERVER_PROTOCOL'] . ' 404 Not Found');\n\nIt actually seems to work fine, at least in Chrome, but it is still incorrect.\n\nI'm using 1.5.5.1, but based on the description from issue #1032, looks like it has not yet been patched.\n", "labels": [], "locked": false, "title": "Incorrect response code header in \"catalog\\controller\\error\\not_found.php\"", "url": "https://api.github.com/repos/opencart/opencart/issues/1620", "labels_url": "https://api.github.com/repos/opencart/opencart/issues/1620/labels{/name}", "created_at": "2014-07-10T01:43:02Z", "events_url": "https://api.github.com/repos/opencart/opencart/issues/1620/events", "comments_url": "https://api.github.com/repos/opencart/opencart/issues/1620/comments", "html_url": "https://github.com/opencart/opencart/issues/1620", "comments": 2, "number": 1620, "updated_at": "2014-07-10T13:57:25Z", "assignee": null, "state": "closed", "user": {"following_url": "https://api.github.com/users/benej60/following{/other_user}", "events_url": "https://api.github.com/users/benej60/events{/privacy}", "organizations_url": "https://api.github.com/users/benej60/orgs", "url": "https://api.github.com/users/benej60", "gists_url": "https://api.github.com/users/benej60/gists{/gist_id}", "html_url": "https://github.com/benej60", "subscriptions_url": "https://api.github.com/users/benej60/subscriptions", "avatar_url": "https://avatars.githubusercontent.com/u/8119773?v=3", "repos_url": "https://api.github.com/users/benej60/repos", "received_events_url": "https://api.github.com/users/benej60/received_events", "gravatar_id": "", "starred_url": "https://api.github.com/users/benej60/starred{/owner}{/repo}", "site_admin": false, "login": "benej60", "type": "User", "id": 8119773, "followers_url": "https://api.github.com/users/benej60/followers"}, "milestone": null, "repository_url": "https://api.github.com/repos/opencart/opencart", "closed_at": "2014-07-10T07:59:18Z", "assignees": [], "id": 37525302}, "id": 172796589}, {"commit_id": "e5ebe7b079f0d25816cf3bc90d073fd5a799d323", "commit_url": "https://api.github.com/repos/zilgrg/opencart/commits/e5ebe7b079f0d25816cf3bc90d073fd5a799d323", "url": "https://api.github.com/repos/opencart/opencart/issues/events/172793014", "created_at": "2014-10-01T17:02:29Z", "actor": {"following_url": "https://api.github.com/users/zilgrg/following{/other_user}", "events_url": "https://api.github.com/users/zilgrg/events{/privacy}", "organizations_url": "https://api.github.com/users/zilgrg/orgs", "url": "https://api.github.com/users/zilgrg", "gists_url": "https://api.github.com/users/zilgrg/gists{/gist_id}", "html_url": "https://github.com/zilgrg", "subscriptions_url": "https://api.github.com/users/zilgrg/subscriptions", "avatar_url": "https://avatars.githubusercontent.com/u/5626920?v=3", "repos_url": "https://api.github.com/users/zilgrg/repos", "received_events_url": "https://api.github.com/users/zilgrg/received_events", "gravatar_id": "", "starred_url": "https://api.github.com/users/zilgrg/starred{/owner}{/repo}", "site_admin": false, "login": "zilgrg", "type": "User", "id": 5626920, "followers_url": "https://api.github.com/users/zilgrg/followers"}, "event": "referenced", "issue": {"labels": [], "number": 1828, "assignee": null, "repository_url": "https://api.github.com/repos/opencart/opencart", "closed_at": "2014-09-19T09:54:52Z", "id": 42308672, "title": "Don't query product count if disabled", "pull_request": {"url": "https://api.github.com/repos/opencart/opencart/pulls/1828", "diff_url": "https://github.com/opencart/opencart/pull/1828.diff", "html_url": "https://github.com/opencart/opencart/pull/1828", "patch_url": "https://github.com/opencart/opencart/pull/1828.patch"}, "comments": 1, "state": "closed", "body": "", "labels_url": "https://api.github.com/repos/opencart/opencart/issues/1828/labels{/name}", "events_url": "https://api.github.com/repos/opencart/opencart/issues/1828/events", "comments_url": "https://api.github.com/repos/opencart/opencart/issues/1828/comments", "html_url": "https://github.com/opencart/opencart/pull/1828", "updated_at": "2014-09-19T09:54:52Z", "user": {"following_url": "https://api.github.com/users/CZechBoY/following{/other_user}", "events_url": "https://api.github.com/users/CZechBoY/events{/privacy}", "organizations_url": "https://api.github.com/users/CZechBoY/orgs", "url": "https://api.github.com/users/CZechBoY", "gists_url": "https://api.github.com/users/CZechBoY/gists{/gist_id}", "html_url": "https://github.com/CZechBoY", "subscriptions_url": "https://api.github.com/users/CZechBoY/subscriptions", "avatar_url": "https://avatars.githubusercontent.com/u/4347332?v=3", "repos_url": "https://api.github.com/users/CZechBoY/repos", "received_events_url": "https://api.github.com/users/CZechBoY/received_events", "gravatar_id": "", "starred_url": "https://api.github.com/users/CZechBoY/starred{/owner}{/repo}", "site_admin": false, "login": "CZechBoY", "type": "User", "id": 4347332, "followers_url": "https://api.github.com/users/CZechBoY/followers"}, "milestone": null, "locked": false, "url": "https://api.github.com/repos/opencart/opencart/issues/1828", "created_at": "2014-09-09T13:55:55Z", "assignees": []}, "id": 172793014}, {"commit_id": "570ae9ca121a4289be12aa5d589a1e129f352c60", "commit_url": "https://api.github.com/repos/zilgrg/opencart/commits/570ae9ca121a4289be12aa5d589a1e129f352c60", "url": "https://api.github.com/repos/opencart/opencart/issues/events/172793013", "created_at": "2014-10-01T17:02:29Z", "actor": {"following_url": "https://api.github.com/users/zilgrg/following{/other_user}", "events_url": "https://api.github.com/users/zilgrg/events{/privacy}", "organizations_url": "https://api.github.com/users/zilgrg/orgs", "url": "https://api.github.com/users/zilgrg", "gists_url": "https://api.github.com/users/zilgrg/gists{/gist_id}", "html_url": "https://github.com/zilgrg", "subscriptions_url": "https://api.github.com/users/zilgrg/subscriptions", "avatar_url": "https://avatars.githubusercontent.com/u/5626920?v=3", "repos_url": "https://api.github.com/users/zilgrg/repos", "received_events_url": "https://api.github.com/users/zilgrg/received_events", "gravatar_id": "", "starred_url": "https://api.github.com/users/zilgrg/starred{/owner}{/repo}", "site_admin": false, "login": "zilgrg", "type": "User", "id": 5626920, "followers_url": "https://api.github.com/users/zilgrg/followers"}, "event": "referenced", "issue": {"body": "This line:\n\n$this->response->addHeader($this->request->server['SERVER_PROTOCOL'] . '/1.1 404 Not Found');\n\n...results in:\n\nHTTP/1.1/1.1 404 Not Found\n\nIt should be changed to:\n\n$this->response->addHeader($this->request->server['SERVER_PROTOCOL'] . ' 404 Not Found');\n\nIt actually seems to work fine, at least in Chrome, but it is still incorrect.\n\nI'm using 1.5.5.1, but based on the description from issue #1032, looks like it has not yet been patched.\n", "labels": [], "locked": false, "title": "Incorrect response code header in \"catalog\\controller\\error\\not_found.php\"", "url": "https://api.github.com/repos/opencart/opencart/issues/1620", "labels_url": "https://api.github.com/repos/opencart/opencart/issues/1620/labels{/name}", "created_at": "2014-07-10T01:43:02Z", "events_url": "https://api.github.com/repos/opencart/opencart/issues/1620/events", "comments_url": "https://api.github.com/repos/opencart/opencart/issues/1620/comments", "html_url": "https://github.com/opencart/opencart/issues/1620", "comments": 2, "number": 1620, "updated_at": "2014-07-10T13:57:25Z", "assignee": null, "state": "closed", "user": {"following_url": "https://api.github.com/users/benej60/following{/other_user}", "events_url": "https://api.github.com/users/benej60/events{/privacy}", "organizations_url": "https://api.github.com/users/benej60/orgs", "url": "https://api.github.com/users/benej60", "gists_url": "https://api.github.com/users/benej60/gists{/gist_id}", "html_url": "https://github.com/benej60", "subscriptions_url": "https://api.github.com/users/benej60/subscriptions", "avatar_url": "https://avatars.githubusercontent.com/u/8119773?v=3", "repos_url": "https://api.github.com/users/benej60/repos", "received_events_url": "https://api.github.com/users/benej60/received_events", "gravatar_id": "", "starred_url": "https://api.github.com/users/benej60/starred{/owner}{/repo}", "site_admin": false, "login": "benej60", "type": "User", "id": 8119773, "followers_url": "https://api.github.com/users/benej60/followers"}, "milestone": null, "repository_url": "https://api.github.com/repos/opencart/opencart", "closed_at": "2014-07-10T07:59:18Z", "assignees": [], "id": 37525302}, "id": 172793013}, {"commit_id": null, "commit_url": null, "url": "https://api.github.com/repos/opencart/opencart/issues/events/172790665", "created_at": "2014-10-01T16:58:08Z", "actor": {"following_url": "https://api.github.com/users/ADDCreative/following{/other_user}", "events_url": "https://api.github.com/users/ADDCreative/events{/privacy}", "organizations_url": "https://api.github.com/users/ADDCreative/orgs", "url": "https://api.github.com/users/ADDCreative", "gists_url": "https://api.github.com/users/ADDCreative/gists{/gist_id}", "html_url": "https://github.com/ADDCreative", "subscriptions_url": "https://api.github.com/users/ADDCreative/subscriptions", "avatar_url": "https://avatars.githubusercontent.com/u/2039130?v=3", "repos_url": "https://api.github.com/users/ADDCreative/repos", "received_events_url": "https://api.github.com/users/ADDCreative/received_events", "gravatar_id": "", "starred_url": "https://api.github.com/users/ADDCreative/starred{/owner}{/repo}", "site_admin": false, "login": "ADDCreative", "type": "User", "id": 2039130, "followers_url": "https://api.github.com/users/ADDCreative/followers"}, "event": "head_ref_deleted", "issue": {"labels": [], "number": 156, "assignee": null, "repository_url": "https://api.github.com/repos/opencart/opencart", "closed_at": "2012-09-24T13:44:26Z", "id": 7086780, "title": "Fix customer's cart added to admin edited order", "pull_request": {"url": "https://api.github.com/repos/opencart/opencart/pulls/156", "diff_url": "https://github.com/opencart/opencart/pull/156.diff", "html_url": "https://github.com/opencart/opencart/pull/156", "patch_url": "https://github.com/opencart/opencart/pull/156.patch"}, "comments": 3, "state": "closed", "body": "", "labels_url": "https://api.github.com/repos/opencart/opencart/issues/156/labels{/name}", "events_url": "https://api.github.com/repos/opencart/opencart/issues/156/events", "comments_url": "https://api.github.com/repos/opencart/opencart/issues/156/comments", "html_url": "https://github.com/opencart/opencart/pull/156", "updated_at": "2014-10-01T16:58:08Z", "user": {"following_url": "https://api.github.com/users/ADDCreative/following{/other_user}", "events_url": "https://api.github.com/users/ADDCreative/events{/privacy}", "organizations_url": "https://api.github.com/users/ADDCreative/orgs", "url": "https://api.github.com/users/ADDCreative", "gists_url": "https://api.github.com/users/ADDCreative/gists{/gist_id}", "html_url": "https://github.com/ADDCreative", "subscriptions_url": "https://api.github.com/users/ADDCreative/subscriptions", "avatar_url": "https://avatars.githubusercontent.com/u/2039130?v=3", "repos_url": "https://api.github.com/users/ADDCreative/repos", "received_events_url": "https://api.github.com/users/ADDCreative/received_events", "gravatar_id": "", "starred_url": "https://api.github.com/users/ADDCreative/starred{/owner}{/repo}", "site_admin": false, "login": "ADDCreative", "type": "User", "id": 2039130, "followers_url": "https://api.github.com/users/ADDCreative/followers"}, "milestone": null, "locked": false, "url": "https://api.github.com/repos/opencart/opencart/issues/156", "created_at": "2012-09-24T10:55:31Z", "assignees": []}, "id": 172790665}, {"commit_id": null, "commit_url": null, "url": "https://api.github.com/repos/opencart/opencart/issues/events/172788849", "created_at": "2014-10-01T16:54:51Z", "actor": {"following_url": "https://api.github.com/users/ADDCreative/following{/other_user}", "events_url": "https://api.github.com/users/ADDCreative/events{/privacy}", "organizations_url": "https://api.github.com/users/ADDCreative/orgs", "url": "https://api.github.com/users/ADDCreative", "gists_url": "https://api.github.com/users/ADDCreative/gists{/gist_id}", "html_url": "https://github.com/ADDCreative", "subscriptions_url": "https://api.github.com/users/ADDCreative/subscriptions", "avatar_url": "https://avatars.githubusercontent.com/u/2039130?v=3", "repos_url": "https://api.github.com/users/ADDCreative/repos", "received_events_url": "https://api.github.com/users/ADDCreative/received_events", "gravatar_id": "", "starred_url": "https://api.github.com/users/ADDCreative/starred{/owner}{/repo}", "site_admin": false, "login": "ADDCreative", "type": "User", "id": 2039130, "followers_url": "https://api.github.com/users/ADDCreative/followers"}, "event": "head_ref_deleted", "issue": {"labels": [], "number": 767, "assignee": null, "repository_url": "https://api.github.com/repos/opencart/opencart", "closed_at": "2013-07-12T17:16:32Z", "id": 16685636, "title": "Update return action validate to match database", "pull_request": {"url": "https://api.github.com/repos/opencart/opencart/pulls/767", "diff_url": "https://github.com/opencart/opencart/pull/767.diff", "html_url": "https://github.com/opencart/opencart/pull/767", "patch_url": "https://github.com/opencart/opencart/pull/767.patch"}, "comments": 0, "state": "closed", "body": "In oc_return_action `name` is varchar(64)\n", "labels_url": "https://api.github.com/repos/opencart/opencart/issues/767/labels{/name}", "events_url": "https://api.github.com/repos/opencart/opencart/issues/767/events", "comments_url": "https://api.github.com/repos/opencart/opencart/issues/767/comments", "html_url": "https://github.com/opencart/opencart/pull/767", "updated_at": "2014-10-01T16:54:51Z", "user": {"following_url": "https://api.github.com/users/ADDCreative/following{/other_user}", "events_url": "https://api.github.com/users/ADDCreative/events{/privacy}", "organizations_url": "https://api.github.com/users/ADDCreative/orgs", "url": "https://api.github.com/users/ADDCreative", "gists_url": "https://api.github.com/users/ADDCreative/gists{/gist_id}", "html_url": "https://github.com/ADDCreative", "subscriptions_url": "https://api.github.com/users/ADDCreative/subscriptions", "avatar_url": "https://avatars.githubusercontent.com/u/2039130?v=3", "repos_url": "https://api.github.com/users/ADDCreative/repos", "received_events_url": "https://api.github.com/users/ADDCreative/received_events", "gravatar_id": "", "starred_url": "https://api.github.com/users/ADDCreative/starred{/owner}{/repo}", "site_admin": false, "login": "ADDCreative", "type": "User", "id": 2039130, "followers_url": "https://api.github.com/users/ADDCreative/followers"}, "milestone": null, "locked": false, "url": "https://api.github.com/repos/opencart/opencart/issues/767", "created_at": "2013-07-12T14:58:50Z", "assignees": []}, "id": 172788849}, {"commit_id": null, "commit_url": null, "url": "https://api.github.com/repos/opencart/opencart/issues/events/172788582", "created_at": "2014-10-01T16:54:21Z", "actor": {"following_url": "https://api.github.com/users/ADDCreative/following{/other_user}", "events_url": "https://api.github.com/users/ADDCreative/events{/privacy}", "organizations_url": "https://api.github.com/users/ADDCreative/orgs", "url": "https://api.github.com/users/ADDCreative", "gists_url": "https://api.github.com/users/ADDCreative/gists{/gist_id}", "html_url": "https://github.com/ADDCreative", "subscriptions_url": "https://api.github.com/users/ADDCreative/subscriptions", "avatar_url": "https://avatars.githubusercontent.com/u/2039130?v=3", "repos_url": "https://api.github.com/users/ADDCreative/repos", "received_events_url": "https://api.github.com/users/ADDCreative/received_events", "gravatar_id": "", "starred_url": "https://api.github.com/users/ADDCreative/starred{/owner}{/repo}", "site_admin": false, "login": "ADDCreative", "type": "User", "id": 2039130, "followers_url": "https://api.github.com/users/ADDCreative/followers"}, "event": "head_ref_deleted", "issue": {"labels": [], "number": 770, "assignee": null, "repository_url": "https://api.github.com/repos/opencart/opencart", "closed_at": "2013-07-15T07:10:38Z", "id": 16692368, "title": "Update return action validate to match database", "pull_request": {"url": "https://api.github.com/repos/opencart/opencart/pulls/770", "diff_url": "https://github.com/opencart/opencart/pull/770.diff", "html_url": "https://github.com/opencart/opencart/pull/770", "patch_url": "https://github.com/opencart/opencart/pull/770.patch"}, "comments": 0, "state": "closed", "body": "In oc_return_action `name` is varchar(64)\n", "labels_url": "https://api.github.com/repos/opencart/opencart/issues/770/labels{/name}", "events_url": "https://api.github.com/repos/opencart/opencart/issues/770/events", "comments_url": "https://api.github.com/repos/opencart/opencart/issues/770/comments", "html_url": "https://github.com/opencart/opencart/pull/770", "updated_at": "2014-10-01T16:54:21Z", "user": {"following_url": "https://api.github.com/users/ADDCreative/following{/other_user}", "events_url": "https://api.github.com/users/ADDCreative/events{/privacy}", "organizations_url": "https://api.github.com/users/ADDCreative/orgs", "url": "https://api.github.com/users/ADDCreative", "gists_url": "https://api.github.com/users/ADDCreative/gists{/gist_id}", "html_url": "https://github.com/ADDCreative", "subscriptions_url": "https://api.github.com/users/ADDCreative/subscriptions", "avatar_url": "https://avatars.githubusercontent.com/u/2039130?v=3", "repos_url": "https://api.github.com/users/ADDCreative/repos", "received_events_url": "https://api.github.com/users/ADDCreative/received_events", "gravatar_id": "", "starred_url": "https://api.github.com/users/ADDCreative/starred{/owner}{/repo}", "site_admin": false, "login": "ADDCreative", "type": "User", "id": 2039130, "followers_url": "https://api.github.com/users/ADDCreative/followers"}, "milestone": null, "locked": false, "url": "https://api.github.com/repos/opencart/opencart/issues/770", "created_at": "2013-07-12T17:17:34Z", "assignees": []}, "id": 172788582}, {"commit_id": null, "commit_url": null, "url": "https://api.github.com/repos/opencart/opencart/issues/events/172788349", "created_at": "2014-10-01T16:54:02Z", "actor": {"following_url": "https://api.github.com/users/ADDCreative/following{/other_user}", "events_url": "https://api.github.com/users/ADDCreative/events{/privacy}", "organizations_url": "https://api.github.com/users/ADDCreative/orgs", "url": "https://api.github.com/users/ADDCreative", "gists_url": "https://api.github.com/users/ADDCreative/gists{/gist_id}", "html_url": "https://github.com/ADDCreative", "subscriptions_url": "https://api.github.com/users/ADDCreative/subscriptions", "avatar_url": "https://avatars.githubusercontent.com/u/2039130?v=3", "repos_url": "https://api.github.com/users/ADDCreative/repos", "received_events_url": "https://api.github.com/users/ADDCreative/received_events", "gravatar_id": "", "starred_url": "https://api.github.com/users/ADDCreative/starred{/owner}{/repo}", "site_admin": false, "login": "ADDCreative", "type": "User", "id": 2039130, "followers_url": "https://api.github.com/users/ADDCreative/followers"}, "event": "head_ref_deleted", "issue": {"labels": [], "number": 777, "assignee": null, "repository_url": "https://api.github.com/repos/opencart/opencart", "closed_at": "2013-07-17T08:12:39Z", "id": 16820339, "title": "Affiliate report filter date SQL fix", "pull_request": {"url": "https://api.github.com/repos/opencart/opencart/pulls/777", "diff_url": "https://github.com/opencart/opencart/pull/777.diff", "html_url": "https://github.com/opencart/opencart/pull/777", "patch_url": "https://github.com/opencart/opencart/pull/777.patch"}, "comments": 0, "state": "closed", "body": "", "labels_url": "https://api.github.com/repos/opencart/opencart/issues/777/labels{/name}", "events_url": "https://api.github.com/repos/opencart/opencart/issues/777/events", "comments_url": "https://api.github.com/repos/opencart/opencart/issues/777/comments", "html_url": "https://github.com/opencart/opencart/pull/777", "updated_at": "2014-10-01T16:54:02Z", "user": {"following_url": "https://api.github.com/users/ADDCreative/following{/other_user}", "events_url": "https://api.github.com/users/ADDCreative/events{/privacy}", "organizations_url": "https://api.github.com/users/ADDCreative/orgs", "url": "https://api.github.com/users/ADDCreative", "gists_url": "https://api.github.com/users/ADDCreative/gists{/gist_id}", "html_url": "https://github.com/ADDCreative", "subscriptions_url": "https://api.github.com/users/ADDCreative/subscriptions", "avatar_url": "https://avatars.githubusercontent.com/u/2039130?v=3", "repos_url": "https://api.github.com/users/ADDCreative/repos", "received_events_url": "https://api.github.com/users/ADDCreative/received_events", "gravatar_id": "", "starred_url": "https://api.github.com/users/ADDCreative/starred{/owner}{/repo}", "site_admin": false, "login": "ADDCreative", "type": "User", "id": 2039130, "followers_url": "https://api.github.com/users/ADDCreative/followers"}, "milestone": null, "locked": false, "url": "https://api.github.com/repos/opencart/opencart/issues/777", "created_at": "2013-07-16T16:46:37Z", "assignees": []}, "id": 172788349}, {"commit_id": null, "commit_url": null, "url": "https://api.github.com/repos/opencart/opencart/issues/events/172617550", "created_at": "2014-10-01T11:39:50Z", "actor": {"following_url": "https://api.github.com/users/jamesallsup/following{/other_user}", "events_url": "https://api.github.com/users/jamesallsup/events{/privacy}", "organizations_url": "https://api.github.com/users/jamesallsup/orgs", "url": "https://api.github.com/users/jamesallsup", "gists_url": "https://api.github.com/users/jamesallsup/gists{/gist_id}", "html_url": "https://github.com/jamesallsup", "subscriptions_url": "https://api.github.com/users/jamesallsup/subscriptions", "avatar_url": "https://avatars.githubusercontent.com/u/2026129?v=3", "repos_url": "https://api.github.com/users/jamesallsup/repos", "received_events_url": "https://api.github.com/users/jamesallsup/received_events", "gravatar_id": "", "starred_url": "https://api.github.com/users/jamesallsup/starred{/owner}{/repo}", "site_admin": false, "login": "jamesallsup", "type": "User", "id": 2026129, "followers_url": "https://api.github.com/users/jamesallsup/followers"}, "event": "closed", "issue": {"labels": [], "number": 1888, "assignee": null, "repository_url": "https://api.github.com/repos/opencart/opencart", "closed_at": "2014-10-01T11:39:50Z", "id": 44407150, "title": "Wrong config_complete_status at report sale model", "pull_request": {"url": "https://api.github.com/repos/opencart/opencart/pulls/1888", "diff_url": "https://github.com/opencart/opencart/pull/1888.diff", "html_url": "https://github.com/opencart/opencart/pull/1888", "patch_url": "https://github.com/opencart/opencart/pull/1888.patch"}, "comments": 1, "state": "closed", "body": "", "labels_url": "https://api.github.com/repos/opencart/opencart/issues/1888/labels{/name}", "events_url": "https://api.github.com/repos/opencart/opencart/issues/1888/events", "comments_url": "https://api.github.com/repos/opencart/opencart/issues/1888/comments", "html_url": "https://github.com/opencart/opencart/pull/1888", "updated_at": "2014-10-01T11:39:50Z", "user": {"following_url": "https://api.github.com/users/devtsit/following{/other_user}", "events_url": "https://api.github.com/users/devtsit/events{/privacy}", "organizations_url": "https://api.github.com/users/devtsit/orgs", "url": "https://api.github.com/users/devtsit", "gists_url": "https://api.github.com/users/devtsit/gists{/gist_id}", "html_url": "https://github.com/devtsit", "subscriptions_url": "https://api.github.com/users/devtsit/subscriptions", "avatar_url": "https://avatars.githubusercontent.com/u/2195073?v=3", "repos_url": "https://api.github.com/users/devtsit/repos", "received_events_url": "https://api.github.com/users/devtsit/received_events", "gravatar_id": "", "starred_url": "https://api.github.com/users/devtsit/starred{/owner}{/repo}", "site_admin": false, "login": "devtsit", "type": "User", "id": 2195073, "followers_url": "https://api.github.com/users/devtsit/followers"}, "milestone": null, "locked": false, "url": "https://api.github.com/repos/opencart/opencart/issues/1888", "created_at": "2014-09-30T08:01:12Z", "assignees": []}, "id": 172617550}, {"commit_id": null, "commit_url": null, "url": "https://api.github.com/repos/opencart/opencart/issues/events/172617549", "created_at": "2014-10-01T11:39:50Z", "actor": {"following_url": "https://api.github.com/users/danielkerr/following{/other_user}", "events_url": "https://api.github.com/users/danielkerr/events{/privacy}", "organizations_url": "https://api.github.com/users/danielkerr/orgs", "url": "https://api.github.com/users/danielkerr", "gists_url": "https://api.github.com/users/danielkerr/gists{/gist_id}", "html_url": "https://github.com/danielkerr", "subscriptions_url": "https://api.github.com/users/danielkerr/subscriptions", "avatar_url": "https://avatars.githubusercontent.com/u/5079756?v=3", "repos_url": "https://api.github.com/users/danielkerr/repos", "received_events_url": "https://api.github.com/users/danielkerr/received_events", "gravatar_id": "", "starred_url": "https://api.github.com/users/danielkerr/starred{/owner}{/repo}", "site_admin": false, "login": "danielkerr", "type": "User", "id": 5079756, "followers_url": "https://api.github.com/users/danielkerr/followers"}, "event": "subscribed", "issue": {"labels": [], "number": 1888, "assignee": null, "repository_url": "https://api.github.com/repos/opencart/opencart", "closed_at": "2014-10-01T11:39:50Z", "id": 44407150, "title": "Wrong config_complete_status at report sale model", "pull_request": {"url": "https://api.github.com/repos/opencart/opencart/pulls/1888", "diff_url": "https://github.com/opencart/opencart/pull/1888.diff", "html_url": "https://github.com/opencart/opencart/pull/1888", "patch_url": "https://github.com/opencart/opencart/pull/1888.patch"}, "comments": 1, "state": "closed", "body": "", "labels_url": "https://api.github.com/repos/opencart/opencart/issues/1888/labels{/name}", "events_url": "https://api.github.com/repos/opencart/opencart/issues/1888/events", "comments_url": "https://api.github.com/repos/opencart/opencart/issues/1888/comments", "html_url": "https://github.com/opencart/opencart/pull/1888", "updated_at": "2014-10-01T11:39:50Z", "user": {"following_url": "https://api.github.com/users/devtsit/following{/other_user}", "events_url": "https://api.github.com/users/devtsit/events{/privacy}", "organizations_url": "https://api.github.com/users/devtsit/orgs", "url": "https://api.github.com/users/devtsit", "gists_url": "https://api.github.com/users/devtsit/gists{/gist_id}", "html_url": "https://github.com/devtsit", "subscriptions_url": "https://api.github.com/users/devtsit/subscriptions", "avatar_url": "https://avatars.githubusercontent.com/u/2195073?v=3", "repos_url": "https://api.github.com/users/devtsit/repos", "received_events_url": "https://api.github.com/users/devtsit/received_events", "gravatar_id": "", "starred_url": "https://api.github.com/users/devtsit/starred{/owner}{/repo}", "site_admin": false, "login": "devtsit", "type": "User", "id": 2195073, "followers_url": "https://api.github.com/users/devtsit/followers"}, "milestone": null, "locked": false, "url": "https://api.github.com/repos/opencart/opencart/issues/1888", "created_at": "2014-09-30T08:01:12Z", "assignees": []}, "id": 172617549}, {"commit_id": null, "commit_url": null, "url": "https://api.github.com/repos/opencart/opencart/issues/events/172617548", "created_at": "2014-10-01T11:39:50Z", "actor": {"following_url": "https://api.github.com/users/danielkerr/following{/other_user}", "events_url": "https://api.github.com/users/danielkerr/events{/privacy}", "organizations_url": "https://api.github.com/users/danielkerr/orgs", "url": "https://api.github.com/users/danielkerr", "gists_url": "https://api.github.com/users/danielkerr/gists{/gist_id}", "html_url": "https://github.com/danielkerr", "subscriptions_url": "https://api.github.com/users/danielkerr/subscriptions", "avatar_url": "https://avatars.githubusercontent.com/u/5079756?v=3", "repos_url": "https://api.github.com/users/danielkerr/repos", "received_events_url": "https://api.github.com/users/danielkerr/received_events", "gravatar_id": "", "starred_url": "https://api.github.com/users/danielkerr/starred{/owner}{/repo}", "site_admin": false, "login": "danielkerr", "type": "User", "id": 5079756, "followers_url": "https://api.github.com/users/danielkerr/followers"}, "event": "mentioned", "issue": {"labels": [], "number": 1888, "assignee": null, "repository_url": "https://api.github.com/repos/opencart/opencart", "closed_at": "2014-10-01T11:39:50Z", "id": 44407150, "title": "Wrong config_complete_status at report sale model", "pull_request": {"url": "https://api.github.com/repos/opencart/opencart/pulls/1888", "diff_url": "https://github.com/opencart/opencart/pull/1888.diff", "html_url": "https://github.com/opencart/opencart/pull/1888", "patch_url": "https://github.com/opencart/opencart/pull/1888.patch"}, "comments": 1, "state": "closed", "body": "", "labels_url": "https://api.github.com/repos/opencart/opencart/issues/1888/labels{/name}", "events_url": "https://api.github.com/repos/opencart/opencart/issues/1888/events", "comments_url": "https://api.github.com/repos/opencart/opencart/issues/1888/comments", "html_url": "https://github.com/opencart/opencart/pull/1888", "updated_at": "2014-10-01T11:39:50Z", "user": {"following_url": "https://api.github.com/users/devtsit/following{/other_user}", "events_url": "https://api.github.com/users/devtsit/events{/privacy}", "organizations_url": "https://api.github.com/users/devtsit/orgs", "url": "https://api.github.com/users/devtsit", "gists_url": "https://api.github.com/users/devtsit/gists{/gist_id}", "html_url": "https://github.com/devtsit", "subscriptions_url": "https://api.github.com/users/devtsit/subscriptions", "avatar_url": "https://avatars.githubusercontent.com/u/2195073?v=3", "repos_url": "https://api.github.com/users/devtsit/repos", "received_events_url": "https://api.github.com/users/devtsit/received_events", "gravatar_id": "", "starred_url": "https://api.github.com/users/devtsit/starred{/owner}{/repo}", "site_admin": false, "login": "devtsit", "type": "User", "id": 2195073, "followers_url": "https://api.github.com/users/devtsit/followers"}, "milestone": null, "locked": false, "url": "https://api.github.com/repos/opencart/opencart/issues/1888", "created_at": "2014-09-30T08:01:12Z", "assignees": []}, "id": 172617548}, {"commit_id": null, "commit_url": null, "url": "https://api.github.com/repos/opencart/opencart/issues/events/172605987", "created_at": "2014-10-01T11:13:47Z", "actor": {"following_url": "https://api.github.com/users/jamesallsup/following{/other_user}", "events_url": "https://api.github.com/users/jamesallsup/events{/privacy}", "organizations_url": "https://api.github.com/users/jamesallsup/orgs", "url": "https://api.github.com/users/jamesallsup", "gists_url": "https://api.github.com/users/jamesallsup/gists{/gist_id}", "html_url": "https://github.com/jamesallsup", "subscriptions_url": "https://api.github.com/users/jamesallsup/subscriptions", "avatar_url": "https://avatars.githubusercontent.com/u/2026129?v=3", "repos_url": "https://api.github.com/users/jamesallsup/repos", "received_events_url": "https://api.github.com/users/jamesallsup/received_events", "gravatar_id": "", "starred_url": "https://api.github.com/users/jamesallsup/starred{/owner}{/repo}", "site_admin": false, "login": "jamesallsup", "type": "User", "id": 2026129, "followers_url": "https://api.github.com/users/jamesallsup/followers"}, "event": "closed", "issue": {"labels": [], "number": 1891, "assignee": null, "repository_url": "https://api.github.com/repos/opencart/opencart", "closed_at": "2014-10-01T11:13:47Z", "id": 44552228, "title": "OpenBay update pre-release", "pull_request": {"url": "https://api.github.com/repos/opencart/opencart/pulls/1891", "diff_url": "https://github.com/opencart/opencart/pull/1891.diff", "html_url": "https://github.com/opencart/opencart/pull/1891", "patch_url": "https://github.com/opencart/opencart/pull/1891.patch"}, "comments": 0, "state": "closed", "body": "", "labels_url": "https://api.github.com/repos/opencart/opencart/issues/1891/labels{/name}", "events_url": "https://api.github.com/repos/opencart/opencart/issues/1891/events", "comments_url": "https://api.github.com/repos/opencart/opencart/issues/1891/comments", "html_url": "https://github.com/opencart/opencart/pull/1891", "updated_at": "2014-10-01T11:13:47Z", "user": {"following_url": "https://api.github.com/users/jamesallsup/following{/other_user}", "events_url": "https://api.github.com/users/jamesallsup/events{/privacy}", "organizations_url": "https://api.github.com/users/jamesallsup/orgs", "url": "https://api.github.com/users/jamesallsup", "gists_url": "https://api.github.com/users/jamesallsup/gists{/gist_id}", "html_url": "https://github.com/jamesallsup", "subscriptions_url": "https://api.github.com/users/jamesallsup/subscriptions", "avatar_url": "https://avatars.githubusercontent.com/u/2026129?v=3", "repos_url": "https://api.github.com/users/jamesallsup/repos", "received_events_url": "https://api.github.com/users/jamesallsup/received_events", "gravatar_id": "", "starred_url": "https://api.github.com/users/jamesallsup/starred{/owner}{/repo}", "site_admin": false, "login": "jamesallsup", "type": "User", "id": 2026129, "followers_url": "https://api.github.com/users/jamesallsup/followers"}, "milestone": null, "locked": false, "url": "https://api.github.com/repos/opencart/opencart/issues/1891", "created_at": "2014-10-01T11:13:32Z", "assignees": []}, "id": 172605987}, {"commit_id": "0e7898079c1cc77af0563c43823e37cb61fece82", "commit_url": "https://api.github.com/repos/opencart/opencart/commits/0e7898079c1cc77af0563c43823e37cb61fece82", "url": "https://api.github.com/repos/opencart/opencart/issues/events/172605986", "created_at": "2014-10-01T11:13:47Z", "actor": {"following_url": "https://api.github.com/users/jamesallsup/following{/other_user}", "events_url": "https://api.github.com/users/jamesallsup/events{/privacy}", "organizations_url": "https://api.github.com/users/jamesallsup/orgs", "url": "https://api.github.com/users/jamesallsup", "gists_url": "https://api.github.com/users/jamesallsup/gists{/gist_id}", "html_url": "https://github.com/jamesallsup", "subscriptions_url": "https://api.github.com/users/jamesallsup/subscriptions", "avatar_url": "https://avatars.githubusercontent.com/u/2026129?v=3", "repos_url": "https://api.github.com/users/jamesallsup/repos", "received_events_url": "https://api.github.com/users/jamesallsup/received_events", "gravatar_id": "", "starred_url": "https://api.github.com/users/jamesallsup/starred{/owner}{/repo}", "site_admin": false, "login": "jamesallsup", "type": "User", "id": 2026129, "followers_url": "https://api.github.com/users/jamesallsup/followers"}, "event": "merged", "issue": {"labels": [], "number": 1891, "assignee": null, "repository_url": "https://api.github.com/repos/opencart/opencart", "closed_at": "2014-10-01T11:13:47Z", "id": 44552228, "title": "OpenBay update pre-release", "pull_request": {"url": "https://api.github.com/repos/opencart/opencart/pulls/1891", "diff_url": "https://github.com/opencart/opencart/pull/1891.diff", "html_url": "https://github.com/opencart/opencart/pull/1891", "patch_url": "https://github.com/opencart/opencart/pull/1891.patch"}, "comments": 0, "state": "closed", "body": "", "labels_url": "https://api.github.com/repos/opencart/opencart/issues/1891/labels{/name}", "events_url": "https://api.github.com/repos/opencart/opencart/issues/1891/events", "comments_url": "https://api.github.com/repos/opencart/opencart/issues/1891/comments", "html_url": "https://github.com/opencart/opencart/pull/1891", "updated_at": "2014-10-01T11:13:47Z", "user": {"following_url": "https://api.github.com/users/jamesallsup/following{/other_user}", "events_url": "https://api.github.com/users/jamesallsup/events{/privacy}", "organizations_url": "https://api.github.com/users/jamesallsup/orgs", "url": "https://api.github.com/users/jamesallsup", "gists_url": "https://api.github.com/users/jamesallsup/gists{/gist_id}", "html_url": "https://github.com/jamesallsup", "subscriptions_url": "https://api.github.com/users/jamesallsup/subscriptions", "avatar_url": "https://avatars.githubusercontent.com/u/2026129?v=3", "repos_url": "https://api.github.com/users/jamesallsup/repos", "received_events_url": "https://api.github.com/users/jamesallsup/received_events", "gravatar_id": "", "starred_url": "https://api.github.com/users/jamesallsup/starred{/owner}{/repo}", "site_admin": false, "login": "jamesallsup", "type": "User", "id": 2026129, "followers_url": "https://api.github.com/users/jamesallsup/followers"}, "milestone": null, "locked": false, "url": "https://api.github.com/repos/opencart/opencart/issues/1891", "created_at": "2014-10-01T11:13:32Z", "assignees": []}, "id": 172605986}, {"commit_id": "0e7898079c1cc77af0563c43823e37cb61fece82", "commit_url": "https://api.github.com/repos/opencart/opencart/commits/0e7898079c1cc77af0563c43823e37cb61fece82", "url": "https://api.github.com/repos/opencart/opencart/issues/events/172605985", "created_at": "2014-10-01T11:13:47Z", "actor": {"following_url": "https://api.github.com/users/jamesallsup/following{/other_user}", "events_url": "https://api.github.com/users/jamesallsup/events{/privacy}", "organizations_url": "https://api.github.com/users/jamesallsup/orgs", "url": "https://api.github.com/users/jamesallsup", "gists_url": "https://api.github.com/users/jamesallsup/gists{/gist_id}", "html_url": "https://github.com/jamesallsup", "subscriptions_url": "https://api.github.com/users/jamesallsup/subscriptions", "avatar_url": "https://avatars.githubusercontent.com/u/2026129?v=3", "repos_url": "https://api.github.com/users/jamesallsup/repos", "received_events_url": "https://api.github.com/users/jamesallsup/received_events", "gravatar_id": "", "starred_url": "https://api.github.com/users/jamesallsup/starred{/owner}{/repo}", "site_admin": false, "login": "jamesallsup", "type": "User", "id": 2026129, "followers_url": "https://api.github.com/users/jamesallsup/followers"}, "event": "referenced", "issue": {"labels": [], "number": 1891, "assignee": null, "repository_url": "https://api.github.com/repos/opencart/opencart", "closed_at": "2014-10-01T11:13:47Z", "id": 44552228, "title": "OpenBay update pre-release", "pull_request": {"url": "https://api.github.com/repos/opencart/opencart/pulls/1891", "diff_url": "https://github.com/opencart/opencart/pull/1891.diff", "html_url": "https://github.com/opencart/opencart/pull/1891", "patch_url": "https://github.com/opencart/opencart/pull/1891.patch"}, "comments": 0, "state": "closed", "body": "", "labels_url": "https://api.github.com/repos/opencart/opencart/issues/1891/labels{/name}", "events_url": "https://api.github.com/repos/opencart/opencart/issues/1891/events", "comments_url": "https://api.github.com/repos/opencart/opencart/issues/1891/comments", "html_url": "https://github.com/opencart/opencart/pull/1891", "updated_at": "2014-10-01T11:13:47Z", "user": {"following_url": "https://api.github.com/users/jamesallsup/following{/other_user}", "events_url": "https://api.github.com/users/jamesallsup/events{/privacy}", "organizations_url": "https://api.github.com/users/jamesallsup/orgs", "url": "https://api.github.com/users/jamesallsup", "gists_url": "https://api.github.com/users/jamesallsup/gists{/gist_id}", "html_url": "https://github.com/jamesallsup", "subscriptions_url": "https://api.github.com/users/jamesallsup/subscriptions", "avatar_url": "https://avatars.githubusercontent.com/u/2026129?v=3", "repos_url": "https://api.github.com/users/jamesallsup/repos", "received_events_url": "https://api.github.com/users/jamesallsup/received_events", "gravatar_id": "", "starred_url": "https://api.github.com/users/jamesallsup/starred{/owner}{/repo}", "site_admin": false, "login": "jamesallsup", "type": "User", "id": 2026129, "followers_url": "https://api.github.com/users/jamesallsup/followers"}, "milestone": null, "locked": false, "url": "https://api.github.com/repos/opencart/opencart/issues/1891", "created_at": "2014-10-01T11:13:32Z", "assignees": []}, "id": 172605985}, {"commit_id": null, "commit_url": null, "url": "https://api.github.com/repos/opencart/opencart/issues/events/172599456", "created_at": "2014-10-01T10:53:44Z", "actor": {"following_url": "https://api.github.com/users/jamesallsup/following{/other_user}", "events_url": "https://api.github.com/users/jamesallsup/events{/privacy}", "organizations_url": "https://api.github.com/users/jamesallsup/orgs", "url": "https://api.github.com/users/jamesallsup", "gists_url": "https://api.github.com/users/jamesallsup/gists{/gist_id}", "html_url": "https://github.com/jamesallsup", "subscriptions_url": "https://api.github.com/users/jamesallsup/subscriptions", "avatar_url": "https://avatars.githubusercontent.com/u/2026129?v=3", "repos_url": "https://api.github.com/users/jamesallsup/repos", "received_events_url": "https://api.github.com/users/jamesallsup/received_events", "gravatar_id": "", "starred_url": "https://api.github.com/users/jamesallsup/starred{/owner}{/repo}", "site_admin": false, "login": "jamesallsup", "type": "User", "id": 2026129, "followers_url": "https://api.github.com/users/jamesallsup/followers"}, "event": "closed", "issue": {"labels": [], "number": 1784, "assignee": null, "repository_url": "https://api.github.com/repos/opencart/opencart", "closed_at": "2014-10-01T10:53:44Z", "id": 41270718, "title": "Update image.php", "pull_request": {"url": "https://api.github.com/repos/opencart/opencart/pulls/1784", "diff_url": "https://github.com/opencart/opencart/pull/1784.diff", "html_url": "https://github.com/opencart/opencart/pull/1784", "patch_url": "https://github.com/opencart/opencart/pull/1784.patch"}, "comments": 0, "state": "closed", "body": "Fix errors\n", "labels_url": "https://api.github.com/repos/opencart/opencart/issues/1784/labels{/name}", "events_url": "https://api.github.com/repos/opencart/opencart/issues/1784/events", "comments_url": "https://api.github.com/repos/opencart/opencart/issues/1784/comments", "html_url": "https://github.com/opencart/opencart/pull/1784", "updated_at": "2014-10-01T10:53:44Z", "user": {"following_url": "https://api.github.com/users/ghost/following{/other_user}", "events_url": "https://api.github.com/users/ghost/events{/privacy}", "organizations_url": "https://api.github.com/users/ghost/orgs", "url": "https://api.github.com/users/ghost", "gists_url": "https://api.github.com/users/ghost/gists{/gist_id}", "html_url": "https://github.com/ghost", "subscriptions_url": "https://api.github.com/users/ghost/subscriptions", "avatar_url": "https://avatars.githubusercontent.com/u/10137?v=3", "repos_url": "https://api.github.com/users/ghost/repos", "received_events_url": "https://api.github.com/users/ghost/received_events", "gravatar_id": "", "starred_url": "https://api.github.com/users/ghost/starred{/owner}{/repo}", "site_admin": false, "login": "ghost", "type": "User", "id": 10137, "followers_url": "https://api.github.com/users/ghost/followers"}, "milestone": null, "locked": false, "url": "https://api.github.com/repos/opencart/opencart/issues/1784", "created_at": "2014-08-27T10:56:51Z", "assignees": []}, "id": 172599456}, {"commit_id": "5d5b7cd9738d72a735cc0098e5602ad64975b6a4", "commit_url": "https://api.github.com/repos/opencart/opencart/commits/5d5b7cd9738d72a735cc0098e5602ad64975b6a4", "url": "https://api.github.com/repos/opencart/opencart/issues/events/172599455", "created_at": "2014-10-01T10:53:44Z", "actor": {"following_url": "https://api.github.com/users/jamesallsup/following{/other_user}", "events_url": "https://api.github.com/users/jamesallsup/events{/privacy}", "organizations_url": "https://api.github.com/users/jamesallsup/orgs", "url": "https://api.github.com/users/jamesallsup", "gists_url": "https://api.github.com/users/jamesallsup/gists{/gist_id}", "html_url": "https://github.com/jamesallsup", "subscriptions_url": "https://api.github.com/users/jamesallsup/subscriptions", "avatar_url": "https://avatars.githubusercontent.com/u/2026129?v=3", "repos_url": "https://api.github.com/users/jamesallsup/repos", "received_events_url": "https://api.github.com/users/jamesallsup/received_events", "gravatar_id": "", "starred_url": "https://api.github.com/users/jamesallsup/starred{/owner}{/repo}", "site_admin": false, "login": "jamesallsup", "type": "User", "id": 2026129, "followers_url": "https://api.github.com/users/jamesallsup/followers"}, "event": "merged", "issue": {"labels": [], "number": 1784, "assignee": null, "repository_url": "https://api.github.com/repos/opencart/opencart", "closed_at": "2014-10-01T10:53:44Z", "id": 41270718, "title": "Update image.php", "pull_request": {"url": "https://api.github.com/repos/opencart/opencart/pulls/1784", "diff_url": "https://github.com/opencart/opencart/pull/1784.diff", "html_url": "https://github.com/opencart/opencart/pull/1784", "patch_url": "https://github.com/opencart/opencart/pull/1784.patch"}, "comments": 0, "state": "closed", "body": "Fix errors\n", "labels_url": "https://api.github.com/repos/opencart/opencart/issues/1784/labels{/name}", "events_url": "https://api.github.com/repos/opencart/opencart/issues/1784/events", "comments_url": "https://api.github.com/repos/opencart/opencart/issues/1784/comments", "html_url": "https://github.com/opencart/opencart/pull/1784", "updated_at": "2014-10-01T10:53:44Z", "user": {"following_url": "https://api.github.com/users/ghost/following{/other_user}", "events_url": "https://api.github.com/users/ghost/events{/privacy}", "organizations_url": "https://api.github.com/users/ghost/orgs", "url": "https://api.github.com/users/ghost", "gists_url": "https://api.github.com/users/ghost/gists{/gist_id}", "html_url": "https://github.com/ghost", "subscriptions_url": "https://api.github.com/users/ghost/subscriptions", "avatar_url": "https://avatars.githubusercontent.com/u/10137?v=3", "repos_url": "https://api.github.com/users/ghost/repos", "received_events_url": "https://api.github.com/users/ghost/received_events", "gravatar_id": "", "starred_url": "https://api.github.com/users/ghost/starred{/owner}{/repo}", "site_admin": false, "login": "ghost", "type": "User", "id": 10137, "followers_url": "https://api.github.com/users/ghost/followers"}, "milestone": null, "locked": false, "url": "https://api.github.com/repos/opencart/opencart/issues/1784", "created_at": "2014-08-27T10:56:51Z", "assignees": []}, "id": 172599455}, {"commit_id": "5d5b7cd9738d72a735cc0098e5602ad64975b6a4", "commit_url": "https://api.github.com/repos/opencart/opencart/commits/5d5b7cd9738d72a735cc0098e5602ad64975b6a4", "url": "https://api.github.com/repos/opencart/opencart/issues/events/172599454", "created_at": "2014-10-01T10:53:44Z", "actor": {"following_url": "https://api.github.com/users/jamesallsup/following{/other_user}", "events_url": "https://api.github.com/users/jamesallsup/events{/privacy}", "organizations_url": "https://api.github.com/users/jamesallsup/orgs", "url": "https://api.github.com/users/jamesallsup", "gists_url": "https://api.github.com/users/jamesallsup/gists{/gist_id}", "html_url": "https://github.com/jamesallsup", "subscriptions_url": "https://api.github.com/users/jamesallsup/subscriptions", "avatar_url": "https://avatars.githubusercontent.com/u/2026129?v=3", "repos_url": "https://api.github.com/users/jamesallsup/repos", "received_events_url": "https://api.github.com/users/jamesallsup/received_events", "gravatar_id": "", "starred_url": "https://api.github.com/users/jamesallsup/starred{/owner}{/repo}", "site_admin": false, "login": "jamesallsup", "type": "User", "id": 2026129, "followers_url": "https://api.github.com/users/jamesallsup/followers"}, "event": "referenced", "issue": {"labels": [], "number": 1784, "assignee": null, "repository_url": "https://api.github.com/repos/opencart/opencart", "closed_at": "2014-10-01T10:53:44Z", "id": 41270718, "title": "Update image.php", "pull_request": {"url": "https://api.github.com/repos/opencart/opencart/pulls/1784", "diff_url": "https://github.com/opencart/opencart/pull/1784.diff", "html_url": "https://github.com/opencart/opencart/pull/1784", "patch_url": "https://github.com/opencart/opencart/pull/1784.patch"}, "comments": 0, "state": "closed", "body": "Fix errors\n", "labels_url": "https://api.github.com/repos/opencart/opencart/issues/1784/labels{/name}", "events_url": "https://api.github.com/repos/opencart/opencart/issues/1784/events", "comments_url": "https://api.github.com/repos/opencart/opencart/issues/1784/comments", "html_url": "https://github.com/opencart/opencart/pull/1784", "updated_at": "2014-10-01T10:53:44Z", "user": {"following_url": "https://api.github.com/users/ghost/following{/other_user}", "events_url": "https://api.github.com/users/ghost/events{/privacy}", "organizations_url": "https://api.github.com/users/ghost/orgs", "url": "https://api.github.com/users/ghost", "gists_url": "https://api.github.com/users/ghost/gists{/gist_id}", "html_url": "https://github.com/ghost", "subscriptions_url": "https://api.github.com/users/ghost/subscriptions", "avatar_url": "https://avatars.githubusercontent.com/u/10137?v=3", "repos_url": "https://api.github.com/users/ghost/repos", "received_events_url": "https://api.github.com/users/ghost/received_events", "gravatar_id": "", "starred_url": "https://api.github.com/users/ghost/starred{/owner}{/repo}", "site_admin": false, "login": "ghost", "type": "User", "id": 10137, "followers_url": "https://api.github.com/users/ghost/followers"}, "milestone": null, "locked": false, "url": "https://api.github.com/repos/opencart/opencart/issues/1784", "created_at": "2014-08-27T10:56:51Z", "assignees": []}, "id": 172599454}, {"commit_id": null, "commit_url": null, "url": "https://api.github.com/repos/opencart/opencart/issues/events/172598976", "created_at": "2014-10-01T10:52:07Z", "actor": {"following_url": "https://api.github.com/users/jamesallsup/following{/other_user}", "events_url": "https://api.github.com/users/jamesallsup/events{/privacy}", "organizations_url": "https://api.github.com/users/jamesallsup/orgs", "url": "https://api.github.com/users/jamesallsup", "gists_url": "https://api.github.com/users/jamesallsup/gists{/gist_id}", "html_url": "https://github.com/jamesallsup", "subscriptions_url": "https://api.github.com/users/jamesallsup/subscriptions", "avatar_url": "https://avatars.githubusercontent.com/u/2026129?v=3", "repos_url": "https://api.github.com/users/jamesallsup/repos", "received_events_url": "https://api.github.com/users/jamesallsup/received_events", "gravatar_id": "", "starred_url": "https://api.github.com/users/jamesallsup/starred{/owner}{/repo}", "site_admin": false, "login": "jamesallsup", "type": "User", "id": 2026129, "followers_url": "https://api.github.com/users/jamesallsup/followers"}, "event": "closed", "issue": {"labels": [], "number": 1889, "assignee": null, "repository_url": "https://api.github.com/repos/opencart/opencart", "closed_at": "2014-10-01T10:52:07Z", "id": 44433557, "title": "payment gateway release bug fix", "pull_request": {"url": "https://api.github.com/repos/opencart/opencart/pulls/1889", "diff_url": "https://github.com/opencart/opencart/pull/1889.diff", "html_url": "https://github.com/opencart/opencart/pull/1889", "patch_url": "https://github.com/opencart/opencart/pull/1889.patch"}, "comments": 0, "state": "closed", "body": "FAO James as per convo\n", "labels_url": "https://api.github.com/repos/opencart/opencart/issues/1889/labels{/name}", "events_url": "https://api.github.com/repos/opencart/opencart/issues/1889/events", "comments_url": "https://api.github.com/repos/opencart/opencart/issues/1889/comments", "html_url": "https://github.com/opencart/opencart/pull/1889", "updated_at": "2014-10-01T10:52:07Z", "user": {"following_url": "https://api.github.com/users/chris-wm/following{/other_user}", "events_url": "https://api.github.com/users/chris-wm/events{/privacy}", "organizations_url": "https://api.github.com/users/chris-wm/orgs", "url": "https://api.github.com/users/chris-wm", "gists_url": "https://api.github.com/users/chris-wm/gists{/gist_id}", "html_url": "https://github.com/chris-wm", "subscriptions_url": "https://api.github.com/users/chris-wm/subscriptions", "avatar_url": "https://avatars.githubusercontent.com/u/8395552?v=3", "repos_url": "https://api.github.com/users/chris-wm/repos", "received_events_url": "https://api.github.com/users/chris-wm/received_events", "gravatar_id": "", "starred_url": "https://api.github.com/users/chris-wm/starred{/owner}{/repo}", "site_admin": false, "login": "chris-wm", "type": "User", "id": 8395552, "followers_url": "https://api.github.com/users/chris-wm/followers"}, "milestone": null, "locked": false, "url": "https://api.github.com/repos/opencart/opencart/issues/1889", "created_at": "2014-09-30T12:17:25Z", "assignees": []}, "id": 172598976}, {"commit_id": "4ee19fe6f50e4ab8f685e270fe2bdd96776e7d38", "commit_url": "https://api.github.com/repos/opencart/opencart/commits/4ee19fe6f50e4ab8f685e270fe2bdd96776e7d38", "url": "https://api.github.com/repos/opencart/opencart/issues/events/172598930", "created_at": "2014-10-01T10:51:59Z", "actor": {"following_url": "https://api.github.com/users/jamesallsup/following{/other_user}", "events_url": "https://api.github.com/users/jamesallsup/events{/privacy}", "organizations_url": "https://api.github.com/users/jamesallsup/orgs", "url": "https://api.github.com/users/jamesallsup", "gists_url": "https://api.github.com/users/jamesallsup/gists{/gist_id}", "html_url": "https://github.com/jamesallsup", "subscriptions_url": "https://api.github.com/users/jamesallsup/subscriptions", "avatar_url": "https://avatars.githubusercontent.com/u/2026129?v=3", "repos_url": "https://api.github.com/users/jamesallsup/repos", "received_events_url": "https://api.github.com/users/jamesallsup/received_events", "gravatar_id": "", "starred_url": "https://api.github.com/users/jamesallsup/starred{/owner}{/repo}", "site_admin": false, "login": "jamesallsup", "type": "User", "id": 2026129, "followers_url": "https://api.github.com/users/jamesallsup/followers"}, "event": "referenced", "issue": {"labels": [], "number": 1889, "assignee": null, "repository_url": "https://api.github.com/repos/opencart/opencart", "closed_at": "2014-10-01T10:52:07Z", "id": 44433557, "title": "payment gateway release bug fix", "pull_request": {"url": "https://api.github.com/repos/opencart/opencart/pulls/1889", "diff_url": "https://github.com/opencart/opencart/pull/1889.diff", "html_url": "https://github.com/opencart/opencart/pull/1889", "patch_url": "https://github.com/opencart/opencart/pull/1889.patch"}, "comments": 0, "state": "closed", "body": "FAO James as per convo\n", "labels_url": "https://api.github.com/repos/opencart/opencart/issues/1889/labels{/name}", "events_url": "https://api.github.com/repos/opencart/opencart/issues/1889/events", "comments_url": "https://api.github.com/repos/opencart/opencart/issues/1889/comments", "html_url": "https://github.com/opencart/opencart/pull/1889", "updated_at": "2014-10-01T10:52:07Z", "user": {"following_url": "https://api.github.com/users/chris-wm/following{/other_user}", "events_url": "https://api.github.com/users/chris-wm/events{/privacy}", "organizations_url": "https://api.github.com/users/chris-wm/orgs", "url": "https://api.github.com/users/chris-wm", "gists_url": "https://api.github.com/users/chris-wm/gists{/gist_id}", "html_url": "https://github.com/chris-wm", "subscriptions_url": "https://api.github.com/users/chris-wm/subscriptions", "avatar_url": "https://avatars.githubusercontent.com/u/8395552?v=3", "repos_url": "https://api.github.com/users/chris-wm/repos", "received_events_url": "https://api.github.com/users/chris-wm/received_events", "gravatar_id": "", "starred_url": "https://api.github.com/users/chris-wm/starred{/owner}{/repo}", "site_admin": false, "login": "chris-wm", "type": "User", "id": 8395552, "followers_url": "https://api.github.com/users/chris-wm/followers"}, "milestone": null, "locked": false, "url": "https://api.github.com/repos/opencart/opencart/issues/1889", "created_at": "2014-09-30T12:17:25Z", "assignees": []}, "id": 172598930}, {"commit_id": null, "commit_url": null, "url": "https://api.github.com/repos/opencart/opencart/issues/events/172595710", "created_at": "2014-10-01T10:42:31Z", "actor": {"following_url": "https://api.github.com/users/jamesallsup/following{/other_user}", "events_url": "https://api.github.com/users/jamesallsup/events{/privacy}", "organizations_url": "https://api.github.com/users/jamesallsup/orgs", "url": "https://api.github.com/users/jamesallsup", "gists_url": "https://api.github.com/users/jamesallsup/gists{/gist_id}", "html_url": "https://github.com/jamesallsup", "subscriptions_url": "https://api.github.com/users/jamesallsup/subscriptions", "avatar_url": "https://avatars.githubusercontent.com/u/2026129?v=3", "repos_url": "https://api.github.com/users/jamesallsup/repos", "received_events_url": "https://api.github.com/users/jamesallsup/received_events", "gravatar_id": "", "starred_url": "https://api.github.com/users/jamesallsup/starred{/owner}{/repo}", "site_admin": false, "login": "jamesallsup", "type": "User", "id": 2026129, "followers_url": "https://api.github.com/users/jamesallsup/followers"}, "event": "closed", "issue": {"labels": [], "number": 1890, "assignee": null, "repository_url": "https://api.github.com/repos/opencart/opencart", "closed_at": "2014-10-01T10:42:31Z", "id": 44433650, "title": "updating Secure trading for missed OpenCart changes", "pull_request": {"url": "https://api.github.com/repos/opencart/opencart/pulls/1890", "diff_url": "https://github.com/opencart/opencart/pull/1890.diff", "html_url": "https://github.com/opencart/opencart/pull/1890", "patch_url": "https://github.com/opencart/opencart/pull/1890.patch"}, "comments": 0, "state": "closed", "body": "FAO James per convo\n", "labels_url": "https://api.github.com/repos/opencart/opencart/issues/1890/labels{/name}", "events_url": "https://api.github.com/repos/opencart/opencart/issues/1890/events", "comments_url": "https://api.github.com/repos/opencart/opencart/issues/1890/comments", "html_url": "https://github.com/opencart/opencart/pull/1890", "updated_at": "2014-10-01T10:42:31Z", "user": {"following_url": "https://api.github.com/users/chris-wm/following{/other_user}", "events_url": "https://api.github.com/users/chris-wm/events{/privacy}", "organizations_url": "https://api.github.com/users/chris-wm/orgs", "url": "https://api.github.com/users/chris-wm", "gists_url": "https://api.github.com/users/chris-wm/gists{/gist_id}", "html_url": "https://github.com/chris-wm", "subscriptions_url": "https://api.github.com/users/chris-wm/subscriptions", "avatar_url": "https://avatars.githubusercontent.com/u/8395552?v=3", "repos_url": "https://api.github.com/users/chris-wm/repos", "received_events_url": "https://api.github.com/users/chris-wm/received_events", "gravatar_id": "", "starred_url": "https://api.github.com/users/chris-wm/starred{/owner}{/repo}", "site_admin": false, "login": "chris-wm", "type": "User", "id": 8395552, "followers_url": "https://api.github.com/users/chris-wm/followers"}, "milestone": null, "locked": false, "url": "https://api.github.com/repos/opencart/opencart/issues/1890", "created_at": "2014-09-30T12:18:07Z", "assignees": []}, "id": 172595710}, {"commit_id": null, "commit_url": null, "url": "https://api.github.com/repos/opencart/opencart/issues/events/172595580", "created_at": "2014-10-01T10:42:09Z", "actor": {"following_url": "https://api.github.com/users/jamesallsup/following{/other_user}", "events_url": "https://api.github.com/users/jamesallsup/events{/privacy}", "organizations_url": "https://api.github.com/users/jamesallsup/orgs", "url": "https://api.github.com/users/jamesallsup", "gists_url": "https://api.github.com/users/jamesallsup/gists{/gist_id}", "html_url": "https://github.com/jamesallsup", "subscriptions_url": "https://api.github.com/users/jamesallsup/subscriptions", "avatar_url": "https://avatars.githubusercontent.com/u/2026129?v=3", "repos_url": "https://api.github.com/users/jamesallsup/repos", "received_events_url": "https://api.github.com/users/jamesallsup/received_events", "gravatar_id": "", "starred_url": "https://api.github.com/users/jamesallsup/starred{/owner}{/repo}", "site_admin": false, "login": "jamesallsup", "type": "User", "id": 2026129, "followers_url": "https://api.github.com/users/jamesallsup/followers"}, "event": "closed", "issue": {"body": "1) Doesn't always preserve HTML code entered in source mode upon saving\n2) Is not XHTML5 compliant, too many tags aren't properly closed, such as `<img .... >` instead of `<img ... />`. it may be HTML5, but now no 3rd party extension can modify templates using XML parsers\n\nBTW.: what was wrong with the ckeditor? That one worked just fine!\n", "labels": [], "locked": false, "title": "summernote issues", "url": "https://api.github.com/repos/opencart/opencart/issues/1867", "labels_url": "https://api.github.com/repos/opencart/opencart/issues/1867/labels{/name}", "created_at": "2014-09-26T12:36:40Z", "events_url": "https://api.github.com/repos/opencart/opencart/issues/1867/events", "comments_url": "https://api.github.com/repos/opencart/opencart/issues/1867/comments", "html_url": "https://github.com/opencart/opencart/issues/1867", "comments": 5, "number": 1867, "updated_at": "2014-10-01T10:42:09Z", "assignee": null, "state": "closed", "user": {"following_url": "https://api.github.com/users/mhcwebdesign/following{/other_user}", "events_url": "https://api.github.com/users/mhcwebdesign/events{/privacy}", "organizations_url": "https://api.github.com/users/mhcwebdesign/orgs", "url": "https://api.github.com/users/mhcwebdesign", "gists_url": "https://api.github.com/users/mhcwebdesign/gists{/gist_id}", "html_url": "https://github.com/mhcwebdesign", "subscriptions_url": "https://api.github.com/users/mhcwebdesign/subscriptions", "avatar_url": "https://avatars.githubusercontent.com/u/2989557?v=3", "repos_url": "https://api.github.com/users/mhcwebdesign/repos", "received_events_url": "https://api.github.com/users/mhcwebdesign/received_events", "gravatar_id": "", "starred_url": "https://api.github.com/users/mhcwebdesign/starred{/owner}{/repo}", "site_admin": false, "login": "mhcwebdesign", "type": "User", "id": 2989557, "followers_url": "https://api.github.com/users/mhcwebdesign/followers"}, "milestone": null, "repository_url": "https://api.github.com/repos/opencart/opencart", "closed_at": "2014-10-01T10:42:09Z", "assignees": [], "id": 44056261}, "id": 172595580}, {"commit_id": null, "commit_url": null, "url": "https://api.github.com/repos/opencart/opencart/issues/events/172595579", "created_at": "2014-10-01T10:42:09Z", "actor": {"following_url": "https://api.github.com/users/mhcwebdesign/following{/other_user}", "events_url": "https://api.github.com/users/mhcwebdesign/events{/privacy}", "organizations_url": "https://api.github.com/users/mhcwebdesign/orgs", "url": "https://api.github.com/users/mhcwebdesign", "gists_url": "https://api.github.com/users/mhcwebdesign/gists{/gist_id}", "html_url": "https://github.com/mhcwebdesign", "subscriptions_url": "https://api.github.com/users/mhcwebdesign/subscriptions", "avatar_url": "https://avatars.githubusercontent.com/u/2989557?v=3", "repos_url": "https://api.github.com/users/mhcwebdesign/repos", "received_events_url": "https://api.github.com/users/mhcwebdesign/received_events", "gravatar_id": "", "starred_url": "https://api.github.com/users/mhcwebdesign/starred{/owner}{/repo}", "site_admin": false, "login": "mhcwebdesign", "type": "User", "id": 2989557, "followers_url": "https://api.github.com/users/mhcwebdesign/followers"}, "event": "subscribed", "issue": {"body": "1) Doesn't always preserve HTML code entered in source mode upon saving\n2) Is not XHTML5 compliant, too many tags aren't properly closed, such as `<img .... >` instead of `<img ... />`. it may be HTML5, but now no 3rd party extension can modify templates using XML parsers\n\nBTW.: what was wrong with the ckeditor? That one worked just fine!\n", "labels": [], "locked": false, "title": "summernote issues", "url": "https://api.github.com/repos/opencart/opencart/issues/1867", "labels_url": "https://api.github.com/repos/opencart/opencart/issues/1867/labels{/name}", "created_at": "2014-09-26T12:36:40Z", "events_url": "https://api.github.com/repos/opencart/opencart/issues/1867/events", "comments_url": "https://api.github.com/repos/opencart/opencart/issues/1867/comments", "html_url": "https://github.com/opencart/opencart/issues/1867", "comments": 5, "number": 1867, "updated_at": "2014-10-01T10:42:09Z", "assignee": null, "state": "closed", "user": {"following_url": "https://api.github.com/users/mhcwebdesign/following{/other_user}", "events_url": "https://api.github.com/users/mhcwebdesign/events{/privacy}", "organizations_url": "https://api.github.com/users/mhcwebdesign/orgs", "url": "https://api.github.com/users/mhcwebdesign", "gists_url": "https://api.github.com/users/mhcwebdesign/gists{/gist_id}", "html_url": "https://github.com/mhcwebdesign", "subscriptions_url": "https://api.github.com/users/mhcwebdesign/subscriptions", "avatar_url": "https://avatars.githubusercontent.com/u/2989557?v=3", "repos_url": "https://api.github.com/users/mhcwebdesign/repos", "received_events_url": "https://api.github.com/users/mhcwebdesign/received_events", "gravatar_id": "", "starred_url": "https://api.github.com/users/mhcwebdesign/starred{/owner}{/repo}", "site_admin": false, "login": "mhcwebdesign", "type": "User", "id": 2989557, "followers_url": "https://api.github.com/users/mhcwebdesign/followers"}, "milestone": null, "repository_url": "https://api.github.com/repos/opencart/opencart", "closed_at": "2014-10-01T10:42:09Z", "assignees": [], "id": 44056261}, "id": 172595579}, {"commit_id": null, "commit_url": null, "url": "https://api.github.com/repos/opencart/opencart/issues/events/172595578", "created_at": "2014-10-01T10:42:09Z", "actor": {"following_url": "https://api.github.com/users/mhcwebdesign/following{/other_user}", "events_url": "https://api.github.com/users/mhcwebdesign/events{/privacy}", "organizations_url": "https://api.github.com/users/mhcwebdesign/orgs", "url": "https://api.github.com/users/mhcwebdesign", "gists_url": "https://api.github.com/users/mhcwebdesign/gists{/gist_id}", "html_url": "https://github.com/mhcwebdesign", "subscriptions_url": "https://api.github.com/users/mhcwebdesign/subscriptions", "avatar_url": "https://avatars.githubusercontent.com/u/2989557?v=3", "repos_url": "https://api.github.com/users/mhcwebdesign/repos", "received_events_url": "https://api.github.com/users/mhcwebdesign/received_events", "gravatar_id": "", "starred_url": "https://api.github.com/users/mhcwebdesign/starred{/owner}{/repo}", "site_admin": false, "login": "mhcwebdesign", "type": "User", "id": 2989557, "followers_url": "https://api.github.com/users/mhcwebdesign/followers"}, "event": "mentioned", "issue": {"body": "1) Doesn't always preserve HTML code entered in source mode upon saving\n2) Is not XHTML5 compliant, too many tags aren't properly closed, such as `<img .... >` instead of `<img ... />`. it may be HTML5, but now no 3rd party extension can modify templates using XML parsers\n\nBTW.: what was wrong with the ckeditor? That one worked just fine!\n", "labels": [], "locked": false, "title": "summernote issues", "url": "https://api.github.com/repos/opencart/opencart/issues/1867", "labels_url": "https://api.github.com/repos/opencart/opencart/issues/1867/labels{/name}", "created_at": "2014-09-26T12:36:40Z", "events_url": "https://api.github.com/repos/opencart/opencart/issues/1867/events", "comments_url": "https://api.github.com/repos/opencart/opencart/issues/1867/comments", "html_url": "https://github.com/opencart/opencart/issues/1867", "comments": 5, "number": 1867, "updated_at": "2014-10-01T10:42:09Z", "assignee": null, "state": "closed", "user": {"following_url": "https://api.github.com/users/mhcwebdesign/following{/other_user}", "events_url": "https://api.github.com/users/mhcwebdesign/events{/privacy}", "organizations_url": "https://api.github.com/users/mhcwebdesign/orgs", "url": "https://api.github.com/users/mhcwebdesign", "gists_url": "https://api.github.com/users/mhcwebdesign/gists{/gist_id}", "html_url": "https://github.com/mhcwebdesign", "subscriptions_url": "https://api.github.com/users/mhcwebdesign/subscriptions", "avatar_url": "https://avatars.githubusercontent.com/u/2989557?v=3", "repos_url": "https://api.github.com/users/mhcwebdesign/repos", "received_events_url": "https://api.github.com/users/mhcwebdesign/received_events", "gravatar_id": "", "starred_url": "https://api.github.com/users/mhcwebdesign/starred{/owner}{/repo}", "site_admin": false, "login": "mhcwebdesign", "type": "User", "id": 2989557, "followers_url": "https://api.github.com/users/mhcwebdesign/followers"}, "milestone": null, "repository_url": "https://api.github.com/repos/opencart/opencart", "closed_at": "2014-10-01T10:42:09Z", "assignees": [], "id": 44056261}, "id": 172595578}, {"commit_id": null, "commit_url": null, "url": "https://api.github.com/repos/opencart/opencart/issues/events/171962965", "created_at": "2014-09-30T09:08:12Z", "actor": {"following_url": "https://api.github.com/users/danielkerr/following{/other_user}", "events_url": "https://api.github.com/users/danielkerr/events{/privacy}", "organizations_url": "https://api.github.com/users/danielkerr/orgs", "url": "https://api.github.com/users/danielkerr", "gists_url": "https://api.github.com/users/danielkerr/gists{/gist_id}", "html_url": "https://github.com/danielkerr", "subscriptions_url": "https://api.github.com/users/danielkerr/subscriptions", "avatar_url": "https://avatars.githubusercontent.com/u/5079756?v=3", "repos_url": "https://api.github.com/users/danielkerr/repos", "received_events_url": "https://api.github.com/users/danielkerr/received_events", "gravatar_id": "", "starred_url": "https://api.github.com/users/danielkerr/starred{/owner}{/repo}", "site_admin": false, "login": "danielkerr", "type": "User", "id": 5079756, "followers_url": "https://api.github.com/users/danielkerr/followers"}, "event": "closed", "issue": {"body": "Hi,\n\nUsing current upload system, the resize tool model currently only works, if the image is in the image directory...\n\nIt needs to work on the upload directory too.\n\nCheers.\n", "labels": [], "locked": false, "title": "Resizing Image That Has Been Uploaded", "url": "https://api.github.com/repos/opencart/opencart/issues/1887", "labels_url": "https://api.github.com/repos/opencart/opencart/issues/1887/labels{/name}", "created_at": "2014-09-30T07:46:23Z", "events_url": "https://api.github.com/repos/opencart/opencart/issues/1887/events", "comments_url": "https://api.github.com/repos/opencart/opencart/issues/1887/comments", "html_url": "https://github.com/opencart/opencart/issues/1887", "comments": 6, "number": 1887, "updated_at": "2014-09-30T13:32:37Z", "assignee": null, "state": "closed", "user": {"following_url": "https://api.github.com/users/ryangittings/following{/other_user}", "events_url": "https://api.github.com/users/ryangittings/events{/privacy}", "organizations_url": "https://api.github.com/users/ryangittings/orgs", "url": "https://api.github.com/users/ryangittings", "gists_url": "https://api.github.com/users/ryangittings/gists{/gist_id}", "html_url": "https://github.com/ryangittings", "subscriptions_url": "https://api.github.com/users/ryangittings/subscriptions", "avatar_url": "https://avatars.githubusercontent.com/u/5872869?v=3", "repos_url": "https://api.github.com/users/ryangittings/repos", "received_events_url": "https://api.github.com/users/ryangittings/received_events", "gravatar_id": "", "starred_url": "https://api.github.com/users/ryangittings/starred{/owner}{/repo}", "site_admin": false, "login": "ryangittings", "type": "User", "id": 5872869, "followers_url": "https://api.github.com/users/ryangittings/followers"}, "milestone": null, "repository_url": "https://api.github.com/repos/opencart/opencart", "closed_at": "2014-09-30T09:08:12Z", "assignees": [], "id": 44406025}, "id": 171962965}, {"commit_id": null, "commit_url": null, "url": "https://api.github.com/repos/opencart/opencart/issues/events/171915275", "created_at": "2014-09-30T06:59:06Z", "actor": {"following_url": "https://api.github.com/users/jamesallsup/following{/other_user}", "events_url": "https://api.github.com/users/jamesallsup/events{/privacy}", "organizations_url": "https://api.github.com/users/jamesallsup/orgs", "url": "https://api.github.com/users/jamesallsup", "gists_url": "https://api.github.com/users/jamesallsup/gists{/gist_id}", "html_url": "https://github.com/jamesallsup", "subscriptions_url": "https://api.github.com/users/jamesallsup/subscriptions", "avatar_url": "https://avatars.githubusercontent.com/u/2026129?v=3", "repos_url": "https://api.github.com/users/jamesallsup/repos", "received_events_url": "https://api.github.com/users/jamesallsup/received_events", "gravatar_id": "", "starred_url": "https://api.github.com/users/jamesallsup/starred{/owner}{/repo}", "site_admin": false, "login": "jamesallsup", "type": "User", "id": 2026129, "followers_url": "https://api.github.com/users/jamesallsup/followers"}, "event": "closed", "issue": {"labels": [], "number": 1886, "assignee": null, "repository_url": "https://api.github.com/repos/opencart/opencart", "closed_at": "2014-09-30T06:59:06Z", "id": 44393176, "title": "Marketing Tracking doesn't count orders", "pull_request": {"url": "https://api.github.com/repos/opencart/opencart/pulls/1886", "diff_url": "https://github.com/opencart/opencart/pull/1886.diff", "html_url": "https://github.com/opencart/opencart/pull/1886", "patch_url": "https://github.com/opencart/opencart/pull/1886.patch"}, "comments": 1, "state": "closed", "body": "", "labels_url": "https://api.github.com/repos/opencart/opencart/issues/1886/labels{/name}", "events_url": "https://api.github.com/repos/opencart/opencart/issues/1886/events", "comments_url": "https://api.github.com/repos/opencart/opencart/issues/1886/comments", "html_url": "https://github.com/opencart/opencart/pull/1886", "updated_at": "2014-09-30T06:59:12Z", "user": {"following_url": "https://api.github.com/users/devtsit/following{/other_user}", "events_url": "https://api.github.com/users/devtsit/events{/privacy}", "organizations_url": "https://api.github.com/users/devtsit/orgs", "url": "https://api.github.com/users/devtsit", "gists_url": "https://api.github.com/users/devtsit/gists{/gist_id}", "html_url": "https://github.com/devtsit", "subscriptions_url": "https://api.github.com/users/devtsit/subscriptions", "avatar_url": "https://avatars.githubusercontent.com/u/2195073?v=3", "repos_url": "https://api.github.com/users/devtsit/repos", "received_events_url": "https://api.github.com/users/devtsit/received_events", "gravatar_id": "", "starred_url": "https://api.github.com/users/devtsit/starred{/owner}{/repo}", "site_admin": false, "login": "devtsit", "type": "User", "id": 2195073, "followers_url": "https://api.github.com/users/devtsit/followers"}, "milestone": null, "locked": false, "url": "https://api.github.com/repos/opencart/opencart/issues/1886", "created_at": "2014-09-30T04:56:00Z", "assignees": []}, "id": 171915275}, {"commit_id": "c8ae35cdacafef44cd64e9463de166632050b759", "commit_url": "https://api.github.com/repos/opencart/opencart/commits/c8ae35cdacafef44cd64e9463de166632050b759", "url": "https://api.github.com/repos/opencart/opencart/issues/events/171915274", "created_at": "2014-09-30T06:59:06Z", "actor": {"following_url": "https://api.github.com/users/jamesallsup/following{/other_user}", "events_url": "https://api.github.com/users/jamesallsup/events{/privacy}", "organizations_url": "https://api.github.com/users/jamesallsup/orgs", "url": "https://api.github.com/users/jamesallsup", "gists_url": "https://api.github.com/users/jamesallsup/gists{/gist_id}", "html_url": "https://github.com/jamesallsup", "subscriptions_url": "https://api.github.com/users/jamesallsup/subscriptions", "avatar_url": "https://avatars.githubusercontent.com/u/2026129?v=3", "repos_url": "https://api.github.com/users/jamesallsup/repos", "received_events_url": "https://api.github.com/users/jamesallsup/received_events", "gravatar_id": "", "starred_url": "https://api.github.com/users/jamesallsup/starred{/owner}{/repo}", "site_admin": false, "login": "jamesallsup", "type": "User", "id": 2026129, "followers_url": "https://api.github.com/users/jamesallsup/followers"}, "event": "merged", "issue": {"labels": [], "number": 1886, "assignee": null, "repository_url": "https://api.github.com/repos/opencart/opencart", "closed_at": "2014-09-30T06:59:06Z", "id": 44393176, "title": "Marketing Tracking doesn't count orders", "pull_request": {"url": "https://api.github.com/repos/opencart/opencart/pulls/1886", "diff_url": "https://github.com/opencart/opencart/pull/1886.diff", "html_url": "https://github.com/opencart/opencart/pull/1886", "patch_url": "https://github.com/opencart/opencart/pull/1886.patch"}, "comments": 1, "state": "closed", "body": "", "labels_url": "https://api.github.com/repos/opencart/opencart/issues/1886/labels{/name}", "events_url": "https://api.github.com/repos/opencart/opencart/issues/1886/events", "comments_url": "https://api.github.com/repos/opencart/opencart/issues/1886/comments", "html_url": "https://github.com/opencart/opencart/pull/1886", "updated_at": "2014-09-30T06:59:12Z", "user": {"following_url": "https://api.github.com/users/devtsit/following{/other_user}", "events_url": "https://api.github.com/users/devtsit/events{/privacy}", "organizations_url": "https://api.github.com/users/devtsit/orgs", "url": "https://api.github.com/users/devtsit", "gists_url": "https://api.github.com/users/devtsit/gists{/gist_id}", "html_url": "https://github.com/devtsit", "subscriptions_url": "https://api.github.com/users/devtsit/subscriptions", "avatar_url": "https://avatars.githubusercontent.com/u/2195073?v=3", "repos_url": "https://api.github.com/users/devtsit/repos", "received_events_url": "https://api.github.com/users/devtsit/received_events", "gravatar_id": "", "starred_url": "https://api.github.com/users/devtsit/starred{/owner}{/repo}", "site_admin": false, "login": "devtsit", "type": "User", "id": 2195073, "followers_url": "https://api.github.com/users/devtsit/followers"}, "milestone": null, "locked": false, "url": "https://api.github.com/repos/opencart/opencart/issues/1886", "created_at": "2014-09-30T04:56:00Z", "assignees": []}, "id": 171915274}, {"commit_id": "c8ae35cdacafef44cd64e9463de166632050b759", "commit_url": "https://api.github.com/repos/opencart/opencart/commits/c8ae35cdacafef44cd64e9463de166632050b759", "url": "https://api.github.com/repos/opencart/opencart/issues/events/171915273", "created_at": "2014-09-30T06:59:06Z", "actor": {"following_url": "https://api.github.com/users/jamesallsup/following{/other_user}", "events_url": "https://api.github.com/users/jamesallsup/events{/privacy}", "organizations_url": "https://api.github.com/users/jamesallsup/orgs", "url": "https://api.github.com/users/jamesallsup", "gists_url": "https://api.github.com/users/jamesallsup/gists{/gist_id}", "html_url": "https://github.com/jamesallsup", "subscriptions_url": "https://api.github.com/users/jamesallsup/subscriptions", "avatar_url": "https://avatars.githubusercontent.com/u/2026129?v=3", "repos_url": "https://api.github.com/users/jamesallsup/repos", "received_events_url": "https://api.github.com/users/jamesallsup/received_events", "gravatar_id": "", "starred_url": "https://api.github.com/users/jamesallsup/starred{/owner}{/repo}", "site_admin": false, "login": "jamesallsup", "type": "User", "id": 2026129, "followers_url": "https://api.github.com/users/jamesallsup/followers"}, "event": "referenced", "issue": {"labels": [], "number": 1886, "assignee": null, "repository_url": "https://api.github.com/repos/opencart/opencart", "closed_at": "2014-09-30T06:59:06Z", "id": 44393176, "title": "Marketing Tracking doesn't count orders", "pull_request": {"url": "https://api.github.com/repos/opencart/opencart/pulls/1886", "diff_url": "https://github.com/opencart/opencart/pull/1886.diff", "html_url": "https://github.com/opencart/opencart/pull/1886", "patch_url": "https://github.com/opencart/opencart/pull/1886.patch"}, "comments": 1, "state": "closed", "body": "", "labels_url": "https://api.github.com/repos/opencart/opencart/issues/1886/labels{/name}", "events_url": "https://api.github.com/repos/opencart/opencart/issues/1886/events", "comments_url": "https://api.github.com/repos/opencart/opencart/issues/1886/comments", "html_url": "https://github.com/opencart/opencart/pull/1886", "updated_at": "2014-09-30T06:59:12Z", "user": {"following_url": "https://api.github.com/users/devtsit/following{/other_user}", "events_url": "https://api.github.com/users/devtsit/events{/privacy}", "organizations_url": "https://api.github.com/users/devtsit/orgs", "url": "https://api.github.com/users/devtsit", "gists_url": "https://api.github.com/users/devtsit/gists{/gist_id}", "html_url": "https://github.com/devtsit", "subscriptions_url": "https://api.github.com/users/devtsit/subscriptions", "avatar_url": "https://avatars.githubusercontent.com/u/2195073?v=3", "repos_url": "https://api.github.com/users/devtsit/repos", "received_events_url": "https://api.github.com/users/devtsit/received_events", "gravatar_id": "", "starred_url": "https://api.github.com/users/devtsit/starred{/owner}{/repo}", "site_admin": false, "login": "devtsit", "type": "User", "id": 2195073, "followers_url": "https://api.github.com/users/devtsit/followers"}, "milestone": null, "locked": false, "url": "https://api.github.com/repos/opencart/opencart/issues/1886", "created_at": "2014-09-30T04:56:00Z", "assignees": []}, "id": 171915273}, {"commit_id": null, "commit_url": null, "url": "https://api.github.com/repos/opencart/opencart/issues/events/171903267", "created_at": "2014-09-30T06:15:31Z", "actor": {"following_url": "https://api.github.com/users/danielkerr/following{/other_user}", "events_url": "https://api.github.com/users/danielkerr/events{/privacy}", "organizations_url": "https://api.github.com/users/danielkerr/orgs", "url": "https://api.github.com/users/danielkerr", "gists_url": "https://api.github.com/users/danielkerr/gists{/gist_id}", "html_url": "https://github.com/danielkerr", "subscriptions_url": "https://api.github.com/users/danielkerr/subscriptions", "avatar_url": "https://avatars.githubusercontent.com/u/5079756?v=3", "repos_url": "https://api.github.com/users/danielkerr/repos", "received_events_url": "https://api.github.com/users/danielkerr/received_events", "gravatar_id": "", "starred_url": "https://api.github.com/users/danielkerr/starred{/owner}{/repo}", "site_admin": false, "login": "danielkerr", "type": "User", "id": 5079756, "followers_url": "https://api.github.com/users/danielkerr/followers"}, "event": "closed", "issue": {"body": "Currently DIR_DOWNLOAD acts as an omnibus location for files uploaded through OpenCart.  That means you end up with critical items like a store's digital downloads mixed with items temporary extension installation files and potentially unsafe customer uploads.  It also means it's difficult to do maintenance tasks like purging.\n\nI'd like to recommend adding a corresponding DIR_UPLOAD directory to act as dedicated location for temporary/untrusty files.  Keeping them separated makes management much easier.  It would also be a good idea to move the directory location.  I can see why DIR_DOWNLOAD was relocated to `system/download` with the extension installer but it's not really a logical location for it since it's not part of the framework/application library.\n", "labels": [], "locked": false, "title": "Add a dedicated upload directory", "url": "https://api.github.com/repos/opencart/opencart/issues/1869", "labels_url": "https://api.github.com/repos/opencart/opencart/issues/1869/labels{/name}", "created_at": "2014-09-26T17:03:00Z", "events_url": "https://api.github.com/repos/opencart/opencart/issues/1869/events", "comments_url": "https://api.github.com/repos/opencart/opencart/issues/1869/comments", "html_url": "https://github.com/opencart/opencart/issues/1869", "comments": 1, "number": 1869, "updated_at": "2014-09-30T06:15:31Z", "assignee": null, "state": "closed", "user": {"following_url": "https://api.github.com/users/opencarthelp/following{/other_user}", "events_url": "https://api.github.com/users/opencarthelp/events{/privacy}", "organizations_url": "https://api.github.com/users/opencarthelp/orgs", "url": "https://api.github.com/users/opencarthelp", "gists_url": "https://api.github.com/users/opencarthelp/gists{/gist_id}", "html_url": "https://github.com/opencarthelp", "subscriptions_url": "https://api.github.com/users/opencarthelp/subscriptions", "avatar_url": "https://avatars.githubusercontent.com/u/2072585?v=3", "repos_url": "https://api.github.com/users/opencarthelp/repos", "received_events_url": "https://api.github.com/users/opencarthelp/received_events", "gravatar_id": "", "starred_url": "https://api.github.com/users/opencarthelp/starred{/owner}{/repo}", "site_admin": false, "login": "opencarthelp", "type": "User", "id": 2072585, "followers_url": "https://api.github.com/users/opencarthelp/followers"}, "milestone": null, "repository_url": "https://api.github.com/repos/opencart/opencart", "closed_at": "2014-09-30T06:15:31Z", "assignees": [], "id": 44083942}, "id": 171903267}, {"commit_id": "b446c02b75d2974e840cae30890b72772fd7f81c", "commit_url": "https://api.github.com/repos/opencart/opencart/commits/b446c02b75d2974e840cae30890b72772fd7f81c", "url": "https://api.github.com/repos/opencart/opencart/issues/events/171903239", "created_at": "2014-09-30T06:15:23Z", "actor": {"following_url": "https://api.github.com/users/danielkerr/following{/other_user}", "events_url": "https://api.github.com/users/danielkerr/events{/privacy}", "organizations_url": "https://api.github.com/users/danielkerr/orgs", "url": "https://api.github.com/users/danielkerr", "gists_url": "https://api.github.com/users/danielkerr/gists{/gist_id}", "html_url": "https://github.com/danielkerr", "subscriptions_url": "https://api.github.com/users/danielkerr/subscriptions", "avatar_url": "https://avatars.githubusercontent.com/u/5079756?v=3", "repos_url": "https://api.github.com/users/danielkerr/repos", "received_events_url": "https://api.github.com/users/danielkerr/received_events", "gravatar_id": "", "starred_url": "https://api.github.com/users/danielkerr/starred{/owner}{/repo}", "site_admin": false, "login": "danielkerr", "type": "User", "id": 5079756, "followers_url": "https://api.github.com/users/danielkerr/followers"}, "event": "referenced", "issue": {"body": "Currently DIR_DOWNLOAD acts as an omnibus location for files uploaded through OpenCart.  That means you end up with critical items like a store's digital downloads mixed with items temporary extension installation files and potentially unsafe customer uploads.  It also means it's difficult to do maintenance tasks like purging.\n\nI'd like to recommend adding a corresponding DIR_UPLOAD directory to act as dedicated location for temporary/untrusty files.  Keeping them separated makes management much easier.  It would also be a good idea to move the directory location.  I can see why DIR_DOWNLOAD was relocated to `system/download` with the extension installer but it's not really a logical location for it since it's not part of the framework/application library.\n", "labels": [], "locked": false, "title": "Add a dedicated upload directory", "url": "https://api.github.com/repos/opencart/opencart/issues/1869", "labels_url": "https://api.github.com/repos/opencart/opencart/issues/1869/labels{/name}", "created_at": "2014-09-26T17:03:00Z", "events_url": "https://api.github.com/repos/opencart/opencart/issues/1869/events", "comments_url": "https://api.github.com/repos/opencart/opencart/issues/1869/comments", "html_url": "https://github.com/opencart/opencart/issues/1869", "comments": 1, "number": 1869, "updated_at": "2014-09-30T06:15:31Z", "assignee": null, "state": "closed", "user": {"following_url": "https://api.github.com/users/opencarthelp/following{/other_user}", "events_url": "https://api.github.com/users/opencarthelp/events{/privacy}", "organizations_url": "https://api.github.com/users/opencarthelp/orgs", "url": "https://api.github.com/users/opencarthelp", "gists_url": "https://api.github.com/users/opencarthelp/gists{/gist_id}", "html_url": "https://github.com/opencarthelp", "subscriptions_url": "https://api.github.com/users/opencarthelp/subscriptions", "avatar_url": "https://avatars.githubusercontent.com/u/2072585?v=3", "repos_url": "https://api.github.com/users/opencarthelp/repos", "received_events_url": "https://api.github.com/users/opencarthelp/received_events", "gravatar_id": "", "starred_url": "https://api.github.com/users/opencarthelp/starred{/owner}{/repo}", "site_admin": false, "login": "opencarthelp", "type": "User", "id": 2072585, "followers_url": "https://api.github.com/users/opencarthelp/followers"}, "milestone": null, "repository_url": "https://api.github.com/repos/opencart/opencart", "closed_at": "2014-09-30T06:15:31Z", "assignees": [], "id": 44083942}, "id": 171903239}, {"commit_id": null, "commit_url": null, "url": "https://api.github.com/repos/opencart/opencart/issues/events/171703602", "created_at": "2014-09-29T19:56:36Z", "actor": {"following_url": "https://api.github.com/users/jamesallsup/following{/other_user}", "events_url": "https://api.github.com/users/jamesallsup/events{/privacy}", "organizations_url": "https://api.github.com/users/jamesallsup/orgs", "url": "https://api.github.com/users/jamesallsup", "gists_url": "https://api.github.com/users/jamesallsup/gists{/gist_id}", "html_url": "https://github.com/jamesallsup", "subscriptions_url": "https://api.github.com/users/jamesallsup/subscriptions", "avatar_url": "https://avatars.githubusercontent.com/u/2026129?v=3", "repos_url": "https://api.github.com/users/jamesallsup/repos", "received_events_url": "https://api.github.com/users/jamesallsup/received_events", "gravatar_id": "", "starred_url": "https://api.github.com/users/jamesallsup/starred{/owner}{/repo}", "site_admin": false, "login": "jamesallsup", "type": "User", "id": 2026129, "followers_url": "https://api.github.com/users/jamesallsup/followers"}, "event": "closed", "issue": {"body": "i dont see in admin area about the order statutaions message. when customer make order , or order complated or cancelled , customer will receive email but where this emaill messages editted in admin area ?\n", "labels": [], "locked": false, "title": "how to edit customer email messages in admin ?", "url": "https://api.github.com/repos/opencart/opencart/issues/1885", "labels_url": "https://api.github.com/repos/opencart/opencart/issues/1885/labels{/name}", "created_at": "2014-09-29T19:40:09Z", "events_url": "https://api.github.com/repos/opencart/opencart/issues/1885/events", "comments_url": "https://api.github.com/repos/opencart/opencart/issues/1885/comments", "html_url": "https://github.com/opencart/opencart/issues/1885", "comments": 2, "number": 1885, "updated_at": "2014-09-29T19:56:45Z", "assignee": null, "state": "closed", "user": {"following_url": "https://api.github.com/users/ghost/following{/other_user}", "events_url": "https://api.github.com/users/ghost/events{/privacy}", "organizations_url": "https://api.github.com/users/ghost/orgs", "url": "https://api.github.com/users/ghost", "gists_url": "https://api.github.com/users/ghost/gists{/gist_id}", "html_url": "https://github.com/ghost", "subscriptions_url": "https://api.github.com/users/ghost/subscriptions", "avatar_url": "https://avatars.githubusercontent.com/u/10137?v=3", "repos_url": "https://api.github.com/users/ghost/repos", "received_events_url": "https://api.github.com/users/ghost/received_events", "gravatar_id": "", "starred_url": "https://api.github.com/users/ghost/starred{/owner}{/repo}", "site_admin": false, "login": "ghost", "type": "User", "id": 10137, "followers_url": "https://api.github.com/users/ghost/followers"}, "milestone": null, "repository_url": "https://api.github.com/repos/opencart/opencart", "closed_at": "2014-09-29T19:56:36Z", "assignees": [], "id": 44345506}, "id": 171703602}]