[{"commit_id": "7719c930414dd98d2ea9a2773b145b43e65f4999", "commit_url": "https://api.github.com/repos/opencart/opencart/commits/7719c930414dd98d2ea9a2773b145b43e65f4999", "url": "https://api.github.com/repos/opencart/opencart/issues/events/692666469", "created_at": "2016-06-15T01:54:01Z", "actor": {"following_url": "https://api.github.com/users/opencarteli/following{/other_user}", "events_url": "https://api.github.com/users/opencarteli/events{/privacy}", "organizations_url": "https://api.github.com/users/opencarteli/orgs", "url": "https://api.github.com/users/opencarteli", "gists_url": "https://api.github.com/users/opencarteli/gists{/gist_id}", "html_url": "https://github.com/opencarteli", "subscriptions_url": "https://api.github.com/users/opencarteli/subscriptions", "avatar_url": "https://avatars.githubusercontent.com/u/19422310?v=3", "repos_url": "https://api.github.com/users/opencarteli/repos", "received_events_url": "https://api.github.com/users/opencarteli/received_events", "gravatar_id": "", "starred_url": "https://api.github.com/users/opencarteli/starred{/owner}{/repo}", "site_admin": false, "login": "opencarteli", "type": "User", "id": 19422310, "followers_url": "https://api.github.com/users/opencarteli/followers"}, "event": "merged", "issue": {"labels": [], "number": 4497, "assignee": null, "repository_url": "https://api.github.com/repos/opencart/opencart", "closed_at": "2016-06-15T01:54:01Z", "id": 160137799, "title": " Search in categories not only by starting text", "pull_request": {"url": "https://api.github.com/repos/opencart/opencart/pulls/4497", "diff_url": "https://github.com/opencart/opencart/pull/4497.diff", "html_url": "https://github.com/opencart/opencart/pull/4497", "patch_url": "https://github.com/opencart/opencart/pull/4497.patch"}, "comments": 0, "state": "closed", "body": "To select category we must type beginning of category. Often names of categories starts same. Then find right category is hard. Now we can type text from any place in category name.\n", "labels_url": "https://api.github.com/repos/opencart/opencart/issues/4497/labels{/name}", "events_url": "https://api.github.com/repos/opencart/opencart/issues/4497/events", "comments_url": "https://api.github.com/repos/opencart/opencart/issues/4497/comments", "html_url": "https://github.com/opencart/opencart/pull/4497", "updated_at": "2016-06-15T01:54:01Z", "user": {"following_url": "https://api.github.com/users/baycik/following{/other_user}", "events_url": "https://api.github.com/users/baycik/events{/privacy}", "organizations_url": "https://api.github.com/users/baycik/orgs", "url": "https://api.github.com/users/baycik", "gists_url": "https://api.github.com/users/baycik/gists{/gist_id}", "html_url": "https://github.com/baycik", "subscriptions_url": "https://api.github.com/users/baycik/subscriptions", "avatar_url": "https://avatars.githubusercontent.com/u/2255722?v=3", "repos_url": "https://api.github.com/users/baycik/repos", "received_events_url": "https://api.github.com/users/baycik/received_events", "gravatar_id": "", "starred_url": "https://api.github.com/users/baycik/starred{/owner}{/repo}", "site_admin": false, "login": "baycik", "type": "User", "id": 2255722, "followers_url": "https://api.github.com/users/baycik/followers"}, "milestone": null, "locked": false, "url": "https://api.github.com/repos/opencart/opencart/issues/4497", "created_at": "2016-06-14T09:37:15Z", "assignees": []}, "id": 692666469}, {"commit_id": "7719c930414dd98d2ea9a2773b145b43e65f4999", "commit_url": "https://api.github.com/repos/opencart/opencart/commits/7719c930414dd98d2ea9a2773b145b43e65f4999", "url": "https://api.github.com/repos/opencart/opencart/issues/events/692666465", "created_at": "2016-06-15T01:54:01Z", "actor": {"following_url": "https://api.github.com/users/opencarteli/following{/other_user}", "events_url": "https://api.github.com/users/opencarteli/events{/privacy}", "organizations_url": "https://api.github.com/users/opencarteli/orgs", "url": "https://api.github.com/users/opencarteli", "gists_url": "https://api.github.com/users/opencarteli/gists{/gist_id}", "html_url": "https://github.com/opencarteli", "subscriptions_url": "https://api.github.com/users/opencarteli/subscriptions", "avatar_url": "https://avatars.githubusercontent.com/u/19422310?v=3", "repos_url": "https://api.github.com/users/opencarteli/repos", "received_events_url": "https://api.github.com/users/opencarteli/received_events", "gravatar_id": "", "starred_url": "https://api.github.com/users/opencarteli/starred{/owner}{/repo}", "site_admin": false, "login": "opencarteli", "type": "User", "id": 19422310, "followers_url": "https://api.github.com/users/opencarteli/followers"}, "event": "referenced", "issue": {"labels": [], "number": 4497, "assignee": null, "repository_url": "https://api.github.com/repos/opencart/opencart", "closed_at": "2016-06-15T01:54:01Z", "id": 160137799, "title": " Search in categories not only by starting text", "pull_request": {"url": "https://api.github.com/repos/opencart/opencart/pulls/4497", "diff_url": "https://github.com/opencart/opencart/pull/4497.diff", "html_url": "https://github.com/opencart/opencart/pull/4497", "patch_url": "https://github.com/opencart/opencart/pull/4497.patch"}, "comments": 0, "state": "closed", "body": "To select category we must type beginning of category. Often names of categories starts same. Then find right category is hard. Now we can type text from any place in category name.\n", "labels_url": "https://api.github.com/repos/opencart/opencart/issues/4497/labels{/name}", "events_url": "https://api.github.com/repos/opencart/opencart/issues/4497/events", "comments_url": "https://api.github.com/repos/opencart/opencart/issues/4497/comments", "html_url": "https://github.com/opencart/opencart/pull/4497", "updated_at": "2016-06-15T01:54:01Z", "user": {"following_url": "https://api.github.com/users/baycik/following{/other_user}", "events_url": "https://api.github.com/users/baycik/events{/privacy}", "organizations_url": "https://api.github.com/users/baycik/orgs", "url": "https://api.github.com/users/baycik", "gists_url": "https://api.github.com/users/baycik/gists{/gist_id}", "html_url": "https://github.com/baycik", "subscriptions_url": "https://api.github.com/users/baycik/subscriptions", "avatar_url": "https://avatars.githubusercontent.com/u/2255722?v=3", "repos_url": "https://api.github.com/users/baycik/repos", "received_events_url": "https://api.github.com/users/baycik/received_events", "gravatar_id": "", "starred_url": "https://api.github.com/users/baycik/starred{/owner}{/repo}", "site_admin": false, "login": "baycik", "type": "User", "id": 2255722, "followers_url": "https://api.github.com/users/baycik/followers"}, "milestone": null, "locked": false, "url": "https://api.github.com/repos/opencart/opencart/issues/4497", "created_at": "2016-06-14T09:37:15Z", "assignees": []}, "id": 692666465}, {"commit_id": null, "commit_url": null, "url": "https://api.github.com/repos/opencart/opencart/issues/events/691664063", "created_at": "2016-06-14T11:06:22Z", "actor": {"following_url": "https://api.github.com/users/danielkerr/following{/other_user}", "events_url": "https://api.github.com/users/danielkerr/events{/privacy}", "organizations_url": "https://api.github.com/users/danielkerr/orgs", "url": "https://api.github.com/users/danielkerr", "gists_url": "https://api.github.com/users/danielkerr/gists{/gist_id}", "html_url": "https://github.com/danielkerr", "subscriptions_url": "https://api.github.com/users/danielkerr/subscriptions", "avatar_url": "https://avatars.githubusercontent.com/u/5079756?v=3", "repos_url": "https://api.github.com/users/danielkerr/repos", "received_events_url": "https://api.github.com/users/danielkerr/received_events", "gravatar_id": "", "starred_url": "https://api.github.com/users/danielkerr/starred{/owner}{/repo}", "site_admin": false, "login": "danielkerr", "type": "User", "id": 5079756, "followers_url": "https://api.github.com/users/danielkerr/followers"}, "event": "subscribed", "issue": {"body": "Parse error: syntax error, unexpected 'ControllerCustomerCustomer' (T_STRING) in /home/xxx/public_html/admin/controller/customer/customer.php on line 1\n\nThe code is\n<?php\n\nclass ControllerCustomerCustomer extends Controller \n    { private $error = array(); public function index() \n    { $this->load->language('customer/customer'); \n    $this->document->setTitle($this->language->get('heading_title'));\n    $this->load->model('customer/customer'); $this->getList(); } public function add() \n    { $this->load->language('customer/customer'); $this->document->setTitle($this->language->get('heading_title')); \n    $this->load->model('customer/customer');\n", "labels": [], "locked": false, "title": "Parse Error on Line 1", "url": "https://api.github.com/repos/opencart/opencart/issues/4468", "labels_url": "https://api.github.com/repos/opencart/opencart/issues/4468/labels{/name}", "created_at": "2016-06-10T07:08:09Z", "events_url": "https://api.github.com/repos/opencart/opencart/issues/4468/events", "comments_url": "https://api.github.com/repos/opencart/opencart/issues/4468/comments", "html_url": "https://github.com/opencart/opencart/issues/4468", "comments": 2, "number": 4468, "updated_at": "2016-06-14T11:06:22Z", "assignee": null, "state": "closed", "user": {"following_url": "https://api.github.com/users/cpltown/following{/other_user}", "events_url": "https://api.github.com/users/cpltown/events{/privacy}", "organizations_url": "https://api.github.com/users/cpltown/orgs", "url": "https://api.github.com/users/cpltown", "gists_url": "https://api.github.com/users/cpltown/gists{/gist_id}", "html_url": "https://github.com/cpltown", "subscriptions_url": "https://api.github.com/users/cpltown/subscriptions", "avatar_url": "https://avatars.githubusercontent.com/u/19731039?v=3", "repos_url": "https://api.github.com/users/cpltown/repos", "received_events_url": "https://api.github.com/users/cpltown/received_events", "gravatar_id": "", "starred_url": "https://api.github.com/users/cpltown/starred{/owner}{/repo}", "site_admin": false, "login": "cpltown", "type": "User", "id": 19731039, "followers_url": "https://api.github.com/users/cpltown/followers"}, "milestone": null, "repository_url": "https://api.github.com/repos/opencart/opencart", "closed_at": "2016-06-13T10:30:39Z", "assignees": [], "id": 159572860}, "id": 691664063}, {"commit_id": null, "commit_url": null, "url": "https://api.github.com/repos/opencart/opencart/issues/events/691664062", "created_at": "2016-06-14T11:06:21Z", "actor": {"following_url": "https://api.github.com/users/danielkerr/following{/other_user}", "events_url": "https://api.github.com/users/danielkerr/events{/privacy}", "organizations_url": "https://api.github.com/users/danielkerr/orgs", "url": "https://api.github.com/users/danielkerr", "gists_url": "https://api.github.com/users/danielkerr/gists{/gist_id}", "html_url": "https://github.com/danielkerr", "subscriptions_url": "https://api.github.com/users/danielkerr/subscriptions", "avatar_url": "https://avatars.githubusercontent.com/u/5079756?v=3", "repos_url": "https://api.github.com/users/danielkerr/repos", "received_events_url": "https://api.github.com/users/danielkerr/received_events", "gravatar_id": "", "starred_url": "https://api.github.com/users/danielkerr/starred{/owner}{/repo}", "site_admin": false, "login": "danielkerr", "type": "User", "id": 5079756, "followers_url": "https://api.github.com/users/danielkerr/followers"}, "event": "mentioned", "issue": {"body": "Parse error: syntax error, unexpected 'ControllerCustomerCustomer' (T_STRING) in /home/xxx/public_html/admin/controller/customer/customer.php on line 1\n\nThe code is\n<?php\n\nclass ControllerCustomerCustomer extends Controller \n    { private $error = array(); public function index() \n    { $this->load->language('customer/customer'); \n    $this->document->setTitle($this->language->get('heading_title'));\n    $this->load->model('customer/customer'); $this->getList(); } public function add() \n    { $this->load->language('customer/customer'); $this->document->setTitle($this->language->get('heading_title')); \n    $this->load->model('customer/customer');\n", "labels": [], "locked": false, "title": "Parse Error on Line 1", "url": "https://api.github.com/repos/opencart/opencart/issues/4468", "labels_url": "https://api.github.com/repos/opencart/opencart/issues/4468/labels{/name}", "created_at": "2016-06-10T07:08:09Z", "events_url": "https://api.github.com/repos/opencart/opencart/issues/4468/events", "comments_url": "https://api.github.com/repos/opencart/opencart/issues/4468/comments", "html_url": "https://github.com/opencart/opencart/issues/4468", "comments": 2, "number": 4468, "updated_at": "2016-06-14T11:06:22Z", "assignee": null, "state": "closed", "user": {"following_url": "https://api.github.com/users/cpltown/following{/other_user}", "events_url": "https://api.github.com/users/cpltown/events{/privacy}", "organizations_url": "https://api.github.com/users/cpltown/orgs", "url": "https://api.github.com/users/cpltown", "gists_url": "https://api.github.com/users/cpltown/gists{/gist_id}", "html_url": "https://github.com/cpltown", "subscriptions_url": "https://api.github.com/users/cpltown/subscriptions", "avatar_url": "https://avatars.githubusercontent.com/u/19731039?v=3", "repos_url": "https://api.github.com/users/cpltown/repos", "received_events_url": "https://api.github.com/users/cpltown/received_events", "gravatar_id": "", "starred_url": "https://api.github.com/users/cpltown/starred{/owner}{/repo}", "site_admin": false, "login": "cpltown", "type": "User", "id": 19731039, "followers_url": "https://api.github.com/users/cpltown/followers"}, "milestone": null, "repository_url": "https://api.github.com/repos/opencart/opencart", "closed_at": "2016-06-13T10:30:39Z", "assignees": [], "id": 159572860}, "id": 691664062}, {"commit_id": null, "commit_url": null, "url": "https://api.github.com/repos/opencart/opencart/issues/events/691646734", "created_at": "2016-06-14T10:48:11Z", "actor": {"following_url": "https://api.github.com/users/jamesallsup/following{/other_user}", "events_url": "https://api.github.com/users/jamesallsup/events{/privacy}", "organizations_url": "https://api.github.com/users/jamesallsup/orgs", "url": "https://api.github.com/users/jamesallsup", "gists_url": "https://api.github.com/users/jamesallsup/gists{/gist_id}", "html_url": "https://github.com/jamesallsup", "subscriptions_url": "https://api.github.com/users/jamesallsup/subscriptions", "avatar_url": "https://avatars.githubusercontent.com/u/2026129?v=3", "repos_url": "https://api.github.com/users/jamesallsup/repos", "received_events_url": "https://api.github.com/users/jamesallsup/received_events", "gravatar_id": "", "starred_url": "https://api.github.com/users/jamesallsup/starred{/owner}{/repo}", "site_admin": false, "login": "jamesallsup", "type": "User", "id": 2026129, "followers_url": "https://api.github.com/users/jamesallsup/followers"}, "event": "unlabeled", "label": {"color": "ededed", "name": "in progress"}, "issue": {"labels": [], "number": 4499, "assignee": null, "repository_url": "https://api.github.com/repos/opencart/opencart", "closed_at": "2016-06-14T10:48:08Z", "id": 160151290, "title": "add back the security checking for file manager", "pull_request": {"url": "https://api.github.com/repos/opencart/opencart/pulls/4499", "diff_url": "https://github.com/opencart/opencart/pull/4499.diff", "html_url": "https://github.com/opencart/opencart/pull/4499", "patch_url": "https://github.com/opencart/opencart/pull/4499.patch"}, "comments": 0, "state": "closed", "body": "", "labels_url": "https://api.github.com/repos/opencart/opencart/issues/4499/labels{/name}", "events_url": "https://api.github.com/repos/opencart/opencart/issues/4499/events", "comments_url": "https://api.github.com/repos/opencart/opencart/issues/4499/comments", "html_url": "https://github.com/opencart/opencart/pull/4499", "updated_at": "2016-06-14T10:48:11Z", "user": {"following_url": "https://api.github.com/users/opencarteli/following{/other_user}", "events_url": "https://api.github.com/users/opencarteli/events{/privacy}", "organizations_url": "https://api.github.com/users/opencarteli/orgs", "url": "https://api.github.com/users/opencarteli", "gists_url": "https://api.github.com/users/opencarteli/gists{/gist_id}", "html_url": "https://github.com/opencarteli", "subscriptions_url": "https://api.github.com/users/opencarteli/subscriptions", "avatar_url": "https://avatars.githubusercontent.com/u/19422310?v=3", "repos_url": "https://api.github.com/users/opencarteli/repos", "received_events_url": "https://api.github.com/users/opencarteli/received_events", "gravatar_id": "", "starred_url": "https://api.github.com/users/opencarteli/starred{/owner}{/repo}", "site_admin": false, "login": "opencarteli", "type": "User", "id": 19422310, "followers_url": "https://api.github.com/users/opencarteli/followers"}, "milestone": null, "locked": false, "url": "https://api.github.com/repos/opencart/opencart/issues/4499", "created_at": "2016-06-14T10:48:02Z", "assignees": []}, "id": 691646734}, {"commit_id": null, "commit_url": null, "url": "https://api.github.com/repos/opencart/opencart/issues/events/691646670", "created_at": "2016-06-14T10:48:08Z", "actor": {"following_url": "https://api.github.com/users/opencarteli/following{/other_user}", "events_url": "https://api.github.com/users/opencarteli/events{/privacy}", "organizations_url": "https://api.github.com/users/opencarteli/orgs", "url": "https://api.github.com/users/opencarteli", "gists_url": "https://api.github.com/users/opencarteli/gists{/gist_id}", "html_url": "https://github.com/opencarteli", "subscriptions_url": "https://api.github.com/users/opencarteli/subscriptions", "avatar_url": "https://avatars.githubusercontent.com/u/19422310?v=3", "repos_url": "https://api.github.com/users/opencarteli/repos", "received_events_url": "https://api.github.com/users/opencarteli/received_events", "gravatar_id": "", "starred_url": "https://api.github.com/users/opencarteli/starred{/owner}{/repo}", "site_admin": false, "login": "opencarteli", "type": "User", "id": 19422310, "followers_url": "https://api.github.com/users/opencarteli/followers"}, "event": "closed", "issue": {"labels": [], "number": 4499, "assignee": null, "repository_url": "https://api.github.com/repos/opencart/opencart", "closed_at": "2016-06-14T10:48:08Z", "id": 160151290, "title": "add back the security checking for file manager", "pull_request": {"url": "https://api.github.com/repos/opencart/opencart/pulls/4499", "diff_url": "https://github.com/opencart/opencart/pull/4499.diff", "html_url": "https://github.com/opencart/opencart/pull/4499", "patch_url": "https://github.com/opencart/opencart/pull/4499.patch"}, "comments": 0, "state": "closed", "body": "", "labels_url": "https://api.github.com/repos/opencart/opencart/issues/4499/labels{/name}", "events_url": "https://api.github.com/repos/opencart/opencart/issues/4499/events", "comments_url": "https://api.github.com/repos/opencart/opencart/issues/4499/comments", "html_url": "https://github.com/opencart/opencart/pull/4499", "updated_at": "2016-06-14T10:48:11Z", "user": {"following_url": "https://api.github.com/users/opencarteli/following{/other_user}", "events_url": "https://api.github.com/users/opencarteli/events{/privacy}", "organizations_url": "https://api.github.com/users/opencarteli/orgs", "url": "https://api.github.com/users/opencarteli", "gists_url": "https://api.github.com/users/opencarteli/gists{/gist_id}", "html_url": "https://github.com/opencarteli", "subscriptions_url": "https://api.github.com/users/opencarteli/subscriptions", "avatar_url": "https://avatars.githubusercontent.com/u/19422310?v=3", "repos_url": "https://api.github.com/users/opencarteli/repos", "received_events_url": "https://api.github.com/users/opencarteli/received_events", "gravatar_id": "", "starred_url": "https://api.github.com/users/opencarteli/starred{/owner}{/repo}", "site_admin": false, "login": "opencarteli", "type": "User", "id": 19422310, "followers_url": "https://api.github.com/users/opencarteli/followers"}, "milestone": null, "locked": false, "url": "https://api.github.com/repos/opencart/opencart/issues/4499", "created_at": "2016-06-14T10:48:02Z", "assignees": []}, "id": 691646670}, {"commit_id": "8fb1e6567f6bc5c7aa287e492990b67029f43d15", "commit_url": "https://api.github.com/repos/opencart/opencart/commits/8fb1e6567f6bc5c7aa287e492990b67029f43d15", "url": "https://api.github.com/repos/opencart/opencart/issues/events/691646669", "created_at": "2016-06-14T10:48:08Z", "actor": {"following_url": "https://api.github.com/users/opencarteli/following{/other_user}", "events_url": "https://api.github.com/users/opencarteli/events{/privacy}", "organizations_url": "https://api.github.com/users/opencarteli/orgs", "url": "https://api.github.com/users/opencarteli", "gists_url": "https://api.github.com/users/opencarteli/gists{/gist_id}", "html_url": "https://github.com/opencarteli", "subscriptions_url": "https://api.github.com/users/opencarteli/subscriptions", "avatar_url": "https://avatars.githubusercontent.com/u/19422310?v=3", "repos_url": "https://api.github.com/users/opencarteli/repos", "received_events_url": "https://api.github.com/users/opencarteli/received_events", "gravatar_id": "", "starred_url": "https://api.github.com/users/opencarteli/starred{/owner}{/repo}", "site_admin": false, "login": "opencarteli", "type": "User", "id": 19422310, "followers_url": "https://api.github.com/users/opencarteli/followers"}, "event": "merged", "issue": {"labels": [], "number": 4499, "assignee": null, "repository_url": "https://api.github.com/repos/opencart/opencart", "closed_at": "2016-06-14T10:48:08Z", "id": 160151290, "title": "add back the security checking for file manager", "pull_request": {"url": "https://api.github.com/repos/opencart/opencart/pulls/4499", "diff_url": "https://github.com/opencart/opencart/pull/4499.diff", "html_url": "https://github.com/opencart/opencart/pull/4499", "patch_url": "https://github.com/opencart/opencart/pull/4499.patch"}, "comments": 0, "state": "closed", "body": "", "labels_url": "https://api.github.com/repos/opencart/opencart/issues/4499/labels{/name}", "events_url": "https://api.github.com/repos/opencart/opencart/issues/4499/events", "comments_url": "https://api.github.com/repos/opencart/opencart/issues/4499/comments", "html_url": "https://github.com/opencart/opencart/pull/4499", "updated_at": "2016-06-14T10:48:11Z", "user": {"following_url": "https://api.github.com/users/opencarteli/following{/other_user}", "events_url": "https://api.github.com/users/opencarteli/events{/privacy}", "organizations_url": "https://api.github.com/users/opencarteli/orgs", "url": "https://api.github.com/users/opencarteli", "gists_url": "https://api.github.com/users/opencarteli/gists{/gist_id}", "html_url": "https://github.com/opencarteli", "subscriptions_url": "https://api.github.com/users/opencarteli/subscriptions", "avatar_url": "https://avatars.githubusercontent.com/u/19422310?v=3", "repos_url": "https://api.github.com/users/opencarteli/repos", "received_events_url": "https://api.github.com/users/opencarteli/received_events", "gravatar_id": "", "starred_url": "https://api.github.com/users/opencarteli/starred{/owner}{/repo}", "site_admin": false, "login": "opencarteli", "type": "User", "id": 19422310, "followers_url": "https://api.github.com/users/opencarteli/followers"}, "milestone": null, "locked": false, "url": "https://api.github.com/repos/opencart/opencart/issues/4499", "created_at": "2016-06-14T10:48:02Z", "assignees": []}, "id": 691646669}, {"commit_id": "8fb1e6567f6bc5c7aa287e492990b67029f43d15", "commit_url": "https://api.github.com/repos/opencart/opencart/commits/8fb1e6567f6bc5c7aa287e492990b67029f43d15", "url": "https://api.github.com/repos/opencart/opencart/issues/events/691646668", "created_at": "2016-06-14T10:48:08Z", "actor": {"following_url": "https://api.github.com/users/opencarteli/following{/other_user}", "events_url": "https://api.github.com/users/opencarteli/events{/privacy}", "organizations_url": "https://api.github.com/users/opencarteli/orgs", "url": "https://api.github.com/users/opencarteli", "gists_url": "https://api.github.com/users/opencarteli/gists{/gist_id}", "html_url": "https://github.com/opencarteli", "subscriptions_url": "https://api.github.com/users/opencarteli/subscriptions", "avatar_url": "https://avatars.githubusercontent.com/u/19422310?v=3", "repos_url": "https://api.github.com/users/opencarteli/repos", "received_events_url": "https://api.github.com/users/opencarteli/received_events", "gravatar_id": "", "starred_url": "https://api.github.com/users/opencarteli/starred{/owner}{/repo}", "site_admin": false, "login": "opencarteli", "type": "User", "id": 19422310, "followers_url": "https://api.github.com/users/opencarteli/followers"}, "event": "referenced", "issue": {"labels": [], "number": 4499, "assignee": null, "repository_url": "https://api.github.com/repos/opencart/opencart", "closed_at": "2016-06-14T10:48:08Z", "id": 160151290, "title": "add back the security checking for file manager", "pull_request": {"url": "https://api.github.com/repos/opencart/opencart/pulls/4499", "diff_url": "https://github.com/opencart/opencart/pull/4499.diff", "html_url": "https://github.com/opencart/opencart/pull/4499", "patch_url": "https://github.com/opencart/opencart/pull/4499.patch"}, "comments": 0, "state": "closed", "body": "", "labels_url": "https://api.github.com/repos/opencart/opencart/issues/4499/labels{/name}", "events_url": "https://api.github.com/repos/opencart/opencart/issues/4499/events", "comments_url": "https://api.github.com/repos/opencart/opencart/issues/4499/comments", "html_url": "https://github.com/opencart/opencart/pull/4499", "updated_at": "2016-06-14T10:48:11Z", "user": {"following_url": "https://api.github.com/users/opencarteli/following{/other_user}", "events_url": "https://api.github.com/users/opencarteli/events{/privacy}", "organizations_url": "https://api.github.com/users/opencarteli/orgs", "url": "https://api.github.com/users/opencarteli", "gists_url": "https://api.github.com/users/opencarteli/gists{/gist_id}", "html_url": "https://github.com/opencarteli", "subscriptions_url": "https://api.github.com/users/opencarteli/subscriptions", "avatar_url": "https://avatars.githubusercontent.com/u/19422310?v=3", "repos_url": "https://api.github.com/users/opencarteli/repos", "received_events_url": "https://api.github.com/users/opencarteli/received_events", "gravatar_id": "", "starred_url": "https://api.github.com/users/opencarteli/starred{/owner}{/repo}", "site_admin": false, "login": "opencarteli", "type": "User", "id": 19422310, "followers_url": "https://api.github.com/users/opencarteli/followers"}, "milestone": null, "locked": false, "url": "https://api.github.com/repos/opencart/opencart/issues/4499", "created_at": "2016-06-14T10:48:02Z", "assignees": []}, "id": 691646668}, {"commit_id": null, "commit_url": null, "url": "https://api.github.com/repos/opencart/opencart/issues/events/691646647", "created_at": "2016-06-14T10:48:06Z", "actor": {"following_url": "https://api.github.com/users/jamesallsup/following{/other_user}", "events_url": "https://api.github.com/users/jamesallsup/events{/privacy}", "organizations_url": "https://api.github.com/users/jamesallsup/orgs", "url": "https://api.github.com/users/jamesallsup", "gists_url": "https://api.github.com/users/jamesallsup/gists{/gist_id}", "html_url": "https://github.com/jamesallsup", "subscriptions_url": "https://api.github.com/users/jamesallsup/subscriptions", "avatar_url": "https://avatars.githubusercontent.com/u/2026129?v=3", "repos_url": "https://api.github.com/users/jamesallsup/repos", "received_events_url": "https://api.github.com/users/jamesallsup/received_events", "gravatar_id": "", "starred_url": "https://api.github.com/users/jamesallsup/starred{/owner}{/repo}", "site_admin": false, "login": "jamesallsup", "type": "User", "id": 2026129, "followers_url": "https://api.github.com/users/jamesallsup/followers"}, "event": "labeled", "label": {"color": "ededed", "name": "in progress"}, "issue": {"labels": [], "number": 4499, "assignee": null, "repository_url": "https://api.github.com/repos/opencart/opencart", "closed_at": "2016-06-14T10:48:08Z", "id": 160151290, "title": "add back the security checking for file manager", "pull_request": {"url": "https://api.github.com/repos/opencart/opencart/pulls/4499", "diff_url": "https://github.com/opencart/opencart/pull/4499.diff", "html_url": "https://github.com/opencart/opencart/pull/4499", "patch_url": "https://github.com/opencart/opencart/pull/4499.patch"}, "comments": 0, "state": "closed", "body": "", "labels_url": "https://api.github.com/repos/opencart/opencart/issues/4499/labels{/name}", "events_url": "https://api.github.com/repos/opencart/opencart/issues/4499/events", "comments_url": "https://api.github.com/repos/opencart/opencart/issues/4499/comments", "html_url": "https://github.com/opencart/opencart/pull/4499", "updated_at": "2016-06-14T10:48:11Z", "user": {"following_url": "https://api.github.com/users/opencarteli/following{/other_user}", "events_url": "https://api.github.com/users/opencarteli/events{/privacy}", "organizations_url": "https://api.github.com/users/opencarteli/orgs", "url": "https://api.github.com/users/opencarteli", "gists_url": "https://api.github.com/users/opencarteli/gists{/gist_id}", "html_url": "https://github.com/opencarteli", "subscriptions_url": "https://api.github.com/users/opencarteli/subscriptions", "avatar_url": "https://avatars.githubusercontent.com/u/19422310?v=3", "repos_url": "https://api.github.com/users/opencarteli/repos", "received_events_url": "https://api.github.com/users/opencarteli/received_events", "gravatar_id": "", "starred_url": "https://api.github.com/users/opencarteli/starred{/owner}{/repo}", "site_admin": false, "login": "opencarteli", "type": "User", "id": 19422310, "followers_url": "https://api.github.com/users/opencarteli/followers"}, "milestone": null, "locked": false, "url": "https://api.github.com/repos/opencart/opencart/issues/4499", "created_at": "2016-06-14T10:48:02Z", "assignees": []}, "id": 691646647}, {"commit_id": null, "commit_url": null, "url": "https://api.github.com/repos/opencart/opencart/issues/events/691526241", "created_at": "2016-06-14T08:58:45Z", "actor": {"following_url": "https://api.github.com/users/opencarteli/following{/other_user}", "events_url": "https://api.github.com/users/opencarteli/events{/privacy}", "organizations_url": "https://api.github.com/users/opencarteli/orgs", "url": "https://api.github.com/users/opencarteli", "gists_url": "https://api.github.com/users/opencarteli/gists{/gist_id}", "html_url": "https://github.com/opencarteli", "subscriptions_url": "https://api.github.com/users/opencarteli/subscriptions", "avatar_url": "https://avatars.githubusercontent.com/u/19422310?v=3", "repos_url": "https://api.github.com/users/opencarteli/repos", "received_events_url": "https://api.github.com/users/opencarteli/received_events", "gravatar_id": "", "starred_url": "https://api.github.com/users/opencarteli/starred{/owner}{/repo}", "site_admin": false, "login": "opencarteli", "type": "User", "id": 19422310, "followers_url": "https://api.github.com/users/opencarteli/followers"}, "event": "closed", "issue": {"body": "In file admin/controller/extension/modification.php, in method getList, the line\n\nfor OpenCart 2.2.0.0:\n\n```\n$data['sort_version'] = $this->url->link('extension/version', 'token=' . $this->session->data['token'] . '&sort=author' . $url, true);\n```\n\nor for OpenCart 2.0.0.0 to 2.1.0.x:\n\n```\n$data['sort_version'] = $this->url->link('extension/version', 'token=' . $this->session->data['token'] . '&sort=author' . $url, 'ssl');\n```\n\nshould be replaced with:\n\nfor OpenCart 2.2.0.0:\n\n```\n$data['sort_version'] = $this->url->link('extension/modification', 'token=' . $this->session->data['token'] . '&sort=version' . $url, true);\n```\n\nor for OpenCart 2.0.0.0 to 2.1.0.x:\n\n```\n$data['sort_version'] = $this->url->link('extension/modification', 'token=' . $this->session->data['token'] . '&sort=version' . $url, 'ssl');\n```\n", "labels": [], "locked": false, "title": "OC 2.0.0.0 - 2.2.0.0 Modifications List wrong sort order for version", "url": "https://api.github.com/repos/opencart/opencart/issues/4111", "labels_url": "https://api.github.com/repos/opencart/opencart/issues/4111/labels{/name}", "created_at": "2016-03-13T17:27:43Z", "events_url": "https://api.github.com/repos/opencart/opencart/issues/4111/events", "comments_url": "https://api.github.com/repos/opencart/opencart/issues/4111/comments", "html_url": "https://github.com/opencart/opencart/issues/4111", "comments": 1, "number": 4111, "updated_at": "2016-06-14T08:58:45Z", "assignee": null, "state": "closed", "user": {"following_url": "https://api.github.com/users/mhcwebdesign/following{/other_user}", "events_url": "https://api.github.com/users/mhcwebdesign/events{/privacy}", "organizations_url": "https://api.github.com/users/mhcwebdesign/orgs", "url": "https://api.github.com/users/mhcwebdesign", "gists_url": "https://api.github.com/users/mhcwebdesign/gists{/gist_id}", "html_url": "https://github.com/mhcwebdesign", "subscriptions_url": "https://api.github.com/users/mhcwebdesign/subscriptions", "avatar_url": "https://avatars.githubusercontent.com/u/2989557?v=3", "repos_url": "https://api.github.com/users/mhcwebdesign/repos", "received_events_url": "https://api.github.com/users/mhcwebdesign/received_events", "gravatar_id": "", "starred_url": "https://api.github.com/users/mhcwebdesign/starred{/owner}{/repo}", "site_admin": false, "login": "mhcwebdesign", "type": "User", "id": 2989557, "followers_url": "https://api.github.com/users/mhcwebdesign/followers"}, "milestone": null, "repository_url": "https://api.github.com/repos/opencart/opencart", "closed_at": "2016-06-14T08:58:45Z", "assignees": [], "id": 140508451}, "id": 691526241}, {"commit_id": null, "commit_url": null, "url": "https://api.github.com/repos/opencart/opencart/issues/events/691512480", "created_at": "2016-06-14T08:46:15Z", "actor": {"following_url": "https://api.github.com/users/opencarteli/following{/other_user}", "events_url": "https://api.github.com/users/opencarteli/events{/privacy}", "organizations_url": "https://api.github.com/users/opencarteli/orgs", "url": "https://api.github.com/users/opencarteli", "gists_url": "https://api.github.com/users/opencarteli/gists{/gist_id}", "html_url": "https://github.com/opencarteli", "subscriptions_url": "https://api.github.com/users/opencarteli/subscriptions", "avatar_url": "https://avatars.githubusercontent.com/u/19422310?v=3", "repos_url": "https://api.github.com/users/opencarteli/repos", "received_events_url": "https://api.github.com/users/opencarteli/received_events", "gravatar_id": "", "starred_url": "https://api.github.com/users/opencarteli/starred{/owner}{/repo}", "site_admin": false, "login": "opencarteli", "type": "User", "id": 19422310, "followers_url": "https://api.github.com/users/opencarteli/followers"}, "event": "subscribed", "issue": {"body": "I have a clean Softaculous install of OpenCart 2.1.something. I recceived a notice of upgrading to 2.2.0.0 but the final step takes me to an error. See attached image.\n\n![clipboard01](https://cloud.githubusercontent.com/assets/359192/13536749/d33d0c50-e241-11e5-829c-c9fe209cff8e.png)\n\nAfter the javascriprt alert the upgrade halts.\n", "labels": [], "locked": false, "title": "Unknown column customer_activity in 2.2.0.0 upgrade", "url": "https://api.github.com/repos/opencart/opencart/issues/4052", "labels_url": "https://api.github.com/repos/opencart/opencart/issues/4052/labels{/name}", "created_at": "2016-03-04T18:48:00Z", "events_url": "https://api.github.com/repos/opencart/opencart/issues/4052/events", "comments_url": "https://api.github.com/repos/opencart/opencart/issues/4052/comments", "html_url": "https://github.com/opencart/opencart/issues/4052", "comments": 4, "number": 4052, "updated_at": "2016-06-14T09:29:44Z", "assignee": null, "state": "closed", "user": {"following_url": "https://api.github.com/users/timint/following{/other_user}", "events_url": "https://api.github.com/users/timint/events{/privacy}", "organizations_url": "https://api.github.com/users/timint/orgs", "url": "https://api.github.com/users/timint", "gists_url": "https://api.github.com/users/timint/gists{/gist_id}", "html_url": "https://github.com/timint", "subscriptions_url": "https://api.github.com/users/timint/subscriptions", "avatar_url": "https://avatars.githubusercontent.com/u/359192?v=3", "repos_url": "https://api.github.com/users/timint/repos", "received_events_url": "https://api.github.com/users/timint/received_events", "gravatar_id": "", "starred_url": "https://api.github.com/users/timint/starred{/owner}{/repo}", "site_admin": false, "login": "timint", "type": "User", "id": 359192, "followers_url": "https://api.github.com/users/timint/followers"}, "milestone": null, "repository_url": "https://api.github.com/repos/opencart/opencart", "closed_at": "2016-06-14T08:32:15Z", "assignees": [], "id": 138553397}, "id": 691512480}, {"commit_id": null, "commit_url": null, "url": "https://api.github.com/repos/opencart/opencart/issues/events/691512479", "created_at": "2016-06-14T08:46:15Z", "actor": {"following_url": "https://api.github.com/users/opencarteli/following{/other_user}", "events_url": "https://api.github.com/users/opencarteli/events{/privacy}", "organizations_url": "https://api.github.com/users/opencarteli/orgs", "url": "https://api.github.com/users/opencarteli", "gists_url": "https://api.github.com/users/opencarteli/gists{/gist_id}", "html_url": "https://github.com/opencarteli", "subscriptions_url": "https://api.github.com/users/opencarteli/subscriptions", "avatar_url": "https://avatars.githubusercontent.com/u/19422310?v=3", "repos_url": "https://api.github.com/users/opencarteli/repos", "received_events_url": "https://api.github.com/users/opencarteli/received_events", "gravatar_id": "", "starred_url": "https://api.github.com/users/opencarteli/starred{/owner}{/repo}", "site_admin": false, "login": "opencarteli", "type": "User", "id": 19422310, "followers_url": "https://api.github.com/users/opencarteli/followers"}, "event": "mentioned", "issue": {"body": "I have a clean Softaculous install of OpenCart 2.1.something. I recceived a notice of upgrading to 2.2.0.0 but the final step takes me to an error. See attached image.\n\n![clipboard01](https://cloud.githubusercontent.com/assets/359192/13536749/d33d0c50-e241-11e5-829c-c9fe209cff8e.png)\n\nAfter the javascriprt alert the upgrade halts.\n", "labels": [], "locked": false, "title": "Unknown column customer_activity in 2.2.0.0 upgrade", "url": "https://api.github.com/repos/opencart/opencart/issues/4052", "labels_url": "https://api.github.com/repos/opencart/opencart/issues/4052/labels{/name}", "created_at": "2016-03-04T18:48:00Z", "events_url": "https://api.github.com/repos/opencart/opencart/issues/4052/events", "comments_url": "https://api.github.com/repos/opencart/opencart/issues/4052/comments", "html_url": "https://github.com/opencart/opencart/issues/4052", "comments": 4, "number": 4052, "updated_at": "2016-06-14T09:29:44Z", "assignee": null, "state": "closed", "user": {"following_url": "https://api.github.com/users/timint/following{/other_user}", "events_url": "https://api.github.com/users/timint/events{/privacy}", "organizations_url": "https://api.github.com/users/timint/orgs", "url": "https://api.github.com/users/timint", "gists_url": "https://api.github.com/users/timint/gists{/gist_id}", "html_url": "https://github.com/timint", "subscriptions_url": "https://api.github.com/users/timint/subscriptions", "avatar_url": "https://avatars.githubusercontent.com/u/359192?v=3", "repos_url": "https://api.github.com/users/timint/repos", "received_events_url": "https://api.github.com/users/timint/received_events", "gravatar_id": "", "starred_url": "https://api.github.com/users/timint/starred{/owner}{/repo}", "site_admin": false, "login": "timint", "type": "User", "id": 359192, "followers_url": "https://api.github.com/users/timint/followers"}, "milestone": null, "repository_url": "https://api.github.com/repos/opencart/opencart", "closed_at": "2016-06-14T08:32:15Z", "assignees": [], "id": 138553397}, "id": 691512479}, {"commit_id": null, "commit_url": null, "url": "https://api.github.com/repos/opencart/opencart/issues/events/691510467", "created_at": "2016-06-14T08:44:23Z", "actor": {"following_url": "https://api.github.com/users/opencarteli/following{/other_user}", "events_url": "https://api.github.com/users/opencarteli/events{/privacy}", "organizations_url": "https://api.github.com/users/opencarteli/orgs", "url": "https://api.github.com/users/opencarteli", "gists_url": "https://api.github.com/users/opencarteli/gists{/gist_id}", "html_url": "https://github.com/opencarteli", "subscriptions_url": "https://api.github.com/users/opencarteli/subscriptions", "avatar_url": "https://avatars.githubusercontent.com/u/19422310?v=3", "repos_url": "https://api.github.com/users/opencarteli/repos", "received_events_url": "https://api.github.com/users/opencarteli/received_events", "gravatar_id": "", "starred_url": "https://api.github.com/users/opencarteli/starred{/owner}{/repo}", "site_admin": false, "login": "opencarteli", "type": "User", "id": 19422310, "followers_url": "https://api.github.com/users/opencarteli/followers"}, "event": "subscribed", "issue": {"body": "I have a clean Softaculous install of OpenCart 2.1.something. I recceived a notice of upgrading to 2.2.0.0 but the final step takes me to an error. See attached image.\n\n![clipboard01](https://cloud.githubusercontent.com/assets/359192/13536749/d33d0c50-e241-11e5-829c-c9fe209cff8e.png)\n\nAfter the javascriprt alert the upgrade halts.\n", "labels": [], "locked": false, "title": "Unknown column customer_activity in 2.2.0.0 upgrade", "url": "https://api.github.com/repos/opencart/opencart/issues/4052", "labels_url": "https://api.github.com/repos/opencart/opencart/issues/4052/labels{/name}", "created_at": "2016-03-04T18:48:00Z", "events_url": "https://api.github.com/repos/opencart/opencart/issues/4052/events", "comments_url": "https://api.github.com/repos/opencart/opencart/issues/4052/comments", "html_url": "https://github.com/opencart/opencart/issues/4052", "comments": 4, "number": 4052, "updated_at": "2016-06-14T09:29:44Z", "assignee": null, "state": "closed", "user": {"following_url": "https://api.github.com/users/timint/following{/other_user}", "events_url": "https://api.github.com/users/timint/events{/privacy}", "organizations_url": "https://api.github.com/users/timint/orgs", "url": "https://api.github.com/users/timint", "gists_url": "https://api.github.com/users/timint/gists{/gist_id}", "html_url": "https://github.com/timint", "subscriptions_url": "https://api.github.com/users/timint/subscriptions", "avatar_url": "https://avatars.githubusercontent.com/u/359192?v=3", "repos_url": "https://api.github.com/users/timint/repos", "received_events_url": "https://api.github.com/users/timint/received_events", "gravatar_id": "", "starred_url": "https://api.github.com/users/timint/starred{/owner}{/repo}", "site_admin": false, "login": "timint", "type": "User", "id": 359192, "followers_url": "https://api.github.com/users/timint/followers"}, "milestone": null, "repository_url": "https://api.github.com/repos/opencart/opencart", "closed_at": "2016-06-14T08:32:15Z", "assignees": [], "id": 138553397}, "id": 691510467}, {"commit_id": null, "commit_url": null, "url": "https://api.github.com/repos/opencart/opencart/issues/events/691510466", "created_at": "2016-06-14T08:44:23Z", "actor": {"following_url": "https://api.github.com/users/opencarteli/following{/other_user}", "events_url": "https://api.github.com/users/opencarteli/events{/privacy}", "organizations_url": "https://api.github.com/users/opencarteli/orgs", "url": "https://api.github.com/users/opencarteli", "gists_url": "https://api.github.com/users/opencarteli/gists{/gist_id}", "html_url": "https://github.com/opencarteli", "subscriptions_url": "https://api.github.com/users/opencarteli/subscriptions", "avatar_url": "https://avatars.githubusercontent.com/u/19422310?v=3", "repos_url": "https://api.github.com/users/opencarteli/repos", "received_events_url": "https://api.github.com/users/opencarteli/received_events", "gravatar_id": "", "starred_url": "https://api.github.com/users/opencarteli/starred{/owner}{/repo}", "site_admin": false, "login": "opencarteli", "type": "User", "id": 19422310, "followers_url": "https://api.github.com/users/opencarteli/followers"}, "event": "mentioned", "issue": {"body": "I have a clean Softaculous install of OpenCart 2.1.something. I recceived a notice of upgrading to 2.2.0.0 but the final step takes me to an error. See attached image.\n\n![clipboard01](https://cloud.githubusercontent.com/assets/359192/13536749/d33d0c50-e241-11e5-829c-c9fe209cff8e.png)\n\nAfter the javascriprt alert the upgrade halts.\n", "labels": [], "locked": false, "title": "Unknown column customer_activity in 2.2.0.0 upgrade", "url": "https://api.github.com/repos/opencart/opencart/issues/4052", "labels_url": "https://api.github.com/repos/opencart/opencart/issues/4052/labels{/name}", "created_at": "2016-03-04T18:48:00Z", "events_url": "https://api.github.com/repos/opencart/opencart/issues/4052/events", "comments_url": "https://api.github.com/repos/opencart/opencart/issues/4052/comments", "html_url": "https://github.com/opencart/opencart/issues/4052", "comments": 4, "number": 4052, "updated_at": "2016-06-14T09:29:44Z", "assignee": null, "state": "closed", "user": {"following_url": "https://api.github.com/users/timint/following{/other_user}", "events_url": "https://api.github.com/users/timint/events{/privacy}", "organizations_url": "https://api.github.com/users/timint/orgs", "url": "https://api.github.com/users/timint", "gists_url": "https://api.github.com/users/timint/gists{/gist_id}", "html_url": "https://github.com/timint", "subscriptions_url": "https://api.github.com/users/timint/subscriptions", "avatar_url": "https://avatars.githubusercontent.com/u/359192?v=3", "repos_url": "https://api.github.com/users/timint/repos", "received_events_url": "https://api.github.com/users/timint/received_events", "gravatar_id": "", "starred_url": "https://api.github.com/users/timint/starred{/owner}{/repo}", "site_admin": false, "login": "timint", "type": "User", "id": 359192, "followers_url": "https://api.github.com/users/timint/followers"}, "milestone": null, "repository_url": "https://api.github.com/repos/opencart/opencart", "closed_at": "2016-06-14T08:32:15Z", "assignees": [], "id": 138553397}, "id": 691510466}, {"commit_id": null, "commit_url": null, "url": "https://api.github.com/repos/opencart/opencart/issues/events/691497540", "created_at": "2016-06-14T08:32:15Z", "actor": {"following_url": "https://api.github.com/users/opencarteli/following{/other_user}", "events_url": "https://api.github.com/users/opencarteli/events{/privacy}", "organizations_url": "https://api.github.com/users/opencarteli/orgs", "url": "https://api.github.com/users/opencarteli", "gists_url": "https://api.github.com/users/opencarteli/gists{/gist_id}", "html_url": "https://github.com/opencarteli", "subscriptions_url": "https://api.github.com/users/opencarteli/subscriptions", "avatar_url": "https://avatars.githubusercontent.com/u/19422310?v=3", "repos_url": "https://api.github.com/users/opencarteli/repos", "received_events_url": "https://api.github.com/users/opencarteli/received_events", "gravatar_id": "", "starred_url": "https://api.github.com/users/opencarteli/starred{/owner}{/repo}", "site_admin": false, "login": "opencarteli", "type": "User", "id": 19422310, "followers_url": "https://api.github.com/users/opencarteli/followers"}, "event": "closed", "issue": {"body": "I have a clean Softaculous install of OpenCart 2.1.something. I recceived a notice of upgrading to 2.2.0.0 but the final step takes me to an error. See attached image.\n\n![clipboard01](https://cloud.githubusercontent.com/assets/359192/13536749/d33d0c50-e241-11e5-829c-c9fe209cff8e.png)\n\nAfter the javascriprt alert the upgrade halts.\n", "labels": [], "locked": false, "title": "Unknown column customer_activity in 2.2.0.0 upgrade", "url": "https://api.github.com/repos/opencart/opencart/issues/4052", "labels_url": "https://api.github.com/repos/opencart/opencart/issues/4052/labels{/name}", "created_at": "2016-03-04T18:48:00Z", "events_url": "https://api.github.com/repos/opencart/opencart/issues/4052/events", "comments_url": "https://api.github.com/repos/opencart/opencart/issues/4052/comments", "html_url": "https://github.com/opencart/opencart/issues/4052", "comments": 4, "number": 4052, "updated_at": "2016-06-14T09:29:44Z", "assignee": null, "state": "closed", "user": {"following_url": "https://api.github.com/users/timint/following{/other_user}", "events_url": "https://api.github.com/users/timint/events{/privacy}", "organizations_url": "https://api.github.com/users/timint/orgs", "url": "https://api.github.com/users/timint", "gists_url": "https://api.github.com/users/timint/gists{/gist_id}", "html_url": "https://github.com/timint", "subscriptions_url": "https://api.github.com/users/timint/subscriptions", "avatar_url": "https://avatars.githubusercontent.com/u/359192?v=3", "repos_url": "https://api.github.com/users/timint/repos", "received_events_url": "https://api.github.com/users/timint/received_events", "gravatar_id": "", "starred_url": "https://api.github.com/users/timint/starred{/owner}{/repo}", "site_admin": false, "login": "timint", "type": "User", "id": 359192, "followers_url": "https://api.github.com/users/timint/followers"}, "milestone": null, "repository_url": "https://api.github.com/repos/opencart/opencart", "closed_at": "2016-06-14T08:32:15Z", "assignees": [], "id": 138553397}, "id": 691497540}, {"commit_id": null, "commit_url": null, "url": "https://api.github.com/repos/opencart/opencart/issues/events/691469562", "created_at": "2016-06-14T08:05:10Z", "actor": {"following_url": "https://api.github.com/users/opencarteli/following{/other_user}", "events_url": "https://api.github.com/users/opencarteli/events{/privacy}", "organizations_url": "https://api.github.com/users/opencarteli/orgs", "url": "https://api.github.com/users/opencarteli", "gists_url": "https://api.github.com/users/opencarteli/gists{/gist_id}", "html_url": "https://github.com/opencarteli", "subscriptions_url": "https://api.github.com/users/opencarteli/subscriptions", "avatar_url": "https://avatars.githubusercontent.com/u/19422310?v=3", "repos_url": "https://api.github.com/users/opencarteli/repos", "received_events_url": "https://api.github.com/users/opencarteli/received_events", "gravatar_id": "", "starred_url": "https://api.github.com/users/opencarteli/starred{/owner}{/repo}", "site_admin": false, "login": "opencarteli", "type": "User", "id": 19422310, "followers_url": "https://api.github.com/users/opencarteli/followers"}, "event": "closed", "issue": {"body": "I patched admin/model/extension/modification.php file with ocmod. After refreshing the modification cache, it shows an error like this:\n\n Fatal error: Cannot redeclare class ModelExtensionModification in ****\\oc2200\\admin\\model\\extension\\modification.php on line 82\n\nIt happens because on refresh, the modified model class is loaded, but later the modification cache is cleared and on the next call, the loader->callback() function loads the original modification file.\n\nI would propose to check class_exists in the system/engine/loader/callback() function before making include_once($file). \n\n``` php\n            if (is_file($file)) {\n                if (!class_exists($class)) {\n                    include_once($file);\n                }\n                $model = new $class($registry);\n            } else {\n```\n", "labels": [], "locked": false, "title": "Proxy includes a wrong file on modification refresh", "url": "https://api.github.com/repos/opencart/opencart/issues/4038", "labels_url": "https://api.github.com/repos/opencart/opencart/issues/4038/labels{/name}", "created_at": "2016-03-04T04:36:02Z", "events_url": "https://api.github.com/repos/opencart/opencart/issues/4038/events", "comments_url": "https://api.github.com/repos/opencart/opencart/issues/4038/comments", "html_url": "https://github.com/opencart/opencart/issues/4038", "comments": 0, "number": 4038, "updated_at": "2016-06-14T08:05:10Z", "assignee": null, "state": "closed", "user": {"following_url": "https://api.github.com/users/kopitoshka/following{/other_user}", "events_url": "https://api.github.com/users/kopitoshka/events{/privacy}", "organizations_url": "https://api.github.com/users/kopitoshka/orgs", "url": "https://api.github.com/users/kopitoshka", "gists_url": "https://api.github.com/users/kopitoshka/gists{/gist_id}", "html_url": "https://github.com/kopitoshka", "subscriptions_url": "https://api.github.com/users/kopitoshka/subscriptions", "avatar_url": "https://avatars.githubusercontent.com/u/2966973?v=3", "repos_url": "https://api.github.com/users/kopitoshka/repos", "received_events_url": "https://api.github.com/users/kopitoshka/received_events", "gravatar_id": "", "starred_url": "https://api.github.com/users/kopitoshka/starred{/owner}{/repo}", "site_admin": false, "login": "kopitoshka", "type": "User", "id": 2966973, "followers_url": "https://api.github.com/users/kopitoshka/followers"}, "milestone": null, "repository_url": "https://api.github.com/repos/opencart/opencart", "closed_at": "2016-06-14T08:05:10Z", "assignees": [], "id": 138375702}, "id": 691469562}, {"commit_id": null, "commit_url": null, "url": "https://api.github.com/repos/opencart/opencart/issues/events/691468629", "created_at": "2016-06-14T08:04:10Z", "actor": {"following_url": "https://api.github.com/users/cypa/following{/other_user}", "events_url": "https://api.github.com/users/cypa/events{/privacy}", "organizations_url": "https://api.github.com/users/cypa/orgs", "url": "https://api.github.com/users/cypa", "gists_url": "https://api.github.com/users/cypa/gists{/gist_id}", "html_url": "https://github.com/cypa", "subscriptions_url": "https://api.github.com/users/cypa/subscriptions", "avatar_url": "https://avatars.githubusercontent.com/u/807372?v=3", "repos_url": "https://api.github.com/users/cypa/repos", "received_events_url": "https://api.github.com/users/cypa/received_events", "gravatar_id": "", "starred_url": "https://api.github.com/users/cypa/starred{/owner}{/repo}", "site_admin": false, "login": "cypa", "type": "User", "id": 807372, "followers_url": "https://api.github.com/users/cypa/followers"}, "event": "subscribed", "issue": {"body": "If a subcategory has itself as parent category then it shown somethat weird ... I guess recursion should be forbidden here.\n", "labels": [], "locked": false, "title": "subcategory recursion makes things weird", "url": "https://api.github.com/repos/opencart/opencart/issues/4031", "labels_url": "https://api.github.com/repos/opencart/opencart/issues/4031/labels{/name}", "created_at": "2016-03-03T11:44:24Z", "events_url": "https://api.github.com/repos/opencart/opencart/issues/4031/events", "comments_url": "https://api.github.com/repos/opencart/opencart/issues/4031/comments", "html_url": "https://github.com/opencart/opencart/issues/4031", "comments": 4, "number": 4031, "updated_at": "2016-06-15T06:32:17Z", "assignee": null, "state": "closed", "user": {"following_url": "https://api.github.com/users/cypa/following{/other_user}", "events_url": "https://api.github.com/users/cypa/events{/privacy}", "organizations_url": "https://api.github.com/users/cypa/orgs", "url": "https://api.github.com/users/cypa", "gists_url": "https://api.github.com/users/cypa/gists{/gist_id}", "html_url": "https://github.com/cypa", "subscriptions_url": "https://api.github.com/users/cypa/subscriptions", "avatar_url": "https://avatars.githubusercontent.com/u/807372?v=3", "repos_url": "https://api.github.com/users/cypa/repos", "received_events_url": "https://api.github.com/users/cypa/received_events", "gravatar_id": "", "starred_url": "https://api.github.com/users/cypa/starred{/owner}{/repo}", "site_admin": false, "login": "cypa", "type": "User", "id": 807372, "followers_url": "https://api.github.com/users/cypa/followers"}, "milestone": null, "repository_url": "https://api.github.com/repos/opencart/opencart", "closed_at": "2016-06-15T06:32:17Z", "assignees": [], "id": 138155587}, "id": 691468629}, {"commit_id": null, "commit_url": null, "url": "https://api.github.com/repos/opencart/opencart/issues/events/691468628", "created_at": "2016-06-14T08:04:10Z", "actor": {"following_url": "https://api.github.com/users/cypa/following{/other_user}", "events_url": "https://api.github.com/users/cypa/events{/privacy}", "organizations_url": "https://api.github.com/users/cypa/orgs", "url": "https://api.github.com/users/cypa", "gists_url": "https://api.github.com/users/cypa/gists{/gist_id}", "html_url": "https://github.com/cypa", "subscriptions_url": "https://api.github.com/users/cypa/subscriptions", "avatar_url": "https://avatars.githubusercontent.com/u/807372?v=3", "repos_url": "https://api.github.com/users/cypa/repos", "received_events_url": "https://api.github.com/users/cypa/received_events", "gravatar_id": "", "starred_url": "https://api.github.com/users/cypa/starred{/owner}{/repo}", "site_admin": false, "login": "cypa", "type": "User", "id": 807372, "followers_url": "https://api.github.com/users/cypa/followers"}, "event": "mentioned", "issue": {"body": "If a subcategory has itself as parent category then it shown somethat weird ... I guess recursion should be forbidden here.\n", "labels": [], "locked": false, "title": "subcategory recursion makes things weird", "url": "https://api.github.com/repos/opencart/opencart/issues/4031", "labels_url": "https://api.github.com/repos/opencart/opencart/issues/4031/labels{/name}", "created_at": "2016-03-03T11:44:24Z", "events_url": "https://api.github.com/repos/opencart/opencart/issues/4031/events", "comments_url": "https://api.github.com/repos/opencart/opencart/issues/4031/comments", "html_url": "https://github.com/opencart/opencart/issues/4031", "comments": 4, "number": 4031, "updated_at": "2016-06-15T06:32:17Z", "assignee": null, "state": "closed", "user": {"following_url": "https://api.github.com/users/cypa/following{/other_user}", "events_url": "https://api.github.com/users/cypa/events{/privacy}", "organizations_url": "https://api.github.com/users/cypa/orgs", "url": "https://api.github.com/users/cypa", "gists_url": "https://api.github.com/users/cypa/gists{/gist_id}", "html_url": "https://github.com/cypa", "subscriptions_url": "https://api.github.com/users/cypa/subscriptions", "avatar_url": "https://avatars.githubusercontent.com/u/807372?v=3", "repos_url": "https://api.github.com/users/cypa/repos", "received_events_url": "https://api.github.com/users/cypa/received_events", "gravatar_id": "", "starred_url": "https://api.github.com/users/cypa/starred{/owner}{/repo}", "site_admin": false, "login": "cypa", "type": "User", "id": 807372, "followers_url": "https://api.github.com/users/cypa/followers"}, "milestone": null, "repository_url": "https://api.github.com/repos/opencart/opencart", "closed_at": "2016-06-15T06:32:17Z", "assignees": [], "id": 138155587}, "id": 691468628}, {"commit_id": null, "commit_url": null, "url": "https://api.github.com/repos/opencart/opencart/issues/events/691467170", "created_at": "2016-06-14T08:02:45Z", "actor": {"following_url": "https://api.github.com/users/opencarteli/following{/other_user}", "events_url": "https://api.github.com/users/opencarteli/events{/privacy}", "organizations_url": "https://api.github.com/users/opencarteli/orgs", "url": "https://api.github.com/users/opencarteli", "gists_url": "https://api.github.com/users/opencarteli/gists{/gist_id}", "html_url": "https://github.com/opencarteli", "subscriptions_url": "https://api.github.com/users/opencarteli/subscriptions", "avatar_url": "https://avatars.githubusercontent.com/u/19422310?v=3", "repos_url": "https://api.github.com/users/opencarteli/repos", "received_events_url": "https://api.github.com/users/opencarteli/received_events", "gravatar_id": "", "starred_url": "https://api.github.com/users/opencarteli/starred{/owner}{/repo}", "site_admin": false, "login": "opencarteli", "type": "User", "id": 19422310, "followers_url": "https://api.github.com/users/opencarteli/followers"}, "event": "closed", "issue": {"body": "Opencart 2.2.0.0. See title.\n\nSolution:\n\n``` php\n} elseif (($custom_field['type'] == 'text' &&\n !empty($custom_field['validation']) && \n$custom_field['location'] == 'address') && \n!filter_var($value['custom_field'][$custom_field['custom_field_id']], FILTER_VALIDATE_REGEXP, array('options' => array('regexp' => $custom_field['validation'])))) {\n```\n\ninstead of \n\n``` php\n} elseif (($custom_field['type'] == 'text' && \n!empty($custom_field['validation'] && \n$custom_field['location'] == 'address')) \n&& !filter_var($value['custom_field'][$custom_field['custom_field_id']], FILTER_VALIDATE_REGEXP, array('options' => array('regexp' => $custom_field['validation'])))) {\n```\n", "labels": [], "locked": false, "title": " syntax error on line 1105 in \\admin\\controller\\customer\\customer.php", "url": "https://api.github.com/repos/opencart/opencart/issues/4030", "labels_url": "https://api.github.com/repos/opencart/opencart/issues/4030/labels{/name}", "created_at": "2016-03-03T03:57:26Z", "events_url": "https://api.github.com/repos/opencart/opencart/issues/4030/events", "comments_url": "https://api.github.com/repos/opencart/opencart/issues/4030/comments", "html_url": "https://github.com/opencart/opencart/issues/4030", "comments": 9, "number": 4030, "updated_at": "2016-12-01T23:52:19Z", "assignee": null, "state": "closed", "user": {"following_url": "https://api.github.com/users/nikto1/following{/other_user}", "events_url": "https://api.github.com/users/nikto1/events{/privacy}", "organizations_url": "https://api.github.com/users/nikto1/orgs", "url": "https://api.github.com/users/nikto1", "gists_url": "https://api.github.com/users/nikto1/gists{/gist_id}", "html_url": "https://github.com/nikto1", "subscriptions_url": "https://api.github.com/users/nikto1/subscriptions", "avatar_url": "https://avatars.githubusercontent.com/u/9814101?v=3", "repos_url": "https://api.github.com/users/nikto1/repos", "received_events_url": "https://api.github.com/users/nikto1/received_events", "gravatar_id": "", "starred_url": "https://api.github.com/users/nikto1/starred{/owner}{/repo}", "site_admin": false, "login": "nikto1", "type": "User", "id": 9814101, "followers_url": "https://api.github.com/users/nikto1/followers"}, "milestone": null, "repository_url": "https://api.github.com/repos/opencart/opencart", "closed_at": "2016-06-14T08:02:45Z", "assignees": [], "id": 138068714}, "id": 691467170}, {"commit_id": null, "commit_url": null, "url": "https://api.github.com/repos/opencart/opencart/issues/events/691451835", "created_at": "2016-06-14T07:47:13Z", "actor": {"following_url": "https://api.github.com/users/opencarteli/following{/other_user}", "events_url": "https://api.github.com/users/opencarteli/events{/privacy}", "organizations_url": "https://api.github.com/users/opencarteli/orgs", "url": "https://api.github.com/users/opencarteli", "gists_url": "https://api.github.com/users/opencarteli/gists{/gist_id}", "html_url": "https://github.com/opencarteli", "subscriptions_url": "https://api.github.com/users/opencarteli/subscriptions", "avatar_url": "https://avatars.githubusercontent.com/u/19422310?v=3", "repos_url": "https://api.github.com/users/opencarteli/repos", "received_events_url": "https://api.github.com/users/opencarteli/received_events", "gravatar_id": "", "starred_url": "https://api.github.com/users/opencarteli/starred{/owner}{/repo}", "site_admin": false, "login": "opencarteli", "type": "User", "id": 19422310, "followers_url": "https://api.github.com/users/opencarteli/followers"}, "event": "closed", "issue": {"body": "If voucher does not belong to an order throws error. \n\nReplace:\n\n```\n$data['text_greeting'] = sprintf($this->language->get('text_greeting'), $this->currency->format($voucher_info['amount'], $order_info['currency_code'], $order_info['currency_value']));\n```\n\nWith:\n\n```\n$data['text_greeting'] = sprintf($this->language->get('text_greeting'), $this->currency->format($voucher_info['amount'], $this->config->get('config_currency')));\n```\n", "labels": [], "locked": false, "title": "Voucher send currency error without order", "url": "https://api.github.com/repos/opencart/opencart/issues/3921", "labels_url": "https://api.github.com/repos/opencart/opencart/issues/3921/labels{/name}", "created_at": "2016-02-08T08:56:43Z", "events_url": "https://api.github.com/repos/opencart/opencart/issues/3921/events", "comments_url": "https://api.github.com/repos/opencart/opencart/issues/3921/comments", "html_url": "https://github.com/opencart/opencart/issues/3921", "comments": 1, "number": 3921, "updated_at": "2016-06-14T07:47:13Z", "assignee": null, "state": "closed", "user": {"following_url": "https://api.github.com/users/howdu/following{/other_user}", "events_url": "https://api.github.com/users/howdu/events{/privacy}", "organizations_url": "https://api.github.com/users/howdu/orgs", "url": "https://api.github.com/users/howdu", "gists_url": "https://api.github.com/users/howdu/gists{/gist_id}", "html_url": "https://github.com/howdu", "subscriptions_url": "https://api.github.com/users/howdu/subscriptions", "avatar_url": "https://avatars.githubusercontent.com/u/533658?v=3", "repos_url": "https://api.github.com/users/howdu/repos", "received_events_url": "https://api.github.com/users/howdu/received_events", "gravatar_id": "", "starred_url": "https://api.github.com/users/howdu/starred{/owner}{/repo}", "site_admin": false, "login": "howdu", "type": "User", "id": 533658, "followers_url": "https://api.github.com/users/howdu/followers"}, "milestone": null, "repository_url": "https://api.github.com/repos/opencart/opencart", "closed_at": "2016-06-14T07:47:13Z", "assignees": [], "id": 132084400}, "id": 691451835}, {"commit_id": null, "commit_url": null, "url": "https://api.github.com/repos/opencart/opencart/issues/events/691451493", "created_at": "2016-06-14T07:46:47Z", "actor": {"following_url": "https://api.github.com/users/jamesallsup/following{/other_user}", "events_url": "https://api.github.com/users/jamesallsup/events{/privacy}", "organizations_url": "https://api.github.com/users/jamesallsup/orgs", "url": "https://api.github.com/users/jamesallsup", "gists_url": "https://api.github.com/users/jamesallsup/gists{/gist_id}", "html_url": "https://github.com/jamesallsup", "subscriptions_url": "https://api.github.com/users/jamesallsup/subscriptions", "avatar_url": "https://avatars.githubusercontent.com/u/2026129?v=3", "repos_url": "https://api.github.com/users/jamesallsup/repos", "received_events_url": "https://api.github.com/users/jamesallsup/received_events", "gravatar_id": "", "starred_url": "https://api.github.com/users/jamesallsup/starred{/owner}{/repo}", "site_admin": false, "login": "jamesallsup", "type": "User", "id": 2026129, "followers_url": "https://api.github.com/users/jamesallsup/followers"}, "event": "unlabeled", "label": {"color": "ededed", "name": "in progress"}, "issue": {"labels": [], "number": 4495, "assignee": null, "repository_url": "https://api.github.com/repos/opencart/opencart", "closed_at": "2016-06-14T07:46:43Z", "id": 160117347, "title": "Fix sending voucher if her does not belong to an order #4486", "pull_request": {"url": "https://api.github.com/repos/opencart/opencart/pulls/4495", "diff_url": "https://github.com/opencart/opencart/pull/4495.diff", "html_url": "https://github.com/opencart/opencart/pull/4495", "patch_url": "https://github.com/opencart/opencart/pull/4495.patch"}, "comments": 1, "state": "closed", "body": "", "labels_url": "https://api.github.com/repos/opencart/opencart/issues/4495/labels{/name}", "events_url": "https://api.github.com/repos/opencart/opencart/issues/4495/events", "comments_url": "https://api.github.com/repos/opencart/opencart/issues/4495/comments", "html_url": "https://github.com/opencart/opencart/pull/4495", "updated_at": "2016-06-22T10:58:04Z", "user": {"following_url": "https://api.github.com/users/opencarteli/following{/other_user}", "events_url": "https://api.github.com/users/opencarteli/events{/privacy}", "organizations_url": "https://api.github.com/users/opencarteli/orgs", "url": "https://api.github.com/users/opencarteli", "gists_url": "https://api.github.com/users/opencarteli/gists{/gist_id}", "html_url": "https://github.com/opencarteli", "subscriptions_url": "https://api.github.com/users/opencarteli/subscriptions", "avatar_url": "https://avatars.githubusercontent.com/u/19422310?v=3", "repos_url": "https://api.github.com/users/opencarteli/repos", "received_events_url": "https://api.github.com/users/opencarteli/received_events", "gravatar_id": "", "starred_url": "https://api.github.com/users/opencarteli/starred{/owner}{/repo}", "site_admin": false, "login": "opencarteli", "type": "User", "id": 19422310, "followers_url": "https://api.github.com/users/opencarteli/followers"}, "milestone": null, "locked": false, "url": "https://api.github.com/repos/opencart/opencart/issues/4495", "created_at": "2016-06-14T07:46:29Z", "assignees": []}, "id": 691451493}, {"commit_id": "2ebfd76e6fdd83746453810518a6325252b70924", "commit_url": "https://api.github.com/repos/opencart/opencart/commits/2ebfd76e6fdd83746453810518a6325252b70924", "url": "https://api.github.com/repos/opencart/opencart/issues/events/691451438", "created_at": "2016-06-14T07:46:44Z", "actor": {"following_url": "https://api.github.com/users/opencarteli/following{/other_user}", "events_url": "https://api.github.com/users/opencarteli/events{/privacy}", "organizations_url": "https://api.github.com/users/opencarteli/orgs", "url": "https://api.github.com/users/opencarteli", "gists_url": "https://api.github.com/users/opencarteli/gists{/gist_id}", "html_url": "https://github.com/opencarteli", "subscriptions_url": "https://api.github.com/users/opencarteli/subscriptions", "avatar_url": "https://avatars.githubusercontent.com/u/19422310?v=3", "repos_url": "https://api.github.com/users/opencarteli/repos", "received_events_url": "https://api.github.com/users/opencarteli/received_events", "gravatar_id": "", "starred_url": "https://api.github.com/users/opencarteli/starred{/owner}{/repo}", "site_admin": false, "login": "opencarteli", "type": "User", "id": 19422310, "followers_url": "https://api.github.com/users/opencarteli/followers"}, "event": "referenced", "issue": {"labels": [], "number": 4486, "assignee": null, "repository_url": "https://api.github.com/repos/opencart/opencart", "closed_at": "2016-06-13T09:37:53Z", "id": 159792721, "title": "Fix sending voucher if her does not belong to an order", "pull_request": {"url": "https://api.github.com/repos/opencart/opencart/pulls/4486", "diff_url": "https://github.com/opencart/opencart/pull/4486.diff", "html_url": "https://github.com/opencart/opencart/pull/4486", "patch_url": "https://github.com/opencart/opencart/pull/4486.patch"}, "comments": 2, "state": "closed", "body": "", "labels_url": "https://api.github.com/repos/opencart/opencart/issues/4486/labels{/name}", "events_url": "https://api.github.com/repos/opencart/opencart/issues/4486/events", "comments_url": "https://api.github.com/repos/opencart/opencart/issues/4486/comments", "html_url": "https://github.com/opencart/opencart/pull/4486", "updated_at": "2016-06-13T09:46:54Z", "user": {"following_url": "https://api.github.com/users/p0v1n0m/following{/other_user}", "events_url": "https://api.github.com/users/p0v1n0m/events{/privacy}", "organizations_url": "https://api.github.com/users/p0v1n0m/orgs", "url": "https://api.github.com/users/p0v1n0m", "gists_url": "https://api.github.com/users/p0v1n0m/gists{/gist_id}", "html_url": "https://github.com/p0v1n0m", "subscriptions_url": "https://api.github.com/users/p0v1n0m/subscriptions", "avatar_url": "https://avatars.githubusercontent.com/u/19241364?v=3", "repos_url": "https://api.github.com/users/p0v1n0m/repos", "received_events_url": "https://api.github.com/users/p0v1n0m/received_events", "gravatar_id": "", "starred_url": "https://api.github.com/users/p0v1n0m/starred{/owner}{/repo}", "site_admin": false, "login": "p0v1n0m", "type": "User", "id": 19241364, "followers_url": "https://api.github.com/users/p0v1n0m/followers"}, "milestone": null, "locked": false, "url": "https://api.github.com/repos/opencart/opencart/issues/4486", "created_at": "2016-06-11T20:36:22Z", "assignees": []}, "id": 691451438}, {"commit_id": null, "commit_url": null, "url": "https://api.github.com/repos/opencart/opencart/issues/events/691451418", "created_at": "2016-06-14T07:46:43Z", "actor": {"following_url": "https://api.github.com/users/opencarteli/following{/other_user}", "events_url": "https://api.github.com/users/opencarteli/events{/privacy}", "organizations_url": "https://api.github.com/users/opencarteli/orgs", "url": "https://api.github.com/users/opencarteli", "gists_url": "https://api.github.com/users/opencarteli/gists{/gist_id}", "html_url": "https://github.com/opencarteli", "subscriptions_url": "https://api.github.com/users/opencarteli/subscriptions", "avatar_url": "https://avatars.githubusercontent.com/u/19422310?v=3", "repos_url": "https://api.github.com/users/opencarteli/repos", "received_events_url": "https://api.github.com/users/opencarteli/received_events", "gravatar_id": "", "starred_url": "https://api.github.com/users/opencarteli/starred{/owner}{/repo}", "site_admin": false, "login": "opencarteli", "type": "User", "id": 19422310, "followers_url": "https://api.github.com/users/opencarteli/followers"}, "event": "closed", "issue": {"labels": [], "number": 4495, "assignee": null, "repository_url": "https://api.github.com/repos/opencart/opencart", "closed_at": "2016-06-14T07:46:43Z", "id": 160117347, "title": "Fix sending voucher if her does not belong to an order #4486", "pull_request": {"url": "https://api.github.com/repos/opencart/opencart/pulls/4495", "diff_url": "https://github.com/opencart/opencart/pull/4495.diff", "html_url": "https://github.com/opencart/opencart/pull/4495", "patch_url": "https://github.com/opencart/opencart/pull/4495.patch"}, "comments": 1, "state": "closed", "body": "", "labels_url": "https://api.github.com/repos/opencart/opencart/issues/4495/labels{/name}", "events_url": "https://api.github.com/repos/opencart/opencart/issues/4495/events", "comments_url": "https://api.github.com/repos/opencart/opencart/issues/4495/comments", "html_url": "https://github.com/opencart/opencart/pull/4495", "updated_at": "2016-06-22T10:58:04Z", "user": {"following_url": "https://api.github.com/users/opencarteli/following{/other_user}", "events_url": "https://api.github.com/users/opencarteli/events{/privacy}", "organizations_url": "https://api.github.com/users/opencarteli/orgs", "url": "https://api.github.com/users/opencarteli", "gists_url": "https://api.github.com/users/opencarteli/gists{/gist_id}", "html_url": "https://github.com/opencarteli", "subscriptions_url": "https://api.github.com/users/opencarteli/subscriptions", "avatar_url": "https://avatars.githubusercontent.com/u/19422310?v=3", "repos_url": "https://api.github.com/users/opencarteli/repos", "received_events_url": "https://api.github.com/users/opencarteli/received_events", "gravatar_id": "", "starred_url": "https://api.github.com/users/opencarteli/starred{/owner}{/repo}", "site_admin": false, "login": "opencarteli", "type": "User", "id": 19422310, "followers_url": "https://api.github.com/users/opencarteli/followers"}, "milestone": null, "locked": false, "url": "https://api.github.com/repos/opencart/opencart/issues/4495", "created_at": "2016-06-14T07:46:29Z", "assignees": []}, "id": 691451418}, {"commit_id": "2ebfd76e6fdd83746453810518a6325252b70924", "commit_url": "https://api.github.com/repos/opencart/opencart/commits/2ebfd76e6fdd83746453810518a6325252b70924", "url": "https://api.github.com/repos/opencart/opencart/issues/events/691451417", "created_at": "2016-06-14T07:46:43Z", "actor": {"following_url": "https://api.github.com/users/opencarteli/following{/other_user}", "events_url": "https://api.github.com/users/opencarteli/events{/privacy}", "organizations_url": "https://api.github.com/users/opencarteli/orgs", "url": "https://api.github.com/users/opencarteli", "gists_url": "https://api.github.com/users/opencarteli/gists{/gist_id}", "html_url": "https://github.com/opencarteli", "subscriptions_url": "https://api.github.com/users/opencarteli/subscriptions", "avatar_url": "https://avatars.githubusercontent.com/u/19422310?v=3", "repos_url": "https://api.github.com/users/opencarteli/repos", "received_events_url": "https://api.github.com/users/opencarteli/received_events", "gravatar_id": "", "starred_url": "https://api.github.com/users/opencarteli/starred{/owner}{/repo}", "site_admin": false, "login": "opencarteli", "type": "User", "id": 19422310, "followers_url": "https://api.github.com/users/opencarteli/followers"}, "event": "merged", "issue": {"labels": [], "number": 4495, "assignee": null, "repository_url": "https://api.github.com/repos/opencart/opencart", "closed_at": "2016-06-14T07:46:43Z", "id": 160117347, "title": "Fix sending voucher if her does not belong to an order #4486", "pull_request": {"url": "https://api.github.com/repos/opencart/opencart/pulls/4495", "diff_url": "https://github.com/opencart/opencart/pull/4495.diff", "html_url": "https://github.com/opencart/opencart/pull/4495", "patch_url": "https://github.com/opencart/opencart/pull/4495.patch"}, "comments": 1, "state": "closed", "body": "", "labels_url": "https://api.github.com/repos/opencart/opencart/issues/4495/labels{/name}", "events_url": "https://api.github.com/repos/opencart/opencart/issues/4495/events", "comments_url": "https://api.github.com/repos/opencart/opencart/issues/4495/comments", "html_url": "https://github.com/opencart/opencart/pull/4495", "updated_at": "2016-06-22T10:58:04Z", "user": {"following_url": "https://api.github.com/users/opencarteli/following{/other_user}", "events_url": "https://api.github.com/users/opencarteli/events{/privacy}", "organizations_url": "https://api.github.com/users/opencarteli/orgs", "url": "https://api.github.com/users/opencarteli", "gists_url": "https://api.github.com/users/opencarteli/gists{/gist_id}", "html_url": "https://github.com/opencarteli", "subscriptions_url": "https://api.github.com/users/opencarteli/subscriptions", "avatar_url": "https://avatars.githubusercontent.com/u/19422310?v=3", "repos_url": "https://api.github.com/users/opencarteli/repos", "received_events_url": "https://api.github.com/users/opencarteli/received_events", "gravatar_id": "", "starred_url": "https://api.github.com/users/opencarteli/starred{/owner}{/repo}", "site_admin": false, "login": "opencarteli", "type": "User", "id": 19422310, "followers_url": "https://api.github.com/users/opencarteli/followers"}, "milestone": null, "locked": false, "url": "https://api.github.com/repos/opencart/opencart/issues/4495", "created_at": "2016-06-14T07:46:29Z", "assignees": []}, "id": 691451417}, {"commit_id": "2ebfd76e6fdd83746453810518a6325252b70924", "commit_url": "https://api.github.com/repos/opencart/opencart/commits/2ebfd76e6fdd83746453810518a6325252b70924", "url": "https://api.github.com/repos/opencart/opencart/issues/events/691451415", "created_at": "2016-06-14T07:46:43Z", "actor": {"following_url": "https://api.github.com/users/opencarteli/following{/other_user}", "events_url": "https://api.github.com/users/opencarteli/events{/privacy}", "organizations_url": "https://api.github.com/users/opencarteli/orgs", "url": "https://api.github.com/users/opencarteli", "gists_url": "https://api.github.com/users/opencarteli/gists{/gist_id}", "html_url": "https://github.com/opencarteli", "subscriptions_url": "https://api.github.com/users/opencarteli/subscriptions", "avatar_url": "https://avatars.githubusercontent.com/u/19422310?v=3", "repos_url": "https://api.github.com/users/opencarteli/repos", "received_events_url": "https://api.github.com/users/opencarteli/received_events", "gravatar_id": "", "starred_url": "https://api.github.com/users/opencarteli/starred{/owner}{/repo}", "site_admin": false, "login": "opencarteli", "type": "User", "id": 19422310, "followers_url": "https://api.github.com/users/opencarteli/followers"}, "event": "referenced", "issue": {"labels": [], "number": 4495, "assignee": null, "repository_url": "https://api.github.com/repos/opencart/opencart", "closed_at": "2016-06-14T07:46:43Z", "id": 160117347, "title": "Fix sending voucher if her does not belong to an order #4486", "pull_request": {"url": "https://api.github.com/repos/opencart/opencart/pulls/4495", "diff_url": "https://github.com/opencart/opencart/pull/4495.diff", "html_url": "https://github.com/opencart/opencart/pull/4495", "patch_url": "https://github.com/opencart/opencart/pull/4495.patch"}, "comments": 1, "state": "closed", "body": "", "labels_url": "https://api.github.com/repos/opencart/opencart/issues/4495/labels{/name}", "events_url": "https://api.github.com/repos/opencart/opencart/issues/4495/events", "comments_url": "https://api.github.com/repos/opencart/opencart/issues/4495/comments", "html_url": "https://github.com/opencart/opencart/pull/4495", "updated_at": "2016-06-22T10:58:04Z", "user": {"following_url": "https://api.github.com/users/opencarteli/following{/other_user}", "events_url": "https://api.github.com/users/opencarteli/events{/privacy}", "organizations_url": "https://api.github.com/users/opencarteli/orgs", "url": "https://api.github.com/users/opencarteli", "gists_url": "https://api.github.com/users/opencarteli/gists{/gist_id}", "html_url": "https://github.com/opencarteli", "subscriptions_url": "https://api.github.com/users/opencarteli/subscriptions", "avatar_url": "https://avatars.githubusercontent.com/u/19422310?v=3", "repos_url": "https://api.github.com/users/opencarteli/repos", "received_events_url": "https://api.github.com/users/opencarteli/received_events", "gravatar_id": "", "starred_url": "https://api.github.com/users/opencarteli/starred{/owner}{/repo}", "site_admin": false, "login": "opencarteli", "type": "User", "id": 19422310, "followers_url": "https://api.github.com/users/opencarteli/followers"}, "milestone": null, "locked": false, "url": "https://api.github.com/repos/opencart/opencart/issues/4495", "created_at": "2016-06-14T07:46:29Z", "assignees": []}, "id": 691451415}, {"commit_id": null, "commit_url": null, "url": "https://api.github.com/repos/opencart/opencart/issues/events/691451247", "created_at": "2016-06-14T07:46:33Z", "actor": {"following_url": "https://api.github.com/users/jamesallsup/following{/other_user}", "events_url": "https://api.github.com/users/jamesallsup/events{/privacy}", "organizations_url": "https://api.github.com/users/jamesallsup/orgs", "url": "https://api.github.com/users/jamesallsup", "gists_url": "https://api.github.com/users/jamesallsup/gists{/gist_id}", "html_url": "https://github.com/jamesallsup", "subscriptions_url": "https://api.github.com/users/jamesallsup/subscriptions", "avatar_url": "https://avatars.githubusercontent.com/u/2026129?v=3", "repos_url": "https://api.github.com/users/jamesallsup/repos", "received_events_url": "https://api.github.com/users/jamesallsup/received_events", "gravatar_id": "", "starred_url": "https://api.github.com/users/jamesallsup/starred{/owner}{/repo}", "site_admin": false, "login": "jamesallsup", "type": "User", "id": 2026129, "followers_url": "https://api.github.com/users/jamesallsup/followers"}, "event": "labeled", "label": {"color": "ededed", "name": "in progress"}, "issue": {"labels": [], "number": 4495, "assignee": null, "repository_url": "https://api.github.com/repos/opencart/opencart", "closed_at": "2016-06-14T07:46:43Z", "id": 160117347, "title": "Fix sending voucher if her does not belong to an order #4486", "pull_request": {"url": "https://api.github.com/repos/opencart/opencart/pulls/4495", "diff_url": "https://github.com/opencart/opencart/pull/4495.diff", "html_url": "https://github.com/opencart/opencart/pull/4495", "patch_url": "https://github.com/opencart/opencart/pull/4495.patch"}, "comments": 1, "state": "closed", "body": "", "labels_url": "https://api.github.com/repos/opencart/opencart/issues/4495/labels{/name}", "events_url": "https://api.github.com/repos/opencart/opencart/issues/4495/events", "comments_url": "https://api.github.com/repos/opencart/opencart/issues/4495/comments", "html_url": "https://github.com/opencart/opencart/pull/4495", "updated_at": "2016-06-22T10:58:04Z", "user": {"following_url": "https://api.github.com/users/opencarteli/following{/other_user}", "events_url": "https://api.github.com/users/opencarteli/events{/privacy}", "organizations_url": "https://api.github.com/users/opencarteli/orgs", "url": "https://api.github.com/users/opencarteli", "gists_url": "https://api.github.com/users/opencarteli/gists{/gist_id}", "html_url": "https://github.com/opencarteli", "subscriptions_url": "https://api.github.com/users/opencarteli/subscriptions", "avatar_url": "https://avatars.githubusercontent.com/u/19422310?v=3", "repos_url": "https://api.github.com/users/opencarteli/repos", "received_events_url": "https://api.github.com/users/opencarteli/received_events", "gravatar_id": "", "starred_url": "https://api.github.com/users/opencarteli/starred{/owner}{/repo}", "site_admin": false, "login": "opencarteli", "type": "User", "id": 19422310, "followers_url": "https://api.github.com/users/opencarteli/followers"}, "milestone": null, "locked": false, "url": "https://api.github.com/repos/opencart/opencart/issues/4495", "created_at": "2016-06-14T07:46:29Z", "assignees": []}, "id": 691451247}, {"commit_id": "808c4687b32f17c37e5a1dcc708ecde8756c859c", "commit_url": "https://api.github.com/repos/opencarteli/opencart/commits/808c4687b32f17c37e5a1dcc708ecde8756c859c", "url": "https://api.github.com/repos/opencart/opencart/issues/events/691450125", "created_at": "2016-06-14T07:45:20Z", "actor": {"following_url": "https://api.github.com/users/opencarteli/following{/other_user}", "events_url": "https://api.github.com/users/opencarteli/events{/privacy}", "organizations_url": "https://api.github.com/users/opencarteli/orgs", "url": "https://api.github.com/users/opencarteli", "gists_url": "https://api.github.com/users/opencarteli/gists{/gist_id}", "html_url": "https://github.com/opencarteli", "subscriptions_url": "https://api.github.com/users/opencarteli/subscriptions", "avatar_url": "https://avatars.githubusercontent.com/u/19422310?v=3", "repos_url": "https://api.github.com/users/opencarteli/repos", "received_events_url": "https://api.github.com/users/opencarteli/received_events", "gravatar_id": "", "starred_url": "https://api.github.com/users/opencarteli/starred{/owner}{/repo}", "site_admin": false, "login": "opencarteli", "type": "User", "id": 19422310, "followers_url": "https://api.github.com/users/opencarteli/followers"}, "event": "referenced", "issue": {"labels": [], "number": 4486, "assignee": null, "repository_url": "https://api.github.com/repos/opencart/opencart", "closed_at": "2016-06-13T09:37:53Z", "id": 159792721, "title": "Fix sending voucher if her does not belong to an order", "pull_request": {"url": "https://api.github.com/repos/opencart/opencart/pulls/4486", "diff_url": "https://github.com/opencart/opencart/pull/4486.diff", "html_url": "https://github.com/opencart/opencart/pull/4486", "patch_url": "https://github.com/opencart/opencart/pull/4486.patch"}, "comments": 2, "state": "closed", "body": "", "labels_url": "https://api.github.com/repos/opencart/opencart/issues/4486/labels{/name}", "events_url": "https://api.github.com/repos/opencart/opencart/issues/4486/events", "comments_url": "https://api.github.com/repos/opencart/opencart/issues/4486/comments", "html_url": "https://github.com/opencart/opencart/pull/4486", "updated_at": "2016-06-13T09:46:54Z", "user": {"following_url": "https://api.github.com/users/p0v1n0m/following{/other_user}", "events_url": "https://api.github.com/users/p0v1n0m/events{/privacy}", "organizations_url": "https://api.github.com/users/p0v1n0m/orgs", "url": "https://api.github.com/users/p0v1n0m", "gists_url": "https://api.github.com/users/p0v1n0m/gists{/gist_id}", "html_url": "https://github.com/p0v1n0m", "subscriptions_url": "https://api.github.com/users/p0v1n0m/subscriptions", "avatar_url": "https://avatars.githubusercontent.com/u/19241364?v=3", "repos_url": "https://api.github.com/users/p0v1n0m/repos", "received_events_url": "https://api.github.com/users/p0v1n0m/received_events", "gravatar_id": "", "starred_url": "https://api.github.com/users/p0v1n0m/starred{/owner}{/repo}", "site_admin": false, "login": "p0v1n0m", "type": "User", "id": 19241364, "followers_url": "https://api.github.com/users/p0v1n0m/followers"}, "milestone": null, "locked": false, "url": "https://api.github.com/repos/opencart/opencart/issues/4486", "created_at": "2016-06-11T20:36:22Z", "assignees": []}, "id": 691450125}, {"commit_id": null, "commit_url": null, "url": "https://api.github.com/repos/opencart/opencart/issues/events/691440017", "created_at": "2016-06-14T07:34:20Z", "actor": {"following_url": "https://api.github.com/users/opencarteli/following{/other_user}", "events_url": "https://api.github.com/users/opencarteli/events{/privacy}", "organizations_url": "https://api.github.com/users/opencarteli/orgs", "url": "https://api.github.com/users/opencarteli", "gists_url": "https://api.github.com/users/opencarteli/gists{/gist_id}", "html_url": "https://github.com/opencarteli", "subscriptions_url": "https://api.github.com/users/opencarteli/subscriptions", "avatar_url": "https://avatars.githubusercontent.com/u/19422310?v=3", "repos_url": "https://api.github.com/users/opencarteli/repos", "received_events_url": "https://api.github.com/users/opencarteli/received_events", "gravatar_id": "", "starred_url": "https://api.github.com/users/opencarteli/starred{/owner}{/repo}", "site_admin": false, "login": "opencarteli", "type": "User", "id": 19422310, "followers_url": "https://api.github.com/users/opencarteli/followers"}, "event": "closed", "issue": {"body": "when you try to checkout as guest with Google Recaptcha active doesn't appears and when you try to continue display an error with something like google Rechapta doesn't match but google isnt visible , the machine usderstand that google Re captcha is active and you have to put the code\n", "labels": [], "locked": false, "title": "Google Recaptcha Guest Checkout", "url": "https://api.github.com/repos/opencart/opencart/issues/3919", "labels_url": "https://api.github.com/repos/opencart/opencart/issues/3919/labels{/name}", "created_at": "2016-02-07T00:21:27Z", "events_url": "https://api.github.com/repos/opencart/opencart/issues/3919/events", "comments_url": "https://api.github.com/repos/opencart/opencart/issues/3919/comments", "html_url": "https://github.com/opencart/opencart/issues/3919", "comments": 8, "number": 3919, "updated_at": "2016-09-02T22:57:55Z", "assignee": null, "state": "closed", "user": {"following_url": "https://api.github.com/users/santy2001/following{/other_user}", "events_url": "https://api.github.com/users/santy2001/events{/privacy}", "organizations_url": "https://api.github.com/users/santy2001/orgs", "url": "https://api.github.com/users/santy2001", "gists_url": "https://api.github.com/users/santy2001/gists{/gist_id}", "html_url": "https://github.com/santy2001", "subscriptions_url": "https://api.github.com/users/santy2001/subscriptions", "avatar_url": "https://avatars.githubusercontent.com/u/17103864?v=3", "repos_url": "https://api.github.com/users/santy2001/repos", "received_events_url": "https://api.github.com/users/santy2001/received_events", "gravatar_id": "", "starred_url": "https://api.github.com/users/santy2001/starred{/owner}{/repo}", "site_admin": false, "login": "santy2001", "type": "User", "id": 17103864, "followers_url": "https://api.github.com/users/santy2001/followers"}, "milestone": null, "repository_url": "https://api.github.com/repos/opencart/opencart", "closed_at": "2016-06-14T07:34:20Z", "assignees": [], "id": 131914591}, "id": 691440017}, {"commit_id": null, "commit_url": null, "url": "https://api.github.com/repos/opencart/opencart/issues/events/691436200", "created_at": "2016-06-14T07:30:04Z", "actor": {"following_url": "https://api.github.com/users/opencarteli/following{/other_user}", "events_url": "https://api.github.com/users/opencarteli/events{/privacy}", "organizations_url": "https://api.github.com/users/opencarteli/orgs", "url": "https://api.github.com/users/opencarteli", "gists_url": "https://api.github.com/users/opencarteli/gists{/gist_id}", "html_url": "https://github.com/opencarteli", "subscriptions_url": "https://api.github.com/users/opencarteli/subscriptions", "avatar_url": "https://avatars.githubusercontent.com/u/19422310?v=3", "repos_url": "https://api.github.com/users/opencarteli/repos", "received_events_url": "https://api.github.com/users/opencarteli/received_events", "gravatar_id": "", "starred_url": "https://api.github.com/users/opencarteli/starred{/owner}{/repo}", "site_admin": false, "login": "opencarteli", "type": "User", "id": 19422310, "followers_url": "https://api.github.com/users/opencarteli/followers"}, "event": "closed", "issue": {"body": "Can do large(?) migration to option add to admin product page?\nCurrent activities:\n1. Something product is complete 150 option lines.\n2. Admin want add yet 1 option, then product is 151 option.\n3. Edit script `delete` at first `all options` and add`insert 151 options` to database.\nQuestions:\n- Can this database script do different way?\n- Can do different options `insert page` and options `edit page`? And in use sql UPDATE and INSERT in query?\n", "labels": [], "locked": false, "title": "Adding of new product option", "url": "https://api.github.com/repos/opencart/opencart/issues/4378", "labels_url": "https://api.github.com/repos/opencart/opencart/issues/4378/labels{/name}", "created_at": "2016-05-17T07:08:21Z", "events_url": "https://api.github.com/repos/opencart/opencart/issues/4378/events", "comments_url": "https://api.github.com/repos/opencart/opencart/issues/4378/comments", "html_url": "https://github.com/opencart/opencart/issues/4378", "comments": 2, "number": 4378, "updated_at": "2016-06-14T07:30:05Z", "assignee": null, "state": "closed", "user": {"following_url": "https://api.github.com/users/pekka2/following{/other_user}", "events_url": "https://api.github.com/users/pekka2/events{/privacy}", "organizations_url": "https://api.github.com/users/pekka2/orgs", "url": "https://api.github.com/users/pekka2", "gists_url": "https://api.github.com/users/pekka2/gists{/gist_id}", "html_url": "https://github.com/pekka2", "subscriptions_url": "https://api.github.com/users/pekka2/subscriptions", "avatar_url": "https://avatars.githubusercontent.com/u/7931523?v=3", "repos_url": "https://api.github.com/users/pekka2/repos", "received_events_url": "https://api.github.com/users/pekka2/received_events", "gravatar_id": "", "starred_url": "https://api.github.com/users/pekka2/starred{/owner}{/repo}", "site_admin": false, "login": "pekka2", "type": "User", "id": 7931523, "followers_url": "https://api.github.com/users/pekka2/followers"}, "milestone": null, "repository_url": "https://api.github.com/repos/opencart/opencart", "closed_at": "2016-06-14T07:30:04Z", "assignees": [], "id": 155190577}, "id": 691436200}, {"commit_id": null, "commit_url": null, "url": "https://api.github.com/repos/opencart/opencart/issues/events/691432262", "created_at": "2016-06-14T07:25:42Z", "actor": {"following_url": "https://api.github.com/users/danielkerr/following{/other_user}", "events_url": "https://api.github.com/users/danielkerr/events{/privacy}", "organizations_url": "https://api.github.com/users/danielkerr/orgs", "url": "https://api.github.com/users/danielkerr", "gists_url": "https://api.github.com/users/danielkerr/gists{/gist_id}", "html_url": "https://github.com/danielkerr", "subscriptions_url": "https://api.github.com/users/danielkerr/subscriptions", "avatar_url": "https://avatars.githubusercontent.com/u/5079756?v=3", "repos_url": "https://api.github.com/users/danielkerr/repos", "received_events_url": "https://api.github.com/users/danielkerr/received_events", "gravatar_id": "", "starred_url": "https://api.github.com/users/danielkerr/starred{/owner}{/repo}", "site_admin": false, "login": "danielkerr", "type": "User", "id": 5079756, "followers_url": "https://api.github.com/users/danielkerr/followers"}, "event": "subscribed", "issue": {"body": "Parse error: syntax error, unexpected 'ControllerCustomerCustomer' (T_STRING) in /home/xxx/public_html/admin/controller/customer/customer.php on line 1\n\nThe code is\n<?php\n\nclass ControllerCustomerCustomer extends Controller \n    { private $error = array(); public function index() \n    { $this->load->language('customer/customer'); \n    $this->document->setTitle($this->language->get('heading_title'));\n    $this->load->model('customer/customer'); $this->getList(); } public function add() \n    { $this->load->language('customer/customer'); $this->document->setTitle($this->language->get('heading_title')); \n    $this->load->model('customer/customer');\n", "labels": [], "locked": false, "title": "Parse Error on Line 1", "url": "https://api.github.com/repos/opencart/opencart/issues/4468", "labels_url": "https://api.github.com/repos/opencart/opencart/issues/4468/labels{/name}", "created_at": "2016-06-10T07:08:09Z", "events_url": "https://api.github.com/repos/opencart/opencart/issues/4468/events", "comments_url": "https://api.github.com/repos/opencart/opencart/issues/4468/comments", "html_url": "https://github.com/opencart/opencart/issues/4468", "comments": 2, "number": 4468, "updated_at": "2016-06-14T11:06:22Z", "assignee": null, "state": "closed", "user": {"following_url": "https://api.github.com/users/cpltown/following{/other_user}", "events_url": "https://api.github.com/users/cpltown/events{/privacy}", "organizations_url": "https://api.github.com/users/cpltown/orgs", "url": "https://api.github.com/users/cpltown", "gists_url": "https://api.github.com/users/cpltown/gists{/gist_id}", "html_url": "https://github.com/cpltown", "subscriptions_url": "https://api.github.com/users/cpltown/subscriptions", "avatar_url": "https://avatars.githubusercontent.com/u/19731039?v=3", "repos_url": "https://api.github.com/users/cpltown/repos", "received_events_url": "https://api.github.com/users/cpltown/received_events", "gravatar_id": "", "starred_url": "https://api.github.com/users/cpltown/starred{/owner}{/repo}", "site_admin": false, "login": "cpltown", "type": "User", "id": 19731039, "followers_url": "https://api.github.com/users/cpltown/followers"}, "milestone": null, "repository_url": "https://api.github.com/repos/opencart/opencart", "closed_at": "2016-06-13T10:30:39Z", "assignees": [], "id": 159572860}, "id": 691432262}]