<?xml version="1.0" encoding="UTF-8" standalone="yes"?>
<transitions>
    <transition oldVersion="1381507126.sql" newVersion="1381938806.sql"/>
    <transition oldVersion="1381938806.sql" newVersion="1382108172.sql"/>
    <transition oldVersion="1382108172.sql" newVersion="1387934557.sql">
        <insertion type="UpdateTable">
            <table>
                <name>ea_user_settings</name>
                <primaryKey>
                    <mode>0</mode>
                </primaryKey>
                <foreignKey/>
            </table>
            <attribute>
                <name>google_calendar</name>
                <type>VARCHAR(128)</type>
                <isKey>false</isKey>
            </attribute>
        </insertion>
    </transition>
    <transition oldVersion="1387934557.sql" newVersion="1437421284.sql"/>
    <transition oldVersion="1437421284.sql" newVersion="1451742424.sql"/>
    <transition oldVersion="1451742424.sql" newVersion="1451946532.sql"/>
    <transition oldVersion="1451946532.sql" newVersion="1469350137.sql">
        <insertion type="UpdateTable">
            <table>
                <name>ea_services</name>
                <primaryKey>
                    <mode>0</mode>
                </primaryKey>
                <foreignKey/>
            </table>
            <attribute>
                <name>attendants_number</name>
                <type>INT(11)</type>
                <isKey>false</isKey>
            </attribute>
            <attribute>
                <name>availabilities_type</name>
                <type>VARCHAR(32)</type>
                <isKey>false</isKey>
            </attribute>
        </insertion>
        <insertion type="UpdateTable">
            <table>
                <name>ea_user_settings</name>
                <primaryKey>
                    <mode>0</mode>
                </primaryKey>
                <foreignKey/>
            </table>
            <attribute>
                <name>calendar_view</name>
                <type>VARCHAR(32)</type>
                <isKey>false</isKey>
            </attribute>
        </insertion>
    </transition>
    <transition oldVersion="1469350137.sql" newVersion="1497803412.sql"/>
    <transition oldVersion="1497803412.sql" newVersion="1497806794.sql"/>
    <transition oldVersion="1497806794.sql" newVersion="1497807405.sql"/>
    <transition oldVersion="1497807405.sql" newVersion="1497858366.sql">
        <deletion type="UpdateTable">
            <table>
                <name>ea_roles</name>
                <primaryKey>
                    <mode>0</mode>
                </primaryKey>
                <foreignKey/>
            </table>
            <attribute>
                <name>COMMENT</name>
                <type>'0'</type>
                <isKey>false</isKey>
            </attribute>
        </deletion>
    </transition>
    <transition oldVersion="1497858366.sql" newVersion="1506937767.sql"/>
    <transition oldVersion="1506937767.sql" newVersion="1510783366.sql">
        <insertion type="NewTable">
            <table>
                <name>ea_migrations</name>
                <primaryKey>
                    <mode>0</mode>
                </primaryKey>
                <foreignKey/>
            </table>
            <attribute>
                <name>version</name>
                <type>INT(11)</type>
                <isKey>false</isKey>
            </attribute>
        </insertion>
    </transition>
    <transition oldVersion="1510783366.sql" newVersion="1524656413.sql"/>
    <transition oldVersion="1524656413.sql" newVersion="1528033349.sql">
        <update type="TypeChange">
            <table>
                <name>ea_appointments</name>
                <primaryKey>
                    <mode>0</mode>
                </primaryKey>
                <foreignKey/>
            </table>
            <attribute>
                <name>id</name>
                <type>INT(11)</type>
                <isKey>false</isKey>
            </attribute>
            <attribute>
                <name>id_services</name>
                <type>INT(11)</type>
                <isKey>false</isKey>
            </attribute>
            <attribute>
                <name>id_users_customer</name>
                <type>INT(11)</type>
                <isKey>false</isKey>
            </attribute>
            <attribute>
                <name>id_users_provider</name>
                <type>INT(11)</type>
                <isKey>false</isKey>
            </attribute>
        </update>
        <update type="TypeChange">
            <table>
                <name>ea_roles</name>
                <primaryKey>
                    <mode>0</mode>
                </primaryKey>
                <foreignKey/>
            </table>
            <attribute>
                <name>appointments</name>
                <type>INT(11)</type>
                <isKey>false</isKey>
            </attribute>
            <attribute>
                <name>customers</name>
                <type>INT(11)</type>
                <isKey>false</isKey>
            </attribute>
            <attribute>
                <name>id</name>
                <type>INT(11)</type>
                <isKey>false</isKey>
            </attribute>
            <attribute>
                <name>services</name>
                <type>INT(11)</type>
                <isKey>false</isKey>
            </attribute>
            <attribute>
                <name>system_settings</name>
                <type>INT(11)</type>
                <isKey>false</isKey>
            </attribute>
            <attribute>
                <name>users</name>
                <type>INT(11)</type>
                <isKey>false</isKey>
            </attribute>
        </update>
        <update type="TypeChange">
            <table>
                <name>ea_secretaries_providers</name>
                <primaryKey>
                    <mode>0</mode>
                </primaryKey>
                <foreignKey/>
            </table>
            <attribute>
                <name>id_users_provider</name>
                <type>INT(11)</type>
                <isKey>false</isKey>
            </attribute>
            <attribute>
                <name>id_users_secretary</name>
                <type>INT(11)</type>
                <isKey>false</isKey>
            </attribute>
        </update>
        <update type="TypeChange">
            <table>
                <name>ea_service_categories</name>
                <primaryKey>
                    <mode>0</mode>
                </primaryKey>
                <foreignKey/>
            </table>
            <attribute>
                <name>id</name>
                <type>INT(11)</type>
                <isKey>false</isKey>
            </attribute>
        </update>
        <update type="TypeChange">
            <table>
                <name>ea_services</name>
                <primaryKey>
                    <mode>0</mode>
                </primaryKey>
                <foreignKey/>
            </table>
            <attribute>
                <name>id</name>
                <type>INT(11)</type>
                <isKey>false</isKey>
            </attribute>
            <attribute>
                <name>id_service_categories</name>
                <type>INT(11)</type>
                <isKey>true</isKey>
            </attribute>
        </update>
        <update type="TypeChange">
            <table>
                <name>ea_services_providers</name>
                <primaryKey>
                    <mode>0</mode>
                </primaryKey>
                <foreignKey/>
            </table>
            <attribute>
                <name>id_services</name>
                <type>INT(11)</type>
                <isKey>false</isKey>
            </attribute>
            <attribute>
                <name>id_users</name>
                <type>INT(11)</type>
                <isKey>false</isKey>
            </attribute>
        </update>
        <update type="TypeChange">
            <table>
                <name>ea_settings</name>
                <primaryKey>
                    <mode>0</mode>
                </primaryKey>
                <foreignKey/>
            </table>
            <attribute>
                <name>id</name>
                <type>INT(11)</type>
                <isKey>false</isKey>
            </attribute>
        </update>
        <update type="TypeChange">
            <table>
                <name>ea_user_settings</name>
                <primaryKey>
                    <mode>0</mode>
                </primaryKey>
                <foreignKey/>
            </table>
            <attribute>
                <name>id_users</name>
                <type>INT(11)</type>
                <isKey>false</isKey>
            </attribute>
        </update>
        <update type="TypeChange">
            <table>
                <name>ea_users</name>
                <primaryKey>
                    <mode>0</mode>
                </primaryKey>
                <foreignKey/>
            </table>
            <attribute>
                <name>id</name>
                <type>INT(11)</type>
                <isKey>false</isKey>
            </attribute>
            <attribute>
                <name>id_roles</name>
                <type>INT(11)</type>
                <isKey>false</isKey>
            </attribute>
        </update>
    </transition>
    <transition oldVersion="1528033349.sql" newVersion="1528035825.sql">
        <update type="KeyChange">
            <table>
                <name>ea_services</name>
                <primaryKey>
                    <mode>0</mode>
                </primaryKey>
                <foreignKey/>
            </table>
            <attribute>
                <name>id_service_categories</name>
                <type>INT(11)</type>
                <isKey>false</isKey>
            </attribute>
        </update>
    </transition>
    <transition oldVersion="1528035825.sql" newVersion="1529839024.sql">
        <insertion type="NewTable">
            <table>
                <name>ea_consents</name>
                <primaryKey>
                    <mode>0</mode>
                </primaryKey>
                <foreignKey/>
            </table>
            <attribute>
                <name>created</name>
                <type>DATETIME</type>
                <isKey>false</isKey>
            </attribute>
            <attribute>
                <name>email</name>
                <type>VARCHAR(512)</type>
                <isKey>false</isKey>
            </attribute>
            <attribute>
                <name>first_name</name>
                <type>VARCHAR(256)</type>
                <isKey>false</isKey>
            </attribute>
            <attribute>
                <name>id</name>
                <type>INT(11)</type>
                <isKey>false</isKey>
            </attribute>
            <attribute>
                <name>ip</name>
                <type>VARCHAR(256)</type>
                <isKey>false</isKey>
            </attribute>
            <attribute>
                <name>last_name</name>
                <type>VARCHAR(256)</type>
                <isKey>false</isKey>
            </attribute>
            <attribute>
                <name>modified</name>
                <type>DATETIME</type>
                <isKey>false</isKey>
            </attribute>
        </insertion>
    </transition>
    <transition oldVersion="1529839024.sql" newVersion="1529853133.sql">
        <insertion type="UpdateTable">
            <table>
                <name>ea_consents</name>
                <primaryKey>
                    <mode>0</mode>
                </primaryKey>
                <foreignKey/>
            </table>
            <attribute>
                <name>type</name>
                <type>VARCHAR(256)</type>
                <isKey>false</isKey>
            </attribute>
        </insertion>
    </transition>
</transitions>
