{"id": "28956", "fields": {"summary": "the db refused submitting new revision", "customfield_10241": null, "labels": [], "description": "I have got these error massages when submitting new revision for my MOD Hejri Calendar:\n\n[phpBB Debug] PHP Notice: in file /var/www/phpbb.com/website-current/customise/db/includes/library/ezcomponents/Archive/archive.php on line 747: mkdir() [function.mkdir]: Permission denied\n[phpBB Debug] PHP Notice: in file /var/www/phpbb.com/website-current/customise/db/includes/library/ezcomponents/Archive/archive.php on line 578: mkdir() [function.mkdir]: Permission denied\n[phpBB Debug] PHP Notice: in file /var/www/phpbb.com/website-current/customise/db/includes/library/ezcomponents/Archive/archive.php on line 747: mkdir() [function.mkdir]: Permission denied\n[phpBB Debug] PHP Notice: in file /var/www/phpbb.com/website-current/customise/db/includes/library/ezcomponents/Archive/archive.php on line 578: mkdir() [function.mkdir]: Permission denied\n[phpBB Debug] PHP Notice: in file /var/www/phpbb.com/website-current/customise/db/includes/library/ezcomponents/Archive/archive.php on line 747: mkdir() [function.mkdir]: Permission denied\n[phpBB Debug] PHP Notice: in file /var/www/phpbb.com/website-current/customise/db/includes/library/ezcomponents/Archive/file/file.php on line 325: touch() [function.touch]: Unable to create file ../store/phpbb_packages/extracted/3.0.8//phpBB3/store/index.htm because No such file or directory\n\nWarning: Cannot modify header information - headers already sent by (output started at /var/www/phpbb.com/website-current/customise/db/includes/functions.php:156) in /var/www/phpbb.com/website-current/customise/db/includes/core/phpbb.php on line 251\n\nWarning: Cannot modify header information - headers already sent by (output started at /var/www/phpbb.com/website-current/customise/db/includes/functions.php:156) in /var/www/phpbb.com/website-current/customise/db/includes/core/phpbb.php on line 253\n\nWarning: Cannot modify header information - headers already sent by (output started at /var/www/phpbb.com/website-current/customise/db/includes/functions.php:156) in /var/www/phpbb.com/website-current/customise/db/includes/core/phpbb.php on line 254\n\nWarning: Cannot modify header information - headers already sent by (output started at /var/www/phpbb.com/website-current/customise/db/includes/functions.php:156) in /var/www/phpbb.com/website-current/customise/db/includes/core/phpbb.php on line 255\n\ninformation:\n\nThe file '../store/phpbb_packages/extracted/3.0.8//phpBB3/store/index.htm' can not be opened for writing.", "updated": "2011-05-30T14:16:41.000+0000", "resolution": {"id": "3", "self": "https://tracker.phpbb.com/rest/api/2/resolution/3", "description": "The problem is a duplicate of an existing issue.", "name": "Duplicate"}, "versions": [], "created": "2011-05-30T14:16:41.000+0000", "votes": {"votes": 0, "self": "https://tracker.phpbb.com/rest/api/2/issue/CUSTDB-450/votes", "hasVoted": false}, "fixVersions": [], "customfield_10146": 62813.0, "watches": {"self": "https://tracker.phpbb.com/rest/api/2/issue/CUSTDB-450/watchers", "watchCount": 0, "isWatching": false}, "assignee": {"key": "paul", "timeZone": "Europe/Berlin", "avatarUrls": {"24x24": "https://tracker.phpbb.com/secure/useravatar?size=small&avatarId=10142", "32x32": "https://tracker.phpbb.com/secure/useravatar?size=medium&avatarId=10142", "48x48": "https://tracker.phpbb.com/secure/useravatar?avatarId=10142", "16x16": "https://tracker.phpbb.com/secure/useravatar?size=xsmall&avatarId=10142"}, "active": true, "self": "https://tracker.phpbb.com/rest/api/2/user?username=Paul", "displayName": "Paul Sohier", "name": "Paul"}, "customfield_10040": null, "issuelinks": [{"id": "13743", "outwardIssue": {"id": "28955", "fields": {"summary": "Debug error when mod is Automodded", "status": {"id": "5", "statusCategory": {"id": 3, "self": "https://tracker.phpbb.com/rest/api/2/statuscategory/3", "key": "done", "colorName": "green", "name": "Done"}, "description": "A resolution has been taken, and it is awaiting verification by reporter. From here issues are either reopened, or are closed.", "iconUrl": "https://tracker.phpbb.com/images/icons/phpbb-unverified-fix.png", "self": "https://tracker.phpbb.com/rest/api/2/status/5", "name": "Unverified Fix"}, "issuetype": {"id": "1", "subtask": false, "description": "A problem which impairs or prevents the functions of the product.", "avatarId": 12123, "iconUrl": "https://tracker.phpbb.com/secure/viewavatar?size=xsmall&avatarId=12123&avatarType=issuetype", "self": "https://tracker.phpbb.com/rest/api/2/issuetype/1", "name": "Bug"}}, "self": "https://tracker.phpbb.com/rest/api/2/issue/28955", "key": "CUSTDB-449"}, "self": "https://tracker.phpbb.com/rest/api/2/issueLink/13743", "type": {"id": "10000", "inward": "is duplicated by", "outward": "duplicates", "self": "https://tracker.phpbb.com/rest/api/2/issueLinkType/10000", "name": "Duplicate"}}], "customfield_10240": "0|i00f6n:", "project": {"id": "10046", "avatarUrls": {"24x24": "https://tracker.phpbb.com/secure/projectavatar?size=small&pid=10046&avatarId=10011", "32x32": "https://tracker.phpbb.com/secure/projectavatar?size=medium&pid=10046&avatarId=10011", "48x48": "https://tracker.phpbb.com/secure/projectavatar?pid=10046&avatarId=10011", "16x16": "https://tracker.phpbb.com/secure/projectavatar?size=xsmall&pid=10046&avatarId=10011"}, "projectCategory": {"id": "10021", "self": "https://tracker.phpbb.com/rest/api/2/projectCategory/10021", "description": "Tools released by the phpBB teams", "name": "Tools"}, "self": "https://tracker.phpbb.com/rest/api/2/project/10046", "key": "CUSTDB", "name": "Customisations Database"}, "customfield_10242": null, "priority": null, "attachment": [], "lastViewed": null, "environment": null, "status": {"id": "6", "statusCategory": {"id": 3, "self": "https://tracker.phpbb.com/rest/api/2/statuscategory/3", "key": "done", "colorName": "green", "name": "Done"}, "description": "The issue is considered finished, the resolution is correct. Issues which are closed can be reopened.", "iconUrl": "https://tracker.phpbb.com/images/icons/phpbb-closed.png", "self": "https://tracker.phpbb.com/rest/api/2/status/6", "name": "Closed"}, "subtasks": [], "duedate": null, "reporter": {"key": "hubaishan", "timeZone": "Asia/Baghdad", "avatarUrls": {"24x24": "https://tracker.phpbb.com/secure/useravatar?size=small&avatarId=10142", "32x32": "https://tracker.phpbb.com/secure/useravatar?size=medium&avatarId=10142", "48x48": "https://tracker.phpbb.com/secure/useravatar?avatarId=10142", "16x16": "https://tracker.phpbb.com/secure/useravatar?size=xsmall&avatarId=10142"}, "active": true, "self": "https://tracker.phpbb.com/rest/api/2/user?username=hubaishan", "displayName": "hubaishan", "name": "hubaishan"}, "issuetype": {"id": "1", "subtask": false, "description": "A problem which impairs or prevents the functions of the product.", "avatarId": 12123, "iconUrl": "https://tracker.phpbb.com/secure/viewavatar?size=xsmall&avatarId=12123&avatarType=issuetype", "self": "https://tracker.phpbb.com/rest/api/2/issuetype/1", "name": "Bug"}, "customfield_10020": null, "creator": {"key": "noxwizard", "timeZone": "America/Chicago", "avatarUrls": {"24x24": "https://tracker.phpbb.com/secure/useravatar?size=small&ownerId=noxwizard&avatarId=10037", "32x32": "https://tracker.phpbb.com/secure/useravatar?size=medium&ownerId=noxwizard&avatarId=10037", "48x48": "https://tracker.phpbb.com/secure/useravatar?ownerId=noxwizard&avatarId=10037", "16x16": "https://tracker.phpbb.com/secure/useravatar?size=xsmall&ownerId=noxwizard&avatarId=10037"}, "active": true, "self": "https://tracker.phpbb.com/rest/api/2/user?username=Noxwizard", "displayName": "Patrick Webster", "name": "Noxwizard"}, "components": [], "resolutiondate": "2011-05-30T14:16:41.000+0000", "comment": {"total": 0, "startAt": 0, "comments": [], "maxResults": 0}, "workratio": -1}, "expand": "renderedFields,names,schema,operations,editmeta,changelog,versionedRepresentations", "self": "https://tracker.phpbb.com/rest/api/2/issue/28956", "key": "CUSTDB-450"}