{"id": "28687", "fields": {"summary": "Bug for Search when user is Moderator", "customfield_10241": null, "labels": [], "description": "When someone on the Moderator Team uses search and then clicks on the Topic link it takes them to the Manage queue page instead of the intended MOD page in the CustDB.", "updated": "2010-05-11T19:18:50.000+0000", "resolution": {"id": "1", "self": "https://tracker.phpbb.com/rest/api/2/resolution/1", "description": "A fix for this issue is checked into the tree and tested.", "name": "Fixed"}, "versions": [], "created": "2010-05-11T19:18:50.000+0000", "votes": {"votes": 0, "self": "https://tracker.phpbb.com/rest/api/2/issue/CUSTDB-181/votes", "hasVoted": false}, "fixVersions": [], "customfield_10146": 62043.0, "watches": {"self": "https://tracker.phpbb.com/rest/api/2/issue/CUSTDB-181/watchers", "watchCount": 0, "isWatching": false}, "assignee": {"key": "prototech", "timeZone": "America/Los_Angeles", "avatarUrls": {"24x24": "https://tracker.phpbb.com/secure/useravatar?size=small&ownerId=prototech&avatarId=10050", "32x32": "https://tracker.phpbb.com/secure/useravatar?size=medium&ownerId=prototech&avatarId=10050", "48x48": "https://tracker.phpbb.com/secure/useravatar?ownerId=prototech&avatarId=10050", "16x16": "https://tracker.phpbb.com/secure/useravatar?size=xsmall&ownerId=prototech&avatarId=10050"}, "active": true, "self": "https://tracker.phpbb.com/rest/api/2/user?username=prototech", "displayName": "prototech", "name": "prototech"}, "customfield_10040": null, "issuelinks": [{"id": "13754", "inwardIssue": {"id": "28799", "fields": {"summary": "Search not repect permissions", "status": {"id": "6", "statusCategory": {"id": 3, "self": "https://tracker.phpbb.com/rest/api/2/statuscategory/3", "key": "done", "colorName": "green", "name": "Done"}, "description": "The issue is considered finished, the resolution is correct. Issues which are closed can be reopened.", "iconUrl": "https://tracker.phpbb.com/images/icons/phpbb-closed.png", "self": "https://tracker.phpbb.com/rest/api/2/status/6", "name": "Closed"}, "issuetype": {"id": "1", "subtask": false, "description": "A problem which impairs or prevents the functions of the product.", "avatarId": 12123, "iconUrl": "https://tracker.phpbb.com/secure/viewavatar?size=xsmall&avatarId=12123&avatarType=issuetype", "self": "https://tracker.phpbb.com/rest/api/2/issuetype/1", "name": "Bug"}}, "self": "https://tracker.phpbb.com/rest/api/2/issue/28799", "key": "CUSTDB-293"}, "self": "https://tracker.phpbb.com/rest/api/2/issueLink/13754", "type": {"id": "10000", "inward": "is duplicated by", "outward": "duplicates", "self": "https://tracker.phpbb.com/rest/api/2/issueLinkType/10000", "name": "Duplicate"}}], "customfield_10240": "0|i00gyv:", "project": {"id": "10046", "avatarUrls": {"24x24": "https://tracker.phpbb.com/secure/projectavatar?size=small&pid=10046&avatarId=10011", "32x32": "https://tracker.phpbb.com/secure/projectavatar?size=medium&pid=10046&avatarId=10011", "48x48": "https://tracker.phpbb.com/secure/projectavatar?pid=10046&avatarId=10011", "16x16": "https://tracker.phpbb.com/secure/projectavatar?size=xsmall&pid=10046&avatarId=10011"}, "projectCategory": {"id": "10021", "self": "https://tracker.phpbb.com/rest/api/2/projectCategory/10021", "description": "Tools released by the phpBB teams", "name": "Tools"}, "self": "https://tracker.phpbb.com/rest/api/2/project/10046", "key": "CUSTDB", "name": "Customisations Database"}, "customfield_10242": null, "priority": null, "attachment": [], "lastViewed": null, "environment": null, "status": {"id": "5", "statusCategory": {"id": 3, "self": "https://tracker.phpbb.com/rest/api/2/statuscategory/3", "key": "done", "colorName": "green", "name": "Done"}, "description": "A resolution has been taken, and it is awaiting verification by reporter. From here issues are either reopened, or are closed.", "iconUrl": "https://tracker.phpbb.com/images/icons/phpbb-unverified-fix.png", "self": "https://tracker.phpbb.com/rest/api/2/status/5", "name": "Unverified Fix"}, "subtasks": [], "duedate": null, "reporter": {"key": "bonelifer", "timeZone": "America/Chicago", "avatarUrls": {"24x24": "https://tracker.phpbb.com/secure/useravatar?size=small&avatarId=10142", "32x32": "https://tracker.phpbb.com/secure/useravatar?size=medium&avatarId=10142", "48x48": "https://tracker.phpbb.com/secure/useravatar?avatarId=10142", "16x16": "https://tracker.phpbb.com/secure/useravatar?size=xsmall&avatarId=10142"}, "active": true, "self": "https://tracker.phpbb.com/rest/api/2/user?username=bonelifer", "displayName": "bonelifer", "name": "bonelifer"}, "issuetype": {"id": "1", "subtask": false, "description": "A problem which impairs or prevents the functions of the product.", "avatarId": 12123, "iconUrl": "https://tracker.phpbb.com/secure/viewavatar?size=xsmall&avatarId=12123&avatarType=issuetype", "self": "https://tracker.phpbb.com/rest/api/2/issuetype/1", "name": "Bug"}, "customfield_10020": null, "creator": {"key": "noxwizard", "timeZone": "America/Chicago", "avatarUrls": {"24x24": "https://tracker.phpbb.com/secure/useravatar?size=small&ownerId=noxwizard&avatarId=10037", "32x32": "https://tracker.phpbb.com/secure/useravatar?size=medium&ownerId=noxwizard&avatarId=10037", "48x48": "https://tracker.phpbb.com/secure/useravatar?ownerId=noxwizard&avatarId=10037", "16x16": "https://tracker.phpbb.com/secure/useravatar?size=xsmall&ownerId=noxwizard&avatarId=10037"}, "active": true, "self": "https://tracker.phpbb.com/rest/api/2/user?username=Noxwizard", "displayName": "Patrick Webster", "name": "Noxwizard"}, "components": [], "resolutiondate": "2010-05-11T19:18:50.000+0000", "comment": {"total": 10, "startAt": 0, "comments": [{"id": "52737", "updateAuthor": {"key": "tom", "timeZone": "UTC", "avatarUrls": {"24x24": "https://tracker.phpbb.com/secure/useravatar?size=small&avatarId=10142", "32x32": "https://tracker.phpbb.com/secure/useravatar?size=medium&avatarId=10142", "48x48": "https://tracker.phpbb.com/secure/useravatar?avatarId=10142", "16x16": "https://tracker.phpbb.com/secure/useravatar?size=xsmall&avatarId=10142"}, "active": true, "self": "https://tracker.phpbb.com/rest/api/2/user?username=Tom", "displayName": "Tom Catullo", "name": "Tom"}, "author": {"key": "tom", "timeZone": "UTC", "avatarUrls": {"24x24": "https://tracker.phpbb.com/secure/useravatar?size=small&avatarId=10142", "32x32": "https://tracker.phpbb.com/secure/useravatar?size=medium&avatarId=10142", "48x48": "https://tracker.phpbb.com/secure/useravatar?avatarId=10142", "16x16": "https://tracker.phpbb.com/secure/useravatar?size=xsmall&avatarId=10142"}, "active": true, "self": "https://tracker.phpbb.com/rest/api/2/user?username=Tom", "displayName": "Tom Catullo", "name": "Tom"}, "body": "This happens because the Moderator Team has access to queue topics (or that is how it now seems). Anyway, when searching as a regular user, only support topics for MODs are listed. However, no that you have team privileges, MOD discussion topics between authors and team members are also being displayed from your search query. The reason it is taking you to the manage page is because you are clicking on the link to a post in the MOD discussion, instead of in the public support discussion area.\r\n\r\nI could be wrong or could have misinterpreted your report, so please give this another try and see if this is the behavior you are experiencing.", "created": "2010-05-11T23:11:34.000+0000", "updated": "2010-05-11T23:11:34.000+0000", "self": "https://tracker.phpbb.com/rest/api/2/issue/28687/comment/52737"}, {"id": "52738", "updateAuthor": {"key": "bonelifer", "timeZone": "America/Chicago", "avatarUrls": {"24x24": "https://tracker.phpbb.com/secure/useravatar?size=small&avatarId=10142", "32x32": "https://tracker.phpbb.com/secure/useravatar?size=medium&avatarId=10142", "48x48": "https://tracker.phpbb.com/secure/useravatar?avatarId=10142", "16x16": "https://tracker.phpbb.com/secure/useravatar?size=xsmall&avatarId=10142"}, "active": true, "self": "https://tracker.phpbb.com/rest/api/2/user?username=bonelifer", "displayName": "bonelifer", "name": "bonelifer"}, "author": {"key": "bonelifer", "timeZone": "America/Chicago", "avatarUrls": {"24x24": "https://tracker.phpbb.com/secure/useravatar?size=small&avatarId=10142", "32x32": "https://tracker.phpbb.com/secure/useravatar?size=medium&avatarId=10142", "48x48": "https://tracker.phpbb.com/secure/useravatar?avatarId=10142", "16x16": "https://tracker.phpbb.com/secure/useravatar?size=xsmall&avatarId=10142"}, "active": true, "self": "https://tracker.phpbb.com/rest/api/2/user?username=bonelifer", "displayName": "bonelifer", "name": "bonelifer"}, "body": "Search Query: pdf24 Posts to PDF v3\r\n\r\nAddress bar after query:\r\n[http://www.phpbb.com/customise/db/manage/queue/q_12185-pdf24_posts_to_pdf_v3-t_25975-p_66985#p66985]\r\n\r\nThe entry I clicked on had this for the author/date:\r\n\r\nby MOD Robot\r\n    Tue May 13, 2008 10:22 am \r\n\r\nThat would lead me to believe it was from the old MOD Release forum. Which when Titania first went public would of taken me to the new CustDB entry. Strange.  Instead it now takes me to the Manage queue page with the current entries, none having to do with the mod I had searched for.", "created": "2010-05-11T23:47:16.000+0000", "updated": "2010-05-11T23:47:16.000+0000", "self": "https://tracker.phpbb.com/rest/api/2/issue/28687/comment/52738"}, {"id": "52739", "updateAuthor": {"key": "davidiq", "timeZone": "America/New_York", "avatarUrls": {"24x24": "https://tracker.phpbb.com/secure/useravatar?size=small&ownerId=davidiq&avatarId=12223", "32x32": "https://tracker.phpbb.com/secure/useravatar?size=medium&ownerId=davidiq&avatarId=12223", "48x48": "https://tracker.phpbb.com/secure/useravatar?ownerId=davidiq&avatarId=12223", "16x16": "https://tracker.phpbb.com/secure/useravatar?size=xsmall&ownerId=davidiq&avatarId=12223"}, "active": true, "self": "https://tracker.phpbb.com/rest/api/2/user?username=DavidIQ", "displayName": "David Col\u00f3n", "name": "DavidIQ"}, "author": {"key": "davidiq", "timeZone": "America/New_York", "avatarUrls": {"24x24": "https://tracker.phpbb.com/secure/useravatar?size=small&ownerId=davidiq&avatarId=12223", "32x32": "https://tracker.phpbb.com/secure/useravatar?size=medium&ownerId=davidiq&avatarId=12223", "48x48": "https://tracker.phpbb.com/secure/useravatar?ownerId=davidiq&avatarId=12223", "16x16": "https://tracker.phpbb.com/secure/useravatar?size=xsmall&ownerId=davidiq&avatarId=12223"}, "active": true, "self": "https://tracker.phpbb.com/rest/api/2/user?username=DavidIQ", "displayName": "David Col\u00f3n", "name": "DavidIQ"}, "body": "He's ending up in the queue even though the Moderator Team has no access to that area.  There are 4 permissions that pertain to the queue:\r\nCan see Modifications Queue\r\nCan see Modifications Queue Discussion\r\nCan see Styles Queue\r\nCan see Styles Queue Discussion\r\n\r\nThey're all set to \"No\" for the Moderator Team.  The settings in Titania's config.php file should not be overriding these permissions.  Something's a miss here... and regardless of if they're on the team or not clicking on a search result should take the user to the actual contribution  ;)", "created": "2010-05-11T23:57:48.000+0000", "updated": "2010-05-11T23:57:48.000+0000", "self": "https://tracker.phpbb.com/rest/api/2/issue/28687/comment/52739"}, {"id": "52740", "updateAuthor": {"key": "exreaction", "timeZone": "America/Chicago", "avatarUrls": {"24x24": "https://tracker.phpbb.com/secure/useravatar?size=small&avatarId=10142", "32x32": "https://tracker.phpbb.com/secure/useravatar?size=medium&avatarId=10142", "48x48": "https://tracker.phpbb.com/secure/useravatar?avatarId=10142", "16x16": "https://tracker.phpbb.com/secure/useravatar?size=xsmall&avatarId=10142"}, "active": false, "self": "https://tracker.phpbb.com/rest/api/2/user?username=EXreaction", "displayName": "EXreaction [X]", "name": "EXreaction"}, "author": {"key": "exreaction", "timeZone": "America/Chicago", "avatarUrls": {"24x24": "https://tracker.phpbb.com/secure/useravatar?size=small&avatarId=10142", "32x32": "https://tracker.phpbb.com/secure/useravatar?size=medium&avatarId=10142", "48x48": "https://tracker.phpbb.com/secure/useravatar?avatarId=10142", "16x16": "https://tracker.phpbb.com/secure/useravatar?size=xsmall&avatarId=10142"}, "active": false, "self": "https://tracker.phpbb.com/rest/api/2/user?username=EXreaction", "displayName": "EXreaction [X]", "name": "EXreaction"}, "body": "The current search permissions are rather simplistic.  They only check based on the access level for posts right now.\r\n\r\nThe search system needs to be extended a bit for more authorization checks (this only affects those with team level access)", "created": "2010-05-12T01:45:52.000+0000", "updated": "2010-05-12T01:45:52.000+0000", "self": "https://tracker.phpbb.com/rest/api/2/issue/28687/comment/52740"}, {"id": "52741", "updateAuthor": {"key": "davidiq", "timeZone": "America/New_York", "avatarUrls": {"24x24": "https://tracker.phpbb.com/secure/useravatar?size=small&ownerId=davidiq&avatarId=12223", "32x32": "https://tracker.phpbb.com/secure/useravatar?size=medium&ownerId=davidiq&avatarId=12223", "48x48": "https://tracker.phpbb.com/secure/useravatar?ownerId=davidiq&avatarId=12223", "16x16": "https://tracker.phpbb.com/secure/useravatar?size=xsmall&ownerId=davidiq&avatarId=12223"}, "active": true, "self": "https://tracker.phpbb.com/rest/api/2/user?username=DavidIQ", "displayName": "David Col\u00f3n", "name": "DavidIQ"}, "author": {"key": "davidiq", "timeZone": "America/New_York", "avatarUrls": {"24x24": "https://tracker.phpbb.com/secure/useravatar?size=small&ownerId=davidiq&avatarId=12223", "32x32": "https://tracker.phpbb.com/secure/useravatar?size=medium&ownerId=davidiq&avatarId=12223", "48x48": "https://tracker.phpbb.com/secure/useravatar?ownerId=davidiq&avatarId=12223", "16x16": "https://tracker.phpbb.com/secure/useravatar?size=xsmall&ownerId=davidiq&avatarId=12223"}, "active": true, "self": "https://tracker.phpbb.com/rest/api/2/user?username=DavidIQ", "displayName": "David Col\u00f3n", "name": "DavidIQ"}, "body": "IMO search shouldn't work any different if you're on a team.  If I'm searching in Titania I certainly am not searching for queue topics or anything other than contributions themselves.", "created": "2010-05-12T01:49:33.000+0000", "updated": "2010-05-12T01:49:33.000+0000", "self": "https://tracker.phpbb.com/rest/api/2/issue/28687/comment/52741"}, {"id": "52742", "updateAuthor": {"key": "exreaction", "timeZone": "America/Chicago", "avatarUrls": {"24x24": "https://tracker.phpbb.com/secure/useravatar?size=small&avatarId=10142", "32x32": "https://tracker.phpbb.com/secure/useravatar?size=medium&avatarId=10142", "48x48": "https://tracker.phpbb.com/secure/useravatar?avatarId=10142", "16x16": "https://tracker.phpbb.com/secure/useravatar?size=xsmall&avatarId=10142"}, "active": false, "self": "https://tracker.phpbb.com/rest/api/2/user?username=EXreaction", "displayName": "EXreaction [X]", "name": "EXreaction"}, "author": {"key": "exreaction", "timeZone": "America/Chicago", "avatarUrls": {"24x24": "https://tracker.phpbb.com/secure/useravatar?size=small&avatarId=10142", "32x32": "https://tracker.phpbb.com/secure/useravatar?size=medium&avatarId=10142", "48x48": "https://tracker.phpbb.com/secure/useravatar?avatarId=10142", "16x16": "https://tracker.phpbb.com/secure/useravatar?size=xsmall&avatarId=10142"}, "active": false, "self": "https://tracker.phpbb.com/rest/api/2/user?username=EXreaction", "displayName": "EXreaction [X]", "name": "EXreaction"}, "body": "Maybe there is some way to try making it list matching contributions before other results.  It would be best to list contributions first probably (although we don't have the support for listing only those yet either).", "created": "2010-05-12T02:29:27.000+0000", "updated": "2010-05-12T02:29:27.000+0000", "self": "https://tracker.phpbb.com/rest/api/2/issue/28687/comment/52742"}, {"id": "52743", "updateAuthor": {"key": "davidiq", "timeZone": "America/New_York", "avatarUrls": {"24x24": "https://tracker.phpbb.com/secure/useravatar?size=small&ownerId=davidiq&avatarId=12223", "32x32": "https://tracker.phpbb.com/secure/useravatar?size=medium&ownerId=davidiq&avatarId=12223", "48x48": "https://tracker.phpbb.com/secure/useravatar?ownerId=davidiq&avatarId=12223", "16x16": "https://tracker.phpbb.com/secure/useravatar?size=xsmall&ownerId=davidiq&avatarId=12223"}, "active": true, "self": "https://tracker.phpbb.com/rest/api/2/user?username=DavidIQ", "displayName": "David Col\u00f3n", "name": "DavidIQ"}, "author": {"key": "davidiq", "timeZone": "America/New_York", "avatarUrls": {"24x24": "https://tracker.phpbb.com/secure/useravatar?size=small&ownerId=davidiq&avatarId=12223", "32x32": "https://tracker.phpbb.com/secure/useravatar?size=medium&ownerId=davidiq&avatarId=12223", "48x48": "https://tracker.phpbb.com/secure/useravatar?ownerId=davidiq&avatarId=12223", "16x16": "https://tracker.phpbb.com/secure/useravatar?size=xsmall&ownerId=davidiq&avatarId=12223"}, "active": true, "self": "https://tracker.phpbb.com/rest/api/2/user?username=DavidIQ", "displayName": "David Col\u00f3n", "name": "DavidIQ"}, "body": "Not sure that the current search results are very useful... have you tried it?", "created": "2010-05-12T02:38:16.000+0000", "updated": "2010-05-12T02:38:16.000+0000", "self": "https://tracker.phpbb.com/rest/api/2/issue/28687/comment/52743"}, {"id": "52744", "updateAuthor": {"key": "exreaction", "timeZone": "America/Chicago", "avatarUrls": {"24x24": "https://tracker.phpbb.com/secure/useravatar?size=small&avatarId=10142", "32x32": "https://tracker.phpbb.com/secure/useravatar?size=medium&avatarId=10142", "48x48": "https://tracker.phpbb.com/secure/useravatar?avatarId=10142", "16x16": "https://tracker.phpbb.com/secure/useravatar?size=xsmall&avatarId=10142"}, "active": false, "self": "https://tracker.phpbb.com/rest/api/2/user?username=EXreaction", "displayName": "EXreaction [X]", "name": "EXreaction"}, "author": {"key": "exreaction", "timeZone": "America/Chicago", "avatarUrls": {"24x24": "https://tracker.phpbb.com/secure/useravatar?size=small&avatarId=10142", "32x32": "https://tracker.phpbb.com/secure/useravatar?size=medium&avatarId=10142", "48x48": "https://tracker.phpbb.com/secure/useravatar?avatarId=10142", "16x16": "https://tracker.phpbb.com/secure/useravatar?size=xsmall&avatarId=10142"}, "active": false, "self": "https://tracker.phpbb.com/rest/api/2/user?username=EXreaction", "displayName": "EXreaction [X]", "name": "EXreaction"}, "body": "Yes, we should have the ability to search a specific type (contributions, support, etc).  It's on the long to-do list. ;)", "created": "2010-05-12T02:40:23.000+0000", "updated": "2010-05-12T02:40:23.000+0000", "self": "https://tracker.phpbb.com/rest/api/2/issue/28687/comment/52744"}, {"id": "52745", "updateAuthor": {"key": "bonelifer", "timeZone": "America/Chicago", "avatarUrls": {"24x24": "https://tracker.phpbb.com/secure/useravatar?size=small&avatarId=10142", "32x32": "https://tracker.phpbb.com/secure/useravatar?size=medium&avatarId=10142", "48x48": "https://tracker.phpbb.com/secure/useravatar?avatarId=10142", "16x16": "https://tracker.phpbb.com/secure/useravatar?size=xsmall&avatarId=10142"}, "active": true, "self": "https://tracker.phpbb.com/rest/api/2/user?username=bonelifer", "displayName": "bonelifer", "name": "bonelifer"}, "author": {"key": "bonelifer", "timeZone": "America/Chicago", "avatarUrls": {"24x24": "https://tracker.phpbb.com/secure/useravatar?size=small&avatarId=10142", "32x32": "https://tracker.phpbb.com/secure/useravatar?size=medium&avatarId=10142", "48x48": "https://tracker.phpbb.com/secure/useravatar?avatarId=10142", "16x16": "https://tracker.phpbb.com/secure/useravatar?size=xsmall&avatarId=10142"}, "active": true, "self": "https://tracker.phpbb.com/rest/api/2/user?username=bonelifer", "displayName": "bonelifer", "name": "bonelifer"}, "body": "The strange thing is that the link I clicked on was definitely for the mods \"Mod Release\" forum topic on the forum.  So it shouldn't sent me to the queue.", "created": "2010-05-12T03:01:21.000+0000", "updated": "2010-05-12T03:01:21.000+0000", "self": "https://tracker.phpbb.com/rest/api/2/issue/28687/comment/52745"}, {"id": "52746", "updateAuthor": {"key": "exreaction", "timeZone": "America/Chicago", "avatarUrls": {"24x24": "https://tracker.phpbb.com/secure/useravatar?size=small&avatarId=10142", "32x32": "https://tracker.phpbb.com/secure/useravatar?size=medium&avatarId=10142", "48x48": "https://tracker.phpbb.com/secure/useravatar?avatarId=10142", "16x16": "https://tracker.phpbb.com/secure/useravatar?size=xsmall&avatarId=10142"}, "active": false, "self": "https://tracker.phpbb.com/rest/api/2/user?username=EXreaction", "displayName": "EXreaction [X]", "name": "EXreaction"}, "author": {"key": "exreaction", "timeZone": "America/Chicago", "avatarUrls": {"24x24": "https://tracker.phpbb.com/secure/useravatar?size=small&avatarId=10142", "32x32": "https://tracker.phpbb.com/secure/useravatar?size=medium&avatarId=10142", "48x48": "https://tracker.phpbb.com/secure/useravatar?avatarId=10142", "16x16": "https://tracker.phpbb.com/secure/useravatar?size=xsmall&avatarId=10142"}, "active": false, "self": "https://tracker.phpbb.com/rest/api/2/user?username=EXreaction", "displayName": "EXreaction [X]", "name": "EXreaction"}, "body": "That's just the post used as one of the first posts in the validation queue topic in the old system (they were copied over)", "created": "2010-05-12T03:06:11.000+0000", "updated": "2010-05-12T03:06:11.000+0000", "self": "https://tracker.phpbb.com/rest/api/2/issue/28687/comment/52746"}], "maxResults": 10}, "workratio": -1}, "expand": "renderedFields,names,schema,operations,editmeta,changelog,versionedRepresentations", "self": "https://tracker.phpbb.com/rest/api/2/issue/28687", "key": "CUSTDB-181"}