{"id": "28767", "fields": {"summary": "Add a minimum post requirement for submitting?", "customfield_10241": null, "labels": [], "description": "Well, today a zero-post user created this \"modficiation\" entry in the MODs DB: [http://www.phpbb.com/customise/db/mod/eeeee/]\n\nIt might be a good idea to have a minimum number of posts required for submitting to the DB to prevent spam from zero-posters and such.", "updated": "2010-06-29T03:14:38.000+0000", "resolution": {"id": "2", "self": "https://tracker.phpbb.com/rest/api/2/resolution/2", "description": "The problem described is an issue which will never be fixed.", "name": "Won't Fix"}, "versions": [], "created": "2010-06-29T03:14:38.000+0000", "votes": {"votes": 0, "self": "https://tracker.phpbb.com/rest/api/2/issue/CUSTDB-261/votes", "hasVoted": false}, "fixVersions": [], "customfield_10146": 62200.0, "watches": {"self": "https://tracker.phpbb.com/rest/api/2/issue/CUSTDB-261/watchers", "watchCount": 0, "isWatching": false}, "assignee": {"key": "exreaction", "timeZone": "America/Chicago", "avatarUrls": {"24x24": "https://tracker.phpbb.com/secure/useravatar?size=small&avatarId=10142", "32x32": "https://tracker.phpbb.com/secure/useravatar?size=medium&avatarId=10142", "48x48": "https://tracker.phpbb.com/secure/useravatar?avatarId=10142", "16x16": "https://tracker.phpbb.com/secure/useravatar?size=xsmall&avatarId=10142"}, "active": false, "self": "https://tracker.phpbb.com/rest/api/2/user?username=EXreaction", "displayName": "EXreaction [X]", "name": "EXreaction"}, "customfield_10040": null, "issuelinks": [], "customfield_10240": "0|i00gbj:", "project": {"id": "10046", "avatarUrls": {"24x24": "https://tracker.phpbb.com/secure/projectavatar?size=small&pid=10046&avatarId=10011", "32x32": "https://tracker.phpbb.com/secure/projectavatar?size=medium&pid=10046&avatarId=10011", "48x48": "https://tracker.phpbb.com/secure/projectavatar?pid=10046&avatarId=10011", "16x16": "https://tracker.phpbb.com/secure/projectavatar?size=xsmall&pid=10046&avatarId=10011"}, "projectCategory": {"id": "10021", "self": "https://tracker.phpbb.com/rest/api/2/projectCategory/10021", "description": "Tools released by the phpBB teams", "name": "Tools"}, "self": "https://tracker.phpbb.com/rest/api/2/project/10046", "key": "CUSTDB", "name": "Customisations Database"}, "customfield_10242": null, "priority": null, "attachment": [], "lastViewed": null, "environment": null, "status": {"id": "6", "statusCategory": {"id": 3, "self": "https://tracker.phpbb.com/rest/api/2/statuscategory/3", "key": "done", "colorName": "green", "name": "Done"}, "description": "The issue is considered finished, the resolution is correct. Issues which are closed can be reopened.", "iconUrl": "https://tracker.phpbb.com/images/icons/phpbb-closed.png", "self": "https://tracker.phpbb.com/rest/api/2/status/6", "name": "Closed"}, "subtasks": [], "duedate": null, "reporter": {"key": "imkingdavid", "timeZone": "America/New_York", "avatarUrls": {"24x24": "https://tracker.phpbb.com/secure/useravatar?size=small&ownerId=imkingdavid&avatarId=10080", "32x32": "https://tracker.phpbb.com/secure/useravatar?size=medium&ownerId=imkingdavid&avatarId=10080", "48x48": "https://tracker.phpbb.com/secure/useravatar?ownerId=imkingdavid&avatarId=10080", "16x16": "https://tracker.phpbb.com/secure/useravatar?size=xsmall&ownerId=imkingdavid&avatarId=10080"}, "active": true, "self": "https://tracker.phpbb.com/rest/api/2/user?username=imkingdavid", "displayName": "David King", "name": "imkingdavid"}, "issuetype": {"id": "1", "subtask": false, "description": "A problem which impairs or prevents the functions of the product.", "avatarId": 12123, "iconUrl": "https://tracker.phpbb.com/secure/viewavatar?size=xsmall&avatarId=12123&avatarType=issuetype", "self": "https://tracker.phpbb.com/rest/api/2/issuetype/1", "name": "Bug"}, "customfield_10020": null, "creator": {"key": "noxwizard", "timeZone": "America/Chicago", "avatarUrls": {"24x24": "https://tracker.phpbb.com/secure/useravatar?size=small&ownerId=noxwizard&avatarId=10037", "32x32": "https://tracker.phpbb.com/secure/useravatar?size=medium&ownerId=noxwizard&avatarId=10037", "48x48": "https://tracker.phpbb.com/secure/useravatar?ownerId=noxwizard&avatarId=10037", "16x16": "https://tracker.phpbb.com/secure/useravatar?size=xsmall&ownerId=noxwizard&avatarId=10037"}, "active": true, "self": "https://tracker.phpbb.com/rest/api/2/user?username=Noxwizard", "displayName": "Patrick Webster", "name": "Noxwizard"}, "components": [], "resolutiondate": "2010-06-29T03:14:38.000+0000", "comment": {"total": 3, "startAt": 0, "comments": [{"id": "52947", "updateAuthor": {"key": "exreaction", "timeZone": "America/Chicago", "avatarUrls": {"24x24": "https://tracker.phpbb.com/secure/useravatar?size=small&avatarId=10142", "32x32": "https://tracker.phpbb.com/secure/useravatar?size=medium&avatarId=10142", "48x48": "https://tracker.phpbb.com/secure/useravatar?avatarId=10142", "16x16": "https://tracker.phpbb.com/secure/useravatar?size=xsmall&avatarId=10142"}, "active": false, "self": "https://tracker.phpbb.com/rest/api/2/user?username=EXreaction", "displayName": "EXreaction [X]", "name": "EXreaction"}, "author": {"key": "exreaction", "timeZone": "America/Chicago", "avatarUrls": {"24x24": "https://tracker.phpbb.com/secure/useravatar?size=small&avatarId=10142", "32x32": "https://tracker.phpbb.com/secure/useravatar?size=medium&avatarId=10142", "48x48": "https://tracker.phpbb.com/secure/useravatar?avatarId=10142", "16x16": "https://tracker.phpbb.com/secure/useravatar?size=xsmall&avatarId=10142"}, "active": false, "self": "https://tracker.phpbb.com/rest/api/2/user?username=EXreaction", "displayName": "EXreaction [X]", "name": "EXreaction"}, "body": "Spam isn't a problem really there, they are completely hidden to normal users until approved.\r\n\r\nI don't believe we should force someone to post before they can submit a contribution.", "created": "2010-06-29T03:38:51.000+0000", "updated": "2010-06-29T03:38:51.000+0000", "self": "https://tracker.phpbb.com/rest/api/2/issue/28767/comment/52947"}, {"id": "52948", "updateAuthor": {"key": "imkingdavid", "timeZone": "America/New_York", "avatarUrls": {"24x24": "https://tracker.phpbb.com/secure/useravatar?size=small&ownerId=imkingdavid&avatarId=10080", "32x32": "https://tracker.phpbb.com/secure/useravatar?size=medium&ownerId=imkingdavid&avatarId=10080", "48x48": "https://tracker.phpbb.com/secure/useravatar?ownerId=imkingdavid&avatarId=10080", "16x16": "https://tracker.phpbb.com/secure/useravatar?size=xsmall&ownerId=imkingdavid&avatarId=10080"}, "active": true, "self": "https://tracker.phpbb.com/rest/api/2/user?username=imkingdavid", "displayName": "David King", "name": "imkingdavid"}, "author": {"key": "imkingdavid", "timeZone": "America/New_York", "avatarUrls": {"24x24": "https://tracker.phpbb.com/secure/useravatar?size=small&ownerId=imkingdavid&avatarId=10080", "32x32": "https://tracker.phpbb.com/secure/useravatar?size=medium&ownerId=imkingdavid&avatarId=10080", "48x48": "https://tracker.phpbb.com/secure/useravatar?ownerId=imkingdavid&avatarId=10080", "16x16": "https://tracker.phpbb.com/secure/useravatar?size=xsmall&ownerId=imkingdavid&avatarId=10080"}, "active": true, "self": "https://tracker.phpbb.com/rest/api/2/user?username=imkingdavid", "displayName": "David King", "name": "imkingdavid"}, "body": "Fair enough, but this software is eventually going to be released, correct? If so, I think it would be at least something to consider adding into the software to allow the admin to customize it fully.", "created": "2010-06-29T03:44:21.000+0000", "updated": "2010-06-29T03:44:21.000+0000", "self": "https://tracker.phpbb.com/rest/api/2/issue/28767/comment/52948"}, {"id": "52949", "updateAuthor": {"key": "exreaction", "timeZone": "America/Chicago", "avatarUrls": {"24x24": "https://tracker.phpbb.com/secure/useravatar?size=small&avatarId=10142", "32x32": "https://tracker.phpbb.com/secure/useravatar?size=medium&avatarId=10142", "48x48": "https://tracker.phpbb.com/secure/useravatar?avatarId=10142", "16x16": "https://tracker.phpbb.com/secure/useravatar?size=xsmall&avatarId=10142"}, "active": false, "self": "https://tracker.phpbb.com/rest/api/2/user?username=EXreaction", "displayName": "EXreaction [X]", "name": "EXreaction"}, "author": {"key": "exreaction", "timeZone": "America/Chicago", "avatarUrls": {"24x24": "https://tracker.phpbb.com/secure/useravatar?size=small&avatarId=10142", "32x32": "https://tracker.phpbb.com/secure/useravatar?size=medium&avatarId=10142", "48x48": "https://tracker.phpbb.com/secure/useravatar?avatarId=10142", "16x16": "https://tracker.phpbb.com/secure/useravatar?size=xsmall&avatarId=10142"}, "active": false, "self": "https://tracker.phpbb.com/rest/api/2/user?username=EXreaction", "displayName": "EXreaction [X]", "name": "EXreaction"}, "body": "I can't add every single option possibly wanted in case someone might want it, there are enough things I have planned and far too little time.  I am not sure that many sites other than ISTs will want to use it anyways.\r\n\r\nIf someone wants something special they can ask me to add a hook in the core and then use the hook to do it without extra modifications.", "created": "2010-06-29T03:58:58.000+0000", "updated": "2010-06-29T03:58:58.000+0000", "self": "https://tracker.phpbb.com/rest/api/2/issue/28767/comment/52949"}], "maxResults": 3}, "workratio": -1}, "expand": "renderedFields,names,schema,operations,editmeta,changelog,versionedRepresentations", "self": "https://tracker.phpbb.com/rest/api/2/issue/28767", "key": "CUSTDB-261"}