{"id": "28903", "fields": {"summary": "Add phpBB Version support to revisions", "customfield_10241": null, "labels": [], "description": "No revisions were updated from the given limitations.\n\n{code}FILE: home/nextgen/public_html/board.com/customisation/includes/functions.php\nLINE: 280\nCALL: titania_backtrace()\n\nFILE: \nLINE: \nCALL: titania_msg_handler()\n\nFILE: home/nextgen/public_html/board.com/customisation/manage/administration.php\nLINE: 179\nCALL: trigger_error()\n\nFILE: home/nextgen/public_html/board.com/customisation/includes/manage_tools/phpbb_version_add.php\nLINE: 114\nCALL: trigger_back()\n\nFILE: home/nextgen/public_html/board.com/customisation/manage/administration.php\nLINE: 64\nCALL: phpbb_version_add->run_tool()\n\nFILE: home/nextgen/public_html/board.com/customisation/manage/index.php\nLINE: 94\nCALL: include('home/nextgen/public_html/board.com/customisation/manage/administration.php') {code}", "updated": "2010-12-28T00:14:24.000+0000", "resolution": {"id": "6", "self": "https://tracker.phpbb.com/rest/api/2/resolution/6", "description": "The reported issue is invalid.", "name": "Invalid"}, "versions": [], "created": "2010-12-28T00:14:24.000+0000", "votes": {"votes": 0, "self": "https://tracker.phpbb.com/rest/api/2/issue/CUSTDB-397/votes", "hasVoted": false}, "fixVersions": [], "customfield_10146": 62583.0, "watches": {"self": "https://tracker.phpbb.com/rest/api/2/issue/CUSTDB-397/watchers", "watchCount": 0, "isWatching": false}, "assignee": {"key": "davidiq", "timeZone": "America/New_York", "avatarUrls": {"24x24": "https://tracker.phpbb.com/secure/useravatar?size=small&ownerId=davidiq&avatarId=12223", "32x32": "https://tracker.phpbb.com/secure/useravatar?size=medium&ownerId=davidiq&avatarId=12223", "48x48": "https://tracker.phpbb.com/secure/useravatar?ownerId=davidiq&avatarId=12223", "16x16": "https://tracker.phpbb.com/secure/useravatar?size=xsmall&ownerId=davidiq&avatarId=12223"}, "active": true, "self": "https://tracker.phpbb.com/rest/api/2/user?username=DavidIQ", "displayName": "David Col\u00f3n", "name": "DavidIQ"}, "customfield_10040": null, "issuelinks": [], "customfield_10240": "0|i00fo7:", "project": {"id": "10046", "avatarUrls": {"24x24": "https://tracker.phpbb.com/secure/projectavatar?size=small&pid=10046&avatarId=10011", "32x32": "https://tracker.phpbb.com/secure/projectavatar?size=medium&pid=10046&avatarId=10011", "48x48": "https://tracker.phpbb.com/secure/projectavatar?pid=10046&avatarId=10011", "16x16": "https://tracker.phpbb.com/secure/projectavatar?size=xsmall&pid=10046&avatarId=10011"}, "projectCategory": {"id": "10021", "self": "https://tracker.phpbb.com/rest/api/2/projectCategory/10021", "description": "Tools released by the phpBB teams", "name": "Tools"}, "self": "https://tracker.phpbb.com/rest/api/2/project/10046", "key": "CUSTDB", "name": "Customisations Database"}, "customfield_10242": null, "priority": null, "attachment": [{"id": "15514", "author": {"key": "nextgen", "timeZone": "America/Guatemala", "avatarUrls": {"24x24": "https://tracker.phpbb.com/secure/useravatar?size=small&ownerId=nextgen&avatarId=14224", "32x32": "https://tracker.phpbb.com/secure/useravatar?size=medium&ownerId=nextgen&avatarId=14224", "48x48": "https://tracker.phpbb.com/secure/useravatar?ownerId=nextgen&avatarId=14224", "16x16": "https://tracker.phpbb.com/secure/useravatar?size=xsmall&ownerId=nextgen&avatarId=14224"}, "active": true, "self": "https://tracker.phpbb.com/rest/api/2/user?username=nextgen", "displayName": "Melvin Garc\u00eda", "name": "nextgen"}, "content": "https://tracker.phpbb.com/secure/attachment/15514/Add+phpBB+Version+support+to+revisions+%E2%80%A2+php.png", "created": "2010-12-28T00:14:24.000+0000", "filename": "Add phpBB Version support to revisions \u2022 php.png", "size": 21609, "self": "https://tracker.phpbb.com/rest/api/2/attachment/15514", "thumbnail": "https://tracker.phpbb.com/secure/thumbnail/15514/_thumb_15514.png", "mimeType": "image/png"}], "lastViewed": null, "environment": null, "status": {"id": "6", "statusCategory": {"id": 3, "self": "https://tracker.phpbb.com/rest/api/2/statuscategory/3", "key": "done", "colorName": "green", "name": "Done"}, "description": "The issue is considered finished, the resolution is correct. Issues which are closed can be reopened.", "iconUrl": "https://tracker.phpbb.com/images/icons/phpbb-closed.png", "self": "https://tracker.phpbb.com/rest/api/2/status/6", "name": "Closed"}, "subtasks": [], "duedate": null, "reporter": {"key": "nextgen", "timeZone": "America/Guatemala", "avatarUrls": {"24x24": "https://tracker.phpbb.com/secure/useravatar?size=small&ownerId=nextgen&avatarId=14224", "32x32": "https://tracker.phpbb.com/secure/useravatar?size=medium&ownerId=nextgen&avatarId=14224", "48x48": "https://tracker.phpbb.com/secure/useravatar?ownerId=nextgen&avatarId=14224", "16x16": "https://tracker.phpbb.com/secure/useravatar?size=xsmall&ownerId=nextgen&avatarId=14224"}, "active": true, "self": "https://tracker.phpbb.com/rest/api/2/user?username=nextgen", "displayName": "Melvin Garc\u00eda", "name": "nextgen"}, "issuetype": {"id": "1", "subtask": false, "description": "A problem which impairs or prevents the functions of the product.", "avatarId": 12123, "iconUrl": "https://tracker.phpbb.com/secure/viewavatar?size=xsmall&avatarId=12123&avatarType=issuetype", "self": "https://tracker.phpbb.com/rest/api/2/issuetype/1", "name": "Bug"}, "customfield_10020": null, "creator": {"key": "noxwizard", "timeZone": "America/Chicago", "avatarUrls": {"24x24": "https://tracker.phpbb.com/secure/useravatar?size=small&ownerId=noxwizard&avatarId=10037", "32x32": "https://tracker.phpbb.com/secure/useravatar?size=medium&ownerId=noxwizard&avatarId=10037", "48x48": "https://tracker.phpbb.com/secure/useravatar?ownerId=noxwizard&avatarId=10037", "16x16": "https://tracker.phpbb.com/secure/useravatar?size=xsmall&ownerId=noxwizard&avatarId=10037"}, "active": true, "self": "https://tracker.phpbb.com/rest/api/2/user?username=Noxwizard", "displayName": "Patrick Webster", "name": "Noxwizard"}, "components": [], "resolutiondate": "2010-12-28T00:14:24.000+0000", "comment": {"total": 8, "startAt": 0, "comments": [{"id": "53403", "updateAuthor": {"key": "nextgen", "timeZone": "America/Guatemala", "avatarUrls": {"24x24": "https://tracker.phpbb.com/secure/useravatar?size=small&ownerId=nextgen&avatarId=14224", "32x32": "https://tracker.phpbb.com/secure/useravatar?size=medium&ownerId=nextgen&avatarId=14224", "48x48": "https://tracker.phpbb.com/secure/useravatar?ownerId=nextgen&avatarId=14224", "16x16": "https://tracker.phpbb.com/secure/useravatar?size=xsmall&ownerId=nextgen&avatarId=14224"}, "active": true, "self": "https://tracker.phpbb.com/rest/api/2/user?username=nextgen", "displayName": "Melvin Garc\u00eda", "name": "nextgen"}, "author": {"key": "nextgen", "timeZone": "America/Guatemala", "avatarUrls": {"24x24": "https://tracker.phpbb.com/secure/useravatar?size=small&ownerId=nextgen&avatarId=14224", "32x32": "https://tracker.phpbb.com/secure/useravatar?size=medium&ownerId=nextgen&avatarId=14224", "48x48": "https://tracker.phpbb.com/secure/useravatar?ownerId=nextgen&avatarId=14224", "16x16": "https://tracker.phpbb.com/secure/useravatar?size=xsmall&ownerId=nextgen&avatarId=14224"}, "active": true, "self": "https://tracker.phpbb.com/rest/api/2/user?username=nextgen", "displayName": "Melvin Garc\u00eda", "name": "nextgen"}, "body": "Attachment Add phpBB Version support to revisions \u2022 php.png has been added with description: Add phpBB Version support to revisions \u2022 php.png", "created": "2010-12-28T00:14:24.000+0000", "updated": "2010-12-28T00:14:24.000+0000", "self": "https://tracker.phpbb.com/rest/api/2/issue/28903/comment/53403"}, {"id": "53396", "updateAuthor": {"key": "davidiq", "timeZone": "America/New_York", "avatarUrls": {"24x24": "https://tracker.phpbb.com/secure/useravatar?size=small&ownerId=davidiq&avatarId=12223", "32x32": "https://tracker.phpbb.com/secure/useravatar?size=medium&ownerId=davidiq&avatarId=12223", "48x48": "https://tracker.phpbb.com/secure/useravatar?ownerId=davidiq&avatarId=12223", "16x16": "https://tracker.phpbb.com/secure/useravatar?size=xsmall&ownerId=davidiq&avatarId=12223"}, "active": true, "self": "https://tracker.phpbb.com/rest/api/2/user?username=DavidIQ", "displayName": "David Col\u00f3n", "name": "DavidIQ"}, "author": {"key": "davidiq", "timeZone": "America/New_York", "avatarUrls": {"24x24": "https://tracker.phpbb.com/secure/useravatar?size=small&ownerId=davidiq&avatarId=12223", "32x32": "https://tracker.phpbb.com/secure/useravatar?size=medium&ownerId=davidiq&avatarId=12223", "48x48": "https://tracker.phpbb.com/secure/useravatar?ownerId=davidiq&avatarId=12223", "16x16": "https://tracker.phpbb.com/secure/useravatar?size=xsmall&ownerId=davidiq&avatarId=12223"}, "active": true, "self": "https://tracker.phpbb.com/rest/api/2/user?username=DavidIQ", "displayName": "David Col\u00f3n", "name": "DavidIQ"}, "body": "I'm not sure what we're supposed to do here.  You need to provide steps of what you were doing and how exactly you were doing it.  Otherwise there's nothing to do here.\r\n\r\nThis is likely a missconfiguration on your end.", "created": "2010-12-28T00:28:40.000+0000", "updated": "2010-12-28T00:28:40.000+0000", "self": "https://tracker.phpbb.com/rest/api/2/issue/28903/comment/53396"}, {"id": "53397", "updateAuthor": {"key": "nextgen", "timeZone": "America/Guatemala", "avatarUrls": {"24x24": "https://tracker.phpbb.com/secure/useravatar?size=small&ownerId=nextgen&avatarId=14224", "32x32": "https://tracker.phpbb.com/secure/useravatar?size=medium&ownerId=nextgen&avatarId=14224", "48x48": "https://tracker.phpbb.com/secure/useravatar?ownerId=nextgen&avatarId=14224", "16x16": "https://tracker.phpbb.com/secure/useravatar?size=xsmall&ownerId=nextgen&avatarId=14224"}, "active": true, "self": "https://tracker.phpbb.com/rest/api/2/user?username=nextgen", "displayName": "Melvin Garc\u00eda", "name": "nextgen"}, "author": {"key": "nextgen", "timeZone": "America/Guatemala", "avatarUrls": {"24x24": "https://tracker.phpbb.com/secure/useravatar?size=small&ownerId=nextgen&avatarId=14224", "32x32": "https://tracker.phpbb.com/secure/useravatar?size=medium&ownerId=nextgen&avatarId=14224", "48x48": "https://tracker.phpbb.com/secure/useravatar?ownerId=nextgen&avatarId=14224", "16x16": "https://tracker.phpbb.com/secure/useravatar?size=xsmall&ownerId=nextgen&avatarId=14224"}, "active": true, "self": "https://tracker.phpbb.com/rest/api/2/user?username=nextgen", "displayName": "Melvin Garc\u00eda", "name": "nextgen"}, "body": "I do not speak much English, but the problem arises when I add a version of phpBB", "created": "2010-12-28T00:33:31.000+0000", "updated": "2010-12-28T00:33:31.000+0000", "self": "https://tracker.phpbb.com/rest/api/2/issue/28903/comment/53397"}, {"id": "53398", "updateAuthor": {"key": "davidiq", "timeZone": "America/New_York", "avatarUrls": {"24x24": "https://tracker.phpbb.com/secure/useravatar?size=small&ownerId=davidiq&avatarId=12223", "32x32": "https://tracker.phpbb.com/secure/useravatar?size=medium&ownerId=davidiq&avatarId=12223", "48x48": "https://tracker.phpbb.com/secure/useravatar?ownerId=davidiq&avatarId=12223", "16x16": "https://tracker.phpbb.com/secure/useravatar?size=xsmall&ownerId=davidiq&avatarId=12223"}, "active": true, "self": "https://tracker.phpbb.com/rest/api/2/user?username=DavidIQ", "displayName": "David Col\u00f3n", "name": "DavidIQ"}, "author": {"key": "davidiq", "timeZone": "America/New_York", "avatarUrls": {"24x24": "https://tracker.phpbb.com/secure/useravatar?size=small&ownerId=davidiq&avatarId=12223", "32x32": "https://tracker.phpbb.com/secure/useravatar?size=medium&ownerId=davidiq&avatarId=12223", "48x48": "https://tracker.phpbb.com/secure/useravatar?ownerId=davidiq&avatarId=12223", "16x16": "https://tracker.phpbb.com/secure/useravatar?size=xsmall&ownerId=davidiq&avatarId=12223"}, "active": true, "self": "https://tracker.phpbb.com/rest/api/2/user?username=DavidIQ", "displayName": "David Col\u00f3n", "name": "DavidIQ"}, "body": "According to the code the version of phpBB should have been added.  The message just means there were no contributions that needed to be updated based on the limitations you established.  Was the version you added saved to the versions list?", "created": "2010-12-28T00:50:04.000+0000", "updated": "2010-12-28T00:50:04.000+0000", "self": "https://tracker.phpbb.com/rest/api/2/issue/28903/comment/53398"}, {"id": "53399", "updateAuthor": {"key": "nextgen", "timeZone": "America/Guatemala", "avatarUrls": {"24x24": "https://tracker.phpbb.com/secure/useravatar?size=small&ownerId=nextgen&avatarId=14224", "32x32": "https://tracker.phpbb.com/secure/useravatar?size=medium&ownerId=nextgen&avatarId=14224", "48x48": "https://tracker.phpbb.com/secure/useravatar?ownerId=nextgen&avatarId=14224", "16x16": "https://tracker.phpbb.com/secure/useravatar?size=xsmall&ownerId=nextgen&avatarId=14224"}, "active": true, "self": "https://tracker.phpbb.com/rest/api/2/user?username=nextgen", "displayName": "Melvin Garc\u00eda", "name": "nextgen"}, "author": {"key": "nextgen", "timeZone": "America/Guatemala", "avatarUrls": {"24x24": "https://tracker.phpbb.com/secure/useravatar?size=small&ownerId=nextgen&avatarId=14224", "32x32": "https://tracker.phpbb.com/secure/useravatar?size=medium&ownerId=nextgen&avatarId=14224", "48x48": "https://tracker.phpbb.com/secure/useravatar?ownerId=nextgen&avatarId=14224", "16x16": "https://tracker.phpbb.com/secure/useravatar?size=xsmall&ownerId=nextgen&avatarId=14224"}, "active": true, "self": "https://tracker.phpbb.com/rest/api/2/user?username=nextgen", "displayName": "Melvin Garc\u00eda", "name": "nextgen"}, "body": "because I do not see any version because the version I want to enter get the message above, any other information needed let me know.", "created": "2010-12-28T01:04:08.000+0000", "updated": "2010-12-28T01:04:08.000+0000", "self": "https://tracker.phpbb.com/rest/api/2/issue/28903/comment/53399"}, {"id": "53400", "updateAuthor": {"key": "davidiq", "timeZone": "America/New_York", "avatarUrls": {"24x24": "https://tracker.phpbb.com/secure/useravatar?size=small&ownerId=davidiq&avatarId=12223", "32x32": "https://tracker.phpbb.com/secure/useravatar?size=medium&ownerId=davidiq&avatarId=12223", "48x48": "https://tracker.phpbb.com/secure/useravatar?ownerId=davidiq&avatarId=12223", "16x16": "https://tracker.phpbb.com/secure/useravatar?size=xsmall&ownerId=davidiq&avatarId=12223"}, "active": true, "self": "https://tracker.phpbb.com/rest/api/2/user?username=DavidIQ", "displayName": "David Col\u00f3n", "name": "DavidIQ"}, "author": {"key": "davidiq", "timeZone": "America/New_York", "avatarUrls": {"24x24": "https://tracker.phpbb.com/secure/useravatar?size=small&ownerId=davidiq&avatarId=12223", "32x32": "https://tracker.phpbb.com/secure/useravatar?size=medium&ownerId=davidiq&avatarId=12223", "48x48": "https://tracker.phpbb.com/secure/useravatar?ownerId=davidiq&avatarId=12223", "16x16": "https://tracker.phpbb.com/secure/useravatar?size=xsmall&ownerId=davidiq&avatarId=12223"}, "active": true, "self": "https://tracker.phpbb.com/rest/api/2/user?username=DavidIQ", "displayName": "David Col\u00f3n", "name": "DavidIQ"}, "body": "After the message go back to the phpBB version administration.  The version should be listed.  I have tried this already and it works fine.  There is no error displayed.  The backtrace is displayed to administrators by default and is why you're seeing it.  Otherwise there's no error.", "created": "2010-12-28T01:10:10.000+0000", "updated": "2010-12-28T01:10:10.000+0000", "self": "https://tracker.phpbb.com/rest/api/2/issue/28903/comment/53400"}, {"id": "53401", "updateAuthor": {"key": "nextgen", "timeZone": "America/Guatemala", "avatarUrls": {"24x24": "https://tracker.phpbb.com/secure/useravatar?size=small&ownerId=nextgen&avatarId=14224", "32x32": "https://tracker.phpbb.com/secure/useravatar?size=medium&ownerId=nextgen&avatarId=14224", "48x48": "https://tracker.phpbb.com/secure/useravatar?ownerId=nextgen&avatarId=14224", "16x16": "https://tracker.phpbb.com/secure/useravatar?size=xsmall&ownerId=nextgen&avatarId=14224"}, "active": true, "self": "https://tracker.phpbb.com/rest/api/2/user?username=nextgen", "displayName": "Melvin Garc\u00eda", "name": "nextgen"}, "author": {"key": "nextgen", "timeZone": "America/Guatemala", "avatarUrls": {"24x24": "https://tracker.phpbb.com/secure/useravatar?size=small&ownerId=nextgen&avatarId=14224", "32x32": "https://tracker.phpbb.com/secure/useravatar?size=medium&ownerId=nextgen&avatarId=14224", "48x48": "https://tracker.phpbb.com/secure/useravatar?ownerId=nextgen&avatarId=14224", "16x16": "https://tracker.phpbb.com/secure/useravatar?size=xsmall&ownerId=nextgen&avatarId=14224"}, "active": true, "self": "https://tracker.phpbb.com/rest/api/2/user?username=nextgen", "displayName": "Melvin Garc\u00eda", "name": "nextgen"}, "body": "is not an error? but now get this\r\n\r\nFatal error: Class 'titania_types' not found in /home/nextgen/public_html/board.com/customisation/includes/core/titania.php on line 352", "created": "2010-12-28T01:20:58.000+0000", "updated": "2010-12-28T01:20:58.000+0000", "self": "https://tracker.phpbb.com/rest/api/2/issue/28903/comment/53401"}, {"id": "53402", "updateAuthor": {"key": "nextgen", "timeZone": "America/Guatemala", "avatarUrls": {"24x24": "https://tracker.phpbb.com/secure/useravatar?size=small&ownerId=nextgen&avatarId=14224", "32x32": "https://tracker.phpbb.com/secure/useravatar?size=medium&ownerId=nextgen&avatarId=14224", "48x48": "https://tracker.phpbb.com/secure/useravatar?ownerId=nextgen&avatarId=14224", "16x16": "https://tracker.phpbb.com/secure/useravatar?size=xsmall&ownerId=nextgen&avatarId=14224"}, "active": true, "self": "https://tracker.phpbb.com/rest/api/2/user?username=nextgen", "displayName": "Melvin Garc\u00eda", "name": "nextgen"}, "author": {"key": "nextgen", "timeZone": "America/Guatemala", "avatarUrls": {"24x24": "https://tracker.phpbb.com/secure/useravatar?size=small&ownerId=nextgen&avatarId=14224", "32x32": "https://tracker.phpbb.com/secure/useravatar?size=medium&ownerId=nextgen&avatarId=14224", "48x48": "https://tracker.phpbb.com/secure/useravatar?ownerId=nextgen&avatarId=14224", "16x16": "https://tracker.phpbb.com/secure/useravatar?size=xsmall&ownerId=nextgen&avatarId=14224"}, "active": true, "self": "https://tracker.phpbb.com/rest/api/2/user?username=nextgen", "displayName": "Melvin Garc\u00eda", "name": "nextgen"}, "body": "Edit: I came out the message because I have the folder installed on the forum", "created": "2010-12-28T01:30:16.000+0000", "updated": "2010-12-28T01:30:16.000+0000", "self": "https://tracker.phpbb.com/rest/api/2/issue/28903/comment/53402"}], "maxResults": 8}, "workratio": -1}, "expand": "renderedFields,names,schema,operations,editmeta,changelog,versionedRepresentations", "self": "https://tracker.phpbb.com/rest/api/2/issue/28903", "key": "CUSTDB-397"}