{"id": "28940", "fields": {"summary": "Installation Procedure incorrect", "customfield_10241": null, "labels": [], "description": "There seems to be a lack of installation documentation here.\n\nHow to install the modules for phpBB:\n1. Copy the misc/modules/ to your phpBB root path\n2. Open the includes/(module type)/(module_type)_titania.php file\n3. Change define('CUSTDB_ROOT', $phpbb_root_path . '../customisation/'); in each of the includes/(module type)/ files to point correctly to the titania root.\n4. Add the modules through the ACP Module Management.\n\n1. \"misc/modules/\" Does not exist in the titania sourcecode nor in a pure phpbb installation source code.\n2. Probobly point to the files that are meant to be inside \"misc/modules\" in step 1.\n3. \n\nThat installation instruction makes it impossible to install.", "updated": "2011-04-15T15:09:07.000+0000", "resolution": {"id": "1", "self": "https://tracker.phpbb.com/rest/api/2/resolution/1", "description": "A fix for this issue is checked into the tree and tested.", "name": "Fixed"}, "versions": [], "created": "2011-04-15T15:09:07.000+0000", "votes": {"votes": 0, "self": "https://tracker.phpbb.com/rest/api/2/issue/CUSTDB-434/votes", "hasVoted": false}, "fixVersions": [], "customfield_10146": 62751.0, "watches": {"self": "https://tracker.phpbb.com/rest/api/2/issue/CUSTDB-434/watchers", "watchCount": 0, "isWatching": false}, "assignee": {"key": "tumba25", "timeZone": "Europe/Berlin", "avatarUrls": {"24x24": "https://tracker.phpbb.com/secure/useravatar?size=small&avatarId=10142", "32x32": "https://tracker.phpbb.com/secure/useravatar?size=medium&avatarId=10142", "48x48": "https://tracker.phpbb.com/secure/useravatar?avatarId=10142", "16x16": "https://tracker.phpbb.com/secure/useravatar?size=xsmall&avatarId=10142"}, "active": true, "self": "https://tracker.phpbb.com/rest/api/2/user?username=tumba25", "displayName": "Jari Kanerva", "name": "tumba25"}, "customfield_10040": null, "issuelinks": [], "customfield_10240": "0|i00f9z:", "project": {"id": "10046", "avatarUrls": {"24x24": "https://tracker.phpbb.com/secure/projectavatar?size=small&pid=10046&avatarId=10011", "32x32": "https://tracker.phpbb.com/secure/projectavatar?size=medium&pid=10046&avatarId=10011", "48x48": "https://tracker.phpbb.com/secure/projectavatar?pid=10046&avatarId=10011", "16x16": "https://tracker.phpbb.com/secure/projectavatar?size=xsmall&pid=10046&avatarId=10011"}, "projectCategory": {"id": "10021", "self": "https://tracker.phpbb.com/rest/api/2/projectCategory/10021", "description": "Tools released by the phpBB teams", "name": "Tools"}, "self": "https://tracker.phpbb.com/rest/api/2/project/10046", "key": "CUSTDB", "name": "Customisations Database"}, "customfield_10242": null, "priority": null, "attachment": [], "lastViewed": null, "environment": null, "status": {"id": "5", "statusCategory": {"id": 3, "self": "https://tracker.phpbb.com/rest/api/2/statuscategory/3", "key": "done", "colorName": "green", "name": "Done"}, "description": "A resolution has been taken, and it is awaiting verification by reporter. From here issues are either reopened, or are closed.", "iconUrl": "https://tracker.phpbb.com/images/icons/phpbb-unverified-fix.png", "self": "https://tracker.phpbb.com/rest/api/2/status/5", "name": "Unverified Fix"}, "subtasks": [], "duedate": null, "reporter": {"key": "wickedazreal", "timeZone": "UTC", "avatarUrls": {"24x24": "https://tracker.phpbb.com/secure/useravatar?size=small&avatarId=10142", "32x32": "https://tracker.phpbb.com/secure/useravatar?size=medium&avatarId=10142", "48x48": "https://tracker.phpbb.com/secure/useravatar?avatarId=10142", "16x16": "https://tracker.phpbb.com/secure/useravatar?size=xsmall&avatarId=10142"}, "active": false, "self": "https://tracker.phpbb.com/rest/api/2/user?username=WickedAzreal", "displayName": "WickedAzreal [X]", "name": "WickedAzreal"}, "issuetype": {"id": "1", "subtask": false, "description": "A problem which impairs or prevents the functions of the product.", "avatarId": 12123, "iconUrl": "https://tracker.phpbb.com/secure/viewavatar?size=xsmall&avatarId=12123&avatarType=issuetype", "self": "https://tracker.phpbb.com/rest/api/2/issuetype/1", "name": "Bug"}, "customfield_10020": null, "creator": {"key": "noxwizard", "timeZone": "America/Chicago", "avatarUrls": {"24x24": "https://tracker.phpbb.com/secure/useravatar?size=small&ownerId=noxwizard&avatarId=10037", "32x32": "https://tracker.phpbb.com/secure/useravatar?size=medium&ownerId=noxwizard&avatarId=10037", "48x48": "https://tracker.phpbb.com/secure/useravatar?ownerId=noxwizard&avatarId=10037", "16x16": "https://tracker.phpbb.com/secure/useravatar?size=xsmall&ownerId=noxwizard&avatarId=10037"}, "active": true, "self": "https://tracker.phpbb.com/rest/api/2/user?username=Noxwizard", "displayName": "Patrick Webster", "name": "Noxwizard"}, "components": [], "resolutiondate": "2011-04-15T15:09:07.000+0000", "comment": {"total": 4, "startAt": 0, "comments": [{"id": "53538", "updateAuthor": {"key": "michaelc", "timeZone": "UTC", "avatarUrls": {"24x24": "https://tracker.phpbb.com/secure/useravatar?size=small&ownerId=michaelc&avatarId=10621", "32x32": "https://tracker.phpbb.com/secure/useravatar?size=medium&ownerId=michaelc&avatarId=10621", "48x48": "https://tracker.phpbb.com/secure/useravatar?ownerId=michaelc&avatarId=10621", "16x16": "https://tracker.phpbb.com/secure/useravatar?size=xsmall&ownerId=michaelc&avatarId=10621"}, "active": true, "self": "https://tracker.phpbb.com/rest/api/2/user?username=MichaelC", "displayName": "Michael Cullum", "name": "MichaelC"}, "author": {"key": "michaelc", "timeZone": "UTC", "avatarUrls": {"24x24": "https://tracker.phpbb.com/secure/useravatar?size=small&ownerId=michaelc&avatarId=10621", "32x32": "https://tracker.phpbb.com/secure/useravatar?size=medium&ownerId=michaelc&avatarId=10621", "48x48": "https://tracker.phpbb.com/secure/useravatar?ownerId=michaelc&avatarId=10621", "16x16": "https://tracker.phpbb.com/secure/useravatar?size=xsmall&ownerId=michaelc&avatarId=10621"}, "active": true, "self": "https://tracker.phpbb.com/rest/api/2/user?username=MichaelC", "displayName": "Michael Cullum", "name": "MichaelC"}, "body": "Those files are in the code forge. [http://code.phpbb.com/projects/customisationdb/repository/show/misc/modules]\r\n\r\nThe modules aren't required but you can add them if you wish.", "created": "2011-04-16T20:55:00.000+0000", "updated": "2011-04-16T20:55:00.000+0000", "self": "https://tracker.phpbb.com/rest/api/2/issue/28940/comment/53538"}, {"id": "53539", "updateAuthor": {"key": "michaelc", "timeZone": "UTC", "avatarUrls": {"24x24": "https://tracker.phpbb.com/secure/useravatar?size=small&ownerId=michaelc&avatarId=10621", "32x32": "https://tracker.phpbb.com/secure/useravatar?size=medium&ownerId=michaelc&avatarId=10621", "48x48": "https://tracker.phpbb.com/secure/useravatar?ownerId=michaelc&avatarId=10621", "16x16": "https://tracker.phpbb.com/secure/useravatar?size=xsmall&ownerId=michaelc&avatarId=10621"}, "active": true, "self": "https://tracker.phpbb.com/rest/api/2/user?username=MichaelC", "displayName": "Michael Cullum", "name": "MichaelC"}, "author": {"key": "michaelc", "timeZone": "UTC", "avatarUrls": {"24x24": "https://tracker.phpbb.com/secure/useravatar?size=small&ownerId=michaelc&avatarId=10621", "32x32": "https://tracker.phpbb.com/secure/useravatar?size=medium&ownerId=michaelc&avatarId=10621", "48x48": "https://tracker.phpbb.com/secure/useravatar?ownerId=michaelc&avatarId=10621", "16x16": "https://tracker.phpbb.com/secure/useravatar?size=xsmall&ownerId=michaelc&avatarId=10621"}, "active": true, "self": "https://tracker.phpbb.com/rest/api/2/user?username=MichaelC", "displayName": "Michael Cullum", "name": "MichaelC"}, "body": "Is it worth moving them it to git on another branch or should instructions just be updated to say get it from the code forge?", "created": "2011-04-16T21:01:33.000+0000", "updated": "2011-04-16T21:01:33.000+0000", "self": "https://tracker.phpbb.com/rest/api/2/issue/28940/comment/53539"}, {"id": "53540", "updateAuthor": {"key": "davidiq", "timeZone": "America/New_York", "avatarUrls": {"24x24": "https://tracker.phpbb.com/secure/useravatar?size=small&ownerId=davidiq&avatarId=12223", "32x32": "https://tracker.phpbb.com/secure/useravatar?size=medium&ownerId=davidiq&avatarId=12223", "48x48": "https://tracker.phpbb.com/secure/useravatar?ownerId=davidiq&avatarId=12223", "16x16": "https://tracker.phpbb.com/secure/useravatar?size=xsmall&ownerId=davidiq&avatarId=12223"}, "active": true, "self": "https://tracker.phpbb.com/rest/api/2/user?username=DavidIQ", "displayName": "David Col\u00f3n", "name": "DavidIQ"}, "author": {"key": "davidiq", "timeZone": "America/New_York", "avatarUrls": {"24x24": "https://tracker.phpbb.com/secure/useravatar?size=small&ownerId=davidiq&avatarId=12223", "32x32": "https://tracker.phpbb.com/secure/useravatar?size=medium&ownerId=davidiq&avatarId=12223", "48x48": "https://tracker.phpbb.com/secure/useravatar?ownerId=davidiq&avatarId=12223", "16x16": "https://tracker.phpbb.com/secure/useravatar?size=xsmall&ownerId=davidiq&avatarId=12223"}, "active": true, "self": "https://tracker.phpbb.com/rest/api/2/user?username=DavidIQ", "displayName": "David Col\u00f3n", "name": "DavidIQ"}, "body": "The misc folder from code forge should just be moved to github in its entirety.", "created": "2011-04-16T22:53:35.000+0000", "updated": "2011-04-16T22:53:35.000+0000", "self": "https://tracker.phpbb.com/rest/api/2/issue/28940/comment/53540"}, {"id": "53541", "updateAuthor": {"key": "wickedazreal", "timeZone": "UTC", "avatarUrls": {"24x24": "https://tracker.phpbb.com/secure/useravatar?size=small&avatarId=10142", "32x32": "https://tracker.phpbb.com/secure/useravatar?size=medium&avatarId=10142", "48x48": "https://tracker.phpbb.com/secure/useravatar?avatarId=10142", "16x16": "https://tracker.phpbb.com/secure/useravatar?size=xsmall&avatarId=10142"}, "active": false, "self": "https://tracker.phpbb.com/rest/api/2/user?username=WickedAzreal", "displayName": "WickedAzreal [X]", "name": "WickedAzreal"}, "author": {"key": "wickedazreal", "timeZone": "UTC", "avatarUrls": {"24x24": "https://tracker.phpbb.com/secure/useravatar?size=small&avatarId=10142", "32x32": "https://tracker.phpbb.com/secure/useravatar?size=medium&avatarId=10142", "48x48": "https://tracker.phpbb.com/secure/useravatar?avatarId=10142", "16x16": "https://tracker.phpbb.com/secure/useravatar?size=xsmall&avatarId=10142"}, "active": false, "self": "https://tracker.phpbb.com/rest/api/2/user?username=WickedAzreal", "displayName": "WickedAzreal [X]", "name": "WickedAzreal"}, "body": "Simple fix then.", "created": "2011-04-17T05:51:05.000+0000", "updated": "2011-04-17T05:51:05.000+0000", "self": "https://tracker.phpbb.com/rest/api/2/issue/28940/comment/53541"}], "maxResults": 4}, "workratio": -1}, "expand": "renderedFields,names,schema,operations,editmeta,changelog,versionedRepresentations", "self": "https://tracker.phpbb.com/rest/api/2/issue/28940", "key": "CUSTDB-434"}