{"id": "28925", "fields": {"summary": "During approval of a Style Titania is giving a error", "customfield_10241": null, "labels": [], "description": "When Titania is trying to install a Style on our Styles Demo, it is giving the next error;\n\n{code}[phpBB Debug] PHP Notice: in file /includes/acp/acp_styles.php on line 3395: Undefined offset: 2\n[phpBB Debug] PHP Notice: in file /includes/functions.php on line 4505: Cannot modify header information - headers already sent by (output started at /var/www/phpbb.com/htdocs/customise/db/includes/functions.php:156)\n[phpBB Debug] PHP Notice: in file /includes/functions.php on line 4513: include_once(../../../styles/demo/3.0/board/../local.php) [function.include-once]: failed to open stream: No such file or directory\n[phpBB Debug] PHP Notice: in file /includes/functions.php on line 4513: include_once() [function.include]: Failed opening '../../../styles/demo/3.0/board/../local.php' for inclusion (include_path='.:/usr/share/php5:/usr/share/php')\n[phpBB Debug] PHP Notice: in file /includes/functions.php on line 4514: include_once(../../../styles/demo/3.0/board/../vars.php) [function.include-once]: failed to open stream: No such file or directory\n[phpBB Debug] PHP Notice: in file /includes/functions.php on line 4514: include_once() [function.include]: Failed opening '../../../styles/demo/3.0/board/../vars.php' for inclusion (include_path='.:/usr/share/php5:/usr/share/php')\n[phpBB Debug] PHP Notice: in file /includes/functions.php on line 4522: Cannot modify header information - headers already sent by (output started at /var/www/phpbb.com/htdocs/customise/db/includes/functions.php:156)\n[phpBB Debug] PHP Notice: in file /includes/functions.php on line 4523: Cannot modify header information - headers already sent by (output started at /var/www/phpbb.com/htdocs/customise/db/includes/functions.php:156)\n[phpBB Debug] PHP Notice: in file /includes/functions.php on line 4524: Cannot modify header information - headers already sent by (output started at /var/www/phpbb.com/htdocs/customise/db/includes/functions.php:156)\n[phpBB Debug] PHP Notice: in file /includes/functions.php on line 2471: Cannot modify header information - headers already sent by (output started at /var/www/phpbb.com/htdocs/customise/db/includes/functions.php:156){code}", "updated": "2011-01-31T00:27:26.000+0000", "resolution": {"id": "5", "self": "https://tracker.phpbb.com/rest/api/2/resolution/5", "description": "All attempts at reproducing this issue failed, or not enough information was available to reproduce the issue. Reading the code produces no clues as to why this behavior would occur. If more information appears later, please reopen the issue.", "name": "Cannot Reproduce"}, "versions": [], "created": "2011-01-31T00:27:26.000+0000", "votes": {"votes": 0, "self": "https://tracker.phpbb.com/rest/api/2/issue/CUSTDB-419/votes", "hasVoted": false}, "fixVersions": [], "customfield_10146": 62642.0, "watches": {"self": "https://tracker.phpbb.com/rest/api/2/issue/CUSTDB-419/watchers", "watchCount": 0, "isWatching": false}, "assignee": {"key": "davidiq", "timeZone": "America/New_York", "avatarUrls": {"24x24": "https://tracker.phpbb.com/secure/useravatar?size=small&ownerId=davidiq&avatarId=12223", "32x32": "https://tracker.phpbb.com/secure/useravatar?size=medium&ownerId=davidiq&avatarId=12223", "48x48": "https://tracker.phpbb.com/secure/useravatar?ownerId=davidiq&avatarId=12223", "16x16": "https://tracker.phpbb.com/secure/useravatar?size=xsmall&ownerId=davidiq&avatarId=12223"}, "active": true, "self": "https://tracker.phpbb.com/rest/api/2/user?username=DavidIQ", "displayName": "David Col\u00f3n", "name": "DavidIQ"}, "customfield_10040": null, "issuelinks": [], "customfield_10240": "0|i00fcv:", "project": {"id": "10046", "avatarUrls": {"24x24": "https://tracker.phpbb.com/secure/projectavatar?size=small&pid=10046&avatarId=10011", "32x32": "https://tracker.phpbb.com/secure/projectavatar?size=medium&pid=10046&avatarId=10011", "48x48": "https://tracker.phpbb.com/secure/projectavatar?pid=10046&avatarId=10011", "16x16": "https://tracker.phpbb.com/secure/projectavatar?size=xsmall&pid=10046&avatarId=10011"}, "projectCategory": {"id": "10021", "self": "https://tracker.phpbb.com/rest/api/2/projectCategory/10021", "description": "Tools released by the phpBB teams", "name": "Tools"}, "self": "https://tracker.phpbb.com/rest/api/2/project/10046", "key": "CUSTDB", "name": "Customisations Database"}, "customfield_10242": null, "priority": null, "attachment": [], "lastViewed": null, "environment": null, "status": {"id": "6", "statusCategory": {"id": 3, "self": "https://tracker.phpbb.com/rest/api/2/statuscategory/3", "key": "done", "colorName": "green", "name": "Done"}, "description": "The issue is considered finished, the resolution is correct. Issues which are closed can be reopened.", "iconUrl": "https://tracker.phpbb.com/images/icons/phpbb-closed.png", "self": "https://tracker.phpbb.com/rest/api/2/status/6", "name": "Closed"}, "subtasks": [], "duedate": null, "reporter": {"key": "raimon", "timeZone": "UTC", "avatarUrls": {"24x24": "https://tracker.phpbb.com/secure/useravatar?size=small&avatarId=10142", "32x32": "https://tracker.phpbb.com/secure/useravatar?size=medium&avatarId=10142", "48x48": "https://tracker.phpbb.com/secure/useravatar?avatarId=10142", "16x16": "https://tracker.phpbb.com/secure/useravatar?size=xsmall&avatarId=10142"}, "active": true, "self": "https://tracker.phpbb.com/rest/api/2/user?username=Raimon", "displayName": "Raimon Meuldijk", "name": "Raimon"}, "issuetype": {"id": "1", "subtask": false, "description": "A problem which impairs or prevents the functions of the product.", "avatarId": 12123, "iconUrl": "https://tracker.phpbb.com/secure/viewavatar?size=xsmall&avatarId=12123&avatarType=issuetype", "self": "https://tracker.phpbb.com/rest/api/2/issuetype/1", "name": "Bug"}, "customfield_10020": null, "creator": {"key": "noxwizard", "timeZone": "America/Chicago", "avatarUrls": {"24x24": "https://tracker.phpbb.com/secure/useravatar?size=small&ownerId=noxwizard&avatarId=10037", "32x32": "https://tracker.phpbb.com/secure/useravatar?size=medium&ownerId=noxwizard&avatarId=10037", "48x48": "https://tracker.phpbb.com/secure/useravatar?ownerId=noxwizard&avatarId=10037", "16x16": "https://tracker.phpbb.com/secure/useravatar?size=xsmall&ownerId=noxwizard&avatarId=10037"}, "active": true, "self": "https://tracker.phpbb.com/rest/api/2/user?username=Noxwizard", "displayName": "Patrick Webster", "name": "Noxwizard"}, "components": [], "resolutiondate": "2011-01-31T00:27:26.000+0000", "comment": {"total": 3, "startAt": 0, "comments": [{"id": "53475", "updateAuthor": {"key": "raimon", "timeZone": "UTC", "avatarUrls": {"24x24": "https://tracker.phpbb.com/secure/useravatar?size=small&avatarId=10142", "32x32": "https://tracker.phpbb.com/secure/useravatar?size=medium&avatarId=10142", "48x48": "https://tracker.phpbb.com/secure/useravatar?avatarId=10142", "16x16": "https://tracker.phpbb.com/secure/useravatar?size=xsmall&avatarId=10142"}, "active": true, "self": "https://tracker.phpbb.com/rest/api/2/user?username=Raimon", "displayName": "Raimon Meuldijk", "name": "Raimon"}, "author": {"key": "raimon", "timeZone": "UTC", "avatarUrls": {"24x24": "https://tracker.phpbb.com/secure/useravatar?size=small&avatarId=10142", "32x32": "https://tracker.phpbb.com/secure/useravatar?size=medium&avatarId=10142", "48x48": "https://tracker.phpbb.com/secure/useravatar?avatarId=10142", "16x16": "https://tracker.phpbb.com/secure/useravatar?size=xsmall&avatarId=10142"}, "active": true, "self": "https://tracker.phpbb.com/rest/api/2/user?username=Raimon", "displayName": "Raimon Meuldijk", "name": "Raimon"}, "body": "For the record; After approving a Style that is already installed on our Styles Demo will not give any of those errors.", "created": "2011-01-31T00:43:47.000+0000", "updated": "2011-01-31T00:43:47.000+0000", "self": "https://tracker.phpbb.com/rest/api/2/issue/28925/comment/53475"}, {"id": "53476", "updateAuthor": {"key": "davidiq", "timeZone": "America/New_York", "avatarUrls": {"24x24": "https://tracker.phpbb.com/secure/useravatar?size=small&ownerId=davidiq&avatarId=12223", "32x32": "https://tracker.phpbb.com/secure/useravatar?size=medium&ownerId=davidiq&avatarId=12223", "48x48": "https://tracker.phpbb.com/secure/useravatar?ownerId=davidiq&avatarId=12223", "16x16": "https://tracker.phpbb.com/secure/useravatar?size=xsmall&ownerId=davidiq&avatarId=12223"}, "active": true, "self": "https://tracker.phpbb.com/rest/api/2/user?username=DavidIQ", "displayName": "David Col\u00f3n", "name": "DavidIQ"}, "author": {"key": "davidiq", "timeZone": "America/New_York", "avatarUrls": {"24x24": "https://tracker.phpbb.com/secure/useravatar?size=small&ownerId=davidiq&avatarId=12223", "32x32": "https://tracker.phpbb.com/secure/useravatar?size=medium&ownerId=davidiq&avatarId=12223", "48x48": "https://tracker.phpbb.com/secure/useravatar?ownerId=davidiq&avatarId=12223", "16x16": "https://tracker.phpbb.com/secure/useravatar?size=xsmall&ownerId=davidiq&avatarId=12223"}, "active": true, "self": "https://tracker.phpbb.com/rest/api/2/user?username=DavidIQ", "displayName": "David Col\u00f3n", "name": "DavidIQ"}, "body": "Those errors have to do with the phpbb.com website.  Investigating further.", "created": "2011-03-07T23:16:47.000+0000", "updated": "2011-03-07T23:16:47.000+0000", "self": "https://tracker.phpbb.com/rest/api/2/issue/28925/comment/53476"}, {"id": "53477", "updateAuthor": {"key": "davidiq", "timeZone": "America/New_York", "avatarUrls": {"24x24": "https://tracker.phpbb.com/secure/useravatar?size=small&ownerId=davidiq&avatarId=12223", "32x32": "https://tracker.phpbb.com/secure/useravatar?size=medium&ownerId=davidiq&avatarId=12223", "48x48": "https://tracker.phpbb.com/secure/useravatar?ownerId=davidiq&avatarId=12223", "16x16": "https://tracker.phpbb.com/secure/useravatar?size=xsmall&ownerId=davidiq&avatarId=12223"}, "active": true, "self": "https://tracker.phpbb.com/rest/api/2/user?username=DavidIQ", "displayName": "David Col\u00f3n", "name": "DavidIQ"}, "author": {"key": "davidiq", "timeZone": "America/New_York", "avatarUrls": {"24x24": "https://tracker.phpbb.com/secure/useravatar?size=small&ownerId=davidiq&avatarId=12223", "32x32": "https://tracker.phpbb.com/secure/useravatar?size=medium&ownerId=davidiq&avatarId=12223", "48x48": "https://tracker.phpbb.com/secure/useravatar?ownerId=davidiq&avatarId=12223", "16x16": "https://tracker.phpbb.com/secure/useravatar?size=xsmall&ownerId=davidiq&avatarId=12223"}, "active": true, "self": "https://tracker.phpbb.com/rest/api/2/user?username=DavidIQ", "displayName": "David Col\u00f3n", "name": "DavidIQ"}, "body": "{quote}<DavidIQ> is this still happening?  [http://www.phpbb.com/bugs/titania/ticket.php?ticket_id=62642]\r\n<Raimon> DavidIQ; nope, i have a feeling it is caused when the cfg file is almost empty or contains a space at the top{quote}", "created": "2011-03-07T23:44:20.000+0000", "updated": "2011-03-07T23:44:20.000+0000", "self": "https://tracker.phpbb.com/rest/api/2/issue/28925/comment/53477"}], "maxResults": 3}, "workratio": -1}, "expand": "renderedFields,names,schema,operations,editmeta,changelog,versionedRepresentations", "self": "https://tracker.phpbb.com/rest/api/2/issue/28925", "key": "CUSTDB-419"}