{"id": "28928", "fields": {"summary": "Incorrect md5 checksums of some objects in Titania", "customfield_10241": null, "labels": [], "description": "Titania displays incorrect md5 sums of some downloadable files.\n\nI've checked Polish, Slovak, Belarusian and Croatian translations, and some MODs:\n- [http://www.phpbb.com/customise/db/mod/topic_starter/]\n- [http://www.phpbb.com/customise/db/mod/database_optimize_repair_tool/]\n\nIt doesn't affect all files - there are some files with correct md5 checksums, like [http://www.phpbb.com/customise/db/style/we_universal/]", "updated": "2011-02-16T22:35:43.000+0000", "resolution": {"id": "1", "self": "https://tracker.phpbb.com/rest/api/2/resolution/1", "description": "A fix for this issue is checked into the tree and tested.", "name": "Fixed"}, "versions": [], "created": "2011-02-16T22:35:43.000+0000", "votes": {"votes": 0, "self": "https://tracker.phpbb.com/rest/api/2/issue/CUSTDB-422/votes", "hasVoted": false}, "fixVersions": [], "customfield_10146": 62667.0, "watches": {"self": "https://tracker.phpbb.com/rest/api/2/issue/CUSTDB-422/watchers", "watchCount": 0, "isWatching": false}, "assignee": {"key": "davidiq", "timeZone": "America/New_York", "avatarUrls": {"24x24": "https://tracker.phpbb.com/secure/useravatar?size=small&ownerId=davidiq&avatarId=12223", "32x32": "https://tracker.phpbb.com/secure/useravatar?size=medium&ownerId=davidiq&avatarId=12223", "48x48": "https://tracker.phpbb.com/secure/useravatar?ownerId=davidiq&avatarId=12223", "16x16": "https://tracker.phpbb.com/secure/useravatar?size=xsmall&ownerId=davidiq&avatarId=12223"}, "active": true, "self": "https://tracker.phpbb.com/rest/api/2/user?username=DavidIQ", "displayName": "David Col\u00f3n", "name": "DavidIQ"}, "customfield_10040": null, "issuelinks": [], "customfield_10240": "0|i00fd3:", "project": {"id": "10046", "avatarUrls": {"24x24": "https://tracker.phpbb.com/secure/projectavatar?size=small&pid=10046&avatarId=10011", "32x32": "https://tracker.phpbb.com/secure/projectavatar?size=medium&pid=10046&avatarId=10011", "48x48": "https://tracker.phpbb.com/secure/projectavatar?pid=10046&avatarId=10011", "16x16": "https://tracker.phpbb.com/secure/projectavatar?size=xsmall&pid=10046&avatarId=10011"}, "projectCategory": {"id": "10021", "self": "https://tracker.phpbb.com/rest/api/2/projectCategory/10021", "description": "Tools released by the phpBB teams", "name": "Tools"}, "self": "https://tracker.phpbb.com/rest/api/2/project/10046", "key": "CUSTDB", "name": "Customisations Database"}, "customfield_10242": null, "priority": null, "attachment": [], "lastViewed": null, "environment": null, "status": {"id": "5", "statusCategory": {"id": 3, "self": "https://tracker.phpbb.com/rest/api/2/statuscategory/3", "key": "done", "colorName": "green", "name": "Done"}, "description": "A resolution has been taken, and it is awaiting verification by reporter. From here issues are either reopened, or are closed.", "iconUrl": "https://tracker.phpbb.com/images/icons/phpbb-unverified-fix.png", "self": "https://tracker.phpbb.com/rest/api/2/status/5", "name": "Unverified Fix"}, "subtasks": [], "duedate": null, "reporter": {"key": "lew21", "timeZone": "UTC", "avatarUrls": {"24x24": "https://tracker.phpbb.com/secure/useravatar?size=small&avatarId=10142", "32x32": "https://tracker.phpbb.com/secure/useravatar?size=medium&avatarId=10142", "48x48": "https://tracker.phpbb.com/secure/useravatar?avatarId=10142", "16x16": "https://tracker.phpbb.com/secure/useravatar?size=xsmall&avatarId=10142"}, "active": false, "self": "https://tracker.phpbb.com/rest/api/2/user?username=LEW21", "displayName": "LEW21 [X]", "name": "LEW21"}, "issuetype": {"id": "1", "subtask": false, "description": "A problem which impairs or prevents the functions of the product.", "avatarId": 12123, "iconUrl": "https://tracker.phpbb.com/secure/viewavatar?size=xsmall&avatarId=12123&avatarType=issuetype", "self": "https://tracker.phpbb.com/rest/api/2/issuetype/1", "name": "Bug"}, "customfield_10020": null, "creator": {"key": "noxwizard", "timeZone": "America/Chicago", "avatarUrls": {"24x24": "https://tracker.phpbb.com/secure/useravatar?size=small&ownerId=noxwizard&avatarId=10037", "32x32": "https://tracker.phpbb.com/secure/useravatar?size=medium&ownerId=noxwizard&avatarId=10037", "48x48": "https://tracker.phpbb.com/secure/useravatar?ownerId=noxwizard&avatarId=10037", "16x16": "https://tracker.phpbb.com/secure/useravatar?size=xsmall&ownerId=noxwizard&avatarId=10037"}, "active": true, "self": "https://tracker.phpbb.com/rest/api/2/user?username=Noxwizard", "displayName": "Patrick Webster", "name": "Noxwizard"}, "components": [], "resolutiondate": "2011-02-16T22:35:43.000+0000", "comment": {"total": 4, "startAt": 0, "comments": [{"id": "53480", "updateAuthor": {"key": "davidiq", "timeZone": "America/New_York", "avatarUrls": {"24x24": "https://tracker.phpbb.com/secure/useravatar?size=small&ownerId=davidiq&avatarId=12223", "32x32": "https://tracker.phpbb.com/secure/useravatar?size=medium&ownerId=davidiq&avatarId=12223", "48x48": "https://tracker.phpbb.com/secure/useravatar?ownerId=davidiq&avatarId=12223", "16x16": "https://tracker.phpbb.com/secure/useravatar?size=xsmall&ownerId=davidiq&avatarId=12223"}, "active": true, "self": "https://tracker.phpbb.com/rest/api/2/user?username=DavidIQ", "displayName": "David Col\u00f3n", "name": "DavidIQ"}, "author": {"key": "davidiq", "timeZone": "America/New_York", "avatarUrls": {"24x24": "https://tracker.phpbb.com/secure/useravatar?size=small&ownerId=davidiq&avatarId=12223", "32x32": "https://tracker.phpbb.com/secure/useravatar?size=medium&ownerId=davidiq&avatarId=12223", "48x48": "https://tracker.phpbb.com/secure/useravatar?ownerId=davidiq&avatarId=12223", "16x16": "https://tracker.phpbb.com/secure/useravatar?size=xsmall&ownerId=davidiq&avatarId=12223"}, "active": true, "self": "https://tracker.phpbb.com/rest/api/2/user?username=DavidIQ", "displayName": "David Col\u00f3n", "name": "DavidIQ"}, "body": "[quote=\"IRC\":1xz5pu6r][2011-02-16 @ 23:11:10 pm]\t<EXreaction>\tI may have an idea actually\r\n[2011-02-16 @ 23:11:25 pm]\t<EXreaction>\tit only happens for mods I am guessing?\r\n[2011-02-16 @ 23:11:42 pm]\t<EXreaction>\tor maybe translations too\r\n[2011-02-16 @ 23:11:44 pm]\t<DavidIQ|Server>\tno...supposedly on translations as well\r\n[2011-02-16 @ 23:11:48 pm]\t<EXreaction>\tyea\r\n[2011-02-16 @ 23:11:51 pm]\t<EXreaction>\tnot styles\r\n[2011-02-16 @ 23:12:08 pm]\t<EXreaction>\tit's because the md5 is calculated from what is uploaded by the user\r\n[2011-02-16 @ 23:12:26 pm]\t<EXreaction>\tit's not calculated after the mod zip package is modified to do what titania does to them\r\n[2011-02-16 @ 23:12:38 pm]\t<DavidIQ|Server>\tah\r\n[2011-02-16 @ 23:13:07 pm]\t<DavidIQ|Server>\tthis will require a script to fix the existing languages...might as well just do it for all except styles\r\n[2011-02-16 @ 23:13:35 pm]\t<EXreaction>\tcan just do it with a custom function in the versions file\r\n[2011-02-16 @ 23:13:39 pm]\t<EXreaction>\tand increment the version\r\n[2011-02-16 @ 23:13:43 pm]\t<EXreaction>\tsafest way to do it\r\n[2011-02-16 @ 23:14:25 pm]\t<EXreaction>\tand should be easy to fix, just edit the revisions upload code at the very last step to recalculate the md5 and update{quote}", "created": "2011-02-17T04:16:50.000+0000", "updated": "2011-02-17T04:16:50.000+0000", "self": "https://tracker.phpbb.com/rest/api/2/issue/28928/comment/53480"}, {"id": "53481", "updateAuthor": {"key": "marc", "timeZone": "Europe/Berlin", "avatarUrls": {"24x24": "https://tracker.phpbb.com/secure/useravatar?size=small&avatarId=10138", "32x32": "https://tracker.phpbb.com/secure/useravatar?size=medium&avatarId=10138", "48x48": "https://tracker.phpbb.com/secure/useravatar?avatarId=10138", "16x16": "https://tracker.phpbb.com/secure/useravatar?size=xsmall&avatarId=10138"}, "active": true, "self": "https://tracker.phpbb.com/rest/api/2/user?username=Marc", "displayName": "Marc", "name": "Marc"}, "author": {"key": "marc", "timeZone": "Europe/Berlin", "avatarUrls": {"24x24": "https://tracker.phpbb.com/secure/useravatar?size=small&avatarId=10138", "32x32": "https://tracker.phpbb.com/secure/useravatar?size=medium&avatarId=10138", "48x48": "https://tracker.phpbb.com/secure/useravatar?avatarId=10138", "16x16": "https://tracker.phpbb.com/secure/useravatar?size=xsmall&avatarId=10138"}, "active": true, "self": "https://tracker.phpbb.com/rest/api/2/user?username=Marc", "displayName": "Marc", "name": "Marc"}, "body": "Shouldn't this be marked as fix completed?\r\n\r\n[https://github.com/phpbb/customisation-db/commit/f61d8a37b89907c6484befaf3b12bb58a1333cc9]", "created": "2011-03-05T09:03:55.000+0000", "updated": "2011-03-05T09:03:55.000+0000", "self": "https://tracker.phpbb.com/rest/api/2/issue/28928/comment/53481"}, {"id": "53482", "updateAuthor": {"key": "davidiq", "timeZone": "America/New_York", "avatarUrls": {"24x24": "https://tracker.phpbb.com/secure/useravatar?size=small&ownerId=davidiq&avatarId=12223", "32x32": "https://tracker.phpbb.com/secure/useravatar?size=medium&ownerId=davidiq&avatarId=12223", "48x48": "https://tracker.phpbb.com/secure/useravatar?ownerId=davidiq&avatarId=12223", "16x16": "https://tracker.phpbb.com/secure/useravatar?size=xsmall&ownerId=davidiq&avatarId=12223"}, "active": true, "self": "https://tracker.phpbb.com/rest/api/2/user?username=DavidIQ", "displayName": "David Col\u00f3n", "name": "DavidIQ"}, "author": {"key": "davidiq", "timeZone": "America/New_York", "avatarUrls": {"24x24": "https://tracker.phpbb.com/secure/useravatar?size=small&ownerId=davidiq&avatarId=12223", "32x32": "https://tracker.phpbb.com/secure/useravatar?size=medium&ownerId=davidiq&avatarId=12223", "48x48": "https://tracker.phpbb.com/secure/useravatar?ownerId=davidiq&avatarId=12223", "16x16": "https://tracker.phpbb.com/secure/useravatar?size=xsmall&ownerId=davidiq&avatarId=12223"}, "active": true, "self": "https://tracker.phpbb.com/rest/api/2/user?username=DavidIQ", "displayName": "David Col\u00f3n", "name": "DavidIQ"}, "body": "No. Haven't properly fixed the existing checksums yet though new ones should be ok.", "created": "2011-03-05T12:11:03.000+0000", "updated": "2011-03-05T12:11:03.000+0000", "self": "https://tracker.phpbb.com/rest/api/2/issue/28928/comment/53482"}, {"id": "53483", "updateAuthor": {"key": "davidiq", "timeZone": "America/New_York", "avatarUrls": {"24x24": "https://tracker.phpbb.com/secure/useravatar?size=small&ownerId=davidiq&avatarId=12223", "32x32": "https://tracker.phpbb.com/secure/useravatar?size=medium&ownerId=davidiq&avatarId=12223", "48x48": "https://tracker.phpbb.com/secure/useravatar?ownerId=davidiq&avatarId=12223", "16x16": "https://tracker.phpbb.com/secure/useravatar?size=xsmall&ownerId=davidiq&avatarId=12223"}, "active": true, "self": "https://tracker.phpbb.com/rest/api/2/user?username=DavidIQ", "displayName": "David Col\u00f3n", "name": "DavidIQ"}, "author": {"key": "davidiq", "timeZone": "America/New_York", "avatarUrls": {"24x24": "https://tracker.phpbb.com/secure/useravatar?size=small&ownerId=davidiq&avatarId=12223", "32x32": "https://tracker.phpbb.com/secure/useravatar?size=medium&ownerId=davidiq&avatarId=12223", "48x48": "https://tracker.phpbb.com/secure/useravatar?ownerId=davidiq&avatarId=12223", "16x16": "https://tracker.phpbb.com/secure/useravatar?size=xsmall&ownerId=davidiq&avatarId=12223"}, "active": true, "self": "https://tracker.phpbb.com/rest/api/2/user?username=DavidIQ", "displayName": "David Col\u00f3n", "name": "DavidIQ"}, "body": "Forgot to close this. Fix is completed.", "created": "2011-04-02T13:20:49.000+0000", "updated": "2011-04-02T13:20:49.000+0000", "self": "https://tracker.phpbb.com/rest/api/2/issue/28928/comment/53483"}], "maxResults": 4}, "workratio": -1}, "expand": "renderedFields,names,schema,operations,editmeta,changelog,versionedRepresentations", "self": "https://tracker.phpbb.com/rest/api/2/issue/28928", "key": "CUSTDB-422"}