{"id": "29015", "fields": {"summary": "Warning Notice for limited support", "customfield_10241": null, "labels": [], "description": "Do you want an check-box option which if an author or moderator ticks a small warning is posted on the overview page saying that support might not be available for the modification in question?\n\nNot being abandoned, just that the mod author won't be providing support as some mod authors don't. However as we all know not only mod authors post support hence the might not.\n\nIt should have an easy implementation: a template var, a checkbox and a column in the contib details table.", "updated": "2012-01-18T00:08:39.000+0000", "resolution": {"id": "1", "self": "https://tracker.phpbb.com/rest/api/2/resolution/1", "description": "A fix for this issue is checked into the tree and tested.", "name": "Fixed"}, "versions": [], "created": "2012-01-18T00:08:39.000+0000", "votes": {"votes": 0, "self": "https://tracker.phpbb.com/rest/api/2/issue/CUSTDB-509/votes", "hasVoted": false}, "fixVersions": [], "customfield_10146": 63008.0, "watches": {"self": "https://tracker.phpbb.com/rest/api/2/issue/CUSTDB-509/watchers", "watchCount": 0, "isWatching": false}, "assignee": {"key": "prototech", "timeZone": "America/Los_Angeles", "avatarUrls": {"24x24": "https://tracker.phpbb.com/secure/useravatar?size=small&ownerId=prototech&avatarId=10050", "32x32": "https://tracker.phpbb.com/secure/useravatar?size=medium&ownerId=prototech&avatarId=10050", "48x48": "https://tracker.phpbb.com/secure/useravatar?ownerId=prototech&avatarId=10050", "16x16": "https://tracker.phpbb.com/secure/useravatar?size=xsmall&ownerId=prototech&avatarId=10050"}, "active": true, "self": "https://tracker.phpbb.com/rest/api/2/user?username=prototech", "displayName": "prototech", "name": "prototech"}, "customfield_10040": null, "issuelinks": [], "customfield_10240": "0|i00etr:", "project": {"id": "10046", "avatarUrls": {"24x24": "https://tracker.phpbb.com/secure/projectavatar?size=small&pid=10046&avatarId=10011", "32x32": "https://tracker.phpbb.com/secure/projectavatar?size=medium&pid=10046&avatarId=10011", "48x48": "https://tracker.phpbb.com/secure/projectavatar?pid=10046&avatarId=10011", "16x16": "https://tracker.phpbb.com/secure/projectavatar?size=xsmall&pid=10046&avatarId=10011"}, "projectCategory": {"id": "10021", "self": "https://tracker.phpbb.com/rest/api/2/projectCategory/10021", "description": "Tools released by the phpBB teams", "name": "Tools"}, "self": "https://tracker.phpbb.com/rest/api/2/project/10046", "key": "CUSTDB", "name": "Customisations Database"}, "customfield_10242": null, "priority": null, "attachment": [], "lastViewed": null, "environment": null, "status": {"id": "5", "statusCategory": {"id": 3, "self": "https://tracker.phpbb.com/rest/api/2/statuscategory/3", "key": "done", "colorName": "green", "name": "Done"}, "description": "A resolution has been taken, and it is awaiting verification by reporter. From here issues are either reopened, or are closed.", "iconUrl": "https://tracker.phpbb.com/images/icons/phpbb-unverified-fix.png", "self": "https://tracker.phpbb.com/rest/api/2/status/5", "name": "Unverified Fix"}, "subtasks": [], "duedate": null, "reporter": {"key": "michaelc", "timeZone": "UTC", "avatarUrls": {"24x24": "https://tracker.phpbb.com/secure/useravatar?size=small&ownerId=michaelc&avatarId=10621", "32x32": "https://tracker.phpbb.com/secure/useravatar?size=medium&ownerId=michaelc&avatarId=10621", "48x48": "https://tracker.phpbb.com/secure/useravatar?ownerId=michaelc&avatarId=10621", "16x16": "https://tracker.phpbb.com/secure/useravatar?size=xsmall&ownerId=michaelc&avatarId=10621"}, "active": true, "self": "https://tracker.phpbb.com/rest/api/2/user?username=MichaelC", "displayName": "Michael Cullum", "name": "MichaelC"}, "issuetype": {"id": "1", "subtask": false, "description": "A problem which impairs or prevents the functions of the product.", "avatarId": 12123, "iconUrl": "https://tracker.phpbb.com/secure/viewavatar?size=xsmall&avatarId=12123&avatarType=issuetype", "self": "https://tracker.phpbb.com/rest/api/2/issuetype/1", "name": "Bug"}, "customfield_10020": null, "creator": {"key": "noxwizard", "timeZone": "America/Chicago", "avatarUrls": {"24x24": "https://tracker.phpbb.com/secure/useravatar?size=small&ownerId=noxwizard&avatarId=10037", "32x32": "https://tracker.phpbb.com/secure/useravatar?size=medium&ownerId=noxwizard&avatarId=10037", "48x48": "https://tracker.phpbb.com/secure/useravatar?ownerId=noxwizard&avatarId=10037", "16x16": "https://tracker.phpbb.com/secure/useravatar?size=xsmall&ownerId=noxwizard&avatarId=10037"}, "active": true, "self": "https://tracker.phpbb.com/rest/api/2/user?username=Noxwizard", "displayName": "Patrick Webster", "name": "Noxwizard"}, "components": [], "resolutiondate": "2012-01-18T00:08:39.000+0000", "comment": {"total": 7, "startAt": 0, "comments": [{"id": "53803", "updateAuthor": {"key": "oyabun1", "timeZone": "Australia/Sydney", "avatarUrls": {"24x24": "https://tracker.phpbb.com/secure/useravatar?size=small&ownerId=oyabun1&avatarId=12520", "32x32": "https://tracker.phpbb.com/secure/useravatar?size=medium&ownerId=oyabun1&avatarId=12520", "48x48": "https://tracker.phpbb.com/secure/useravatar?ownerId=oyabun1&avatarId=12520", "16x16": "https://tracker.phpbb.com/secure/useravatar?size=xsmall&ownerId=oyabun1&avatarId=12520"}, "active": true, "self": "https://tracker.phpbb.com/rest/api/2/user?username=Oyabun1", "displayName": "Oyabun1", "name": "Oyabun1"}, "author": {"key": "oyabun1", "timeZone": "Australia/Sydney", "avatarUrls": {"24x24": "https://tracker.phpbb.com/secure/useravatar?size=small&ownerId=oyabun1&avatarId=12520", "32x32": "https://tracker.phpbb.com/secure/useravatar?size=medium&ownerId=oyabun1&avatarId=12520", "48x48": "https://tracker.phpbb.com/secure/useravatar?ownerId=oyabun1&avatarId=12520", "16x16": "https://tracker.phpbb.com/secure/useravatar?size=xsmall&ownerId=oyabun1&avatarId=12520"}, "active": true, "self": "https://tracker.phpbb.com/rest/api/2/user?username=Oyabun1", "displayName": "Oyabun1", "name": "Oyabun1"}, "body": "Some people may not install a MOD if they know author support is not available for it, so it would be useful to provide that information for them.\r\n\r\nMaybe as an extension some radio buttons so the author (or moderators?) could give users some idea of first response time frame: 2 days, a week, a month, not at all. (Obviously, makes it more complex to implement, but would provide useful information for users and may reduce bumping.)", "created": "2012-03-06T23:11:19.000+0000", "updated": "2012-03-06T23:11:19.000+0000", "self": "https://tracker.phpbb.com/rest/api/2/issue/29015/comment/53803"}, {"id": "53804", "updateAuthor": {"key": "michaelc", "timeZone": "UTC", "avatarUrls": {"24x24": "https://tracker.phpbb.com/secure/useravatar?size=small&ownerId=michaelc&avatarId=10621", "32x32": "https://tracker.phpbb.com/secure/useravatar?size=medium&ownerId=michaelc&avatarId=10621", "48x48": "https://tracker.phpbb.com/secure/useravatar?ownerId=michaelc&avatarId=10621", "16x16": "https://tracker.phpbb.com/secure/useravatar?size=xsmall&ownerId=michaelc&avatarId=10621"}, "active": true, "self": "https://tracker.phpbb.com/rest/api/2/user?username=MichaelC", "displayName": "Michael Cullum", "name": "MichaelC"}, "author": {"key": "michaelc", "timeZone": "UTC", "avatarUrls": {"24x24": "https://tracker.phpbb.com/secure/useravatar?size=small&ownerId=michaelc&avatarId=10621", "32x32": "https://tracker.phpbb.com/secure/useravatar?size=medium&ownerId=michaelc&avatarId=10621", "48x48": "https://tracker.phpbb.com/secure/useravatar?ownerId=michaelc&avatarId=10621", "16x16": "https://tracker.phpbb.com/secure/useravatar?size=xsmall&ownerId=michaelc&avatarId=10621"}, "active": true, "self": "https://tracker.phpbb.com/rest/api/2/user?username=MichaelC", "displayName": "Michael Cullum", "name": "MichaelC"}, "body": "I wouldn't agree with radio buttons. However an average response time could be added with the average time between the first reply to each topic and the time of the first post.", "created": "2012-03-06T23:15:31.000+0000", "updated": "2012-03-06T23:15:31.000+0000", "self": "https://tracker.phpbb.com/rest/api/2/issue/29015/comment/53804"}, {"id": "53805", "updateAuthor": {"key": "oyabun1", "timeZone": "Australia/Sydney", "avatarUrls": {"24x24": "https://tracker.phpbb.com/secure/useravatar?size=small&ownerId=oyabun1&avatarId=12520", "32x32": "https://tracker.phpbb.com/secure/useravatar?size=medium&ownerId=oyabun1&avatarId=12520", "48x48": "https://tracker.phpbb.com/secure/useravatar?ownerId=oyabun1&avatarId=12520", "16x16": "https://tracker.phpbb.com/secure/useravatar?size=xsmall&ownerId=oyabun1&avatarId=12520"}, "active": true, "self": "https://tracker.phpbb.com/rest/api/2/user?username=Oyabun1", "displayName": "Oyabun1", "name": "Oyabun1"}, "author": {"key": "oyabun1", "timeZone": "Australia/Sydney", "avatarUrls": {"24x24": "https://tracker.phpbb.com/secure/useravatar?size=small&ownerId=oyabun1&avatarId=12520", "32x32": "https://tracker.phpbb.com/secure/useravatar?size=medium&ownerId=oyabun1&avatarId=12520", "48x48": "https://tracker.phpbb.com/secure/useravatar?ownerId=oyabun1&avatarId=12520", "16x16": "https://tracker.phpbb.com/secure/useravatar?size=xsmall&ownerId=oyabun1&avatarId=12520"}, "active": true, "self": "https://tracker.phpbb.com/rest/api/2/user?username=Oyabun1", "displayName": "Oyabun1", "name": "Oyabun1"}, "body": "I suppose in some ways an automated calculation would be better anyway.", "created": "2012-03-07T07:15:51.000+0000", "updated": "2012-03-07T07:15:51.000+0000", "self": "https://tracker.phpbb.com/rest/api/2/issue/29015/comment/53805"}, {"id": "53806", "updateAuthor": {"key": "michaelc", "timeZone": "UTC", "avatarUrls": {"24x24": "https://tracker.phpbb.com/secure/useravatar?size=small&ownerId=michaelc&avatarId=10621", "32x32": "https://tracker.phpbb.com/secure/useravatar?size=medium&ownerId=michaelc&avatarId=10621", "48x48": "https://tracker.phpbb.com/secure/useravatar?ownerId=michaelc&avatarId=10621", "16x16": "https://tracker.phpbb.com/secure/useravatar?size=xsmall&ownerId=michaelc&avatarId=10621"}, "active": true, "self": "https://tracker.phpbb.com/rest/api/2/user?username=MichaelC", "displayName": "Michael Cullum", "name": "MichaelC"}, "author": {"key": "michaelc", "timeZone": "UTC", "avatarUrls": {"24x24": "https://tracker.phpbb.com/secure/useravatar?size=small&ownerId=michaelc&avatarId=10621", "32x32": "https://tracker.phpbb.com/secure/useravatar?size=medium&ownerId=michaelc&avatarId=10621", "48x48": "https://tracker.phpbb.com/secure/useravatar?ownerId=michaelc&avatarId=10621", "16x16": "https://tracker.phpbb.com/secure/useravatar?size=xsmall&ownerId=michaelc&avatarId=10621"}, "active": true, "self": "https://tracker.phpbb.com/rest/api/2/user?username=MichaelC", "displayName": "Michael Cullum", "name": "MichaelC"}, "body": "DavidIQ, Raimon: Any input on this?", "created": "2012-03-07T10:30:15.000+0000", "updated": "2012-03-07T10:30:15.000+0000", "self": "https://tracker.phpbb.com/rest/api/2/issue/29015/comment/53806"}, {"id": "53807", "updateAuthor": {"key": "davidiq", "timeZone": "America/New_York", "avatarUrls": {"24x24": "https://tracker.phpbb.com/secure/useravatar?size=small&ownerId=davidiq&avatarId=12223", "32x32": "https://tracker.phpbb.com/secure/useravatar?size=medium&ownerId=davidiq&avatarId=12223", "48x48": "https://tracker.phpbb.com/secure/useravatar?ownerId=davidiq&avatarId=12223", "16x16": "https://tracker.phpbb.com/secure/useravatar?size=xsmall&ownerId=davidiq&avatarId=12223"}, "active": true, "self": "https://tracker.phpbb.com/rest/api/2/user?username=DavidIQ", "displayName": "David Col\u00f3n", "name": "DavidIQ"}, "author": {"key": "davidiq", "timeZone": "America/New_York", "avatarUrls": {"24x24": "https://tracker.phpbb.com/secure/useravatar?size=small&ownerId=davidiq&avatarId=12223", "32x32": "https://tracker.phpbb.com/secure/useravatar?size=medium&ownerId=davidiq&avatarId=12223", "48x48": "https://tracker.phpbb.com/secure/useravatar?ownerId=davidiq&avatarId=12223", "16x16": "https://tracker.phpbb.com/secure/useravatar?size=xsmall&ownerId=davidiq&avatarId=12223"}, "active": true, "self": "https://tracker.phpbb.com/rest/api/2/user?username=DavidIQ", "displayName": "David Col\u00f3n", "name": "DavidIQ"}, "body": "I don't think level of support is going to be that clear.  Either there is support or there isn't.  Maybe give the contribution author the option to state they will not be providing support by way of a checkbox that states \"No support provided\" and then display for users a warning/notice much like the licensing warning for styles.", "created": "2012-03-07T11:24:48.000+0000", "updated": "2012-03-07T11:24:48.000+0000", "self": "https://tracker.phpbb.com/rest/api/2/issue/29015/comment/53807"}, {"id": "53808", "updateAuthor": {"key": "michaelc", "timeZone": "UTC", "avatarUrls": {"24x24": "https://tracker.phpbb.com/secure/useravatar?size=small&ownerId=michaelc&avatarId=10621", "32x32": "https://tracker.phpbb.com/secure/useravatar?size=medium&ownerId=michaelc&avatarId=10621", "48x48": "https://tracker.phpbb.com/secure/useravatar?ownerId=michaelc&avatarId=10621", "16x16": "https://tracker.phpbb.com/secure/useravatar?size=xsmall&ownerId=michaelc&avatarId=10621"}, "active": true, "self": "https://tracker.phpbb.com/rest/api/2/user?username=MichaelC", "displayName": "Michael Cullum", "name": "MichaelC"}, "author": {"key": "michaelc", "timeZone": "UTC", "avatarUrls": {"24x24": "https://tracker.phpbb.com/secure/useravatar?size=small&ownerId=michaelc&avatarId=10621", "32x32": "https://tracker.phpbb.com/secure/useravatar?size=medium&ownerId=michaelc&avatarId=10621", "48x48": "https://tracker.phpbb.com/secure/useravatar?ownerId=michaelc&avatarId=10621", "16x16": "https://tracker.phpbb.com/secure/useravatar?size=xsmall&ownerId=michaelc&avatarId=10621"}, "active": true, "self": "https://tracker.phpbb.com/rest/api/2/user?username=MichaelC", "displayName": "Michael Cullum", "name": "MichaelC"}, "body": "Sure, I'll work on this some point unless someone else wants too.", "created": "2012-03-07T11:26:53.000+0000", "updated": "2012-03-07T11:26:53.000+0000", "self": "https://tracker.phpbb.com/rest/api/2/issue/29015/comment/53808"}, {"id": "53809", "updateAuthor": {"key": "nickvergessen", "timeZone": "Europe/Berlin", "avatarUrls": {"24x24": "https://tracker.phpbb.com/secure/useravatar?size=small&ownerId=nickvergessen&avatarId=10038", "32x32": "https://tracker.phpbb.com/secure/useravatar?size=medium&ownerId=nickvergessen&avatarId=10038", "48x48": "https://tracker.phpbb.com/secure/useravatar?ownerId=nickvergessen&avatarId=10038", "16x16": "https://tracker.phpbb.com/secure/useravatar?size=xsmall&ownerId=nickvergessen&avatarId=10038"}, "active": true, "self": "https://tracker.phpbb.com/rest/api/2/user?username=nickvergessen", "displayName": "Joas Schilling", "name": "nickvergessen"}, "author": {"key": "nickvergessen", "timeZone": "Europe/Berlin", "avatarUrls": {"24x24": "https://tracker.phpbb.com/secure/useravatar?size=small&ownerId=nickvergessen&avatarId=10038", "32x32": "https://tracker.phpbb.com/secure/useravatar?size=medium&ownerId=nickvergessen&avatarId=10038", "48x48": "https://tracker.phpbb.com/secure/useravatar?ownerId=nickvergessen&avatarId=10038", "16x16": "https://tracker.phpbb.com/secure/useravatar?size=xsmall&ownerId=nickvergessen&avatarId=10038"}, "active": true, "self": "https://tracker.phpbb.com/rest/api/2/user?username=nickvergessen", "displayName": "Joas Schilling", "name": "nickvergessen"}, "body": "If the author wants to \"abandon\" a MOD, it would be nice, if topics from such mods would not be listed in [http://www.phpbb.com/customise/db/author/nickvergessen/support/] anymore. (Page is only visible to yourself)", "created": "2012-04-02T22:12:49.000+0000", "updated": "2012-04-02T22:12:49.000+0000", "self": "https://tracker.phpbb.com/rest/api/2/issue/29015/comment/53809"}], "maxResults": 7}, "workratio": -1}, "expand": "renderedFields,names,schema,operations,editmeta,changelog,versionedRepresentations", "self": "https://tracker.phpbb.com/rest/api/2/issue/29015", "key": "CUSTDB-509"}