{"id": "28929", "fields": {"summary": "\"Set as preview\" doesn't work", "customfield_10241": null, "labels": [], "description": "The \"Set as preview\" checkbox in the screenshots part of the manage contribution section doesn't work as expected. I've tried to set a given screenshot as preview for the Support Toolkit and the correct checkbox is marked after submitting, but when navigating to the contribution overview page it still shows the last uploaded screenshot as preview.", "updated": "2011-02-27T23:47:42.000+0000", "resolution": {"id": "1", "self": "https://tracker.phpbb.com/rest/api/2/resolution/1", "description": "A fix for this issue is checked into the tree and tested.", "name": "Fixed"}, "versions": [], "created": "2011-02-27T23:47:42.000+0000", "votes": {"votes": 0, "self": "https://tracker.phpbb.com/rest/api/2/issue/CUSTDB-423/votes", "hasVoted": false}, "fixVersions": [], "customfield_10146": 62681.0, "watches": {"self": "https://tracker.phpbb.com/rest/api/2/issue/CUSTDB-423/watchers", "watchCount": 0, "isWatching": false}, "assignee": {"key": "marc", "timeZone": "Europe/Berlin", "avatarUrls": {"24x24": "https://tracker.phpbb.com/secure/useravatar?size=small&avatarId=10138", "32x32": "https://tracker.phpbb.com/secure/useravatar?size=medium&avatarId=10138", "48x48": "https://tracker.phpbb.com/secure/useravatar?avatarId=10138", "16x16": "https://tracker.phpbb.com/secure/useravatar?size=xsmall&avatarId=10138"}, "active": true, "self": "https://tracker.phpbb.com/rest/api/2/user?username=Marc", "displayName": "Marc", "name": "Marc"}, "customfield_10040": null, "issuelinks": [], "customfield_10240": "0|i00fc7:", "project": {"id": "10046", "avatarUrls": {"24x24": "https://tracker.phpbb.com/secure/projectavatar?size=small&pid=10046&avatarId=10011", "32x32": "https://tracker.phpbb.com/secure/projectavatar?size=medium&pid=10046&avatarId=10011", "48x48": "https://tracker.phpbb.com/secure/projectavatar?pid=10046&avatarId=10011", "16x16": "https://tracker.phpbb.com/secure/projectavatar?size=xsmall&pid=10046&avatarId=10011"}, "projectCategory": {"id": "10021", "self": "https://tracker.phpbb.com/rest/api/2/projectCategory/10021", "description": "Tools released by the phpBB teams", "name": "Tools"}, "self": "https://tracker.phpbb.com/rest/api/2/project/10046", "key": "CUSTDB", "name": "Customisations Database"}, "customfield_10242": null, "priority": null, "attachment": [], "lastViewed": null, "environment": null, "status": {"id": "5", "statusCategory": {"id": 3, "self": "https://tracker.phpbb.com/rest/api/2/statuscategory/3", "key": "done", "colorName": "green", "name": "Done"}, "description": "A resolution has been taken, and it is awaiting verification by reporter. From here issues are either reopened, or are closed.", "iconUrl": "https://tracker.phpbb.com/images/icons/phpbb-unverified-fix.png", "self": "https://tracker.phpbb.com/rest/api/2/status/5", "name": "Unverified Fix"}, "subtasks": [], "duedate": null, "reporter": {"key": "erik fr\u00e8rejean", "timeZone": "Europe/Amsterdam", "avatarUrls": {"24x24": "https://tracker.phpbb.com/secure/useravatar?size=small&ownerId=erik+fr%C3%A8rejean&avatarId=10040", "32x32": "https://tracker.phpbb.com/secure/useravatar?size=medium&ownerId=erik+fr%C3%A8rejean&avatarId=10040", "48x48": "https://tracker.phpbb.com/secure/useravatar?ownerId=erik+fr%C3%A8rejean&avatarId=10040", "16x16": "https://tracker.phpbb.com/secure/useravatar?size=xsmall&ownerId=erik+fr%C3%A8rejean&avatarId=10040"}, "active": true, "self": "https://tracker.phpbb.com/rest/api/2/user?username=Erik+Fr%C3%A8rejean", "displayName": "Erik Fr\u00e8rejean", "name": "Erik Fr\u00e8rejean"}, "issuetype": {"id": "1", "subtask": false, "description": "A problem which impairs or prevents the functions of the product.", "avatarId": 12123, "iconUrl": "https://tracker.phpbb.com/secure/viewavatar?size=xsmall&avatarId=12123&avatarType=issuetype", "self": "https://tracker.phpbb.com/rest/api/2/issuetype/1", "name": "Bug"}, "customfield_10020": null, "creator": {"key": "noxwizard", "timeZone": "America/Chicago", "avatarUrls": {"24x24": "https://tracker.phpbb.com/secure/useravatar?size=small&ownerId=noxwizard&avatarId=10037", "32x32": "https://tracker.phpbb.com/secure/useravatar?size=medium&ownerId=noxwizard&avatarId=10037", "48x48": "https://tracker.phpbb.com/secure/useravatar?ownerId=noxwizard&avatarId=10037", "16x16": "https://tracker.phpbb.com/secure/useravatar?size=xsmall&ownerId=noxwizard&avatarId=10037"}, "active": true, "self": "https://tracker.phpbb.com/rest/api/2/user?username=Noxwizard", "displayName": "Patrick Webster", "name": "Noxwizard"}, "components": [], "resolutiondate": "2011-02-27T23:47:42.000+0000", "comment": {"total": 1, "startAt": 0, "comments": [{"id": "53484", "updateAuthor": {"key": "davidiq", "timeZone": "America/New_York", "avatarUrls": {"24x24": "https://tracker.phpbb.com/secure/useravatar?size=small&ownerId=davidiq&avatarId=12223", "32x32": "https://tracker.phpbb.com/secure/useravatar?size=medium&ownerId=davidiq&avatarId=12223", "48x48": "https://tracker.phpbb.com/secure/useravatar?ownerId=davidiq&avatarId=12223", "16x16": "https://tracker.phpbb.com/secure/useravatar?size=xsmall&ownerId=davidiq&avatarId=12223"}, "active": true, "self": "https://tracker.phpbb.com/rest/api/2/user?username=DavidIQ", "displayName": "David Col\u00f3n", "name": "DavidIQ"}, "author": {"key": "davidiq", "timeZone": "America/New_York", "avatarUrls": {"24x24": "https://tracker.phpbb.com/secure/useravatar?size=small&ownerId=davidiq&avatarId=12223", "32x32": "https://tracker.phpbb.com/secure/useravatar?size=medium&ownerId=davidiq&avatarId=12223", "48x48": "https://tracker.phpbb.com/secure/useravatar?ownerId=davidiq&avatarId=12223", "16x16": "https://tracker.phpbb.com/secure/useravatar?size=xsmall&ownerId=davidiq&avatarId=12223"}, "active": true, "self": "https://tracker.phpbb.com/rest/api/2/user?username=DavidIQ", "displayName": "David Col\u00f3n", "name": "DavidIQ"}, "body": "Looks like the code was done and finished but for some reason actually handling the displaying of the default image might have been missed...", "created": "2011-02-28T04:39:24.000+0000", "updated": "2011-02-28T04:39:24.000+0000", "self": "https://tracker.phpbb.com/rest/api/2/issue/28929/comment/53484"}], "maxResults": 1}, "workratio": -1}, "expand": "renderedFields,names,schema,operations,editmeta,changelog,versionedRepresentations", "self": "https://tracker.phpbb.com/rest/api/2/issue/28929", "key": "CUSTDB-423"}