{"id": "28535", "fields": {"summary": "Manage page error", "customfield_10241": null, "labels": [], "description": "When i click to go to the manage page i get this error:\n\n\n{code}You are not authorized to see this page.\n\nFILE: var/www/phpbb.com/htdocs/customise/db/includes/functions.php\nLINE: 209\nCALL: titania_backtrace()\n\nFILE:\nLINE:\nCALL: titania_msg_handler()\n\nFILE: var/www/phpbb.com/htdocs/customise/db/includes/core/titania.php\nLINE: 245\nCALL: trigger_error()\n\nFILE: var/www/phpbb.com/htdocs/customise/db/manage/attention.php\nLINE: 21\nCALL: titania::needs_auth()\n\nFILE: var/www/phpbb.com/htdocs/customise/db/manage/index.php\nLINE: 75\nCALL: include('var/www/phpbb.com/htdocs/customise/db/manage/attention.php'){code}", "updated": "2010-03-19T12:57:36.000+0000", "resolution": {"id": "1", "self": "https://tracker.phpbb.com/rest/api/2/resolution/1", "description": "A fix for this issue is checked into the tree and tested.", "name": "Fixed"}, "versions": [], "created": "2010-03-19T12:57:36.000+0000", "votes": {"votes": 0, "self": "https://tracker.phpbb.com/rest/api/2/issue/CUSTDB-29/votes", "hasVoted": false}, "fixVersions": [], "customfield_10146": 59715.0, "watches": {"self": "https://tracker.phpbb.com/rest/api/2/issue/CUSTDB-29/watchers", "watchCount": 0, "isWatching": false}, "assignee": {"key": "exreaction", "timeZone": "America/Chicago", "avatarUrls": {"24x24": "https://tracker.phpbb.com/secure/useravatar?size=small&avatarId=10142", "32x32": "https://tracker.phpbb.com/secure/useravatar?size=medium&avatarId=10142", "48x48": "https://tracker.phpbb.com/secure/useravatar?avatarId=10142", "16x16": "https://tracker.phpbb.com/secure/useravatar?size=xsmall&avatarId=10142"}, "active": false, "self": "https://tracker.phpbb.com/rest/api/2/user?username=EXreaction", "displayName": "EXreaction [X]", "name": "EXreaction"}, "customfield_10040": null, "issuelinks": [], "customfield_10240": "0|i00hqv:", "project": {"id": "10046", "avatarUrls": {"24x24": "https://tracker.phpbb.com/secure/projectavatar?size=small&pid=10046&avatarId=10011", "32x32": "https://tracker.phpbb.com/secure/projectavatar?size=medium&pid=10046&avatarId=10011", "48x48": "https://tracker.phpbb.com/secure/projectavatar?pid=10046&avatarId=10011", "16x16": "https://tracker.phpbb.com/secure/projectavatar?size=xsmall&pid=10046&avatarId=10011"}, "projectCategory": {"id": "10021", "self": "https://tracker.phpbb.com/rest/api/2/projectCategory/10021", "description": "Tools released by the phpBB teams", "name": "Tools"}, "self": "https://tracker.phpbb.com/rest/api/2/project/10046", "key": "CUSTDB", "name": "Customisations Database"}, "customfield_10242": null, "priority": null, "attachment": [], "lastViewed": null, "environment": null, "status": {"id": "5", "statusCategory": {"id": 3, "self": "https://tracker.phpbb.com/rest/api/2/statuscategory/3", "key": "done", "colorName": "green", "name": "Done"}, "description": "A resolution has been taken, and it is awaiting verification by reporter. From here issues are either reopened, or are closed.", "iconUrl": "https://tracker.phpbb.com/images/icons/phpbb-unverified-fix.png", "self": "https://tracker.phpbb.com/rest/api/2/status/5", "name": "Unverified Fix"}, "subtasks": [], "duedate": null, "reporter": {"key": "elias", "timeZone": "UTC", "avatarUrls": {"24x24": "https://tracker.phpbb.com/secure/useravatar?size=small&avatarId=10122", "32x32": "https://tracker.phpbb.com/secure/useravatar?size=medium&avatarId=10122", "48x48": "https://tracker.phpbb.com/secure/useravatar?avatarId=10122", "16x16": "https://tracker.phpbb.com/secure/useravatar?size=xsmall&avatarId=10122"}, "active": true, "self": "https://tracker.phpbb.com/rest/api/2/user?username=Elias", "displayName": "Elias", "name": "Elias"}, "issuetype": {"id": "1", "subtask": false, "description": "A problem which impairs or prevents the functions of the product.", "avatarId": 12123, "iconUrl": "https://tracker.phpbb.com/secure/viewavatar?size=xsmall&avatarId=12123&avatarType=issuetype", "self": "https://tracker.phpbb.com/rest/api/2/issuetype/1", "name": "Bug"}, "customfield_10020": null, "creator": {"key": "noxwizard", "timeZone": "America/Chicago", "avatarUrls": {"24x24": "https://tracker.phpbb.com/secure/useravatar?size=small&ownerId=noxwizard&avatarId=10037", "32x32": "https://tracker.phpbb.com/secure/useravatar?size=medium&ownerId=noxwizard&avatarId=10037", "48x48": "https://tracker.phpbb.com/secure/useravatar?ownerId=noxwizard&avatarId=10037", "16x16": "https://tracker.phpbb.com/secure/useravatar?size=xsmall&ownerId=noxwizard&avatarId=10037"}, "active": true, "self": "https://tracker.phpbb.com/rest/api/2/user?username=Noxwizard", "displayName": "Patrick Webster", "name": "Noxwizard"}, "components": [], "resolutiondate": "2010-03-19T12:57:36.000+0000", "comment": {"total": 6, "startAt": 0, "comments": [{"id": "52440", "updateAuthor": {"key": "davidiq", "timeZone": "America/New_York", "avatarUrls": {"24x24": "https://tracker.phpbb.com/secure/useravatar?size=small&ownerId=davidiq&avatarId=12223", "32x32": "https://tracker.phpbb.com/secure/useravatar?size=medium&ownerId=davidiq&avatarId=12223", "48x48": "https://tracker.phpbb.com/secure/useravatar?ownerId=davidiq&avatarId=12223", "16x16": "https://tracker.phpbb.com/secure/useravatar?size=xsmall&ownerId=davidiq&avatarId=12223"}, "active": true, "self": "https://tracker.phpbb.com/rest/api/2/user?username=DavidIQ", "displayName": "David Col\u00f3n", "name": "DavidIQ"}, "author": {"key": "davidiq", "timeZone": "America/New_York", "avatarUrls": {"24x24": "https://tracker.phpbb.com/secure/useravatar?size=small&ownerId=davidiq&avatarId=12223", "32x32": "https://tracker.phpbb.com/secure/useravatar?size=medium&ownerId=davidiq&avatarId=12223", "48x48": "https://tracker.phpbb.com/secure/useravatar?ownerId=davidiq&avatarId=12223", "16x16": "https://tracker.phpbb.com/secure/useravatar?size=xsmall&ownerId=davidiq&avatarId=12223"}, "active": true, "self": "https://tracker.phpbb.com/rest/api/2/user?username=DavidIQ", "displayName": "David Col\u00f3n", "name": "DavidIQ"}, "body": "The trace is there for people marked as on the team, which you are since you're on the Jr. MOD Validators group.  This will eventually be turned off once we \"go live\".", "created": "2010-03-19T13:08:41.000+0000", "updated": "2010-03-19T13:08:41.000+0000", "self": "https://tracker.phpbb.com/rest/api/2/issue/28535/comment/52440"}, {"id": "52441", "updateAuthor": {"key": "elias", "timeZone": "UTC", "avatarUrls": {"24x24": "https://tracker.phpbb.com/secure/useravatar?size=small&avatarId=10122", "32x32": "https://tracker.phpbb.com/secure/useravatar?size=medium&avatarId=10122", "48x48": "https://tracker.phpbb.com/secure/useravatar?avatarId=10122", "16x16": "https://tracker.phpbb.com/secure/useravatar?size=xsmall&avatarId=10122"}, "active": true, "self": "https://tracker.phpbb.com/rest/api/2/user?username=Elias", "displayName": "Elias", "name": "Elias"}, "author": {"key": "elias", "timeZone": "UTC", "avatarUrls": {"24x24": "https://tracker.phpbb.com/secure/useravatar?size=small&avatarId=10122", "32x32": "https://tracker.phpbb.com/secure/useravatar?size=medium&avatarId=10122", "48x48": "https://tracker.phpbb.com/secure/useravatar?avatarId=10122", "16x16": "https://tracker.phpbb.com/secure/useravatar?size=xsmall&avatarId=10122"}, "active": true, "self": "https://tracker.phpbb.com/rest/api/2/user?username=Elias", "displayName": "Elias", "name": "Elias"}, "body": "Ah alright as i was not sure as it said i was not authorized to see the page.", "created": "2010-03-19T13:16:16.000+0000", "updated": "2010-03-19T13:16:16.000+0000", "self": "https://tracker.phpbb.com/rest/api/2/issue/28535/comment/52441"}, {"id": "52442", "updateAuthor": {"key": "davidiq", "timeZone": "America/New_York", "avatarUrls": {"24x24": "https://tracker.phpbb.com/secure/useravatar?size=small&ownerId=davidiq&avatarId=12223", "32x32": "https://tracker.phpbb.com/secure/useravatar?size=medium&ownerId=davidiq&avatarId=12223", "48x48": "https://tracker.phpbb.com/secure/useravatar?ownerId=davidiq&avatarId=12223", "16x16": "https://tracker.phpbb.com/secure/useravatar?size=xsmall&ownerId=davidiq&avatarId=12223"}, "active": true, "self": "https://tracker.phpbb.com/rest/api/2/user?username=DavidIQ", "displayName": "David Col\u00f3n", "name": "DavidIQ"}, "author": {"key": "davidiq", "timeZone": "America/New_York", "avatarUrls": {"24x24": "https://tracker.phpbb.com/secure/useravatar?size=small&ownerId=davidiq&avatarId=12223", "32x32": "https://tracker.phpbb.com/secure/useravatar?size=medium&ownerId=davidiq&avatarId=12223", "48x48": "https://tracker.phpbb.com/secure/useravatar?ownerId=davidiq&avatarId=12223", "16x16": "https://tracker.phpbb.com/secure/useravatar?size=xsmall&ownerId=davidiq&avatarId=12223"}, "active": true, "self": "https://tracker.phpbb.com/rest/api/2/user?username=DavidIQ", "displayName": "David Col\u00f3n", "name": "DavidIQ"}, "body": "What page is it you're on?  A path and resulting URL would be helpful.", "created": "2010-03-19T13:19:51.000+0000", "updated": "2010-03-19T13:19:51.000+0000", "self": "https://tracker.phpbb.com/rest/api/2/issue/28535/comment/52442"}, {"id": "52443", "updateAuthor": {"key": "elias", "timeZone": "UTC", "avatarUrls": {"24x24": "https://tracker.phpbb.com/secure/useravatar?size=small&avatarId=10122", "32x32": "https://tracker.phpbb.com/secure/useravatar?size=medium&avatarId=10122", "48x48": "https://tracker.phpbb.com/secure/useravatar?avatarId=10122", "16x16": "https://tracker.phpbb.com/secure/useravatar?size=xsmall&avatarId=10122"}, "active": true, "self": "https://tracker.phpbb.com/rest/api/2/user?username=Elias", "displayName": "Elias", "name": "Elias"}, "author": {"key": "elias", "timeZone": "UTC", "avatarUrls": {"24x24": "https://tracker.phpbb.com/secure/useravatar?size=small&avatarId=10122", "32x32": "https://tracker.phpbb.com/secure/useravatar?size=medium&avatarId=10122", "48x48": "https://tracker.phpbb.com/secure/useravatar?avatarId=10122", "16x16": "https://tracker.phpbb.com/secure/useravatar?size=xsmall&avatarId=10122"}, "active": true, "self": "https://tracker.phpbb.com/rest/api/2/user?username=Elias", "displayName": "Elias", "name": "Elias"}, "body": "I tried going to:\r\n[http://www.phpbb.com/customise/db/manage/]\r\n\r\nAnd i get the error that i have posted previously.\r\n\r\nThanks", "created": "2010-03-19T13:24:52.000+0000", "updated": "2010-03-19T13:24:52.000+0000", "self": "https://tracker.phpbb.com/rest/api/2/issue/28535/comment/52443"}, {"id": "52444", "updateAuthor": {"key": "davidiq", "timeZone": "America/New_York", "avatarUrls": {"24x24": "https://tracker.phpbb.com/secure/useravatar?size=small&ownerId=davidiq&avatarId=12223", "32x32": "https://tracker.phpbb.com/secure/useravatar?size=medium&ownerId=davidiq&avatarId=12223", "48x48": "https://tracker.phpbb.com/secure/useravatar?ownerId=davidiq&avatarId=12223", "16x16": "https://tracker.phpbb.com/secure/useravatar?size=xsmall&ownerId=davidiq&avatarId=12223"}, "active": true, "self": "https://tracker.phpbb.com/rest/api/2/user?username=DavidIQ", "displayName": "David Col\u00f3n", "name": "DavidIQ"}, "author": {"key": "davidiq", "timeZone": "America/New_York", "avatarUrls": {"24x24": "https://tracker.phpbb.com/secure/useravatar?size=small&ownerId=davidiq&avatarId=12223", "32x32": "https://tracker.phpbb.com/secure/useravatar?size=medium&ownerId=davidiq&avatarId=12223", "48x48": "https://tracker.phpbb.com/secure/useravatar?ownerId=davidiq&avatarId=12223", "16x16": "https://tracker.phpbb.com/secure/useravatar?size=xsmall&ownerId=davidiq&avatarId=12223"}, "active": true, "self": "https://tracker.phpbb.com/rest/api/2/user?username=DavidIQ", "displayName": "David Col\u00f3n", "name": "DavidIQ"}, "body": "I was thinking it was about the error trace...\r\n\r\nI end up in the \"Attention\" tab so there might be a permissions issue here.  Assigning accordingly.", "created": "2010-03-19T13:33:14.000+0000", "updated": "2010-03-19T13:33:14.000+0000", "self": "https://tracker.phpbb.com/rest/api/2/issue/28535/comment/52444"}, {"id": "52445", "updateAuthor": {"key": "elias", "timeZone": "UTC", "avatarUrls": {"24x24": "https://tracker.phpbb.com/secure/useravatar?size=small&avatarId=10122", "32x32": "https://tracker.phpbb.com/secure/useravatar?size=medium&avatarId=10122", "48x48": "https://tracker.phpbb.com/secure/useravatar?avatarId=10122", "16x16": "https://tracker.phpbb.com/secure/useravatar?size=xsmall&avatarId=10122"}, "active": true, "self": "https://tracker.phpbb.com/rest/api/2/user?username=Elias", "displayName": "Elias", "name": "Elias"}, "author": {"key": "elias", "timeZone": "UTC", "avatarUrls": {"24x24": "https://tracker.phpbb.com/secure/useravatar?size=small&avatarId=10122", "32x32": "https://tracker.phpbb.com/secure/useravatar?size=medium&avatarId=10122", "48x48": "https://tracker.phpbb.com/secure/useravatar?avatarId=10122", "16x16": "https://tracker.phpbb.com/secure/useravatar?size=xsmall&avatarId=10122"}, "active": true, "self": "https://tracker.phpbb.com/rest/api/2/user?username=Elias", "displayName": "Elias", "name": "Elias"}, "body": "Alright \r\n\r\nthanks!", "created": "2010-03-19T13:35:18.000+0000", "updated": "2010-03-19T13:35:18.000+0000", "self": "https://tracker.phpbb.com/rest/api/2/issue/28535/comment/52445"}], "maxResults": 6}, "workratio": -1}, "expand": "renderedFields,names,schema,operations,editmeta,changelog,versionedRepresentations", "self": "https://tracker.phpbb.com/rest/api/2/issue/28535", "key": "CUSTDB-29"}