{"id": "28536", "fields": {"summary": "Upload new revision without need approval", "customfield_10241": null, "labels": [], "description": "Hi guys,\n\nI wanted to test the way to upload a new revision without need approval.\nSo I have the good permission to post without approval.\n\nI define require_validation to false in /core/config.php but that does'nt work, revision is not validated.\n\nI also try to define use_queue to false, but I have an error with this set:\n{quote}Fatal error: Call to undefined method stdClass::submit() in E:\\wamp\\www\\titania\\contributions\\revision.php  on line 245{quote}\n\nIssue or I mess up something ?", "updated": "2010-03-22T10:36:59.000+0000", "resolution": {"id": "1", "self": "https://tracker.phpbb.com/rest/api/2/resolution/1", "description": "A fix for this issue is checked into the tree and tested.", "name": "Fixed"}, "versions": [], "created": "2010-03-22T10:36:59.000+0000", "votes": {"votes": 0, "self": "https://tracker.phpbb.com/rest/api/2/issue/CUSTDB-30/votes", "hasVoted": false}, "fixVersions": [], "customfield_10146": 59835.0, "watches": {"self": "https://tracker.phpbb.com/rest/api/2/issue/CUSTDB-30/watchers", "watchCount": 0, "isWatching": false}, "assignee": {"key": "elglobo", "timeZone": "UTC", "avatarUrls": {"24x24": "https://tracker.phpbb.com/secure/useravatar?size=small&avatarId=10142", "32x32": "https://tracker.phpbb.com/secure/useravatar?size=medium&avatarId=10142", "48x48": "https://tracker.phpbb.com/secure/useravatar?avatarId=10142", "16x16": "https://tracker.phpbb.com/secure/useravatar?size=xsmall&avatarId=10142"}, "active": false, "self": "https://tracker.phpbb.com/rest/api/2/user?username=Elglobo", "displayName": "Micka\u00ebl SALFATI [X]", "name": "Elglobo"}, "customfield_10040": null, "issuelinks": [], "customfield_10240": "0|i00i1z:", "project": {"id": "10046", "avatarUrls": {"24x24": "https://tracker.phpbb.com/secure/projectavatar?size=small&pid=10046&avatarId=10011", "32x32": "https://tracker.phpbb.com/secure/projectavatar?size=medium&pid=10046&avatarId=10011", "48x48": "https://tracker.phpbb.com/secure/projectavatar?pid=10046&avatarId=10011", "16x16": "https://tracker.phpbb.com/secure/projectavatar?size=xsmall&pid=10046&avatarId=10011"}, "projectCategory": {"id": "10021", "self": "https://tracker.phpbb.com/rest/api/2/projectCategory/10021", "description": "Tools released by the phpBB teams", "name": "Tools"}, "self": "https://tracker.phpbb.com/rest/api/2/project/10046", "key": "CUSTDB", "name": "Customisations Database"}, "customfield_10242": null, "priority": null, "attachment": [], "lastViewed": null, "environment": null, "status": {"id": "5", "statusCategory": {"id": 3, "self": "https://tracker.phpbb.com/rest/api/2/statuscategory/3", "key": "done", "colorName": "green", "name": "Done"}, "description": "A resolution has been taken, and it is awaiting verification by reporter. From here issues are either reopened, or are closed.", "iconUrl": "https://tracker.phpbb.com/images/icons/phpbb-unverified-fix.png", "self": "https://tracker.phpbb.com/rest/api/2/status/5", "name": "Unverified Fix"}, "subtasks": [], "duedate": null, "reporter": {"key": "elglobo", "timeZone": "UTC", "avatarUrls": {"24x24": "https://tracker.phpbb.com/secure/useravatar?size=small&avatarId=10142", "32x32": "https://tracker.phpbb.com/secure/useravatar?size=medium&avatarId=10142", "48x48": "https://tracker.phpbb.com/secure/useravatar?avatarId=10142", "16x16": "https://tracker.phpbb.com/secure/useravatar?size=xsmall&avatarId=10142"}, "active": false, "self": "https://tracker.phpbb.com/rest/api/2/user?username=Elglobo", "displayName": "Micka\u00ebl SALFATI [X]", "name": "Elglobo"}, "issuetype": {"id": "1", "subtask": false, "description": "A problem which impairs or prevents the functions of the product.", "avatarId": 12123, "iconUrl": "https://tracker.phpbb.com/secure/viewavatar?size=xsmall&avatarId=12123&avatarType=issuetype", "self": "https://tracker.phpbb.com/rest/api/2/issuetype/1", "name": "Bug"}, "customfield_10020": null, "creator": {"key": "noxwizard", "timeZone": "America/Chicago", "avatarUrls": {"24x24": "https://tracker.phpbb.com/secure/useravatar?size=small&ownerId=noxwizard&avatarId=10037", "32x32": "https://tracker.phpbb.com/secure/useravatar?size=medium&ownerId=noxwizard&avatarId=10037", "48x48": "https://tracker.phpbb.com/secure/useravatar?ownerId=noxwizard&avatarId=10037", "16x16": "https://tracker.phpbb.com/secure/useravatar?size=xsmall&ownerId=noxwizard&avatarId=10037"}, "active": true, "self": "https://tracker.phpbb.com/rest/api/2/user?username=Noxwizard", "displayName": "Patrick Webster", "name": "Noxwizard"}, "components": [], "resolutiondate": "2010-03-22T10:36:59.000+0000", "comment": {"total": 2, "startAt": 0, "comments": [{"id": "52446", "updateAuthor": {"key": "exreaction", "timeZone": "America/Chicago", "avatarUrls": {"24x24": "https://tracker.phpbb.com/secure/useravatar?size=small&avatarId=10142", "32x32": "https://tracker.phpbb.com/secure/useravatar?size=medium&avatarId=10142", "48x48": "https://tracker.phpbb.com/secure/useravatar?avatarId=10142", "16x16": "https://tracker.phpbb.com/secure/useravatar?size=xsmall&avatarId=10142"}, "active": false, "self": "https://tracker.phpbb.com/rest/api/2/user?username=EXreaction", "displayName": "EXreaction [X]", "name": "EXreaction"}, "author": {"key": "exreaction", "timeZone": "America/Chicago", "avatarUrls": {"24x24": "https://tracker.phpbb.com/secure/useravatar?size=small&avatarId=10142", "32x32": "https://tracker.phpbb.com/secure/useravatar?size=medium&avatarId=10142", "48x48": "https://tracker.phpbb.com/secure/useravatar?avatarId=10142", "16x16": "https://tracker.phpbb.com/secure/useravatar?size=xsmall&avatarId=10142"}, "active": false, "self": "https://tracker.phpbb.com/rest/api/2/user?username=EXreaction", "displayName": "EXreaction [X]", "name": "EXreaction"}, "body": "require_validation controls whether or not non-validated contribution revisions are shown to the public or not.  They still say not validated unless they are validated through the queue\r\n\r\nI've not tested with those two settings as false much, so if you'd like to go around and test with those a bit that would be great.  I am fixing up a few things quick here that need to check titania::$config->use_queue but I might miss some stuff", "created": "2010-03-22T16:38:57.000+0000", "updated": "2010-03-22T16:38:57.000+0000", "self": "https://tracker.phpbb.com/rest/api/2/issue/28536/comment/52446"}, {"id": "52447", "updateAuthor": {"key": "elglobo", "timeZone": "UTC", "avatarUrls": {"24x24": "https://tracker.phpbb.com/secure/useravatar?size=small&avatarId=10142", "32x32": "https://tracker.phpbb.com/secure/useravatar?size=medium&avatarId=10142", "48x48": "https://tracker.phpbb.com/secure/useravatar?avatarId=10142", "16x16": "https://tracker.phpbb.com/secure/useravatar?size=xsmall&avatarId=10142"}, "active": false, "self": "https://tracker.phpbb.com/rest/api/2/user?username=Elglobo", "displayName": "Micka\u00ebl SALFATI [X]", "name": "Elglobo"}, "author": {"key": "elglobo", "timeZone": "UTC", "avatarUrls": {"24x24": "https://tracker.phpbb.com/secure/useravatar?size=small&avatarId=10142", "32x32": "https://tracker.phpbb.com/secure/useravatar?size=medium&avatarId=10142", "48x48": "https://tracker.phpbb.com/secure/useravatar?avatarId=10142", "16x16": "https://tracker.phpbb.com/secure/useravatar?size=xsmall&avatarId=10142"}, "active": false, "self": "https://tracker.phpbb.com/rest/api/2/user?username=Elglobo", "displayName": "Micka\u00ebl SALFATI [X]", "name": "Elglobo"}, "body": "Ok I am going to test these options and I keep you informed ;)\r\n\r\nEdit: I change ticket state as fixed completely in SVN.", "created": "2010-03-22T18:17:53.000+0000", "updated": "2010-03-22T18:17:53.000+0000", "self": "https://tracker.phpbb.com/rest/api/2/issue/28536/comment/52447"}], "maxResults": 2}, "workratio": -1}, "expand": "renderedFields,names,schema,operations,editmeta,changelog,versionedRepresentations", "self": "https://tracker.phpbb.com/rest/api/2/issue/28536", "key": "CUSTDB-30"}