{"id": "28842", "fields": {"summary": "Hard delete topic", "customfield_10241": null, "labels": [], "description": "Within a modification discussion/support tab and deleting the first post within a topic am hit with this...\n\n{quote}\nThe requested topic does not exist.\n\n\nFILE: var/www/phpbb.com/htdocs/customise/db/includes/functions.php\nLINE: 280\nCALL: titania_backtrace()\n\nFILE:\nLINE:\nCALL: titania_msg_handler()\n\nFILE: var/www/phpbb.com/htdocs/customise/db/contributions/support.php\nLINE: 45\nCALL: trigger_error()\n\nFILE: var/www/phpbb.com/htdocs/customise/db/contributions/index.php\nLINE: 56\nCALL: include('var/www/phpbb.com/htdocs/customise/db/contributions/support.php'){quote}", "updated": "2010-09-27T12:23:11.000+0000", "resolution": {"id": "1", "self": "https://tracker.phpbb.com/rest/api/2/resolution/1", "description": "A fix for this issue is checked into the tree and tested.", "name": "Fixed"}, "versions": [], "created": "2010-09-27T12:23:11.000+0000", "votes": {"votes": 0, "self": "https://tracker.phpbb.com/rest/api/2/issue/CUSTDB-336/votes", "hasVoted": false}, "fixVersions": [], "customfield_10146": 62389.0, "watches": {"self": "https://tracker.phpbb.com/rest/api/2/issue/CUSTDB-336/watchers", "watchCount": 0, "isWatching": false}, "assignee": {"key": "exreaction", "timeZone": "America/Chicago", "avatarUrls": {"24x24": "https://tracker.phpbb.com/secure/useravatar?size=small&avatarId=10142", "32x32": "https://tracker.phpbb.com/secure/useravatar?size=medium&avatarId=10142", "48x48": "https://tracker.phpbb.com/secure/useravatar?avatarId=10142", "16x16": "https://tracker.phpbb.com/secure/useravatar?size=xsmall&avatarId=10142"}, "active": false, "self": "https://tracker.phpbb.com/rest/api/2/user?username=EXreaction", "displayName": "EXreaction [X]", "name": "EXreaction"}, "customfield_10040": null, "issuelinks": [], "customfield_10240": "0|i00fvj:", "project": {"id": "10046", "avatarUrls": {"24x24": "https://tracker.phpbb.com/secure/projectavatar?size=small&pid=10046&avatarId=10011", "32x32": "https://tracker.phpbb.com/secure/projectavatar?size=medium&pid=10046&avatarId=10011", "48x48": "https://tracker.phpbb.com/secure/projectavatar?pid=10046&avatarId=10011", "16x16": "https://tracker.phpbb.com/secure/projectavatar?size=xsmall&pid=10046&avatarId=10011"}, "projectCategory": {"id": "10021", "self": "https://tracker.phpbb.com/rest/api/2/projectCategory/10021", "description": "Tools released by the phpBB teams", "name": "Tools"}, "self": "https://tracker.phpbb.com/rest/api/2/project/10046", "key": "CUSTDB", "name": "Customisations Database"}, "customfield_10242": null, "priority": null, "attachment": [], "lastViewed": null, "environment": null, "status": {"id": "5", "statusCategory": {"id": 3, "self": "https://tracker.phpbb.com/rest/api/2/statuscategory/3", "key": "done", "colorName": "green", "name": "Done"}, "description": "A resolution has been taken, and it is awaiting verification by reporter. From here issues are either reopened, or are closed.", "iconUrl": "https://tracker.phpbb.com/images/icons/phpbb-unverified-fix.png", "self": "https://tracker.phpbb.com/rest/api/2/status/5", "name": "Unverified Fix"}, "subtasks": [], "duedate": null, "reporter": {"key": "rmcgirr83", "timeZone": "America/New_York", "avatarUrls": {"24x24": "https://tracker.phpbb.com/secure/useravatar?size=small&ownerId=rmcgirr83&avatarId=12626", "32x32": "https://tracker.phpbb.com/secure/useravatar?size=medium&ownerId=rmcgirr83&avatarId=12626", "48x48": "https://tracker.phpbb.com/secure/useravatar?ownerId=rmcgirr83&avatarId=12626", "16x16": "https://tracker.phpbb.com/secure/useravatar?size=xsmall&ownerId=rmcgirr83&avatarId=12626"}, "active": true, "self": "https://tracker.phpbb.com/rest/api/2/user?username=RMcGirr83", "displayName": "Rich McGirr", "name": "RMcGirr83"}, "issuetype": {"id": "1", "subtask": false, "description": "A problem which impairs or prevents the functions of the product.", "avatarId": 12123, "iconUrl": "https://tracker.phpbb.com/secure/viewavatar?size=xsmall&avatarId=12123&avatarType=issuetype", "self": "https://tracker.phpbb.com/rest/api/2/issuetype/1", "name": "Bug"}, "customfield_10020": null, "creator": {"key": "noxwizard", "timeZone": "America/Chicago", "avatarUrls": {"24x24": "https://tracker.phpbb.com/secure/useravatar?size=small&ownerId=noxwizard&avatarId=10037", "32x32": "https://tracker.phpbb.com/secure/useravatar?size=medium&ownerId=noxwizard&avatarId=10037", "48x48": "https://tracker.phpbb.com/secure/useravatar?ownerId=noxwizard&avatarId=10037", "16x16": "https://tracker.phpbb.com/secure/useravatar?size=xsmall&ownerId=noxwizard&avatarId=10037"}, "active": true, "self": "https://tracker.phpbb.com/rest/api/2/user?username=Noxwizard", "displayName": "Patrick Webster", "name": "Noxwizard"}, "components": [], "resolutiondate": "2010-09-27T12:23:11.000+0000", "comment": {"total": 7, "startAt": 0, "comments": [{"id": "53179", "updateAuthor": {"key": "michaelc", "timeZone": "UTC", "avatarUrls": {"24x24": "https://tracker.phpbb.com/secure/useravatar?size=small&ownerId=michaelc&avatarId=10621", "32x32": "https://tracker.phpbb.com/secure/useravatar?size=medium&ownerId=michaelc&avatarId=10621", "48x48": "https://tracker.phpbb.com/secure/useravatar?ownerId=michaelc&avatarId=10621", "16x16": "https://tracker.phpbb.com/secure/useravatar?size=xsmall&ownerId=michaelc&avatarId=10621"}, "active": true, "self": "https://tracker.phpbb.com/rest/api/2/user?username=MichaelC", "displayName": "Michael Cullum", "name": "MichaelC"}, "author": {"key": "michaelc", "timeZone": "UTC", "avatarUrls": {"24x24": "https://tracker.phpbb.com/secure/useravatar?size=small&ownerId=michaelc&avatarId=10621", "32x32": "https://tracker.phpbb.com/secure/useravatar?size=medium&ownerId=michaelc&avatarId=10621", "48x48": "https://tracker.phpbb.com/secure/useravatar?ownerId=michaelc&avatarId=10621", "16x16": "https://tracker.phpbb.com/secure/useravatar?size=xsmall&ownerId=michaelc&avatarId=10621"}, "active": true, "self": "https://tracker.phpbb.com/rest/api/2/user?username=MichaelC", "displayName": "Michael Cullum", "name": "MichaelC"}, "body": "Do you mean deleting first post in topic deletes the whole topic?", "created": "2010-09-27T20:44:42.000+0000", "updated": "2010-09-27T20:44:42.000+0000", "self": "https://tracker.phpbb.com/rest/api/2/issue/28842/comment/53179"}, {"id": "53180", "updateAuthor": {"key": "rmcgirr83", "timeZone": "America/New_York", "avatarUrls": {"24x24": "https://tracker.phpbb.com/secure/useravatar?size=small&ownerId=rmcgirr83&avatarId=12626", "32x32": "https://tracker.phpbb.com/secure/useravatar?size=medium&ownerId=rmcgirr83&avatarId=12626", "48x48": "https://tracker.phpbb.com/secure/useravatar?ownerId=rmcgirr83&avatarId=12626", "16x16": "https://tracker.phpbb.com/secure/useravatar?size=xsmall&ownerId=rmcgirr83&avatarId=12626"}, "active": true, "self": "https://tracker.phpbb.com/rest/api/2/user?username=RMcGirr83", "displayName": "Rich McGirr", "name": "RMcGirr83"}, "author": {"key": "rmcgirr83", "timeZone": "America/New_York", "avatarUrls": {"24x24": "https://tracker.phpbb.com/secure/useravatar?size=small&ownerId=rmcgirr83&avatarId=12626", "32x32": "https://tracker.phpbb.com/secure/useravatar?size=medium&ownerId=rmcgirr83&avatarId=12626", "48x48": "https://tracker.phpbb.com/secure/useravatar?ownerId=rmcgirr83&avatarId=12626", "16x16": "https://tracker.phpbb.com/secure/useravatar?size=xsmall&ownerId=rmcgirr83&avatarId=12626"}, "active": true, "self": "https://tracker.phpbb.com/rest/api/2/user?username=RMcGirr83", "displayName": "Rich McGirr", "name": "RMcGirr83"}, "body": "No, I mean trying to delete the >only< post in a new topic.", "created": "2010-09-28T01:06:52.000+0000", "updated": "2010-09-28T01:06:52.000+0000", "self": "https://tracker.phpbb.com/rest/api/2/issue/28842/comment/53180"}, {"id": "53181", "updateAuthor": {"key": "michaelc", "timeZone": "UTC", "avatarUrls": {"24x24": "https://tracker.phpbb.com/secure/useravatar?size=small&ownerId=michaelc&avatarId=10621", "32x32": "https://tracker.phpbb.com/secure/useravatar?size=medium&ownerId=michaelc&avatarId=10621", "48x48": "https://tracker.phpbb.com/secure/useravatar?ownerId=michaelc&avatarId=10621", "16x16": "https://tracker.phpbb.com/secure/useravatar?size=xsmall&ownerId=michaelc&avatarId=10621"}, "active": true, "self": "https://tracker.phpbb.com/rest/api/2/user?username=MichaelC", "displayName": "Michael Cullum", "name": "MichaelC"}, "author": {"key": "michaelc", "timeZone": "UTC", "avatarUrls": {"24x24": "https://tracker.phpbb.com/secure/useravatar?size=small&ownerId=michaelc&avatarId=10621", "32x32": "https://tracker.phpbb.com/secure/useravatar?size=medium&ownerId=michaelc&avatarId=10621", "48x48": "https://tracker.phpbb.com/secure/useravatar?ownerId=michaelc&avatarId=10621", "16x16": "https://tracker.phpbb.com/secure/useravatar?size=xsmall&ownerId=michaelc&avatarId=10621"}, "active": true, "self": "https://tracker.phpbb.com/rest/api/2/user?username=MichaelC", "displayName": "Michael Cullum", "name": "MichaelC"}, "body": "Still don't understand the first reply post or the one made while making the topic? (Very un-technical terms).", "created": "2010-09-28T20:26:58.000+0000", "updated": "2010-09-28T20:26:58.000+0000", "self": "https://tracker.phpbb.com/rest/api/2/issue/28842/comment/53181"}, {"id": "53182", "updateAuthor": {"key": "rmcgirr83", "timeZone": "America/New_York", "avatarUrls": {"24x24": "https://tracker.phpbb.com/secure/useravatar?size=small&ownerId=rmcgirr83&avatarId=12626", "32x32": "https://tracker.phpbb.com/secure/useravatar?size=medium&ownerId=rmcgirr83&avatarId=12626", "48x48": "https://tracker.phpbb.com/secure/useravatar?ownerId=rmcgirr83&avatarId=12626", "16x16": "https://tracker.phpbb.com/secure/useravatar?size=xsmall&ownerId=rmcgirr83&avatarId=12626"}, "active": true, "self": "https://tracker.phpbb.com/rest/api/2/user?username=RMcGirr83", "displayName": "Rich McGirr", "name": "RMcGirr83"}, "author": {"key": "rmcgirr83", "timeZone": "America/New_York", "avatarUrls": {"24x24": "https://tracker.phpbb.com/secure/useravatar?size=small&ownerId=rmcgirr83&avatarId=12626", "32x32": "https://tracker.phpbb.com/secure/useravatar?size=medium&ownerId=rmcgirr83&avatarId=12626", "48x48": "https://tracker.phpbb.com/secure/useravatar?ownerId=rmcgirr83&avatarId=12626", "16x16": "https://tracker.phpbb.com/secure/useravatar?size=xsmall&ownerId=rmcgirr83&avatarId=12626"}, "active": true, "self": "https://tracker.phpbb.com/rest/api/2/user?username=RMcGirr83", "displayName": "Rich McGirr", "name": "RMcGirr83"}, "body": "When a user makes a new topic in the support/discussion tab and you go to delete that one single post/topic.\r\n\r\nNo other posts have been made into the topic.", "created": "2010-09-28T20:29:38.000+0000", "updated": "2010-09-28T20:29:38.000+0000", "self": "https://tracker.phpbb.com/rest/api/2/issue/28842/comment/53182"}, {"id": "53183", "updateAuthor": {"key": "michaelc", "timeZone": "UTC", "avatarUrls": {"24x24": "https://tracker.phpbb.com/secure/useravatar?size=small&ownerId=michaelc&avatarId=10621", "32x32": "https://tracker.phpbb.com/secure/useravatar?size=medium&ownerId=michaelc&avatarId=10621", "48x48": "https://tracker.phpbb.com/secure/useravatar?ownerId=michaelc&avatarId=10621", "16x16": "https://tracker.phpbb.com/secure/useravatar?size=xsmall&ownerId=michaelc&avatarId=10621"}, "active": true, "self": "https://tracker.phpbb.com/rest/api/2/user?username=MichaelC", "displayName": "Michael Cullum", "name": "MichaelC"}, "author": {"key": "michaelc", "timeZone": "UTC", "avatarUrls": {"24x24": "https://tracker.phpbb.com/secure/useravatar?size=small&ownerId=michaelc&avatarId=10621", "32x32": "https://tracker.phpbb.com/secure/useravatar?size=medium&ownerId=michaelc&avatarId=10621", "48x48": "https://tracker.phpbb.com/secure/useravatar?ownerId=michaelc&avatarId=10621", "16x16": "https://tracker.phpbb.com/secure/useravatar?size=xsmall&ownerId=michaelc&avatarId=10621"}, "active": true, "self": "https://tracker.phpbb.com/rest/api/2/user?username=MichaelC", "displayName": "Michael Cullum", "name": "MichaelC"}, "body": "It doesn't exist because you deleted it?", "created": "2010-09-28T20:30:58.000+0000", "updated": "2010-09-28T20:30:58.000+0000", "self": "https://tracker.phpbb.com/rest/api/2/issue/28842/comment/53183"}, {"id": "53184", "updateAuthor": {"key": "davidiq", "timeZone": "America/New_York", "avatarUrls": {"24x24": "https://tracker.phpbb.com/secure/useravatar?size=small&ownerId=davidiq&avatarId=12223", "32x32": "https://tracker.phpbb.com/secure/useravatar?size=medium&ownerId=davidiq&avatarId=12223", "48x48": "https://tracker.phpbb.com/secure/useravatar?ownerId=davidiq&avatarId=12223", "16x16": "https://tracker.phpbb.com/secure/useravatar?size=xsmall&ownerId=davidiq&avatarId=12223"}, "active": true, "self": "https://tracker.phpbb.com/rest/api/2/user?username=DavidIQ", "displayName": "David Col\u00f3n", "name": "DavidIQ"}, "author": {"key": "davidiq", "timeZone": "America/New_York", "avatarUrls": {"24x24": "https://tracker.phpbb.com/secure/useravatar?size=small&ownerId=davidiq&avatarId=12223", "32x32": "https://tracker.phpbb.com/secure/useravatar?size=medium&ownerId=davidiq&avatarId=12223", "48x48": "https://tracker.phpbb.com/secure/useravatar?ownerId=davidiq&avatarId=12223", "16x16": "https://tracker.phpbb.com/secure/useravatar?size=xsmall&ownerId=davidiq&avatarId=12223"}, "active": true, "self": "https://tracker.phpbb.com/rest/api/2/user?username=DavidIQ", "displayName": "David Col\u00f3n", "name": "DavidIQ"}, "body": "It's likely trying to come back to the same topic even though it no longer exists.  Should just return to the support tab or wherever the post was deleted from.", "created": "2010-09-28T20:33:52.000+0000", "updated": "2010-09-28T20:33:52.000+0000", "self": "https://tracker.phpbb.com/rest/api/2/issue/28842/comment/53184"}, {"id": "53185", "updateAuthor": {"key": "michaelc", "timeZone": "UTC", "avatarUrls": {"24x24": "https://tracker.phpbb.com/secure/useravatar?size=small&ownerId=michaelc&avatarId=10621", "32x32": "https://tracker.phpbb.com/secure/useravatar?size=medium&ownerId=michaelc&avatarId=10621", "48x48": "https://tracker.phpbb.com/secure/useravatar?ownerId=michaelc&avatarId=10621", "16x16": "https://tracker.phpbb.com/secure/useravatar?size=xsmall&ownerId=michaelc&avatarId=10621"}, "active": true, "self": "https://tracker.phpbb.com/rest/api/2/user?username=MichaelC", "displayName": "Michael Cullum", "name": "MichaelC"}, "author": {"key": "michaelc", "timeZone": "UTC", "avatarUrls": {"24x24": "https://tracker.phpbb.com/secure/useravatar?size=small&ownerId=michaelc&avatarId=10621", "32x32": "https://tracker.phpbb.com/secure/useravatar?size=medium&ownerId=michaelc&avatarId=10621", "48x48": "https://tracker.phpbb.com/secure/useravatar?ownerId=michaelc&avatarId=10621", "16x16": "https://tracker.phpbb.com/secure/useravatar?size=xsmall&ownerId=michaelc&avatarId=10621"}, "active": true, "self": "https://tracker.phpbb.com/rest/api/2/user?username=MichaelC", "displayName": "Michael Cullum", "name": "MichaelC"}, "body": "Oh right. I understand now.", "created": "2010-09-28T20:36:36.000+0000", "updated": "2010-09-28T20:36:36.000+0000", "self": "https://tracker.phpbb.com/rest/api/2/issue/28842/comment/53185"}], "maxResults": 7}, "workratio": -1}, "expand": "renderedFields,names,schema,operations,editmeta,changelog,versionedRepresentations", "self": "https://tracker.phpbb.com/rest/api/2/issue/28842", "key": "CUSTDB-336"}