{"id": "28654", "fields": {"summary": "Private messages", "customfield_10241": null, "labels": [], "description": "when clicking on the \"PM\" link within a discussion queue, the users name that you clicked to send a PM does not populate the \"To\" field in composing the PM.", "updated": "2010-05-04T10:09:02.000+0000", "resolution": {"id": "1", "self": "https://tracker.phpbb.com/rest/api/2/resolution/1", "description": "A fix for this issue is checked into the tree and tested.", "name": "Fixed"}, "versions": [], "created": "2010-05-04T10:09:02.000+0000", "votes": {"votes": 0, "self": "https://tracker.phpbb.com/rest/api/2/issue/CUSTDB-148/votes", "hasVoted": false}, "fixVersions": [], "customfield_10146": 61905.0, "watches": {"self": "https://tracker.phpbb.com/rest/api/2/issue/CUSTDB-148/watchers", "watchCount": 0, "isWatching": false}, "assignee": {"key": "elglobo", "timeZone": "UTC", "avatarUrls": {"24x24": "https://tracker.phpbb.com/secure/useravatar?size=small&avatarId=10142", "32x32": "https://tracker.phpbb.com/secure/useravatar?size=medium&avatarId=10142", "48x48": "https://tracker.phpbb.com/secure/useravatar?avatarId=10142", "16x16": "https://tracker.phpbb.com/secure/useravatar?size=xsmall&avatarId=10142"}, "active": false, "self": "https://tracker.phpbb.com/rest/api/2/user?username=Elglobo", "displayName": "Micka\u00ebl SALFATI [X]", "name": "Elglobo"}, "customfield_10040": null, "issuelinks": [], "customfield_10240": "0|i00h07:", "project": {"id": "10046", "avatarUrls": {"24x24": "https://tracker.phpbb.com/secure/projectavatar?size=small&pid=10046&avatarId=10011", "32x32": "https://tracker.phpbb.com/secure/projectavatar?size=medium&pid=10046&avatarId=10011", "48x48": "https://tracker.phpbb.com/secure/projectavatar?pid=10046&avatarId=10011", "16x16": "https://tracker.phpbb.com/secure/projectavatar?size=xsmall&pid=10046&avatarId=10011"}, "projectCategory": {"id": "10021", "self": "https://tracker.phpbb.com/rest/api/2/projectCategory/10021", "description": "Tools released by the phpBB teams", "name": "Tools"}, "self": "https://tracker.phpbb.com/rest/api/2/project/10046", "key": "CUSTDB", "name": "Customisations Database"}, "customfield_10242": null, "priority": null, "attachment": [], "lastViewed": null, "environment": null, "status": {"id": "5", "statusCategory": {"id": 3, "self": "https://tracker.phpbb.com/rest/api/2/statuscategory/3", "key": "done", "colorName": "green", "name": "Done"}, "description": "A resolution has been taken, and it is awaiting verification by reporter. From here issues are either reopened, or are closed.", "iconUrl": "https://tracker.phpbb.com/images/icons/phpbb-unverified-fix.png", "self": "https://tracker.phpbb.com/rest/api/2/status/5", "name": "Unverified Fix"}, "subtasks": [], "duedate": null, "reporter": {"key": "rmcgirr83", "timeZone": "America/New_York", "avatarUrls": {"24x24": "https://tracker.phpbb.com/secure/useravatar?size=small&ownerId=rmcgirr83&avatarId=12626", "32x32": "https://tracker.phpbb.com/secure/useravatar?size=medium&ownerId=rmcgirr83&avatarId=12626", "48x48": "https://tracker.phpbb.com/secure/useravatar?ownerId=rmcgirr83&avatarId=12626", "16x16": "https://tracker.phpbb.com/secure/useravatar?size=xsmall&ownerId=rmcgirr83&avatarId=12626"}, "active": true, "self": "https://tracker.phpbb.com/rest/api/2/user?username=RMcGirr83", "displayName": "Rich McGirr", "name": "RMcGirr83"}, "issuetype": {"id": "1", "subtask": false, "description": "A problem which impairs or prevents the functions of the product.", "avatarId": 12123, "iconUrl": "https://tracker.phpbb.com/secure/viewavatar?size=xsmall&avatarId=12123&avatarType=issuetype", "self": "https://tracker.phpbb.com/rest/api/2/issuetype/1", "name": "Bug"}, "customfield_10020": null, "creator": {"key": "noxwizard", "timeZone": "America/Chicago", "avatarUrls": {"24x24": "https://tracker.phpbb.com/secure/useravatar?size=small&ownerId=noxwizard&avatarId=10037", "32x32": "https://tracker.phpbb.com/secure/useravatar?size=medium&ownerId=noxwizard&avatarId=10037", "48x48": "https://tracker.phpbb.com/secure/useravatar?ownerId=noxwizard&avatarId=10037", "16x16": "https://tracker.phpbb.com/secure/useravatar?size=xsmall&ownerId=noxwizard&avatarId=10037"}, "active": true, "self": "https://tracker.phpbb.com/rest/api/2/user?username=Noxwizard", "displayName": "Patrick Webster", "name": "Noxwizard"}, "components": [], "resolutiondate": "2010-05-04T10:09:02.000+0000", "comment": {"total": 5, "startAt": 0, "comments": [{"id": "52656", "updateAuthor": {"key": "rmcgirr83", "timeZone": "America/New_York", "avatarUrls": {"24x24": "https://tracker.phpbb.com/secure/useravatar?size=small&ownerId=rmcgirr83&avatarId=12626", "32x32": "https://tracker.phpbb.com/secure/useravatar?size=medium&ownerId=rmcgirr83&avatarId=12626", "48x48": "https://tracker.phpbb.com/secure/useravatar?ownerId=rmcgirr83&avatarId=12626", "16x16": "https://tracker.phpbb.com/secure/useravatar?size=xsmall&ownerId=rmcgirr83&avatarId=12626"}, "active": true, "self": "https://tracker.phpbb.com/rest/api/2/user?username=RMcGirr83", "displayName": "Rich McGirr", "name": "RMcGirr83"}, "author": {"key": "rmcgirr83", "timeZone": "America/New_York", "avatarUrls": {"24x24": "https://tracker.phpbb.com/secure/useravatar?size=small&ownerId=rmcgirr83&avatarId=12626", "32x32": "https://tracker.phpbb.com/secure/useravatar?size=medium&ownerId=rmcgirr83&avatarId=12626", "48x48": "https://tracker.phpbb.com/secure/useravatar?ownerId=rmcgirr83&avatarId=12626", "16x16": "https://tracker.phpbb.com/secure/useravatar?size=xsmall&ownerId=rmcgirr83&avatarId=12626"}, "active": true, "self": "https://tracker.phpbb.com/rest/api/2/user?username=RMcGirr83", "displayName": "Rich McGirr", "name": "RMcGirr83"}, "body": "..and to add, the post is not quoted either (as it is on the forum).", "created": "2010-05-04T10:09:47.000+0000", "updated": "2010-05-04T10:09:47.000+0000", "self": "https://tracker.phpbb.com/rest/api/2/issue/28654/comment/52656"}, {"id": "52657", "updateAuthor": {"key": "davidiq", "timeZone": "America/New_York", "avatarUrls": {"24x24": "https://tracker.phpbb.com/secure/useravatar?size=small&ownerId=davidiq&avatarId=12223", "32x32": "https://tracker.phpbb.com/secure/useravatar?size=medium&ownerId=davidiq&avatarId=12223", "48x48": "https://tracker.phpbb.com/secure/useravatar?ownerId=davidiq&avatarId=12223", "16x16": "https://tracker.phpbb.com/secure/useravatar?size=xsmall&ownerId=davidiq&avatarId=12223"}, "active": true, "self": "https://tracker.phpbb.com/rest/api/2/user?username=DavidIQ", "displayName": "David Col\u00f3n", "name": "DavidIQ"}, "author": {"key": "davidiq", "timeZone": "America/New_York", "avatarUrls": {"24x24": "https://tracker.phpbb.com/secure/useravatar?size=small&ownerId=davidiq&avatarId=12223", "32x32": "https://tracker.phpbb.com/secure/useravatar?size=medium&ownerId=davidiq&avatarId=12223", "48x48": "https://tracker.phpbb.com/secure/useravatar?ownerId=davidiq&avatarId=12223", "16x16": "https://tracker.phpbb.com/secure/useravatar?size=xsmall&ownerId=davidiq&avatarId=12223"}, "active": true, "self": "https://tracker.phpbb.com/rest/api/2/user?username=DavidIQ", "displayName": "David Col\u00f3n", "name": "DavidIQ"}, "body": "Link is missing u={user_id}\r\n\r\nAs for quoting the post in the message that's not going to be easy/possible without some code modification of phpBB.  The reason posts can be quoted within the board is because the post ID is sent into the compose PM screen.", "created": "2010-05-04T12:34:31.000+0000", "updated": "2010-05-04T12:34:31.000+0000", "self": "https://tracker.phpbb.com/rest/api/2/issue/28654/comment/52657"}, {"id": "52658", "updateAuthor": {"key": "rmcgirr83", "timeZone": "America/New_York", "avatarUrls": {"24x24": "https://tracker.phpbb.com/secure/useravatar?size=small&ownerId=rmcgirr83&avatarId=12626", "32x32": "https://tracker.phpbb.com/secure/useravatar?size=medium&ownerId=rmcgirr83&avatarId=12626", "48x48": "https://tracker.phpbb.com/secure/useravatar?ownerId=rmcgirr83&avatarId=12626", "16x16": "https://tracker.phpbb.com/secure/useravatar?size=xsmall&ownerId=rmcgirr83&avatarId=12626"}, "active": true, "self": "https://tracker.phpbb.com/rest/api/2/user?username=RMcGirr83", "displayName": "Rich McGirr", "name": "RMcGirr83"}, "author": {"key": "rmcgirr83", "timeZone": "America/New_York", "avatarUrls": {"24x24": "https://tracker.phpbb.com/secure/useravatar?size=small&ownerId=rmcgirr83&avatarId=12626", "32x32": "https://tracker.phpbb.com/secure/useravatar?size=medium&ownerId=rmcgirr83&avatarId=12626", "48x48": "https://tracker.phpbb.com/secure/useravatar?ownerId=rmcgirr83&avatarId=12626", "16x16": "https://tracker.phpbb.com/secure/useravatar?size=xsmall&ownerId=rmcgirr83&avatarId=12626"}, "active": true, "self": "https://tracker.phpbb.com/rest/api/2/user?username=RMcGirr83", "displayName": "Rich McGirr", "name": "RMcGirr83"}, "body": "Then don't send the id in the message, just the message text?", "created": "2010-05-04T13:48:09.000+0000", "updated": "2010-05-04T13:48:09.000+0000", "self": "https://tracker.phpbb.com/rest/api/2/issue/28654/comment/52658"}, {"id": "52659", "updateAuthor": {"key": "davidiq", "timeZone": "America/New_York", "avatarUrls": {"24x24": "https://tracker.phpbb.com/secure/useravatar?size=small&ownerId=davidiq&avatarId=12223", "32x32": "https://tracker.phpbb.com/secure/useravatar?size=medium&ownerId=davidiq&avatarId=12223", "48x48": "https://tracker.phpbb.com/secure/useravatar?ownerId=davidiq&avatarId=12223", "16x16": "https://tracker.phpbb.com/secure/useravatar?size=xsmall&ownerId=davidiq&avatarId=12223"}, "active": true, "self": "https://tracker.phpbb.com/rest/api/2/user?username=DavidIQ", "displayName": "David Col\u00f3n", "name": "DavidIQ"}, "author": {"key": "davidiq", "timeZone": "America/New_York", "avatarUrls": {"24x24": "https://tracker.phpbb.com/secure/useravatar?size=small&ownerId=davidiq&avatarId=12223", "32x32": "https://tracker.phpbb.com/secure/useravatar?size=medium&ownerId=davidiq&avatarId=12223", "48x48": "https://tracker.phpbb.com/secure/useravatar?ownerId=davidiq&avatarId=12223", "16x16": "https://tracker.phpbb.com/secure/useravatar?size=xsmall&ownerId=davidiq&avatarId=12223"}, "active": true, "self": "https://tracker.phpbb.com/rest/api/2/user?username=DavidIQ", "displayName": "David Col\u00f3n", "name": "DavidIQ"}, "body": "That's not really possible.  Sending in the post ID is what allows the PM system to actually retrieve the text displayed in the message.  May need to be done differently if we're wanting that to actually be possible.", "created": "2010-05-04T14:20:10.000+0000", "updated": "2010-05-04T14:20:10.000+0000", "self": "https://tracker.phpbb.com/rest/api/2/issue/28654/comment/52659"}, {"id": "52660", "updateAuthor": {"key": "elglobo", "timeZone": "UTC", "avatarUrls": {"24x24": "https://tracker.phpbb.com/secure/useravatar?size=small&avatarId=10142", "32x32": "https://tracker.phpbb.com/secure/useravatar?size=medium&avatarId=10142", "48x48": "https://tracker.phpbb.com/secure/useravatar?avatarId=10142", "16x16": "https://tracker.phpbb.com/secure/useravatar?size=xsmall&avatarId=10142"}, "active": false, "self": "https://tracker.phpbb.com/rest/api/2/user?username=Elglobo", "displayName": "Micka\u00ebl SALFATI [X]", "name": "Elglobo"}, "author": {"key": "elglobo", "timeZone": "UTC", "avatarUrls": {"24x24": "https://tracker.phpbb.com/secure/useravatar?size=small&avatarId=10142", "32x32": "https://tracker.phpbb.com/secure/useravatar?size=medium&avatarId=10142", "48x48": "https://tracker.phpbb.com/secure/useravatar?avatarId=10142", "16x16": "https://tracker.phpbb.com/secure/useravatar?size=xsmall&avatarId=10142"}, "active": false, "self": "https://tracker.phpbb.com/rest/api/2/user?username=Elglobo", "displayName": "Micka\u00ebl SALFATI [X]", "name": "Elglobo"}, "body": "{quote}hen clicking on the \"PM\" link within a discussion queue, the users name that you clicked to send a PM does not populate the \"To\" field in composing the PM.{quote}\r\nFixed ;)\r\n\r\nConcerning the quoted text, it's a new feature so I advice you to open a new ticket.", "created": "2010-05-05T23:28:01.000+0000", "updated": "2010-05-05T23:28:01.000+0000", "self": "https://tracker.phpbb.com/rest/api/2/issue/28654/comment/52660"}], "maxResults": 5}, "workratio": -1}, "expand": "renderedFields,names,schema,operations,editmeta,changelog,versionedRepresentations", "self": "https://tracker.phpbb.com/rest/api/2/issue/28654", "key": "CUSTDB-148"}