{"id": "28873", "fields": {"summary": "Guest post fail in CDB?", "customfield_10241": null, "labels": [], "description": "In the support section of the STK I've noticed [this|http://www.phpbb.com/customise/db/official_tool/stk/support/unknown_error..-t_87253] post, it seems like the topic was created but the post got lost.\nOn the overview page its even more creative _(see the attachment)_", "updated": "2010-11-01T23:26:13.000+0000", "resolution": {"id": "5", "self": "https://tracker.phpbb.com/rest/api/2/resolution/5", "description": "All attempts at reproducing this issue failed, or not enough information was available to reproduce the issue. Reading the code produces no clues as to why this behavior would occur. If more information appears later, please reopen the issue.", "name": "Cannot Reproduce"}, "versions": [], "created": "2010-11-01T13:12:21.000+0000", "votes": {"votes": 0, "self": "https://tracker.phpbb.com/rest/api/2/issue/CUSTDB-367/votes", "hasVoted": false}, "fixVersions": [], "customfield_10146": 62464.0, "watches": {"self": "https://tracker.phpbb.com/rest/api/2/issue/CUSTDB-367/watchers", "watchCount": 0, "isWatching": false}, "assignee": {"key": "exreaction", "timeZone": "America/Chicago", "avatarUrls": {"24x24": "https://tracker.phpbb.com/secure/useravatar?size=small&avatarId=10142", "32x32": "https://tracker.phpbb.com/secure/useravatar?size=medium&avatarId=10142", "48x48": "https://tracker.phpbb.com/secure/useravatar?avatarId=10142", "16x16": "https://tracker.phpbb.com/secure/useravatar?size=xsmall&avatarId=10142"}, "active": false, "self": "https://tracker.phpbb.com/rest/api/2/user?username=EXreaction", "displayName": "EXreaction [X]", "name": "EXreaction"}, "customfield_10040": null, "issuelinks": [], "customfield_10240": "0|i00fon:", "project": {"id": "10046", "avatarUrls": {"24x24": "https://tracker.phpbb.com/secure/projectavatar?size=small&pid=10046&avatarId=10011", "32x32": "https://tracker.phpbb.com/secure/projectavatar?size=medium&pid=10046&avatarId=10011", "48x48": "https://tracker.phpbb.com/secure/projectavatar?pid=10046&avatarId=10011", "16x16": "https://tracker.phpbb.com/secure/projectavatar?size=xsmall&pid=10046&avatarId=10011"}, "projectCategory": {"id": "10021", "self": "https://tracker.phpbb.com/rest/api/2/projectCategory/10021", "description": "Tools released by the phpBB teams", "name": "Tools"}, "self": "https://tracker.phpbb.com/rest/api/2/project/10046", "key": "CUSTDB", "name": "Customisations Database"}, "customfield_10242": null, "priority": null, "attachment": [{"id": "15506", "author": {"key": "erik fr\u00e8rejean", "timeZone": "Europe/Amsterdam", "avatarUrls": {"24x24": "https://tracker.phpbb.com/secure/useravatar?size=small&ownerId=erik+fr%C3%A8rejean&avatarId=10040", "32x32": "https://tracker.phpbb.com/secure/useravatar?size=medium&ownerId=erik+fr%C3%A8rejean&avatarId=10040", "48x48": "https://tracker.phpbb.com/secure/useravatar?ownerId=erik+fr%C3%A8rejean&avatarId=10040", "16x16": "https://tracker.phpbb.com/secure/useravatar?size=xsmall&ownerId=erik+fr%C3%A8rejean&avatarId=10040"}, "active": true, "self": "https://tracker.phpbb.com/rest/api/2/user?username=Erik+Fr%C3%A8rejean", "displayName": "Erik Fr\u00e8rejean", "name": "Erik Fr\u00e8rejean"}, "content": "https://tracker.phpbb.com/secure/attachment/15506/phpBB+%E2%80%A2+Erik+Fr%C3%A8rejean+-+Support.jpg", "created": "2010-11-01T23:26:13.000+0000", "filename": "phpBB \u2022 Erik Fr\u00e8rejean - Support.jpg", "size": 97158, "self": "https://tracker.phpbb.com/rest/api/2/attachment/15506", "thumbnail": "https://tracker.phpbb.com/secure/thumbnail/15506/_thumb_15506.png", "mimeType": "image/jpeg"}, {"id": "15505", "author": {"key": "erik fr\u00e8rejean", "timeZone": "Europe/Amsterdam", "avatarUrls": {"24x24": "https://tracker.phpbb.com/secure/useravatar?size=small&ownerId=erik+fr%C3%A8rejean&avatarId=10040", "32x32": "https://tracker.phpbb.com/secure/useravatar?size=medium&ownerId=erik+fr%C3%A8rejean&avatarId=10040", "48x48": "https://tracker.phpbb.com/secure/useravatar?ownerId=erik+fr%C3%A8rejean&avatarId=10040", "16x16": "https://tracker.phpbb.com/secure/useravatar?size=xsmall&ownerId=erik+fr%C3%A8rejean&avatarId=10040"}, "active": true, "self": "https://tracker.phpbb.com/rest/api/2/user?username=Erik+Fr%C3%A8rejean", "displayName": "Erik Fr\u00e8rejean", "name": "Erik Fr\u00e8rejean"}, "content": "https://tracker.phpbb.com/secure/attachment/15505/phpBB+%E2%80%A2+Support+Toolkit+-+Discussion_Support.jpg", "created": "2010-11-01T13:12:21.000+0000", "filename": "phpBB \u2022 Support Toolkit - Discussion_Support.jpg", "size": 14714, "self": "https://tracker.phpbb.com/rest/api/2/attachment/15505", "thumbnail": "https://tracker.phpbb.com/secure/thumbnail/15505/_thumb_15505.png", "mimeType": "image/jpeg"}], "lastViewed": null, "environment": null, "status": {"id": "6", "statusCategory": {"id": 3, "self": "https://tracker.phpbb.com/rest/api/2/statuscategory/3", "key": "done", "colorName": "green", "name": "Done"}, "description": "The issue is considered finished, the resolution is correct. Issues which are closed can be reopened.", "iconUrl": "https://tracker.phpbb.com/images/icons/phpbb-closed.png", "self": "https://tracker.phpbb.com/rest/api/2/status/6", "name": "Closed"}, "subtasks": [], "duedate": null, "reporter": {"key": "erik fr\u00e8rejean", "timeZone": "Europe/Amsterdam", "avatarUrls": {"24x24": "https://tracker.phpbb.com/secure/useravatar?size=small&ownerId=erik+fr%C3%A8rejean&avatarId=10040", "32x32": "https://tracker.phpbb.com/secure/useravatar?size=medium&ownerId=erik+fr%C3%A8rejean&avatarId=10040", "48x48": "https://tracker.phpbb.com/secure/useravatar?ownerId=erik+fr%C3%A8rejean&avatarId=10040", "16x16": "https://tracker.phpbb.com/secure/useravatar?size=xsmall&ownerId=erik+fr%C3%A8rejean&avatarId=10040"}, "active": true, "self": "https://tracker.phpbb.com/rest/api/2/user?username=Erik+Fr%C3%A8rejean", "displayName": "Erik Fr\u00e8rejean", "name": "Erik Fr\u00e8rejean"}, "issuetype": {"id": "1", "subtask": false, "description": "A problem which impairs or prevents the functions of the product.", "avatarId": 12123, "iconUrl": "https://tracker.phpbb.com/secure/viewavatar?size=xsmall&avatarId=12123&avatarType=issuetype", "self": "https://tracker.phpbb.com/rest/api/2/issuetype/1", "name": "Bug"}, "customfield_10020": null, "creator": {"key": "noxwizard", "timeZone": "America/Chicago", "avatarUrls": {"24x24": "https://tracker.phpbb.com/secure/useravatar?size=small&ownerId=noxwizard&avatarId=10037", "32x32": "https://tracker.phpbb.com/secure/useravatar?size=medium&ownerId=noxwizard&avatarId=10037", "48x48": "https://tracker.phpbb.com/secure/useravatar?ownerId=noxwizard&avatarId=10037", "16x16": "https://tracker.phpbb.com/secure/useravatar?size=xsmall&ownerId=noxwizard&avatarId=10037"}, "active": true, "self": "https://tracker.phpbb.com/rest/api/2/user?username=Noxwizard", "displayName": "Patrick Webster", "name": "Noxwizard"}, "components": [], "resolutiondate": "2010-11-01T13:12:21.000+0000", "comment": {"total": 6, "startAt": 0, "comments": [{"id": "53280", "updateAuthor": {"key": "erik fr\u00e8rejean", "timeZone": "Europe/Amsterdam", "avatarUrls": {"24x24": "https://tracker.phpbb.com/secure/useravatar?size=small&ownerId=erik+fr%C3%A8rejean&avatarId=10040", "32x32": "https://tracker.phpbb.com/secure/useravatar?size=medium&ownerId=erik+fr%C3%A8rejean&avatarId=10040", "48x48": "https://tracker.phpbb.com/secure/useravatar?ownerId=erik+fr%C3%A8rejean&avatarId=10040", "16x16": "https://tracker.phpbb.com/secure/useravatar?size=xsmall&ownerId=erik+fr%C3%A8rejean&avatarId=10040"}, "active": true, "self": "https://tracker.phpbb.com/rest/api/2/user?username=Erik+Fr%C3%A8rejean", "displayName": "Erik Fr\u00e8rejean", "name": "Erik Fr\u00e8rejean"}, "author": {"key": "erik fr\u00e8rejean", "timeZone": "Europe/Amsterdam", "avatarUrls": {"24x24": "https://tracker.phpbb.com/secure/useravatar?size=small&ownerId=erik+fr%C3%A8rejean&avatarId=10040", "32x32": "https://tracker.phpbb.com/secure/useravatar?size=medium&ownerId=erik+fr%C3%A8rejean&avatarId=10040", "48x48": "https://tracker.phpbb.com/secure/useravatar?ownerId=erik+fr%C3%A8rejean&avatarId=10040", "16x16": "https://tracker.phpbb.com/secure/useravatar?size=xsmall&ownerId=erik+fr%C3%A8rejean&avatarId=10040"}, "active": true, "self": "https://tracker.phpbb.com/rest/api/2/user?username=Erik+Fr%C3%A8rejean", "displayName": "Erik Fr\u00e8rejean", "name": "Erik Fr\u00e8rejean"}, "body": "Attachment phpBB \u2022 Support Toolkit - Discussion_Support.jpg has been added with description: phpBB \u2022 Support Toolkit - Discussion_Support.jpg", "created": "2010-11-01T13:12:21.000+0000", "updated": "2010-11-01T13:12:21.000+0000", "self": "https://tracker.phpbb.com/rest/api/2/issue/28873/comment/53280"}, {"id": "53276", "updateAuthor": {"key": "exreaction", "timeZone": "America/Chicago", "avatarUrls": {"24x24": "https://tracker.phpbb.com/secure/useravatar?size=small&avatarId=10142", "32x32": "https://tracker.phpbb.com/secure/useravatar?size=medium&avatarId=10142", "48x48": "https://tracker.phpbb.com/secure/useravatar?avatarId=10142", "16x16": "https://tracker.phpbb.com/secure/useravatar?size=xsmall&avatarId=10142"}, "active": false, "self": "https://tracker.phpbb.com/rest/api/2/user?username=EXreaction", "displayName": "EXreaction [X]", "name": "EXreaction"}, "author": {"key": "exreaction", "timeZone": "America/Chicago", "avatarUrls": {"24x24": "https://tracker.phpbb.com/secure/useravatar?size=small&avatarId=10142", "32x32": "https://tracker.phpbb.com/secure/useravatar?size=medium&avatarId=10142", "48x48": "https://tracker.phpbb.com/secure/useravatar?avatarId=10142", "16x16": "https://tracker.phpbb.com/secure/useravatar?size=xsmall&avatarId=10142"}, "active": false, "self": "https://tracker.phpbb.com/rest/api/2/user?username=EXreaction", "displayName": "EXreaction [X]", "name": "EXreaction"}, "body": "Don't know what happened there, but I went and deleted the topic. I don't think guests have permission to post on our setup here.\r\n\r\nGoing to mark as unreproducible until this happens again unless anyone has any ideas.", "created": "2010-11-01T14:35:38.000+0000", "updated": "2010-11-01T14:35:38.000+0000", "self": "https://tracker.phpbb.com/rest/api/2/issue/28873/comment/53276"}, {"id": "53277", "updateAuthor": {"key": "erik fr\u00e8rejean", "timeZone": "Europe/Amsterdam", "avatarUrls": {"24x24": "https://tracker.phpbb.com/secure/useravatar?size=small&ownerId=erik+fr%C3%A8rejean&avatarId=10040", "32x32": "https://tracker.phpbb.com/secure/useravatar?size=medium&ownerId=erik+fr%C3%A8rejean&avatarId=10040", "48x48": "https://tracker.phpbb.com/secure/useravatar?ownerId=erik+fr%C3%A8rejean&avatarId=10040", "16x16": "https://tracker.phpbb.com/secure/useravatar?size=xsmall&ownerId=erik+fr%C3%A8rejean&avatarId=10040"}, "active": true, "self": "https://tracker.phpbb.com/rest/api/2/user?username=Erik+Fr%C3%A8rejean", "displayName": "Erik Fr\u00e8rejean", "name": "Erik Fr\u00e8rejean"}, "author": {"key": "erik fr\u00e8rejean", "timeZone": "Europe/Amsterdam", "avatarUrls": {"24x24": "https://tracker.phpbb.com/secure/useravatar?size=small&ownerId=erik+fr%C3%A8rejean&avatarId=10040", "32x32": "https://tracker.phpbb.com/secure/useravatar?size=medium&ownerId=erik+fr%C3%A8rejean&avatarId=10040", "48x48": "https://tracker.phpbb.com/secure/useravatar?ownerId=erik+fr%C3%A8rejean&avatarId=10040", "16x16": "https://tracker.phpbb.com/secure/useravatar?size=xsmall&ownerId=erik+fr%C3%A8rejean&avatarId=10040"}, "active": true, "self": "https://tracker.phpbb.com/rest/api/2/user?username=Erik+Fr%C3%A8rejean", "displayName": "Erik Fr\u00e8rejean", "name": "Erik Fr\u00e8rejean"}, "body": "Hi Nathan,\r\n\r\nSomething really weird is going on here, as its still showing on the \"[Support overview|http://www.phpbb.com/customise/db/official_tool/stk/support/]\"", "created": "2010-11-01T23:26:13.000+0000", "updated": "2010-11-01T23:26:13.000+0000", "self": "https://tracker.phpbb.com/rest/api/2/issue/28873/comment/53277"}, {"id": "53281", "updateAuthor": {"key": "erik fr\u00e8rejean", "timeZone": "Europe/Amsterdam", "avatarUrls": {"24x24": "https://tracker.phpbb.com/secure/useravatar?size=small&ownerId=erik+fr%C3%A8rejean&avatarId=10040", "32x32": "https://tracker.phpbb.com/secure/useravatar?size=medium&ownerId=erik+fr%C3%A8rejean&avatarId=10040", "48x48": "https://tracker.phpbb.com/secure/useravatar?ownerId=erik+fr%C3%A8rejean&avatarId=10040", "16x16": "https://tracker.phpbb.com/secure/useravatar?size=xsmall&ownerId=erik+fr%C3%A8rejean&avatarId=10040"}, "active": true, "self": "https://tracker.phpbb.com/rest/api/2/user?username=Erik+Fr%C3%A8rejean", "displayName": "Erik Fr\u00e8rejean", "name": "Erik Fr\u00e8rejean"}, "author": {"key": "erik fr\u00e8rejean", "timeZone": "Europe/Amsterdam", "avatarUrls": {"24x24": "https://tracker.phpbb.com/secure/useravatar?size=small&ownerId=erik+fr%C3%A8rejean&avatarId=10040", "32x32": "https://tracker.phpbb.com/secure/useravatar?size=medium&ownerId=erik+fr%C3%A8rejean&avatarId=10040", "48x48": "https://tracker.phpbb.com/secure/useravatar?ownerId=erik+fr%C3%A8rejean&avatarId=10040", "16x16": "https://tracker.phpbb.com/secure/useravatar?size=xsmall&ownerId=erik+fr%C3%A8rejean&avatarId=10040"}, "active": true, "self": "https://tracker.phpbb.com/rest/api/2/user?username=Erik+Fr%C3%A8rejean", "displayName": "Erik Fr\u00e8rejean", "name": "Erik Fr\u00e8rejean"}, "body": "Attachment phpBB \u2022 Erik Fr\u00e8rejean - Support.jpg has been added with description: phpBB \u2022 Erik Fr\u00e8rejean - Support.jpg", "created": "2010-11-01T23:26:13.000+0000", "updated": "2010-11-01T23:26:13.000+0000", "self": "https://tracker.phpbb.com/rest/api/2/issue/28873/comment/53281"}, {"id": "53278", "updateAuthor": {"key": "exreaction", "timeZone": "America/Chicago", "avatarUrls": {"24x24": "https://tracker.phpbb.com/secure/useravatar?size=small&avatarId=10142", "32x32": "https://tracker.phpbb.com/secure/useravatar?size=medium&avatarId=10142", "48x48": "https://tracker.phpbb.com/secure/useravatar?avatarId=10142", "16x16": "https://tracker.phpbb.com/secure/useravatar?size=xsmall&avatarId=10142"}, "active": false, "self": "https://tracker.phpbb.com/rest/api/2/user?username=EXreaction", "displayName": "EXreaction [X]", "name": "EXreaction"}, "author": {"key": "exreaction", "timeZone": "America/Chicago", "avatarUrls": {"24x24": "https://tracker.phpbb.com/secure/useravatar?size=small&avatarId=10142", "32x32": "https://tracker.phpbb.com/secure/useravatar?size=medium&avatarId=10142", "48x48": "https://tracker.phpbb.com/secure/useravatar?avatarId=10142", "16x16": "https://tracker.phpbb.com/secure/useravatar?size=xsmall&avatarId=10142"}, "active": false, "self": "https://tracker.phpbb.com/rest/api/2/user?username=EXreaction", "displayName": "EXreaction [X]", "name": "EXreaction"}, "body": "Removed it now", "created": "2010-11-01T23:30:04.000+0000", "updated": "2010-11-01T23:30:04.000+0000", "self": "https://tracker.phpbb.com/rest/api/2/issue/28873/comment/53278"}, {"id": "53279", "updateAuthor": {"key": "erik fr\u00e8rejean", "timeZone": "Europe/Amsterdam", "avatarUrls": {"24x24": "https://tracker.phpbb.com/secure/useravatar?size=small&ownerId=erik+fr%C3%A8rejean&avatarId=10040", "32x32": "https://tracker.phpbb.com/secure/useravatar?size=medium&ownerId=erik+fr%C3%A8rejean&avatarId=10040", "48x48": "https://tracker.phpbb.com/secure/useravatar?ownerId=erik+fr%C3%A8rejean&avatarId=10040", "16x16": "https://tracker.phpbb.com/secure/useravatar?size=xsmall&ownerId=erik+fr%C3%A8rejean&avatarId=10040"}, "active": true, "self": "https://tracker.phpbb.com/rest/api/2/user?username=Erik+Fr%C3%A8rejean", "displayName": "Erik Fr\u00e8rejean", "name": "Erik Fr\u00e8rejean"}, "author": {"key": "erik fr\u00e8rejean", "timeZone": "Europe/Amsterdam", "avatarUrls": {"24x24": "https://tracker.phpbb.com/secure/useravatar?size=small&ownerId=erik+fr%C3%A8rejean&avatarId=10040", "32x32": "https://tracker.phpbb.com/secure/useravatar?size=medium&ownerId=erik+fr%C3%A8rejean&avatarId=10040", "48x48": "https://tracker.phpbb.com/secure/useravatar?ownerId=erik+fr%C3%A8rejean&avatarId=10040", "16x16": "https://tracker.phpbb.com/secure/useravatar?size=xsmall&ownerId=erik+fr%C3%A8rejean&avatarId=10040"}, "active": true, "self": "https://tracker.phpbb.com/rest/api/2/user?username=Erik+Fr%C3%A8rejean", "displayName": "Erik Fr\u00e8rejean", "name": "Erik Fr\u00e8rejean"}, "body": "ty :)", "created": "2010-11-01T23:41:54.000+0000", "updated": "2010-11-01T23:41:54.000+0000", "self": "https://tracker.phpbb.com/rest/api/2/issue/28873/comment/53279"}], "maxResults": 6}, "workratio": -1}, "expand": "renderedFields,names,schema,operations,editmeta,changelog,versionedRepresentations", "self": "https://tracker.phpbb.com/rest/api/2/issue/28873", "key": "CUSTDB-367"}