{"id": "29025", "fields": {"summary": "Revision-specific download count", "customfield_10241": null, "labels": [], "description": "In my opinion, it would be nice to have a download count specific to revisions. I'd like to know how many times, for instance, the latest revision of the MOD has been downloaded. This could be a privately shown thing, i.e. only MOD author and MOD team can see it, or a public thing.", "updated": "2012-02-07T01:37:42.000+0000", "resolution": {"id": "1", "self": "https://tracker.phpbb.com/rest/api/2/resolution/1", "description": "A fix for this issue is checked into the tree and tested.", "name": "Fixed"}, "versions": [], "created": "2012-02-07T01:37:42.000+0000", "votes": {"votes": 0, "self": "https://tracker.phpbb.com/rest/api/2/issue/CUSTDB-519/votes", "hasVoted": false}, "fixVersions": [], "customfield_10146": 63028.0, "watches": {"self": "https://tracker.phpbb.com/rest/api/2/issue/CUSTDB-519/watchers", "watchCount": 0, "isWatching": false}, "assignee": {"key": "imkingdavid", "timeZone": "America/New_York", "avatarUrls": {"24x24": "https://tracker.phpbb.com/secure/useravatar?size=small&ownerId=imkingdavid&avatarId=10080", "32x32": "https://tracker.phpbb.com/secure/useravatar?size=medium&ownerId=imkingdavid&avatarId=10080", "48x48": "https://tracker.phpbb.com/secure/useravatar?ownerId=imkingdavid&avatarId=10080", "16x16": "https://tracker.phpbb.com/secure/useravatar?size=xsmall&ownerId=imkingdavid&avatarId=10080"}, "active": true, "self": "https://tracker.phpbb.com/rest/api/2/user?username=imkingdavid", "displayName": "David King", "name": "imkingdavid"}, "customfield_10040": null, "issuelinks": [], "customfield_10240": "0|i00err:", "project": {"id": "10046", "avatarUrls": {"24x24": "https://tracker.phpbb.com/secure/projectavatar?size=small&pid=10046&avatarId=10011", "32x32": "https://tracker.phpbb.com/secure/projectavatar?size=medium&pid=10046&avatarId=10011", "48x48": "https://tracker.phpbb.com/secure/projectavatar?pid=10046&avatarId=10011", "16x16": "https://tracker.phpbb.com/secure/projectavatar?size=xsmall&pid=10046&avatarId=10011"}, "projectCategory": {"id": "10021", "self": "https://tracker.phpbb.com/rest/api/2/projectCategory/10021", "description": "Tools released by the phpBB teams", "name": "Tools"}, "self": "https://tracker.phpbb.com/rest/api/2/project/10046", "key": "CUSTDB", "name": "Customisations Database"}, "customfield_10242": null, "priority": null, "attachment": [], "lastViewed": null, "environment": null, "status": {"id": "5", "statusCategory": {"id": 3, "self": "https://tracker.phpbb.com/rest/api/2/statuscategory/3", "key": "done", "colorName": "green", "name": "Done"}, "description": "A resolution has been taken, and it is awaiting verification by reporter. From here issues are either reopened, or are closed.", "iconUrl": "https://tracker.phpbb.com/images/icons/phpbb-unverified-fix.png", "self": "https://tracker.phpbb.com/rest/api/2/status/5", "name": "Unverified Fix"}, "subtasks": [], "duedate": null, "reporter": {"key": "imkingdavid", "timeZone": "America/New_York", "avatarUrls": {"24x24": "https://tracker.phpbb.com/secure/useravatar?size=small&ownerId=imkingdavid&avatarId=10080", "32x32": "https://tracker.phpbb.com/secure/useravatar?size=medium&ownerId=imkingdavid&avatarId=10080", "48x48": "https://tracker.phpbb.com/secure/useravatar?ownerId=imkingdavid&avatarId=10080", "16x16": "https://tracker.phpbb.com/secure/useravatar?size=xsmall&ownerId=imkingdavid&avatarId=10080"}, "active": true, "self": "https://tracker.phpbb.com/rest/api/2/user?username=imkingdavid", "displayName": "David King", "name": "imkingdavid"}, "issuetype": {"id": "1", "subtask": false, "description": "A problem which impairs or prevents the functions of the product.", "avatarId": 12123, "iconUrl": "https://tracker.phpbb.com/secure/viewavatar?size=xsmall&avatarId=12123&avatarType=issuetype", "self": "https://tracker.phpbb.com/rest/api/2/issuetype/1", "name": "Bug"}, "customfield_10020": null, "creator": {"key": "noxwizard", "timeZone": "America/Chicago", "avatarUrls": {"24x24": "https://tracker.phpbb.com/secure/useravatar?size=small&ownerId=noxwizard&avatarId=10037", "32x32": "https://tracker.phpbb.com/secure/useravatar?size=medium&ownerId=noxwizard&avatarId=10037", "48x48": "https://tracker.phpbb.com/secure/useravatar?ownerId=noxwizard&avatarId=10037", "16x16": "https://tracker.phpbb.com/secure/useravatar?size=xsmall&ownerId=noxwizard&avatarId=10037"}, "active": true, "self": "https://tracker.phpbb.com/rest/api/2/user?username=Noxwizard", "displayName": "Patrick Webster", "name": "Noxwizard"}, "components": [], "resolutiondate": "2012-02-07T01:37:42.000+0000", "comment": {"total": 7, "startAt": 0, "comments": [{"id": "53829", "updateAuthor": {"key": "imkingdavid", "timeZone": "America/New_York", "avatarUrls": {"24x24": "https://tracker.phpbb.com/secure/useravatar?size=small&ownerId=imkingdavid&avatarId=10080", "32x32": "https://tracker.phpbb.com/secure/useravatar?size=medium&ownerId=imkingdavid&avatarId=10080", "48x48": "https://tracker.phpbb.com/secure/useravatar?ownerId=imkingdavid&avatarId=10080", "16x16": "https://tracker.phpbb.com/secure/useravatar?size=xsmall&ownerId=imkingdavid&avatarId=10080"}, "active": true, "self": "https://tracker.phpbb.com/rest/api/2/user?username=imkingdavid", "displayName": "David King", "name": "imkingdavid"}, "author": {"key": "imkingdavid", "timeZone": "America/New_York", "avatarUrls": {"24x24": "https://tracker.phpbb.com/secure/useravatar?size=small&ownerId=imkingdavid&avatarId=10080", "32x32": "https://tracker.phpbb.com/secure/useravatar?size=medium&ownerId=imkingdavid&avatarId=10080", "48x48": "https://tracker.phpbb.com/secure/useravatar?ownerId=imkingdavid&avatarId=10080", "16x16": "https://tracker.phpbb.com/secure/useravatar?size=xsmall&ownerId=imkingdavid&avatarId=10080"}, "active": true, "self": "https://tracker.phpbb.com/rest/api/2/user?username=imkingdavid", "displayName": "David King", "name": "imkingdavid"}, "body": "Doing some initial research, it appears that revisions are linked to their attached file, and the attachment downloads are already counted (see titania/download/file.php:231). So this won't need a new table.\r\n\r\nBasically what I foresee this requiring is:\r\n1) When getting the revision data, do a query to select the download count from the attachments table where the attachment id is the same as the attachment id given on the revisions table.\r\n\r\n2) Send that download count to the template with the rest of the revision data\r\n\r\n3) Add the count to the template\r\n\r\nSo really, a pretty simple fix. I'll do it if I can figure out the way things work well enough. As it is I'm a little confused, but I'll continue looking.\r\n\r\nEDIT: This is untested because I am apparently not competent enough to install titania myself. :) [https://github.com/imkingdavid/customisation-db/compare/feature/revision-dl-count]", "created": "2012-03-11T00:10:35.000+0000", "updated": "2012-03-11T00:10:35.000+0000", "self": "https://tracker.phpbb.com/rest/api/2/issue/29025/comment/53829"}, {"id": "53830", "updateAuthor": {"key": "michaelc", "timeZone": "UTC", "avatarUrls": {"24x24": "https://tracker.phpbb.com/secure/useravatar?size=small&ownerId=michaelc&avatarId=10621", "32x32": "https://tracker.phpbb.com/secure/useravatar?size=medium&ownerId=michaelc&avatarId=10621", "48x48": "https://tracker.phpbb.com/secure/useravatar?ownerId=michaelc&avatarId=10621", "16x16": "https://tracker.phpbb.com/secure/useravatar?size=xsmall&ownerId=michaelc&avatarId=10621"}, "active": true, "self": "https://tracker.phpbb.com/rest/api/2/user?username=MichaelC", "displayName": "Michael Cullum", "name": "MichaelC"}, "author": {"key": "michaelc", "timeZone": "UTC", "avatarUrls": {"24x24": "https://tracker.phpbb.com/secure/useravatar?size=small&ownerId=michaelc&avatarId=10621", "32x32": "https://tracker.phpbb.com/secure/useravatar?size=medium&ownerId=michaelc&avatarId=10621", "48x48": "https://tracker.phpbb.com/secure/useravatar?ownerId=michaelc&avatarId=10621", "16x16": "https://tracker.phpbb.com/secure/useravatar?size=xsmall&ownerId=michaelc&avatarId=10621"}, "active": true, "self": "https://tracker.phpbb.com/rest/api/2/user?username=MichaelC", "displayName": "Michael Cullum", "name": "MichaelC"}, "body": "Submit a PR. ;)\r\n\r\nCan you please amend the commit to remove the change you made to the end of the revision_list.html file?\r\n\r\nLooks good and when you submit a PR I'll give it a test.", "created": "2012-03-11T10:07:55.000+0000", "updated": "2012-03-11T10:07:55.000+0000", "self": "https://tracker.phpbb.com/rest/api/2/issue/29025/comment/53830"}, {"id": "53831", "updateAuthor": {"key": "imkingdavid", "timeZone": "America/New_York", "avatarUrls": {"24x24": "https://tracker.phpbb.com/secure/useravatar?size=small&ownerId=imkingdavid&avatarId=10080", "32x32": "https://tracker.phpbb.com/secure/useravatar?size=medium&ownerId=imkingdavid&avatarId=10080", "48x48": "https://tracker.phpbb.com/secure/useravatar?ownerId=imkingdavid&avatarId=10080", "16x16": "https://tracker.phpbb.com/secure/useravatar?size=xsmall&ownerId=imkingdavid&avatarId=10080"}, "active": true, "self": "https://tracker.phpbb.com/rest/api/2/user?username=imkingdavid", "displayName": "David King", "name": "imkingdavid"}, "author": {"key": "imkingdavid", "timeZone": "America/New_York", "avatarUrls": {"24x24": "https://tracker.phpbb.com/secure/useravatar?size=small&ownerId=imkingdavid&avatarId=10080", "32x32": "https://tracker.phpbb.com/secure/useravatar?size=medium&ownerId=imkingdavid&avatarId=10080", "48x48": "https://tracker.phpbb.com/secure/useravatar?ownerId=imkingdavid&avatarId=10080", "16x16": "https://tracker.phpbb.com/secure/useravatar?size=xsmall&ownerId=imkingdavid&avatarId=10080"}, "active": true, "self": "https://tracker.phpbb.com/rest/api/2/user?username=imkingdavid", "displayName": "David King", "name": "imkingdavid"}, "body": "Here's the tested fix: [https://github.com/phpbb/customisation-db/pull/76]\r\n\r\nNeeds to be tested again before merging, but it worked for me.\r\n\r\nNOTE: With the current fix, download count only displays in the template when it is > 0. I can alter it if needed to always display, even if it is 0.", "created": "2012-03-11T18:48:16.000+0000", "updated": "2012-03-11T18:48:16.000+0000", "self": "https://tracker.phpbb.com/rest/api/2/issue/29025/comment/53831"}, {"id": "53832", "updateAuthor": {"key": "michaelc", "timeZone": "UTC", "avatarUrls": {"24x24": "https://tracker.phpbb.com/secure/useravatar?size=small&ownerId=michaelc&avatarId=10621", "32x32": "https://tracker.phpbb.com/secure/useravatar?size=medium&ownerId=michaelc&avatarId=10621", "48x48": "https://tracker.phpbb.com/secure/useravatar?ownerId=michaelc&avatarId=10621", "16x16": "https://tracker.phpbb.com/secure/useravatar?size=xsmall&ownerId=michaelc&avatarId=10621"}, "active": true, "self": "https://tracker.phpbb.com/rest/api/2/user?username=MichaelC", "displayName": "Michael Cullum", "name": "MichaelC"}, "author": {"key": "michaelc", "timeZone": "UTC", "avatarUrls": {"24x24": "https://tracker.phpbb.com/secure/useravatar?size=small&ownerId=michaelc&avatarId=10621", "32x32": "https://tracker.phpbb.com/secure/useravatar?size=medium&ownerId=michaelc&avatarId=10621", "48x48": "https://tracker.phpbb.com/secure/useravatar?ownerId=michaelc&avatarId=10621", "16x16": "https://tracker.phpbb.com/secure/useravatar?size=xsmall&ownerId=michaelc&avatarId=10621"}, "active": true, "self": "https://tracker.phpbb.com/rest/api/2/user?username=MichaelC", "displayName": "Michael Cullum", "name": "MichaelC"}, "body": "That sounds fine to me. I'll give it a test then you can probably merge it yourself?", "created": "2012-03-11T18:53:31.000+0000", "updated": "2012-03-11T18:53:31.000+0000", "self": "https://tracker.phpbb.com/rest/api/2/issue/29025/comment/53832"}, {"id": "53833", "updateAuthor": {"key": "michaelc", "timeZone": "UTC", "avatarUrls": {"24x24": "https://tracker.phpbb.com/secure/useravatar?size=small&ownerId=michaelc&avatarId=10621", "32x32": "https://tracker.phpbb.com/secure/useravatar?size=medium&ownerId=michaelc&avatarId=10621", "48x48": "https://tracker.phpbb.com/secure/useravatar?ownerId=michaelc&avatarId=10621", "16x16": "https://tracker.phpbb.com/secure/useravatar?size=xsmall&ownerId=michaelc&avatarId=10621"}, "active": true, "self": "https://tracker.phpbb.com/rest/api/2/user?username=MichaelC", "displayName": "Michael Cullum", "name": "MichaelC"}, "author": {"key": "michaelc", "timeZone": "UTC", "avatarUrls": {"24x24": "https://tracker.phpbb.com/secure/useravatar?size=small&ownerId=michaelc&avatarId=10621", "32x32": "https://tracker.phpbb.com/secure/useravatar?size=medium&ownerId=michaelc&avatarId=10621", "48x48": "https://tracker.phpbb.com/secure/useravatar?ownerId=michaelc&avatarId=10621", "16x16": "https://tracker.phpbb.com/secure/useravatar?size=xsmall&ownerId=michaelc&avatarId=10621"}, "active": true, "self": "https://tracker.phpbb.com/rest/api/2/user?username=MichaelC", "displayName": "Michael Cullum", "name": "MichaelC"}, "body": "Pending until its merged. ;)", "created": "2012-03-11T18:54:03.000+0000", "updated": "2012-03-11T18:54:03.000+0000", "self": "https://tracker.phpbb.com/rest/api/2/issue/29025/comment/53833"}, {"id": "53834", "updateAuthor": {"key": "erik fr\u00e8rejean", "timeZone": "Europe/Amsterdam", "avatarUrls": {"24x24": "https://tracker.phpbb.com/secure/useravatar?size=small&ownerId=erik+fr%C3%A8rejean&avatarId=10040", "32x32": "https://tracker.phpbb.com/secure/useravatar?size=medium&ownerId=erik+fr%C3%A8rejean&avatarId=10040", "48x48": "https://tracker.phpbb.com/secure/useravatar?ownerId=erik+fr%C3%A8rejean&avatarId=10040", "16x16": "https://tracker.phpbb.com/secure/useravatar?size=xsmall&ownerId=erik+fr%C3%A8rejean&avatarId=10040"}, "active": true, "self": "https://tracker.phpbb.com/rest/api/2/user?username=Erik+Fr%C3%A8rejean", "displayName": "Erik Fr\u00e8rejean", "name": "Erik Fr\u00e8rejean"}, "author": {"key": "erik fr\u00e8rejean", "timeZone": "Europe/Amsterdam", "avatarUrls": {"24x24": "https://tracker.phpbb.com/secure/useravatar?size=small&ownerId=erik+fr%C3%A8rejean&avatarId=10040", "32x32": "https://tracker.phpbb.com/secure/useravatar?size=medium&ownerId=erik+fr%C3%A8rejean&avatarId=10040", "48x48": "https://tracker.phpbb.com/secure/useravatar?ownerId=erik+fr%C3%A8rejean&avatarId=10040", "16x16": "https://tracker.phpbb.com/secure/useravatar?size=xsmall&ownerId=erik+fr%C3%A8rejean&avatarId=10040"}, "active": true, "self": "https://tracker.phpbb.com/rest/api/2/user?username=Erik+Fr%C3%A8rejean", "displayName": "Erik Fr\u00e8rejean", "name": "Erik Fr\u00e8rejean"}, "body": "The fix doesn't work: [https://skitch.com/erikfrerejean/8jd9w/phpbb-information]", "created": "2012-03-12T04:58:13.000+0000", "updated": "2012-03-12T04:58:13.000+0000", "self": "https://tracker.phpbb.com/rest/api/2/issue/29025/comment/53834"}, {"id": "53835", "updateAuthor": {"key": "michaelc", "timeZone": "UTC", "avatarUrls": {"24x24": "https://tracker.phpbb.com/secure/useravatar?size=small&ownerId=michaelc&avatarId=10621", "32x32": "https://tracker.phpbb.com/secure/useravatar?size=medium&ownerId=michaelc&avatarId=10621", "48x48": "https://tracker.phpbb.com/secure/useravatar?ownerId=michaelc&avatarId=10621", "16x16": "https://tracker.phpbb.com/secure/useravatar?size=xsmall&ownerId=michaelc&avatarId=10621"}, "active": true, "self": "https://tracker.phpbb.com/rest/api/2/user?username=MichaelC", "displayName": "Michael Cullum", "name": "MichaelC"}, "author": {"key": "michaelc", "timeZone": "UTC", "avatarUrls": {"24x24": "https://tracker.phpbb.com/secure/useravatar?size=small&ownerId=michaelc&avatarId=10621", "32x32": "https://tracker.phpbb.com/secure/useravatar?size=medium&ownerId=michaelc&avatarId=10621", "48x48": "https://tracker.phpbb.com/secure/useravatar?ownerId=michaelc&avatarId=10621", "16x16": "https://tracker.phpbb.com/secure/useravatar?size=xsmall&ownerId=michaelc&avatarId=10621"}, "active": true, "self": "https://tracker.phpbb.com/rest/api/2/user?username=MichaelC", "displayName": "Michael Cullum", "name": "MichaelC"}, "body": "There is a new bug report as its a new bug caused by this. [http://www.phpbb.com/bugs/titania/63071]", "created": "2012-03-12T13:09:44.000+0000", "updated": "2012-03-12T13:09:44.000+0000", "self": "https://tracker.phpbb.com/rest/api/2/issue/29025/comment/53835"}], "maxResults": 7}, "workratio": -1}, "expand": "renderedFields,names,schema,operations,editmeta,changelog,versionedRepresentations", "self": "https://tracker.phpbb.com/rest/api/2/issue/29025", "key": "CUSTDB-519"}