{"id": "28961", "fields": {"summary": "RSS", "customfield_10241": null, "labels": [], "description": "We (Polish support site) want to set up a page with links to MODs from the phpBB.com modifications database. However, we would like to provide MOD descriptions in our native language on that page. It would be great if you could give us a RSS (or something like that) of your databases.", "updated": "2014-08-21T04:16:06.000+0000", "resolution": null, "versions": [], "created": "2011-06-24T18:01:06.000+0000", "votes": {"votes": 0, "self": "https://tracker.phpbb.com/rest/api/2/issue/CUSTDB-455/votes", "hasVoted": false}, "fixVersions": [], "customfield_10146": 62841.0, "watches": {"self": "https://tracker.phpbb.com/rest/api/2/issue/CUSTDB-455/watchers", "watchCount": 0, "isWatching": false}, "assignee": null, "customfield_10040": null, "issuelinks": [{"id": "13738", "inwardIssue": {"id": "28637", "fields": {"summary": "[Feature] Newest mods and feed", "status": {"id": "6", "statusCategory": {"id": 3, "self": "https://tracker.phpbb.com/rest/api/2/statuscategory/3", "key": "done", "colorName": "green", "name": "Done"}, "description": "The issue is considered finished, the resolution is correct. Issues which are closed can be reopened.", "iconUrl": "https://tracker.phpbb.com/images/icons/phpbb-closed.png", "self": "https://tracker.phpbb.com/rest/api/2/status/6", "name": "Closed"}, "issuetype": {"id": "1", "subtask": false, "description": "A problem which impairs or prevents the functions of the product.", "avatarId": 12123, "iconUrl": "https://tracker.phpbb.com/secure/viewavatar?size=xsmall&avatarId=12123&avatarType=issuetype", "self": "https://tracker.phpbb.com/rest/api/2/issuetype/1", "name": "Bug"}}, "self": "https://tracker.phpbb.com/rest/api/2/issue/28637", "key": "CUSTDB-131"}, "self": "https://tracker.phpbb.com/rest/api/2/issueLink/13738", "type": {"id": "10000", "inward": "is duplicated by", "outward": "duplicates", "self": "https://tracker.phpbb.com/rest/api/2/issueLinkType/10000", "name": "Duplicate"}}], "customfield_10240": "0|i00f87:", "project": {"id": "10046", "avatarUrls": {"24x24": "https://tracker.phpbb.com/secure/projectavatar?size=small&pid=10046&avatarId=10011", "32x32": "https://tracker.phpbb.com/secure/projectavatar?size=medium&pid=10046&avatarId=10011", "48x48": "https://tracker.phpbb.com/secure/projectavatar?pid=10046&avatarId=10011", "16x16": "https://tracker.phpbb.com/secure/projectavatar?size=xsmall&pid=10046&avatarId=10011"}, "projectCategory": {"id": "10021", "self": "https://tracker.phpbb.com/rest/api/2/projectCategory/10021", "description": "Tools released by the phpBB teams", "name": "Tools"}, "self": "https://tracker.phpbb.com/rest/api/2/project/10046", "key": "CUSTDB", "name": "Customisations Database"}, "customfield_10242": null, "priority": {"id": "4", "iconUrl": "https://tracker.phpbb.com/images/icons/priorities/minor.svg", "self": "https://tracker.phpbb.com/rest/api/2/priority/4", "name": "Minor"}, "attachment": [], "lastViewed": null, "environment": null, "status": {"id": "1", "statusCategory": {"id": 2, "self": "https://tracker.phpbb.com/rest/api/2/statuscategory/2", "key": "new", "colorName": "blue-gray", "name": "To Do"}, "description": "The issue is open and ready for the assignee to start work on it.", "iconUrl": "https://tracker.phpbb.com/images/icons/phpbb-open.png", "self": "https://tracker.phpbb.com/rest/api/2/status/1", "name": "Open"}, "subtasks": [], "duedate": null, "reporter": {"key": "daropl", "timeZone": "UTC", "avatarUrls": {"24x24": "https://tracker.phpbb.com/secure/useravatar?size=small&avatarId=10142", "32x32": "https://tracker.phpbb.com/secure/useravatar?size=medium&avatarId=10142", "48x48": "https://tracker.phpbb.com/secure/useravatar?avatarId=10142", "16x16": "https://tracker.phpbb.com/secure/useravatar?size=xsmall&avatarId=10142"}, "active": false, "self": "https://tracker.phpbb.com/rest/api/2/user?username=daroPL", "displayName": "daroPL [X]", "name": "daroPL"}, "issuetype": {"id": "2", "subtask": false, "description": "A new feature of the product, which has yet to be developed.", "avatarId": 12131, "iconUrl": "https://tracker.phpbb.com/secure/viewavatar?size=xsmall&avatarId=12131&avatarType=issuetype", "self": "https://tracker.phpbb.com/rest/api/2/issuetype/2", "name": "New Feature"}, "customfield_10020": null, "creator": {"key": "noxwizard", "timeZone": "America/Chicago", "avatarUrls": {"24x24": "https://tracker.phpbb.com/secure/useravatar?size=small&ownerId=noxwizard&avatarId=10037", "32x32": "https://tracker.phpbb.com/secure/useravatar?size=medium&ownerId=noxwizard&avatarId=10037", "48x48": "https://tracker.phpbb.com/secure/useravatar?ownerId=noxwizard&avatarId=10037", "16x16": "https://tracker.phpbb.com/secure/useravatar?size=xsmall&ownerId=noxwizard&avatarId=10037"}, "active": true, "self": "https://tracker.phpbb.com/rest/api/2/user?username=Noxwizard", "displayName": "Patrick Webster", "name": "Noxwizard"}, "components": [], "resolutiondate": null, "comment": {"total": 1, "startAt": 0, "comments": [{"id": "53616", "updateAuthor": {"key": "davidiq", "timeZone": "America/New_York", "avatarUrls": {"24x24": "https://tracker.phpbb.com/secure/useravatar?size=small&ownerId=davidiq&avatarId=12223", "32x32": "https://tracker.phpbb.com/secure/useravatar?size=medium&ownerId=davidiq&avatarId=12223", "48x48": "https://tracker.phpbb.com/secure/useravatar?ownerId=davidiq&avatarId=12223", "16x16": "https://tracker.phpbb.com/secure/useravatar?size=xsmall&ownerId=davidiq&avatarId=12223"}, "active": true, "self": "https://tracker.phpbb.com/rest/api/2/user?username=DavidIQ", "displayName": "David Col\u00f3n", "name": "DavidIQ"}, "author": {"key": "davidiq", "timeZone": "America/New_York", "avatarUrls": {"24x24": "https://tracker.phpbb.com/secure/useravatar?size=small&ownerId=davidiq&avatarId=12223", "32x32": "https://tracker.phpbb.com/secure/useravatar?size=medium&ownerId=davidiq&avatarId=12223", "48x48": "https://tracker.phpbb.com/secure/useravatar?ownerId=davidiq&avatarId=12223", "16x16": "https://tracker.phpbb.com/secure/useravatar?size=xsmall&ownerId=davidiq&avatarId=12223"}, "active": true, "self": "https://tracker.phpbb.com/rest/api/2/user?username=DavidIQ", "displayName": "David Col\u00f3n", "name": "DavidIQ"}, "body": "Sorry...meant to reply to your e-mail/PM.  I think it would be best to supply this information via a webservice built-in to Titania.  This would aid with the idea of Plug-ins in future versions of phpBB and provide a way to alert administrators of new versions, besides also providing other sites with things such as descriptions.\r\n\r\nThe webservice would produce an xml documen, much like RSS feeds.  At the same time we could add RSS to the CDB but I'm not so sure that's as useful as a webservice.", "created": "2011-06-24T18:26:08.000+0000", "updated": "2011-06-24T18:26:08.000+0000", "self": "https://tracker.phpbb.com/rest/api/2/issue/28961/comment/53616"}], "maxResults": 1}, "workratio": -1}, "expand": "renderedFields,names,schema,operations,editmeta,changelog,versionedRepresentations", "self": "https://tracker.phpbb.com/rest/api/2/issue/28961", "key": "CUSTDB-455"}