{"id": "28555", "fields": {"summary": "Approving Contrib => Unknown property: username", "customfield_10241": null, "labels": [], "description": "When approving a contrib (style/mod) I receive the error from the title.\n\nPatch attached.", "updated": "2010-04-20T14:44:15.000+0000", "resolution": {"id": "1", "self": "https://tracker.phpbb.com/rest/api/2/resolution/1", "description": "A fix for this issue is checked into the tree and tested.", "name": "Fixed"}, "versions": [], "created": "2010-04-20T14:44:15.000+0000", "votes": {"votes": 0, "self": "https://tracker.phpbb.com/rest/api/2/issue/CUSTDB-49/votes", "hasVoted": false}, "fixVersions": [], "customfield_10146": 60595.0, "watches": {"self": "https://tracker.phpbb.com/rest/api/2/issue/CUSTDB-49/watchers", "watchCount": 0, "isWatching": false}, "assignee": {"key": "nickvergessen", "timeZone": "Europe/Berlin", "avatarUrls": {"24x24": "https://tracker.phpbb.com/secure/useravatar?size=small&ownerId=nickvergessen&avatarId=10038", "32x32": "https://tracker.phpbb.com/secure/useravatar?size=medium&ownerId=nickvergessen&avatarId=10038", "48x48": "https://tracker.phpbb.com/secure/useravatar?ownerId=nickvergessen&avatarId=10038", "16x16": "https://tracker.phpbb.com/secure/useravatar?size=xsmall&ownerId=nickvergessen&avatarId=10038"}, "active": true, "self": "https://tracker.phpbb.com/rest/api/2/user?username=nickvergessen", "displayName": "Joas Schilling", "name": "nickvergessen"}, "customfield_10040": null, "issuelinks": [], "customfield_10240": "0|i00hm7:", "project": {"id": "10046", "avatarUrls": {"24x24": "https://tracker.phpbb.com/secure/projectavatar?size=small&pid=10046&avatarId=10011", "32x32": "https://tracker.phpbb.com/secure/projectavatar?size=medium&pid=10046&avatarId=10011", "48x48": "https://tracker.phpbb.com/secure/projectavatar?pid=10046&avatarId=10011", "16x16": "https://tracker.phpbb.com/secure/projectavatar?size=xsmall&pid=10046&avatarId=10011"}, "projectCategory": {"id": "10021", "self": "https://tracker.phpbb.com/rest/api/2/projectCategory/10021", "description": "Tools released by the phpBB teams", "name": "Tools"}, "self": "https://tracker.phpbb.com/rest/api/2/project/10046", "key": "CUSTDB", "name": "Customisations Database"}, "customfield_10242": null, "priority": null, "attachment": [{"id": "15468", "author": {"key": "nickvergessen", "timeZone": "Europe/Berlin", "avatarUrls": {"24x24": "https://tracker.phpbb.com/secure/useravatar?size=small&ownerId=nickvergessen&avatarId=10038", "32x32": "https://tracker.phpbb.com/secure/useravatar?size=medium&ownerId=nickvergessen&avatarId=10038", "48x48": "https://tracker.phpbb.com/secure/useravatar?ownerId=nickvergessen&avatarId=10038", "16x16": "https://tracker.phpbb.com/secure/useravatar?size=xsmall&ownerId=nickvergessen&avatarId=10038"}, "active": true, "self": "https://tracker.phpbb.com/rest/api/2/user?username=nickvergessen", "displayName": "Joas Schilling", "name": "nickvergessen"}, "content": "https://tracker.phpbb.com/secure/attachment/15468/undefined_property_username.diff", "created": "2010-04-20T14:44:15.000+0000", "filename": "undefined_property_username.diff", "size": 634, "self": "https://tracker.phpbb.com/rest/api/2/attachment/15468", "mimeType": "application/octet-stream"}], "lastViewed": null, "environment": null, "status": {"id": "5", "statusCategory": {"id": 3, "self": "https://tracker.phpbb.com/rest/api/2/statuscategory/3", "key": "done", "colorName": "green", "name": "Done"}, "description": "A resolution has been taken, and it is awaiting verification by reporter. From here issues are either reopened, or are closed.", "iconUrl": "https://tracker.phpbb.com/images/icons/phpbb-unverified-fix.png", "self": "https://tracker.phpbb.com/rest/api/2/status/5", "name": "Unverified Fix"}, "subtasks": [], "duedate": null, "reporter": {"key": "nickvergessen", "timeZone": "Europe/Berlin", "avatarUrls": {"24x24": "https://tracker.phpbb.com/secure/useravatar?size=small&ownerId=nickvergessen&avatarId=10038", "32x32": "https://tracker.phpbb.com/secure/useravatar?size=medium&ownerId=nickvergessen&avatarId=10038", "48x48": "https://tracker.phpbb.com/secure/useravatar?ownerId=nickvergessen&avatarId=10038", "16x16": "https://tracker.phpbb.com/secure/useravatar?size=xsmall&ownerId=nickvergessen&avatarId=10038"}, "active": true, "self": "https://tracker.phpbb.com/rest/api/2/user?username=nickvergessen", "displayName": "Joas Schilling", "name": "nickvergessen"}, "issuetype": {"id": "1", "subtask": false, "description": "A problem which impairs or prevents the functions of the product.", "avatarId": 12123, "iconUrl": "https://tracker.phpbb.com/secure/viewavatar?size=xsmall&avatarId=12123&avatarType=issuetype", "self": "https://tracker.phpbb.com/rest/api/2/issuetype/1", "name": "Bug"}, "customfield_10020": null, "creator": {"key": "noxwizard", "timeZone": "America/Chicago", "avatarUrls": {"24x24": "https://tracker.phpbb.com/secure/useravatar?size=small&ownerId=noxwizard&avatarId=10037", "32x32": "https://tracker.phpbb.com/secure/useravatar?size=medium&ownerId=noxwizard&avatarId=10037", "48x48": "https://tracker.phpbb.com/secure/useravatar?ownerId=noxwizard&avatarId=10037", "16x16": "https://tracker.phpbb.com/secure/useravatar?size=xsmall&ownerId=noxwizard&avatarId=10037"}, "active": true, "self": "https://tracker.phpbb.com/rest/api/2/user?username=Noxwizard", "displayName": "Patrick Webster", "name": "Noxwizard"}, "components": [], "resolutiondate": "2010-04-20T14:44:15.000+0000", "comment": {"total": 1, "startAt": 0, "comments": [{"id": "52472", "updateAuthor": {"key": "nickvergessen", "timeZone": "Europe/Berlin", "avatarUrls": {"24x24": "https://tracker.phpbb.com/secure/useravatar?size=small&ownerId=nickvergessen&avatarId=10038", "32x32": "https://tracker.phpbb.com/secure/useravatar?size=medium&ownerId=nickvergessen&avatarId=10038", "48x48": "https://tracker.phpbb.com/secure/useravatar?ownerId=nickvergessen&avatarId=10038", "16x16": "https://tracker.phpbb.com/secure/useravatar?size=xsmall&ownerId=nickvergessen&avatarId=10038"}, "active": true, "self": "https://tracker.phpbb.com/rest/api/2/user?username=nickvergessen", "displayName": "Joas Schilling", "name": "nickvergessen"}, "author": {"key": "nickvergessen", "timeZone": "Europe/Berlin", "avatarUrls": {"24x24": "https://tracker.phpbb.com/secure/useravatar?size=small&ownerId=nickvergessen&avatarId=10038", "32x32": "https://tracker.phpbb.com/secure/useravatar?size=medium&ownerId=nickvergessen&avatarId=10038", "48x48": "https://tracker.phpbb.com/secure/useravatar?ownerId=nickvergessen&avatarId=10038", "16x16": "https://tracker.phpbb.com/secure/useravatar?size=xsmall&ownerId=nickvergessen&avatarId=10038"}, "active": true, "self": "https://tracker.phpbb.com/rest/api/2/user?username=nickvergessen", "displayName": "Joas Schilling", "name": "nickvergessen"}, "body": "Attachment undefined_property_username.diff has been added with description: undefined_property_username.diff", "created": "2010-04-20T14:44:15.000+0000", "updated": "2010-04-20T14:44:15.000+0000", "self": "https://tracker.phpbb.com/rest/api/2/issue/28555/comment/52472"}], "maxResults": 1}, "workratio": -1}, "expand": "renderedFields,names,schema,operations,editmeta,changelog,versionedRepresentations", "self": "https://tracker.phpbb.com/rest/api/2/issue/28555", "key": "CUSTDB-49"}