{"id": "28989", "fields": {"summary": "[Language] Missing language key via purge cache", "customfield_10241": null, "labels": [], "description": "Hello,\n\nI'd suggest this solutions to add language key to purge cache.\n\nOpen \"common.php\" file in Titania root.\n\nFind:\n{code}\u00a0\u00a0\u00a0\u00a0titania::error_box('SUCCESS',\u00a0phpbb::$user->lang['CACHE_PURGED']);\u00a0{code}\nReplace with:\n{code}\u00a0\u00a0\u00a0\u00a0titania::error_box(phpbb::$user->lang['SUCCESSBOX_TITLE'],\u00a0phpbb::$user->lang['CACHE_PURGED']);\u00a0{code}\nFind:\n{code}\u00a0\u00a0\u00a0\u00a0\u00a0\u00a0\u00a0\u00a0titania::error_box('SUCCESS',\u00a0'Sync\u00a0Success');\u00a0{code}\nReplace with:\n{code}\u00a0\u00a0\u00a0\u00a0\u00a0\u00a0\u00a0\u00a0titania::error_box(phpbb::$user->lang['SUCCESSBOX_TITLE'],\u00a0phpbb::$user->lang['SYNC_SUCCESS']);\u00a0{code}\n\nIn the key language common .php in language/en/ I've added:\n\nFind:\n{code}\u00a0\u00a0\u00a0\u00a0'SUBSCRIPTION_NOTIFICATION'\u00a0\u00a0\u00a0\u00a0=>\u00a0'Subscription\u00a0Notification',\u00a0{code}\nAfter add:\n{code}\u00a0\u00a0\u00a0\u00a0'SUCCESSBOX_TITLE'\u00a0\u00a0\u00a0\u00a0\u00a0\u00a0\u00a0\u00a0\u00a0\u00a0\u00a0\u00a0=>\u00a0'Success',\n\u00a0\u00a0\u00a0\u00a0'SYNC_SUCCESS'\u00a0\u00a0\u00a0\u00a0\u00a0\u00a0\u00a0\u00a0\u00a0\u00a0\u00a0\u00a0\u00a0\u00a0\u00a0\u00a0=>\u00a0'Sync\u00a0Success',\u00a0{code}\n\nBest regard.", "updated": "2011-09-26T23:44:50.000+0000", "resolution": {"id": "1", "self": "https://tracker.phpbb.com/rest/api/2/resolution/1", "description": "A fix for this issue is checked into the tree and tested.", "name": "Fixed"}, "versions": [], "created": "2011-09-26T23:44:50.000+0000", "votes": {"votes": 0, "self": "https://tracker.phpbb.com/rest/api/2/issue/CUSTDB-483/votes", "hasVoted": false}, "fixVersions": [], "customfield_10146": 62914.0, "watches": {"self": "https://tracker.phpbb.com/rest/api/2/issue/CUSTDB-483/watchers", "watchCount": 0, "isWatching": false}, "assignee": {"key": "elglobo", "timeZone": "UTC", "avatarUrls": {"24x24": "https://tracker.phpbb.com/secure/useravatar?size=small&avatarId=10142", "32x32": "https://tracker.phpbb.com/secure/useravatar?size=medium&avatarId=10142", "48x48": "https://tracker.phpbb.com/secure/useravatar?avatarId=10142", "16x16": "https://tracker.phpbb.com/secure/useravatar?size=xsmall&avatarId=10142"}, "active": false, "self": "https://tracker.phpbb.com/rest/api/2/user?username=Elglobo", "displayName": "Micka\u00ebl SALFATI [X]", "name": "Elglobo"}, "customfield_10040": null, "issuelinks": [], "customfield_10240": "0|i00ezb:", "project": {"id": "10046", "avatarUrls": {"24x24": "https://tracker.phpbb.com/secure/projectavatar?size=small&pid=10046&avatarId=10011", "32x32": "https://tracker.phpbb.com/secure/projectavatar?size=medium&pid=10046&avatarId=10011", "48x48": "https://tracker.phpbb.com/secure/projectavatar?pid=10046&avatarId=10011", "16x16": "https://tracker.phpbb.com/secure/projectavatar?size=xsmall&pid=10046&avatarId=10011"}, "projectCategory": {"id": "10021", "self": "https://tracker.phpbb.com/rest/api/2/projectCategory/10021", "description": "Tools released by the phpBB teams", "name": "Tools"}, "self": "https://tracker.phpbb.com/rest/api/2/project/10046", "key": "CUSTDB", "name": "Customisations Database"}, "customfield_10242": null, "priority": null, "attachment": [], "lastViewed": null, "environment": null, "status": {"id": "5", "statusCategory": {"id": 3, "self": "https://tracker.phpbb.com/rest/api/2/statuscategory/3", "key": "done", "colorName": "green", "name": "Done"}, "description": "A resolution has been taken, and it is awaiting verification by reporter. From here issues are either reopened, or are closed.", "iconUrl": "https://tracker.phpbb.com/images/icons/phpbb-unverified-fix.png", "self": "https://tracker.phpbb.com/rest/api/2/status/5", "name": "Unverified Fix"}, "subtasks": [], "duedate": null, "reporter": {"key": "dakin quelia", "timeZone": "UTC", "avatarUrls": {"24x24": "https://tracker.phpbb.com/secure/useravatar?size=small&avatarId=10142", "32x32": "https://tracker.phpbb.com/secure/useravatar?size=medium&avatarId=10142", "48x48": "https://tracker.phpbb.com/secure/useravatar?avatarId=10142", "16x16": "https://tracker.phpbb.com/secure/useravatar?size=xsmall&avatarId=10142"}, "active": false, "self": "https://tracker.phpbb.com/rest/api/2/user?username=Dakin+Quelia", "displayName": "Daniel Chals\u00e8che [X]", "name": "Dakin Quelia"}, "issuetype": {"id": "1", "subtask": false, "description": "A problem which impairs or prevents the functions of the product.", "avatarId": 12123, "iconUrl": "https://tracker.phpbb.com/secure/viewavatar?size=xsmall&avatarId=12123&avatarType=issuetype", "self": "https://tracker.phpbb.com/rest/api/2/issuetype/1", "name": "Bug"}, "customfield_10020": null, "creator": {"key": "noxwizard", "timeZone": "America/Chicago", "avatarUrls": {"24x24": "https://tracker.phpbb.com/secure/useravatar?size=small&ownerId=noxwizard&avatarId=10037", "32x32": "https://tracker.phpbb.com/secure/useravatar?size=medium&ownerId=noxwizard&avatarId=10037", "48x48": "https://tracker.phpbb.com/secure/useravatar?ownerId=noxwizard&avatarId=10037", "16x16": "https://tracker.phpbb.com/secure/useravatar?size=xsmall&ownerId=noxwizard&avatarId=10037"}, "active": true, "self": "https://tracker.phpbb.com/rest/api/2/user?username=Noxwizard", "displayName": "Patrick Webster", "name": "Noxwizard"}, "components": [], "resolutiondate": "2011-09-26T23:44:50.000+0000", "comment": {"total": 1, "startAt": 0, "comments": [{"id": "53708", "updateAuthor": {"key": "elglobo", "timeZone": "UTC", "avatarUrls": {"24x24": "https://tracker.phpbb.com/secure/useravatar?size=small&avatarId=10142", "32x32": "https://tracker.phpbb.com/secure/useravatar?size=medium&avatarId=10142", "48x48": "https://tracker.phpbb.com/secure/useravatar?avatarId=10142", "16x16": "https://tracker.phpbb.com/secure/useravatar?size=xsmall&avatarId=10142"}, "active": false, "self": "https://tracker.phpbb.com/rest/api/2/user?username=Elglobo", "displayName": "Micka\u00ebl SALFATI [X]", "name": "Elglobo"}, "author": {"key": "elglobo", "timeZone": "UTC", "avatarUrls": {"24x24": "https://tracker.phpbb.com/secure/useravatar?size=small&avatarId=10142", "32x32": "https://tracker.phpbb.com/secure/useravatar?size=medium&avatarId=10142", "48x48": "https://tracker.phpbb.com/secure/useravatar?avatarId=10142", "16x16": "https://tracker.phpbb.com/secure/useravatar?size=xsmall&avatarId=10142"}, "active": false, "self": "https://tracker.phpbb.com/rest/api/2/user?username=Elglobo", "displayName": "Micka\u00ebl SALFATI [X]", "name": "Elglobo"}, "body": "[https://github.com/phpbb/customisation-db/commit/c149d3db1e407bdfc761dfaf03a7478c42c166f2]\r\n\r\n[https://github.com/phpbb/customisation-db/commit/fdd53de007d27a5a2e05a67a27bd1d1b3e03374b]", "created": "2011-11-09T18:04:57.000+0000", "updated": "2011-11-09T18:04:57.000+0000", "self": "https://tracker.phpbb.com/rest/api/2/issue/28989/comment/53708"}], "maxResults": 1}, "workratio": -1}, "expand": "renderedFields,names,schema,operations,editmeta,changelog,versionedRepresentations", "self": "https://tracker.phpbb.com/rest/api/2/issue/28989", "key": "CUSTDB-483"}