{"id": "28978", "fields": {"summary": "User contributions count in Titania is incorrect", "customfield_10241": null, "labels": [], "description": "I noticed that the counter Titania contributions of some users is incorrect.\n\nFor example, see [my Titania profile|http://www.phpbb.com/customise/db/author/carlino1994/]:\n{quote}Contributions: 0 (1 Language Packs){quote}\n\nP.S.: The contribute is validated.", "updated": "2011-08-04T14:40:49.000+0000", "resolution": {"id": "1", "self": "https://tracker.phpbb.com/rest/api/2/resolution/1", "description": "A fix for this issue is checked into the tree and tested.", "name": "Fixed"}, "versions": [], "created": "2011-08-04T14:40:49.000+0000", "votes": {"votes": 0, "self": "https://tracker.phpbb.com/rest/api/2/issue/CUSTDB-472/votes", "hasVoted": false}, "fixVersions": [], "customfield_10146": 62880.0, "watches": {"self": "https://tracker.phpbb.com/rest/api/2/issue/CUSTDB-472/watchers", "watchCount": 0, "isWatching": false}, "assignee": {"key": "prototech", "timeZone": "America/Los_Angeles", "avatarUrls": {"24x24": "https://tracker.phpbb.com/secure/useravatar?size=small&ownerId=prototech&avatarId=10050", "32x32": "https://tracker.phpbb.com/secure/useravatar?size=medium&ownerId=prototech&avatarId=10050", "48x48": "https://tracker.phpbb.com/secure/useravatar?ownerId=prototech&avatarId=10050", "16x16": "https://tracker.phpbb.com/secure/useravatar?size=xsmall&ownerId=prototech&avatarId=10050"}, "active": true, "self": "https://tracker.phpbb.com/rest/api/2/user?username=prototech", "displayName": "prototech", "name": "prototech"}, "customfield_10040": null, "issuelinks": [], "customfield_10240": "0|i00f1r:", "project": {"id": "10046", "avatarUrls": {"24x24": "https://tracker.phpbb.com/secure/projectavatar?size=small&pid=10046&avatarId=10011", "32x32": "https://tracker.phpbb.com/secure/projectavatar?size=medium&pid=10046&avatarId=10011", "48x48": "https://tracker.phpbb.com/secure/projectavatar?pid=10046&avatarId=10011", "16x16": "https://tracker.phpbb.com/secure/projectavatar?size=xsmall&pid=10046&avatarId=10011"}, "projectCategory": {"id": "10021", "self": "https://tracker.phpbb.com/rest/api/2/projectCategory/10021", "description": "Tools released by the phpBB teams", "name": "Tools"}, "self": "https://tracker.phpbb.com/rest/api/2/project/10046", "key": "CUSTDB", "name": "Customisations Database"}, "customfield_10242": null, "priority": null, "attachment": [{"id": "15525", "author": {"key": "carlino1994", "timeZone": "Europe/Rome", "avatarUrls": {"24x24": "https://tracker.phpbb.com/secure/useravatar?size=small&avatarId=10142", "32x32": "https://tracker.phpbb.com/secure/useravatar?size=medium&avatarId=10142", "48x48": "https://tracker.phpbb.com/secure/useravatar?avatarId=10142", "16x16": "https://tracker.phpbb.com/secure/useravatar?size=xsmall&avatarId=10142"}, "active": true, "self": "https://tracker.phpbb.com/rest/api/2/user?username=carlino1994", "displayName": "carlino1994", "name": "carlino1994"}, "content": "https://tracker.phpbb.com/secure/attachment/15525/phpBB+%E2%80%A2+carlino1994+-+Author+Details_1312468.png", "created": "2011-08-04T14:40:49.000+0000", "filename": "phpBB \u2022 carlino1994 - Author Details_1312468.png", "size": 534, "self": "https://tracker.phpbb.com/rest/api/2/attachment/15525", "thumbnail": "https://tracker.phpbb.com/secure/thumbnail/15525/_thumb_15525.png", "mimeType": "image/png"}], "lastViewed": null, "environment": null, "status": {"id": "5", "statusCategory": {"id": 3, "self": "https://tracker.phpbb.com/rest/api/2/statuscategory/3", "key": "done", "colorName": "green", "name": "Done"}, "description": "A resolution has been taken, and it is awaiting verification by reporter. From here issues are either reopened, or are closed.", "iconUrl": "https://tracker.phpbb.com/images/icons/phpbb-unverified-fix.png", "self": "https://tracker.phpbb.com/rest/api/2/status/5", "name": "Unverified Fix"}, "subtasks": [], "duedate": null, "reporter": {"key": "carlino1994", "timeZone": "Europe/Rome", "avatarUrls": {"24x24": "https://tracker.phpbb.com/secure/useravatar?size=small&avatarId=10142", "32x32": "https://tracker.phpbb.com/secure/useravatar?size=medium&avatarId=10142", "48x48": "https://tracker.phpbb.com/secure/useravatar?avatarId=10142", "16x16": "https://tracker.phpbb.com/secure/useravatar?size=xsmall&avatarId=10142"}, "active": true, "self": "https://tracker.phpbb.com/rest/api/2/user?username=carlino1994", "displayName": "carlino1994", "name": "carlino1994"}, "issuetype": {"id": "1", "subtask": false, "description": "A problem which impairs or prevents the functions of the product.", "avatarId": 12123, "iconUrl": "https://tracker.phpbb.com/secure/viewavatar?size=xsmall&avatarId=12123&avatarType=issuetype", "self": "https://tracker.phpbb.com/rest/api/2/issuetype/1", "name": "Bug"}, "customfield_10020": null, "creator": {"key": "noxwizard", "timeZone": "America/Chicago", "avatarUrls": {"24x24": "https://tracker.phpbb.com/secure/useravatar?size=small&ownerId=noxwizard&avatarId=10037", "32x32": "https://tracker.phpbb.com/secure/useravatar?size=medium&ownerId=noxwizard&avatarId=10037", "48x48": "https://tracker.phpbb.com/secure/useravatar?ownerId=noxwizard&avatarId=10037", "16x16": "https://tracker.phpbb.com/secure/useravatar?size=xsmall&ownerId=noxwizard&avatarId=10037"}, "active": true, "self": "https://tracker.phpbb.com/rest/api/2/user?username=Noxwizard", "displayName": "Patrick Webster", "name": "Noxwizard"}, "components": [], "resolutiondate": "2011-08-04T14:40:49.000+0000", "comment": {"total": 4, "startAt": 0, "comments": [{"id": "53674", "updateAuthor": {"key": "carlino1994", "timeZone": "Europe/Rome", "avatarUrls": {"24x24": "https://tracker.phpbb.com/secure/useravatar?size=small&avatarId=10142", "32x32": "https://tracker.phpbb.com/secure/useravatar?size=medium&avatarId=10142", "48x48": "https://tracker.phpbb.com/secure/useravatar?avatarId=10142", "16x16": "https://tracker.phpbb.com/secure/useravatar?size=xsmall&avatarId=10142"}, "active": true, "self": "https://tracker.phpbb.com/rest/api/2/user?username=carlino1994", "displayName": "carlino1994", "name": "carlino1994"}, "author": {"key": "carlino1994", "timeZone": "Europe/Rome", "avatarUrls": {"24x24": "https://tracker.phpbb.com/secure/useravatar?size=small&avatarId=10142", "32x32": "https://tracker.phpbb.com/secure/useravatar?size=medium&avatarId=10142", "48x48": "https://tracker.phpbb.com/secure/useravatar?avatarId=10142", "16x16": "https://tracker.phpbb.com/secure/useravatar?size=xsmall&avatarId=10142"}, "active": true, "self": "https://tracker.phpbb.com/rest/api/2/user?username=carlino1994", "displayName": "carlino1994", "name": "carlino1994"}, "body": "Attachment phpBB \u2022 carlino1994 - Author Details_1312468.png has been added with description: phpBB \u2022 carlino1994 - Author Details_1312468.png", "created": "2011-08-04T14:40:49.000+0000", "updated": "2011-08-04T14:40:49.000+0000", "self": "https://tracker.phpbb.com/rest/api/2/issue/28978/comment/53674"}, {"id": "53671", "updateAuthor": {"key": "prototech", "timeZone": "America/Los_Angeles", "avatarUrls": {"24x24": "https://tracker.phpbb.com/secure/useravatar?size=small&ownerId=prototech&avatarId=10050", "32x32": "https://tracker.phpbb.com/secure/useravatar?size=medium&ownerId=prototech&avatarId=10050", "48x48": "https://tracker.phpbb.com/secure/useravatar?ownerId=prototech&avatarId=10050", "16x16": "https://tracker.phpbb.com/secure/useravatar?size=xsmall&ownerId=prototech&avatarId=10050"}, "active": true, "self": "https://tracker.phpbb.com/rest/api/2/user?username=prototech", "displayName": "prototech", "name": "prototech"}, "author": {"key": "prototech", "timeZone": "America/Los_Angeles", "avatarUrls": {"24x24": "https://tracker.phpbb.com/secure/useravatar?size=small&ownerId=prototech&avatarId=10050", "32x32": "https://tracker.phpbb.com/secure/useravatar?size=medium&ownerId=prototech&avatarId=10050", "48x48": "https://tracker.phpbb.com/secure/useravatar?ownerId=prototech&avatarId=10050", "16x16": "https://tracker.phpbb.com/secure/useravatar?size=xsmall&ownerId=prototech&avatarId=10050"}, "active": true, "self": "https://tracker.phpbb.com/rest/api/2/user?username=prototech", "displayName": "prototech", "name": "prototech"}, "body": "[https://github.com/phpbb/customisation-db/pull/55]", "created": "2012-01-28T04:55:12.000+0000", "updated": "2012-01-28T04:55:12.000+0000", "self": "https://tracker.phpbb.com/rest/api/2/issue/28978/comment/53671"}, {"id": "53672", "updateAuthor": {"key": "elias", "timeZone": "UTC", "avatarUrls": {"24x24": "https://tracker.phpbb.com/secure/useravatar?size=small&avatarId=10122", "32x32": "https://tracker.phpbb.com/secure/useravatar?size=medium&avatarId=10122", "48x48": "https://tracker.phpbb.com/secure/useravatar?avatarId=10122", "16x16": "https://tracker.phpbb.com/secure/useravatar?size=xsmall&avatarId=10122"}, "active": true, "self": "https://tracker.phpbb.com/rest/api/2/user?username=Elias", "displayName": "Elias", "name": "Elias"}, "author": {"key": "elias", "timeZone": "UTC", "avatarUrls": {"24x24": "https://tracker.phpbb.com/secure/useravatar?size=small&avatarId=10122", "32x32": "https://tracker.phpbb.com/secure/useravatar?size=medium&avatarId=10122", "48x48": "https://tracker.phpbb.com/secure/useravatar?avatarId=10122", "16x16": "https://tracker.phpbb.com/secure/useravatar?size=xsmall&avatarId=10122"}, "active": true, "self": "https://tracker.phpbb.com/rest/api/2/user?username=Elias", "displayName": "Elias", "name": "Elias"}, "body": "All i see is that you only have the Italian language pack validated. Everything else is marked as NOT validated.", "created": "2012-02-18T04:40:02.000+0000", "updated": "2012-02-18T04:40:02.000+0000", "self": "https://tracker.phpbb.com/rest/api/2/issue/28978/comment/53672"}, {"id": "53673", "updateAuthor": {"key": "prototech", "timeZone": "America/Los_Angeles", "avatarUrls": {"24x24": "https://tracker.phpbb.com/secure/useravatar?size=small&ownerId=prototech&avatarId=10050", "32x32": "https://tracker.phpbb.com/secure/useravatar?size=medium&ownerId=prototech&avatarId=10050", "48x48": "https://tracker.phpbb.com/secure/useravatar?ownerId=prototech&avatarId=10050", "16x16": "https://tracker.phpbb.com/secure/useravatar?size=xsmall&ownerId=prototech&avatarId=10050"}, "active": true, "self": "https://tracker.phpbb.com/rest/api/2/user?username=prototech", "displayName": "prototech", "name": "prototech"}, "author": {"key": "prototech", "timeZone": "America/Los_Angeles", "avatarUrls": {"24x24": "https://tracker.phpbb.com/secure/useravatar?size=small&ownerId=prototech&avatarId=10050", "32x32": "https://tracker.phpbb.com/secure/useravatar?size=medium&ownerId=prototech&avatarId=10050", "48x48": "https://tracker.phpbb.com/secure/useravatar?ownerId=prototech&avatarId=10050", "16x16": "https://tracker.phpbb.com/secure/useravatar?size=xsmall&ownerId=prototech&avatarId=10050"}, "active": true, "self": "https://tracker.phpbb.com/rest/api/2/user?username=prototech", "displayName": "prototech", "name": "prototech"}, "body": "Which is why the total count should be 1 instead of 0.", "created": "2012-02-18T05:02:18.000+0000", "updated": "2012-02-18T05:02:18.000+0000", "self": "https://tracker.phpbb.com/rest/api/2/issue/28978/comment/53673"}], "maxResults": 4}, "workratio": -1}, "expand": "renderedFields,names,schema,operations,editmeta,changelog,versionedRepresentations", "self": "https://tracker.phpbb.com/rest/api/2/issue/28978", "key": "CUSTDB-472"}