{"id": "29050", "fields": {"summary": "[phpBB Debug] Undefined offset: 0 & Trying to get property of non-object", "customfield_10241": null, "labels": [], "description": "When creating a contribution\n[phpBB Debug] PHP Notice: in file /home/public_html/titania/includes/objects/contribution.php on line 472: Undefined offset: 0\n[phpBB Debug] PHP Notice: in file /home/public_html/titania/includes/objects/contribution.php on line 472: Trying to get property of non-object\n[phpBB Debug] PHP Notice: in file /includes/functions.php on line 4820: Cannot modify header information - headers already sent by (output started at /home/public_html/titania/includes/functions.php:155)\n[phpBB Debug] PHP Notice: in file /includes/functions.php on line 4822: Cannot modify header information - headers already sent by (output started at /home/public_html/titania/includes/functions.php:155)\n[phpBB Debug] PHP Notice: in file /includes/functions.php on line 4823: Cannot modify header information - headers already sent by (output started at /home/public_html/titania/includes/functions.php:155)\n[phpBB Debug] PHP Notice: in file /includes/functions.php on line 4824: Cannot modify header information - headers already sent by (output started at /home/public_html/titania/includes/functions.php:155)\n[phpBB Debug] PHP Notice: in file /home/public_html/titania/includes/core/phpbb.php on line 250: Cannot modify header information - headers already sent by (output started at /home/public_html/titania/includes/functions.php:155)\n[phpBB Debug] PHP Notice: in file /home/public_html/titania/includes/core/phpbb.php on line 252: Cannot modify header information - headers already sent by (output started at /home/public_html/titania/includes/functions.php:155)\n[phpBB Debug] PHP Notice: in file /home/public_html/titania/includes/core/phpbb.php on line 253: Cannot modify header information - headers already sent by (output started at /home/public_html/titania/includes/functions.php:155)\n[phpBB Debug] PHP Notice: in file /home/public_html/titania/includes/core/phpbb.php on line 254: Cannot modify header information - headers already sent by (output started at /home/public_html/titania/includes/functions.php:155)\n\nI use 0.5.0 Version\n\u00bfCustomisation Database bug?", "updated": "2012-07-28T17:33:29.000+0000", "resolution": {"id": "1", "self": "https://tracker.phpbb.com/rest/api/2/resolution/1", "description": "A fix for this issue is checked into the tree and tested.", "name": "Fixed"}, "versions": [], "created": "2012-07-28T17:33:29.000+0000", "votes": {"votes": 0, "self": "https://tracker.phpbb.com/rest/api/2/issue/CUSTDB-544/votes", "hasVoted": false}, "fixVersions": [], "customfield_10146": 63165.0, "watches": {"self": "https://tracker.phpbb.com/rest/api/2/issue/CUSTDB-544/watchers", "watchCount": 0, "isWatching": false}, "assignee": {"key": "prototech", "timeZone": "America/Los_Angeles", "avatarUrls": {"24x24": "https://tracker.phpbb.com/secure/useravatar?size=small&ownerId=prototech&avatarId=10050", "32x32": "https://tracker.phpbb.com/secure/useravatar?size=medium&ownerId=prototech&avatarId=10050", "48x48": "https://tracker.phpbb.com/secure/useravatar?ownerId=prototech&avatarId=10050", "16x16": "https://tracker.phpbb.com/secure/useravatar?size=xsmall&ownerId=prototech&avatarId=10050"}, "active": true, "self": "https://tracker.phpbb.com/rest/api/2/user?username=prototech", "displayName": "prototech", "name": "prototech"}, "customfield_10040": null, "issuelinks": [], "customfield_10240": "0|i00emf:", "project": {"id": "10046", "avatarUrls": {"24x24": "https://tracker.phpbb.com/secure/projectavatar?size=small&pid=10046&avatarId=10011", "32x32": "https://tracker.phpbb.com/secure/projectavatar?size=medium&pid=10046&avatarId=10011", "48x48": "https://tracker.phpbb.com/secure/projectavatar?pid=10046&avatarId=10011", "16x16": "https://tracker.phpbb.com/secure/projectavatar?size=xsmall&pid=10046&avatarId=10011"}, "projectCategory": {"id": "10021", "self": "https://tracker.phpbb.com/rest/api/2/projectCategory/10021", "description": "Tools released by the phpBB teams", "name": "Tools"}, "self": "https://tracker.phpbb.com/rest/api/2/project/10046", "key": "CUSTDB", "name": "Customisations Database"}, "customfield_10242": null, "priority": null, "attachment": [], "lastViewed": null, "environment": null, "status": {"id": "5", "statusCategory": {"id": 3, "self": "https://tracker.phpbb.com/rest/api/2/statuscategory/3", "key": "done", "colorName": "green", "name": "Done"}, "description": "A resolution has been taken, and it is awaiting verification by reporter. From here issues are either reopened, or are closed.", "iconUrl": "https://tracker.phpbb.com/images/icons/phpbb-unverified-fix.png", "self": "https://tracker.phpbb.com/rest/api/2/status/5", "name": "Unverified Fix"}, "subtasks": [], "duedate": null, "reporter": {"key": "saske1", "timeZone": "UTC", "avatarUrls": {"24x24": "https://tracker.phpbb.com/secure/useravatar?size=small&avatarId=10142", "32x32": "https://tracker.phpbb.com/secure/useravatar?size=medium&avatarId=10142", "48x48": "https://tracker.phpbb.com/secure/useravatar?avatarId=10142", "16x16": "https://tracker.phpbb.com/secure/useravatar?size=xsmall&avatarId=10142"}, "active": false, "self": "https://tracker.phpbb.com/rest/api/2/user?username=Saske1", "displayName": "Saske1 [X]", "name": "Saske1"}, "issuetype": {"id": "1", "subtask": false, "description": "A problem which impairs or prevents the functions of the product.", "avatarId": 12123, "iconUrl": "https://tracker.phpbb.com/secure/viewavatar?size=xsmall&avatarId=12123&avatarType=issuetype", "self": "https://tracker.phpbb.com/rest/api/2/issuetype/1", "name": "Bug"}, "customfield_10020": null, "creator": {"key": "noxwizard", "timeZone": "America/Chicago", "avatarUrls": {"24x24": "https://tracker.phpbb.com/secure/useravatar?size=small&ownerId=noxwizard&avatarId=10037", "32x32": "https://tracker.phpbb.com/secure/useravatar?size=medium&ownerId=noxwizard&avatarId=10037", "48x48": "https://tracker.phpbb.com/secure/useravatar?ownerId=noxwizard&avatarId=10037", "16x16": "https://tracker.phpbb.com/secure/useravatar?size=xsmall&ownerId=noxwizard&avatarId=10037"}, "active": true, "self": "https://tracker.phpbb.com/rest/api/2/user?username=Noxwizard", "displayName": "Patrick Webster", "name": "Noxwizard"}, "components": [], "resolutiondate": "2012-07-28T17:33:29.000+0000", "comment": {"total": 2, "startAt": 0, "comments": [{"id": "53878", "updateAuthor": {"key": "michaelc", "timeZone": "UTC", "avatarUrls": {"24x24": "https://tracker.phpbb.com/secure/useravatar?size=small&ownerId=michaelc&avatarId=10621", "32x32": "https://tracker.phpbb.com/secure/useravatar?size=medium&ownerId=michaelc&avatarId=10621", "48x48": "https://tracker.phpbb.com/secure/useravatar?ownerId=michaelc&avatarId=10621", "16x16": "https://tracker.phpbb.com/secure/useravatar?size=xsmall&ownerId=michaelc&avatarId=10621"}, "active": true, "self": "https://tracker.phpbb.com/rest/api/2/user?username=MichaelC", "displayName": "Michael Cullum", "name": "MichaelC"}, "author": {"key": "michaelc", "timeZone": "UTC", "avatarUrls": {"24x24": "https://tracker.phpbb.com/secure/useravatar?size=small&ownerId=michaelc&avatarId=10621", "32x32": "https://tracker.phpbb.com/secure/useravatar?size=medium&ownerId=michaelc&avatarId=10621", "48x48": "https://tracker.phpbb.com/secure/useravatar?ownerId=michaelc&avatarId=10621", "16x16": "https://tracker.phpbb.com/secure/useravatar?size=xsmall&ownerId=michaelc&avatarId=10621"}, "active": true, "self": "https://tracker.phpbb.com/rest/api/2/user?username=MichaelC", "displayName": "Michael Cullum", "name": "MichaelC"}, "body": "Could you detail the exact steps to re-produce?", "created": "2012-07-28T17:38:20.000+0000", "updated": "2012-07-28T17:38:20.000+0000", "self": "https://tracker.phpbb.com/rest/api/2/issue/29050/comment/53878"}, {"id": "53879", "updateAuthor": {"key": "saske1", "timeZone": "UTC", "avatarUrls": {"24x24": "https://tracker.phpbb.com/secure/useravatar?size=small&avatarId=10142", "32x32": "https://tracker.phpbb.com/secure/useravatar?size=medium&avatarId=10142", "48x48": "https://tracker.phpbb.com/secure/useravatar?avatarId=10142", "16x16": "https://tracker.phpbb.com/secure/useravatar?size=xsmall&avatarId=10142"}, "active": false, "self": "https://tracker.phpbb.com/rest/api/2/user?username=Saske1", "displayName": "Saske1 [X]", "name": "Saske1"}, "author": {"key": "saske1", "timeZone": "UTC", "avatarUrls": {"24x24": "https://tracker.phpbb.com/secure/useravatar?size=small&avatarId=10142", "32x32": "https://tracker.phpbb.com/secure/useravatar?size=medium&avatarId=10142", "48x48": "https://tracker.phpbb.com/secure/useravatar?avatarId=10142", "16x16": "https://tracker.phpbb.com/secure/useravatar?size=xsmall&avatarId=10142"}, "active": false, "self": "https://tracker.phpbb.com/rest/api/2/user?username=Saske1", "displayName": "Saske1 [X]", "name": "Saske1"}, "body": "I have downloaded (from github) titania (version 0.5.0 in the installer as vi), the installation went well, and a user with full permissions to create the go to send the error contribution, the contribution can be sent equal.\r\nApparently the errors disappear when selecting a type of contribution and continue (or press preview)", "created": "2012-07-28T17:58:11.000+0000", "updated": "2012-07-28T17:58:11.000+0000", "self": "https://tracker.phpbb.com/rest/api/2/issue/29050/comment/53879"}], "maxResults": 2}, "workratio": -1}, "expand": "renderedFields,names,schema,operations,editmeta,changelog,versionedRepresentations", "self": "https://tracker.phpbb.com/rest/api/2/issue/29050", "key": "CUSTDB-544"}