{"id": "28637", "fields": {"summary": "[Feature] Newest mods and feed", "customfield_10241": null, "labels": [], "description": "The old mod database had a list with latest (XX number) validated mod along with a rss link\n\nIt looked like this.\n[http://www.phpbb.com/mods/db/feeds/rss/new/]\n\nThis would be a great feature in Titania.", "updated": "2010-05-01T22:33:13.000+0000", "resolution": {"id": "3", "self": "https://tracker.phpbb.com/rest/api/2/resolution/3", "description": "The problem is a duplicate of an existing issue.", "name": "Duplicate"}, "versions": [], "created": "2010-05-01T22:33:13.000+0000", "votes": {"votes": 0, "self": "https://tracker.phpbb.com/rest/api/2/issue/CUSTDB-131/votes", "hasVoted": false}, "fixVersions": [], "customfield_10146": 61685.0, "watches": {"self": "https://tracker.phpbb.com/rest/api/2/issue/CUSTDB-131/watchers", "watchCount": 0, "isWatching": false}, "assignee": {"key": "prototech", "timeZone": "America/Los_Angeles", "avatarUrls": {"24x24": "https://tracker.phpbb.com/secure/useravatar?size=small&ownerId=prototech&avatarId=10050", "32x32": "https://tracker.phpbb.com/secure/useravatar?size=medium&ownerId=prototech&avatarId=10050", "48x48": "https://tracker.phpbb.com/secure/useravatar?ownerId=prototech&avatarId=10050", "16x16": "https://tracker.phpbb.com/secure/useravatar?size=xsmall&ownerId=prototech&avatarId=10050"}, "active": true, "self": "https://tracker.phpbb.com/rest/api/2/user?username=prototech", "displayName": "prototech", "name": "prototech"}, "customfield_10040": null, "issuelinks": [{"id": "13738", "outwardIssue": {"id": "28961", "fields": {"summary": "RSS", "issuetype": {"id": "2", "subtask": false, "description": "A new feature of the product, which has yet to be developed.", "avatarId": 12131, "iconUrl": "https://tracker.phpbb.com/secure/viewavatar?size=xsmall&avatarId=12131&avatarType=issuetype", "self": "https://tracker.phpbb.com/rest/api/2/issuetype/2", "name": "New Feature"}, "status": {"id": "1", "statusCategory": {"id": 2, "self": "https://tracker.phpbb.com/rest/api/2/statuscategory/2", "key": "new", "colorName": "blue-gray", "name": "To Do"}, "description": "The issue is open and ready for the assignee to start work on it.", "iconUrl": "https://tracker.phpbb.com/images/icons/phpbb-open.png", "self": "https://tracker.phpbb.com/rest/api/2/status/1", "name": "Open"}, "priority": {"id": "4", "iconUrl": "https://tracker.phpbb.com/images/icons/priorities/minor.svg", "self": "https://tracker.phpbb.com/rest/api/2/priority/4", "name": "Minor"}}, "self": "https://tracker.phpbb.com/rest/api/2/issue/28961", "key": "CUSTDB-455"}, "self": "https://tracker.phpbb.com/rest/api/2/issueLink/13738", "type": {"id": "10000", "inward": "is duplicated by", "outward": "duplicates", "self": "https://tracker.phpbb.com/rest/api/2/issueLinkType/10000", "name": "Duplicate"}}, {"id": "13730", "inwardIssue": {"id": "28668", "fields": {"summary": "New MODs/Styles RSS Feeds are Broken", "status": {"id": "6", "statusCategory": {"id": 3, "self": "https://tracker.phpbb.com/rest/api/2/statuscategory/3", "key": "done", "colorName": "green", "name": "Done"}, "description": "The issue is considered finished, the resolution is correct. Issues which are closed can be reopened.", "iconUrl": "https://tracker.phpbb.com/images/icons/phpbb-closed.png", "self": "https://tracker.phpbb.com/rest/api/2/status/6", "name": "Closed"}, "issuetype": {"id": "1", "subtask": false, "description": "A problem which impairs or prevents the functions of the product.", "avatarId": 12123, "iconUrl": "https://tracker.phpbb.com/secure/viewavatar?size=xsmall&avatarId=12123&avatarType=issuetype", "self": "https://tracker.phpbb.com/rest/api/2/issuetype/1", "name": "Bug"}}, "self": "https://tracker.phpbb.com/rest/api/2/issue/28668", "key": "CUSTDB-162"}, "self": "https://tracker.phpbb.com/rest/api/2/issueLink/13730", "type": {"id": "10000", "inward": "is duplicated by", "outward": "duplicates", "self": "https://tracker.phpbb.com/rest/api/2/issueLinkType/10000", "name": "Duplicate"}}], "customfield_10240": "0|i00h53:", "project": {"id": "10046", "avatarUrls": {"24x24": "https://tracker.phpbb.com/secure/projectavatar?size=small&pid=10046&avatarId=10011", "32x32": "https://tracker.phpbb.com/secure/projectavatar?size=medium&pid=10046&avatarId=10011", "48x48": "https://tracker.phpbb.com/secure/projectavatar?pid=10046&avatarId=10011", "16x16": "https://tracker.phpbb.com/secure/projectavatar?size=xsmall&pid=10046&avatarId=10011"}, "projectCategory": {"id": "10021", "self": "https://tracker.phpbb.com/rest/api/2/projectCategory/10021", "description": "Tools released by the phpBB teams", "name": "Tools"}, "self": "https://tracker.phpbb.com/rest/api/2/project/10046", "key": "CUSTDB", "name": "Customisations Database"}, "customfield_10242": null, "priority": null, "attachment": [], "lastViewed": null, "environment": null, "status": {"id": "6", "statusCategory": {"id": 3, "self": "https://tracker.phpbb.com/rest/api/2/statuscategory/3", "key": "done", "colorName": "green", "name": "Done"}, "description": "The issue is considered finished, the resolution is correct. Issues which are closed can be reopened.", "iconUrl": "https://tracker.phpbb.com/images/icons/phpbb-closed.png", "self": "https://tracker.phpbb.com/rest/api/2/status/6", "name": "Closed"}, "subtasks": [], "duedate": null, "reporter": {"key": "doyouspeakwak", "timeZone": "UTC", "avatarUrls": {"24x24": "https://tracker.phpbb.com/secure/useravatar?size=small&avatarId=10124", "32x32": "https://tracker.phpbb.com/secure/useravatar?size=medium&avatarId=10124", "48x48": "https://tracker.phpbb.com/secure/useravatar?avatarId=10124", "16x16": "https://tracker.phpbb.com/secure/useravatar?size=xsmall&avatarId=10124"}, "active": true, "self": "https://tracker.phpbb.com/rest/api/2/user?username=DoYouSpeakWak", "displayName": "Hans Lassen", "name": "DoYouSpeakWak"}, "issuetype": {"id": "1", "subtask": false, "description": "A problem which impairs or prevents the functions of the product.", "avatarId": 12123, "iconUrl": "https://tracker.phpbb.com/secure/viewavatar?size=xsmall&avatarId=12123&avatarType=issuetype", "self": "https://tracker.phpbb.com/rest/api/2/issuetype/1", "name": "Bug"}, "customfield_10020": null, "creator": {"key": "noxwizard", "timeZone": "America/Chicago", "avatarUrls": {"24x24": "https://tracker.phpbb.com/secure/useravatar?size=small&ownerId=noxwizard&avatarId=10037", "32x32": "https://tracker.phpbb.com/secure/useravatar?size=medium&ownerId=noxwizard&avatarId=10037", "48x48": "https://tracker.phpbb.com/secure/useravatar?ownerId=noxwizard&avatarId=10037", "16x16": "https://tracker.phpbb.com/secure/useravatar?size=xsmall&ownerId=noxwizard&avatarId=10037"}, "active": true, "self": "https://tracker.phpbb.com/rest/api/2/user?username=Noxwizard", "displayName": "Patrick Webster", "name": "Noxwizard"}, "components": [], "resolutiondate": "2010-05-01T22:33:13.000+0000", "comment": {"total": 1, "startAt": 0, "comments": [{"id": "52631", "updateAuthor": {"key": "exreaction", "timeZone": "America/Chicago", "avatarUrls": {"24x24": "https://tracker.phpbb.com/secure/useravatar?size=small&avatarId=10142", "32x32": "https://tracker.phpbb.com/secure/useravatar?size=medium&avatarId=10142", "48x48": "https://tracker.phpbb.com/secure/useravatar?avatarId=10142", "16x16": "https://tracker.phpbb.com/secure/useravatar?size=xsmall&avatarId=10142"}, "active": false, "self": "https://tracker.phpbb.com/rest/api/2/user?username=EXreaction", "displayName": "EXreaction [X]", "name": "EXreaction"}, "author": {"key": "exreaction", "timeZone": "America/Chicago", "avatarUrls": {"24x24": "https://tracker.phpbb.com/secure/useravatar?size=small&avatarId=10142", "32x32": "https://tracker.phpbb.com/secure/useravatar?size=medium&avatarId=10142", "48x48": "https://tracker.phpbb.com/secure/useravatar?avatarId=10142", "16x16": "https://tracker.phpbb.com/secure/useravatar?size=xsmall&avatarId=10142"}, "active": false, "self": "https://tracker.phpbb.com/rest/api/2/user?username=EXreaction", "displayName": "EXreaction [X]", "name": "EXreaction"}, "body": "Similar: \r\n[http://www.phpbb.com/bugs/titania/61105]\r\n\r\nRSS we'll look at later on", "created": "2010-05-02T04:30:56.000+0000", "updated": "2010-05-02T04:30:56.000+0000", "self": "https://tracker.phpbb.com/rest/api/2/issue/28637/comment/52631"}], "maxResults": 1}, "workratio": -1}, "expand": "renderedFields,names,schema,operations,editmeta,changelog,versionedRepresentations", "self": "https://tracker.phpbb.com/rest/api/2/issue/28637", "key": "CUSTDB-131"}