{"id": "28510", "fields": {"summary": "Error when using the url presented in mod Discussion/Support page", "customfield_10241": null, "labels": [], "description": "When you go into the Discussion/Support topic for any mod, the first topic is always:\n\n{quote}This topic is for the purpose of discussion between the MOD Author and the MOD Team regarding the selected MOD, please limit the discussion to that topic.\n\n===INT===\nContrib overview page: [http://www.phpbb.com/mods/db/index.php?i=queue&mode=overview&contrib_id=15735]\n===INT==={quote}\n\nWhen you try the link to see the \"Contrib overview page\" you get this error:\n\n{quote}General Error\nModule not accessible{quote}\n\nThis seems to be happening with every mod.\n\nTypo", "updated": "2010-03-14T01:29:22.000+0000", "resolution": {"id": "2", "self": "https://tracker.phpbb.com/rest/api/2/resolution/2", "description": "The problem described is an issue which will never be fixed.", "name": "Won't Fix"}, "versions": [], "created": "2010-03-14T01:29:22.000+0000", "votes": {"votes": 0, "self": "https://tracker.phpbb.com/rest/api/2/issue/CUSTDB-4/votes", "hasVoted": false}, "fixVersions": [], "customfield_10146": 59175.0, "watches": {"self": "https://tracker.phpbb.com/rest/api/2/issue/CUSTDB-4/watchers", "watchCount": 0, "isWatching": false}, "assignee": {"key": "exreaction", "timeZone": "America/Chicago", "avatarUrls": {"24x24": "https://tracker.phpbb.com/secure/useravatar?size=small&avatarId=10142", "32x32": "https://tracker.phpbb.com/secure/useravatar?size=medium&avatarId=10142", "48x48": "https://tracker.phpbb.com/secure/useravatar?avatarId=10142", "16x16": "https://tracker.phpbb.com/secure/useravatar?size=xsmall&avatarId=10142"}, "active": false, "self": "https://tracker.phpbb.com/rest/api/2/user?username=EXreaction", "displayName": "EXreaction [X]", "name": "EXreaction"}, "customfield_10040": null, "issuelinks": [], "customfield_10240": "0|i00hw7:", "project": {"id": "10046", "avatarUrls": {"24x24": "https://tracker.phpbb.com/secure/projectavatar?size=small&pid=10046&avatarId=10011", "32x32": "https://tracker.phpbb.com/secure/projectavatar?size=medium&pid=10046&avatarId=10011", "48x48": "https://tracker.phpbb.com/secure/projectavatar?pid=10046&avatarId=10011", "16x16": "https://tracker.phpbb.com/secure/projectavatar?size=xsmall&pid=10046&avatarId=10011"}, "projectCategory": {"id": "10021", "self": "https://tracker.phpbb.com/rest/api/2/projectCategory/10021", "description": "Tools released by the phpBB teams", "name": "Tools"}, "self": "https://tracker.phpbb.com/rest/api/2/project/10046", "key": "CUSTDB", "name": "Customisations Database"}, "customfield_10242": null, "priority": null, "attachment": [], "lastViewed": null, "environment": null, "status": {"id": "6", "statusCategory": {"id": 3, "self": "https://tracker.phpbb.com/rest/api/2/statuscategory/3", "key": "done", "colorName": "green", "name": "Done"}, "description": "The issue is considered finished, the resolution is correct. Issues which are closed can be reopened.", "iconUrl": "https://tracker.phpbb.com/images/icons/phpbb-closed.png", "self": "https://tracker.phpbb.com/rest/api/2/status/6", "name": "Closed"}, "subtasks": [], "duedate": null, "reporter": {"key": "typo", "timeZone": "UTC", "avatarUrls": {"24x24": "https://tracker.phpbb.com/secure/useravatar?size=small&avatarId=10142", "32x32": "https://tracker.phpbb.com/secure/useravatar?size=medium&avatarId=10142", "48x48": "https://tracker.phpbb.com/secure/useravatar?avatarId=10142", "16x16": "https://tracker.phpbb.com/secure/useravatar?size=xsmall&avatarId=10142"}, "active": false, "self": "https://tracker.phpbb.com/rest/api/2/user?username=Typo", "displayName": "Jeremy Lorenzo [X]", "name": "Typo"}, "issuetype": {"id": "1", "subtask": false, "description": "A problem which impairs or prevents the functions of the product.", "avatarId": 12123, "iconUrl": "https://tracker.phpbb.com/secure/viewavatar?size=xsmall&avatarId=12123&avatarType=issuetype", "self": "https://tracker.phpbb.com/rest/api/2/issuetype/1", "name": "Bug"}, "customfield_10020": null, "creator": {"key": "noxwizard", "timeZone": "America/Chicago", "avatarUrls": {"24x24": "https://tracker.phpbb.com/secure/useravatar?size=small&ownerId=noxwizard&avatarId=10037", "32x32": "https://tracker.phpbb.com/secure/useravatar?size=medium&ownerId=noxwizard&avatarId=10037", "48x48": "https://tracker.phpbb.com/secure/useravatar?ownerId=noxwizard&avatarId=10037", "16x16": "https://tracker.phpbb.com/secure/useravatar?size=xsmall&ownerId=noxwizard&avatarId=10037"}, "active": true, "self": "https://tracker.phpbb.com/rest/api/2/user?username=Noxwizard", "displayName": "Patrick Webster", "name": "Noxwizard"}, "components": [], "resolutiondate": "2010-03-14T01:29:22.000+0000", "comment": {"total": 2, "startAt": 0, "comments": [{"id": "52398", "updateAuthor": {"key": "exreaction", "timeZone": "America/Chicago", "avatarUrls": {"24x24": "https://tracker.phpbb.com/secure/useravatar?size=small&avatarId=10142", "32x32": "https://tracker.phpbb.com/secure/useravatar?size=medium&avatarId=10142", "48x48": "https://tracker.phpbb.com/secure/useravatar?avatarId=10142", "16x16": "https://tracker.phpbb.com/secure/useravatar?size=xsmall&avatarId=10142"}, "active": false, "self": "https://tracker.phpbb.com/rest/api/2/user?username=EXreaction", "displayName": "EXreaction [X]", "name": "EXreaction"}, "author": {"key": "exreaction", "timeZone": "America/Chicago", "avatarUrls": {"24x24": "https://tracker.phpbb.com/secure/useravatar?size=small&avatarId=10142", "32x32": "https://tracker.phpbb.com/secure/useravatar?size=medium&avatarId=10142", "48x48": "https://tracker.phpbb.com/secure/useravatar?avatarId=10142", "16x16": "https://tracker.phpbb.com/secure/useravatar?size=xsmall&avatarId=10142"}, "active": false, "self": "https://tracker.phpbb.com/rest/api/2/user?username=EXreaction", "displayName": "EXreaction [X]", "name": "EXreaction"}, "body": "This is just converted from the topics Ariel has for the discussion.  Ones that will be submitted after we move to titania will have a very different first post.", "created": "2010-03-14T02:46:32.000+0000", "updated": "2010-03-14T02:46:32.000+0000", "self": "https://tracker.phpbb.com/rest/api/2/issue/28510/comment/52398"}, {"id": "52399", "updateAuthor": {"key": "prototech", "timeZone": "America/Los_Angeles", "avatarUrls": {"24x24": "https://tracker.phpbb.com/secure/useravatar?size=small&ownerId=prototech&avatarId=10050", "32x32": "https://tracker.phpbb.com/secure/useravatar?size=medium&ownerId=prototech&avatarId=10050", "48x48": "https://tracker.phpbb.com/secure/useravatar?ownerId=prototech&avatarId=10050", "16x16": "https://tracker.phpbb.com/secure/useravatar?size=xsmall&ownerId=prototech&avatarId=10050"}, "active": true, "self": "https://tracker.phpbb.com/rest/api/2/user?username=prototech", "displayName": "prototech", "name": "prototech"}, "author": {"key": "prototech", "timeZone": "America/Los_Angeles", "avatarUrls": {"24x24": "https://tracker.phpbb.com/secure/useravatar?size=small&ownerId=prototech&avatarId=10050", "32x32": "https://tracker.phpbb.com/secure/useravatar?size=medium&ownerId=prototech&avatarId=10050", "48x48": "https://tracker.phpbb.com/secure/useravatar?ownerId=prototech&avatarId=10050", "16x16": "https://tracker.phpbb.com/secure/useravatar?size=xsmall&ownerId=prototech&avatarId=10050"}, "active": true, "self": "https://tracker.phpbb.com/rest/api/2/user?username=prototech", "displayName": "prototech", "name": "prototech"}, "body": "There's going to be a lot of topics with an incorrect link to the overview page if it's left as it is.   Can't you simply convert the link or even get rid of it when the posts are converted to titania?", "created": "2010-03-14T03:29:55.000+0000", "updated": "2010-03-14T03:29:55.000+0000", "self": "https://tracker.phpbb.com/rest/api/2/issue/28510/comment/52399"}], "maxResults": 2}, "workratio": -1}, "expand": "renderedFields,names,schema,operations,editmeta,changelog,versionedRepresentations", "self": "https://tracker.phpbb.com/rest/api/2/issue/28510", "key": "CUSTDB-4"}