{"id": "28988", "fields": {"summary": "Mistakes on 3 formatted strings", "customfield_10241": null, "labels": [], "description": "Hi all,\nWe have found a small mistake on three language files.\n\nFile *titania/language/en/manage_tools/phpbb_version_add.php*\nFind :\n\n{code}\u00a0\u00a0\u00a0\u00a0'REVISIONS_UPDATED'\u00a0\u00a0\u00a0\u00a0\u00a0\u00a0\u00a0\u00a0\u00a0\u00a0\u00a0\u00a0\u00a0\u00a0\u00a0\u00a0=>\u00a0'%s\u00a0revisions\u00a0have\u00a0been\u00a0updated.', {code}\nReplace with :\n\n{code}\u00a0\u00a0\u00a0\u00a0'REVISIONS_UPDATED'\u00a0\u00a0\u00a0\u00a0\u00a0\u00a0\u00a0\u00a0\u00a0\u00a0\u00a0\u00a0\u00a0\u00a0\u00a0\u00a0=>\u00a0'%d\u00a0revisions\u00a0have\u00a0been\u00a0updated.', {code}\nFile *titania/language/en/manage_tools/phpbb_version_test.php*\nFind :\n\n{code}\u00a0\u00a0\u00a0\u00a0'REVISIONS_ADDED_TO_QUEUE'\u00a0\u00a0\u00a0\u00a0\u00a0\u00a0\u00a0\u00a0=>\u00a0'%s\u00a0revisions\u00a0have\u00a0been\u00a0added\u00a0to\u00a0the\u00a0Automod\u00a0testing\u00a0queue.', {code}\nReplace with :\n\n{code}\u00a0\u00a0\u00a0\u00a0'REVISIONS_ADDED_TO_QUEUE'\u00a0\u00a0\u00a0\u00a0\u00a0\u00a0\u00a0\u00a0=>\u00a0'%d\u00a0revisions\u00a0have\u00a0been\u00a0added\u00a0to\u00a0the\u00a0Automod\u00a0testing\u00a0queue.', {code}\nFile *titania/language/en/manage_tools/update_release_topics.php*\nFind :\n\n{code}    'UPDATE_RELEASE_TOPICS_PROGRESS'    => '%1$s topics completed of %2$s. Please wait...', {code}\nReplace with :\n\n{code}    'UPDATE_RELEASE_TOPICS_PROGRESS'    => '%1$d topics completed of %2$d. Please wait...', {code}", "updated": "2011-09-26T23:38:33.000+0000", "resolution": {"id": "1", "self": "https://tracker.phpbb.com/rest/api/2/resolution/1", "description": "A fix for this issue is checked into the tree and tested.", "name": "Fixed"}, "versions": [], "created": "2011-09-26T23:38:33.000+0000", "votes": {"votes": 0, "self": "https://tracker.phpbb.com/rest/api/2/issue/CUSTDB-482/votes", "hasVoted": false}, "fixVersions": [], "customfield_10146": 62913.0, "watches": {"self": "https://tracker.phpbb.com/rest/api/2/issue/CUSTDB-482/watchers", "watchCount": 0, "isWatching": false}, "assignee": {"key": "ma\u00ebl soucaze", "timeZone": "Europe/Berlin", "avatarUrls": {"24x24": "https://tracker.phpbb.com/secure/useravatar?size=small&avatarId=10142", "32x32": "https://tracker.phpbb.com/secure/useravatar?size=medium&avatarId=10142", "48x48": "https://tracker.phpbb.com/secure/useravatar?avatarId=10142", "16x16": "https://tracker.phpbb.com/secure/useravatar?size=xsmall&avatarId=10142"}, "active": false, "self": "https://tracker.phpbb.com/rest/api/2/user?username=Ma%C3%ABl+Soucaze", "displayName": "Ma\u00ebl Soucaze [X]", "name": "Ma\u00ebl Soucaze"}, "customfield_10040": null, "issuelinks": [], "customfield_10240": "0|i00ezr:", "project": {"id": "10046", "avatarUrls": {"24x24": "https://tracker.phpbb.com/secure/projectavatar?size=small&pid=10046&avatarId=10011", "32x32": "https://tracker.phpbb.com/secure/projectavatar?size=medium&pid=10046&avatarId=10011", "48x48": "https://tracker.phpbb.com/secure/projectavatar?pid=10046&avatarId=10011", "16x16": "https://tracker.phpbb.com/secure/projectavatar?size=xsmall&pid=10046&avatarId=10011"}, "projectCategory": {"id": "10021", "self": "https://tracker.phpbb.com/rest/api/2/projectCategory/10021", "description": "Tools released by the phpBB teams", "name": "Tools"}, "self": "https://tracker.phpbb.com/rest/api/2/project/10046", "key": "CUSTDB", "name": "Customisations Database"}, "customfield_10242": null, "priority": null, "attachment": [], "lastViewed": null, "environment": null, "status": {"id": "5", "statusCategory": {"id": 3, "self": "https://tracker.phpbb.com/rest/api/2/statuscategory/3", "key": "done", "colorName": "green", "name": "Done"}, "description": "A resolution has been taken, and it is awaiting verification by reporter. From here issues are either reopened, or are closed.", "iconUrl": "https://tracker.phpbb.com/images/icons/phpbb-unverified-fix.png", "self": "https://tracker.phpbb.com/rest/api/2/status/5", "name": "Unverified Fix"}, "subtasks": [], "duedate": null, "reporter": {"key": "abdev", "timeZone": "UTC", "avatarUrls": {"24x24": "https://tracker.phpbb.com/secure/useravatar?size=small&avatarId=10142", "32x32": "https://tracker.phpbb.com/secure/useravatar?size=medium&avatarId=10142", "48x48": "https://tracker.phpbb.com/secure/useravatar?avatarId=10142", "16x16": "https://tracker.phpbb.com/secure/useravatar?size=xsmall&avatarId=10142"}, "active": true, "self": "https://tracker.phpbb.com/rest/api/2/user?username=ABDev", "displayName": "Adrien Bonnel", "name": "ABDev"}, "issuetype": {"id": "1", "subtask": false, "description": "A problem which impairs or prevents the functions of the product.", "avatarId": 12123, "iconUrl": "https://tracker.phpbb.com/secure/viewavatar?size=xsmall&avatarId=12123&avatarType=issuetype", "self": "https://tracker.phpbb.com/rest/api/2/issuetype/1", "name": "Bug"}, "customfield_10020": null, "creator": {"key": "noxwizard", "timeZone": "America/Chicago", "avatarUrls": {"24x24": "https://tracker.phpbb.com/secure/useravatar?size=small&ownerId=noxwizard&avatarId=10037", "32x32": "https://tracker.phpbb.com/secure/useravatar?size=medium&ownerId=noxwizard&avatarId=10037", "48x48": "https://tracker.phpbb.com/secure/useravatar?ownerId=noxwizard&avatarId=10037", "16x16": "https://tracker.phpbb.com/secure/useravatar?size=xsmall&ownerId=noxwizard&avatarId=10037"}, "active": true, "self": "https://tracker.phpbb.com/rest/api/2/user?username=Noxwizard", "displayName": "Patrick Webster", "name": "Noxwizard"}, "components": [], "resolutiondate": "2011-09-26T23:38:33.000+0000", "comment": {"total": 2, "startAt": 0, "comments": [{"id": "53706", "updateAuthor": {"key": "elglobo", "timeZone": "UTC", "avatarUrls": {"24x24": "https://tracker.phpbb.com/secure/useravatar?size=small&avatarId=10142", "32x32": "https://tracker.phpbb.com/secure/useravatar?size=medium&avatarId=10142", "48x48": "https://tracker.phpbb.com/secure/useravatar?avatarId=10142", "16x16": "https://tracker.phpbb.com/secure/useravatar?size=xsmall&avatarId=10142"}, "active": false, "self": "https://tracker.phpbb.com/rest/api/2/user?username=Elglobo", "displayName": "Micka\u00ebl SALFATI [X]", "name": "Elglobo"}, "author": {"key": "elglobo", "timeZone": "UTC", "avatarUrls": {"24x24": "https://tracker.phpbb.com/secure/useravatar?size=small&avatarId=10142", "32x32": "https://tracker.phpbb.com/secure/useravatar?size=medium&avatarId=10142", "48x48": "https://tracker.phpbb.com/secure/useravatar?avatarId=10142", "16x16": "https://tracker.phpbb.com/secure/useravatar?size=xsmall&avatarId=10142"}, "active": false, "self": "https://tracker.phpbb.com/rest/api/2/user?username=Elglobo", "displayName": "Micka\u00ebl SALFATI [X]", "name": "Elglobo"}, "body": "Ma\u00ebl, check these points and push if necessary ;)", "created": "2011-11-09T18:20:26.000+0000", "updated": "2011-11-09T18:20:26.000+0000", "self": "https://tracker.phpbb.com/rest/api/2/issue/28988/comment/53706"}, {"id": "53707", "updateAuthor": {"key": "ma\u00ebl soucaze", "timeZone": "Europe/Berlin", "avatarUrls": {"24x24": "https://tracker.phpbb.com/secure/useravatar?size=small&avatarId=10142", "32x32": "https://tracker.phpbb.com/secure/useravatar?size=medium&avatarId=10142", "48x48": "https://tracker.phpbb.com/secure/useravatar?avatarId=10142", "16x16": "https://tracker.phpbb.com/secure/useravatar?size=xsmall&avatarId=10142"}, "active": false, "self": "https://tracker.phpbb.com/rest/api/2/user?username=Ma%C3%ABl+Soucaze", "displayName": "Ma\u00ebl Soucaze [X]", "name": "Ma\u00ebl Soucaze"}, "author": {"key": "ma\u00ebl soucaze", "timeZone": "Europe/Berlin", "avatarUrls": {"24x24": "https://tracker.phpbb.com/secure/useravatar?size=small&avatarId=10142", "32x32": "https://tracker.phpbb.com/secure/useravatar?size=medium&avatarId=10142", "48x48": "https://tracker.phpbb.com/secure/useravatar?avatarId=10142", "16x16": "https://tracker.phpbb.com/secure/useravatar?size=xsmall&avatarId=10142"}, "active": false, "self": "https://tracker.phpbb.com/rest/api/2/user?username=Ma%C3%ABl+Soucaze", "displayName": "Ma\u00ebl Soucaze [X]", "name": "Ma\u00ebl Soucaze"}, "body": "[https://github.com/phpbb/customisation-db/commit/1b21a15aeb9c8886c89c8bdf2abd61c9f738ed43]", "created": "2011-11-09T19:42:21.000+0000", "updated": "2011-11-09T19:42:21.000+0000", "self": "https://tracker.phpbb.com/rest/api/2/issue/28988/comment/53707"}], "maxResults": 2}, "workratio": -1}, "expand": "renderedFields,names,schema,operations,editmeta,changelog,versionedRepresentations", "self": "https://tracker.phpbb.com/rest/api/2/issue/28988", "key": "CUSTDB-482"}