{"id": "28717", "fields": {"summary": "Changing Queue Topic to Public Access", "customfield_10241": null, "labels": [], "description": "Well at the moment by going into edit the first post of the Queue Discussion Topic it has the option to make it Public Access. I think perhaps this should be disabled.", "updated": "2010-05-23T20:17:39.000+0000", "resolution": {"id": "2", "self": "https://tracker.phpbb.com/rest/api/2/resolution/2", "description": "The problem described is an issue which will never be fixed.", "name": "Won't Fix"}, "versions": [], "created": "2010-05-23T20:17:39.000+0000", "votes": {"votes": 0, "self": "https://tracker.phpbb.com/rest/api/2/issue/CUSTDB-211/votes", "hasVoted": false}, "fixVersions": [], "customfield_10146": 62086.0, "watches": {"self": "https://tracker.phpbb.com/rest/api/2/issue/CUSTDB-211/watchers", "watchCount": 0, "isWatching": false}, "assignee": {"key": "exreaction", "timeZone": "America/Chicago", "avatarUrls": {"24x24": "https://tracker.phpbb.com/secure/useravatar?size=small&avatarId=10142", "32x32": "https://tracker.phpbb.com/secure/useravatar?size=medium&avatarId=10142", "48x48": "https://tracker.phpbb.com/secure/useravatar?avatarId=10142", "16x16": "https://tracker.phpbb.com/secure/useravatar?size=xsmall&avatarId=10142"}, "active": false, "self": "https://tracker.phpbb.com/rest/api/2/user?username=EXreaction", "displayName": "EXreaction [X]", "name": "EXreaction"}, "customfield_10040": null, "issuelinks": [], "customfield_10240": "0|i00gmf:", "project": {"id": "10046", "avatarUrls": {"24x24": "https://tracker.phpbb.com/secure/projectavatar?size=small&pid=10046&avatarId=10011", "32x32": "https://tracker.phpbb.com/secure/projectavatar?size=medium&pid=10046&avatarId=10011", "48x48": "https://tracker.phpbb.com/secure/projectavatar?pid=10046&avatarId=10011", "16x16": "https://tracker.phpbb.com/secure/projectavatar?size=xsmall&pid=10046&avatarId=10011"}, "projectCategory": {"id": "10021", "self": "https://tracker.phpbb.com/rest/api/2/projectCategory/10021", "description": "Tools released by the phpBB teams", "name": "Tools"}, "self": "https://tracker.phpbb.com/rest/api/2/project/10046", "key": "CUSTDB", "name": "Customisations Database"}, "customfield_10242": null, "priority": null, "attachment": [], "lastViewed": null, "environment": null, "status": {"id": "6", "statusCategory": {"id": 3, "self": "https://tracker.phpbb.com/rest/api/2/statuscategory/3", "key": "done", "colorName": "green", "name": "Done"}, "description": "The issue is considered finished, the resolution is correct. Issues which are closed can be reopened.", "iconUrl": "https://tracker.phpbb.com/images/icons/phpbb-closed.png", "self": "https://tracker.phpbb.com/rest/api/2/status/6", "name": "Closed"}, "subtasks": [], "duedate": null, "reporter": {"key": "michaelc", "timeZone": "UTC", "avatarUrls": {"24x24": "https://tracker.phpbb.com/secure/useravatar?size=small&ownerId=michaelc&avatarId=10621", "32x32": "https://tracker.phpbb.com/secure/useravatar?size=medium&ownerId=michaelc&avatarId=10621", "48x48": "https://tracker.phpbb.com/secure/useravatar?ownerId=michaelc&avatarId=10621", "16x16": "https://tracker.phpbb.com/secure/useravatar?size=xsmall&ownerId=michaelc&avatarId=10621"}, "active": true, "self": "https://tracker.phpbb.com/rest/api/2/user?username=MichaelC", "displayName": "Michael Cullum", "name": "MichaelC"}, "issuetype": {"id": "1", "subtask": false, "description": "A problem which impairs or prevents the functions of the product.", "avatarId": 12123, "iconUrl": "https://tracker.phpbb.com/secure/viewavatar?size=xsmall&avatarId=12123&avatarType=issuetype", "self": "https://tracker.phpbb.com/rest/api/2/issuetype/1", "name": "Bug"}, "customfield_10020": null, "creator": {"key": "noxwizard", "timeZone": "America/Chicago", "avatarUrls": {"24x24": "https://tracker.phpbb.com/secure/useravatar?size=small&ownerId=noxwizard&avatarId=10037", "32x32": "https://tracker.phpbb.com/secure/useravatar?size=medium&ownerId=noxwizard&avatarId=10037", "48x48": "https://tracker.phpbb.com/secure/useravatar?ownerId=noxwizard&avatarId=10037", "16x16": "https://tracker.phpbb.com/secure/useravatar?size=xsmall&ownerId=noxwizard&avatarId=10037"}, "active": true, "self": "https://tracker.phpbb.com/rest/api/2/user?username=Noxwizard", "displayName": "Patrick Webster", "name": "Noxwizard"}, "components": [], "resolutiondate": "2010-05-23T20:17:39.000+0000", "comment": {"total": 0, "startAt": 0, "comments": [], "maxResults": 0}, "workratio": -1}, "expand": "renderedFields,names,schema,operations,editmeta,changelog,versionedRepresentations", "self": "https://tracker.phpbb.com/rest/api/2/issue/28717", "key": "CUSTDB-211"}