{"id": "28678", "fields": {"summary": "Stickys get mixed with normal topics", "customfield_10241": null, "labels": [], "description": "If you visit your \"My Contributions\" page and click on support you will see all the topics that have been created in the support areas of your MODs. Unfortunately, both normal topics and stickies are being displayed under the \"Stickies\" heading (see first attachment).\n\nIf you open the support area of just one MOD, all stickies are being displayed under the \"Stickies\" heading and the other topics are being displayed under the \"Topics\" heading (attachment 2).\n\nI think it wasn't like this before and it really looks like something is messed up. In order to get a good overview of the topics, it probably should like the the support areas of the MODs.", "updated": "2010-05-09T20:59:11.000+0000", "resolution": {"id": "2", "self": "https://tracker.phpbb.com/rest/api/2/resolution/2", "description": "The problem described is an issue which will never be fixed.", "name": "Won't Fix"}, "versions": [], "created": "2010-05-09T20:59:11.000+0000", "votes": {"votes": 0, "self": "https://tracker.phpbb.com/rest/api/2/issue/CUSTDB-172/votes", "hasVoted": false}, "fixVersions": [], "customfield_10146": 62030.0, "watches": {"self": "https://tracker.phpbb.com/rest/api/2/issue/CUSTDB-172/watchers", "watchCount": 0, "isWatching": false}, "assignee": {"key": "elglobo", "timeZone": "UTC", "avatarUrls": {"24x24": "https://tracker.phpbb.com/secure/useravatar?size=small&avatarId=10142", "32x32": "https://tracker.phpbb.com/secure/useravatar?size=medium&avatarId=10142", "48x48": "https://tracker.phpbb.com/secure/useravatar?avatarId=10142", "16x16": "https://tracker.phpbb.com/secure/useravatar?size=xsmall&avatarId=10142"}, "active": false, "self": "https://tracker.phpbb.com/rest/api/2/user?username=Elglobo", "displayName": "Micka\u00ebl SALFATI [X]", "name": "Elglobo"}, "customfield_10040": null, "issuelinks": [], "customfield_10240": "0|i00gv3:", "project": {"id": "10046", "avatarUrls": {"24x24": "https://tracker.phpbb.com/secure/projectavatar?size=small&pid=10046&avatarId=10011", "32x32": "https://tracker.phpbb.com/secure/projectavatar?size=medium&pid=10046&avatarId=10011", "48x48": "https://tracker.phpbb.com/secure/projectavatar?pid=10046&avatarId=10011", "16x16": "https://tracker.phpbb.com/secure/projectavatar?size=xsmall&pid=10046&avatarId=10011"}, "projectCategory": {"id": "10021", "self": "https://tracker.phpbb.com/rest/api/2/projectCategory/10021", "description": "Tools released by the phpBB teams", "name": "Tools"}, "self": "https://tracker.phpbb.com/rest/api/2/project/10046", "key": "CUSTDB", "name": "Customisations Database"}, "customfield_10242": null, "priority": null, "attachment": [{"id": "15476", "author": {"key": "marc", "timeZone": "Europe/Berlin", "avatarUrls": {"24x24": "https://tracker.phpbb.com/secure/useravatar?size=small&avatarId=10138", "32x32": "https://tracker.phpbb.com/secure/useravatar?size=medium&avatarId=10138", "48x48": "https://tracker.phpbb.com/secure/useravatar?avatarId=10138", "16x16": "https://tracker.phpbb.com/secure/useravatar?size=xsmall&avatarId=10138"}, "active": true, "self": "https://tracker.phpbb.com/rest/api/2/user?username=Marc", "displayName": "Marc", "name": "Marc"}, "content": "https://tracker.phpbb.com/secure/attachment/15476/screen1.png", "created": "2010-05-09T20:59:11.000+0000", "filename": "screen1.png", "size": 85134, "self": "https://tracker.phpbb.com/rest/api/2/attachment/15476", "thumbnail": "https://tracker.phpbb.com/secure/thumbnail/15476/_thumb_15476.png", "mimeType": "image/png"}, {"id": "15477", "author": {"key": "marc", "timeZone": "Europe/Berlin", "avatarUrls": {"24x24": "https://tracker.phpbb.com/secure/useravatar?size=small&avatarId=10138", "32x32": "https://tracker.phpbb.com/secure/useravatar?size=medium&avatarId=10138", "48x48": "https://tracker.phpbb.com/secure/useravatar?avatarId=10138", "16x16": "https://tracker.phpbb.com/secure/useravatar?size=xsmall&avatarId=10138"}, "active": true, "self": "https://tracker.phpbb.com/rest/api/2/user?username=Marc", "displayName": "Marc", "name": "Marc"}, "content": "https://tracker.phpbb.com/secure/attachment/15477/screen2.png", "created": "2010-05-09T20:59:11.000+0000", "filename": "screen2.png", "size": 39515, "self": "https://tracker.phpbb.com/rest/api/2/attachment/15477", "thumbnail": "https://tracker.phpbb.com/secure/thumbnail/15477/_thumb_15477.png", "mimeType": "image/png"}], "lastViewed": null, "environment": null, "status": {"id": "6", "statusCategory": {"id": 3, "self": "https://tracker.phpbb.com/rest/api/2/statuscategory/3", "key": "done", "colorName": "green", "name": "Done"}, "description": "The issue is considered finished, the resolution is correct. Issues which are closed can be reopened.", "iconUrl": "https://tracker.phpbb.com/images/icons/phpbb-closed.png", "self": "https://tracker.phpbb.com/rest/api/2/status/6", "name": "Closed"}, "subtasks": [], "duedate": null, "reporter": {"key": "marc", "timeZone": "Europe/Berlin", "avatarUrls": {"24x24": "https://tracker.phpbb.com/secure/useravatar?size=small&avatarId=10138", "32x32": "https://tracker.phpbb.com/secure/useravatar?size=medium&avatarId=10138", "48x48": "https://tracker.phpbb.com/secure/useravatar?avatarId=10138", "16x16": "https://tracker.phpbb.com/secure/useravatar?size=xsmall&avatarId=10138"}, "active": true, "self": "https://tracker.phpbb.com/rest/api/2/user?username=Marc", "displayName": "Marc", "name": "Marc"}, "issuetype": {"id": "1", "subtask": false, "description": "A problem which impairs or prevents the functions of the product.", "avatarId": 12123, "iconUrl": "https://tracker.phpbb.com/secure/viewavatar?size=xsmall&avatarId=12123&avatarType=issuetype", "self": "https://tracker.phpbb.com/rest/api/2/issuetype/1", "name": "Bug"}, "customfield_10020": null, "creator": {"key": "noxwizard", "timeZone": "America/Chicago", "avatarUrls": {"24x24": "https://tracker.phpbb.com/secure/useravatar?size=small&ownerId=noxwizard&avatarId=10037", "32x32": "https://tracker.phpbb.com/secure/useravatar?size=medium&ownerId=noxwizard&avatarId=10037", "48x48": "https://tracker.phpbb.com/secure/useravatar?ownerId=noxwizard&avatarId=10037", "16x16": "https://tracker.phpbb.com/secure/useravatar?size=xsmall&ownerId=noxwizard&avatarId=10037"}, "active": true, "self": "https://tracker.phpbb.com/rest/api/2/user?username=Noxwizard", "displayName": "Patrick Webster", "name": "Noxwizard"}, "components": [], "resolutiondate": "2010-05-09T20:59:11.000+0000", "comment": {"total": 5, "startAt": 0, "comments": [{"id": "52709", "updateAuthor": {"key": "marc", "timeZone": "Europe/Berlin", "avatarUrls": {"24x24": "https://tracker.phpbb.com/secure/useravatar?size=small&avatarId=10138", "32x32": "https://tracker.phpbb.com/secure/useravatar?size=medium&avatarId=10138", "48x48": "https://tracker.phpbb.com/secure/useravatar?avatarId=10138", "16x16": "https://tracker.phpbb.com/secure/useravatar?size=xsmall&avatarId=10138"}, "active": true, "self": "https://tracker.phpbb.com/rest/api/2/user?username=Marc", "displayName": "Marc", "name": "Marc"}, "author": {"key": "marc", "timeZone": "Europe/Berlin", "avatarUrls": {"24x24": "https://tracker.phpbb.com/secure/useravatar?size=small&avatarId=10138", "32x32": "https://tracker.phpbb.com/secure/useravatar?size=medium&avatarId=10138", "48x48": "https://tracker.phpbb.com/secure/useravatar?avatarId=10138", "16x16": "https://tracker.phpbb.com/secure/useravatar?size=xsmall&avatarId=10138"}, "active": true, "self": "https://tracker.phpbb.com/rest/api/2/user?username=Marc", "displayName": "Marc", "name": "Marc"}, "body": "Attachment screen1.png has been added with description: screen1.png", "created": "2010-05-09T20:59:11.000+0000", "updated": "2010-05-09T20:59:11.000+0000", "self": "https://tracker.phpbb.com/rest/api/2/issue/28678/comment/52709"}, {"id": "52710", "updateAuthor": {"key": "marc", "timeZone": "Europe/Berlin", "avatarUrls": {"24x24": "https://tracker.phpbb.com/secure/useravatar?size=small&avatarId=10138", "32x32": "https://tracker.phpbb.com/secure/useravatar?size=medium&avatarId=10138", "48x48": "https://tracker.phpbb.com/secure/useravatar?avatarId=10138", "16x16": "https://tracker.phpbb.com/secure/useravatar?size=xsmall&avatarId=10138"}, "active": true, "self": "https://tracker.phpbb.com/rest/api/2/user?username=Marc", "displayName": "Marc", "name": "Marc"}, "author": {"key": "marc", "timeZone": "Europe/Berlin", "avatarUrls": {"24x24": "https://tracker.phpbb.com/secure/useravatar?size=small&avatarId=10138", "32x32": "https://tracker.phpbb.com/secure/useravatar?size=medium&avatarId=10138", "48x48": "https://tracker.phpbb.com/secure/useravatar?avatarId=10138", "16x16": "https://tracker.phpbb.com/secure/useravatar?size=xsmall&avatarId=10138"}, "active": true, "self": "https://tracker.phpbb.com/rest/api/2/user?username=Marc", "displayName": "Marc", "name": "Marc"}, "body": "Attachment screen2.png has been added with description: screen2.png", "created": "2010-05-09T20:59:11.000+0000", "updated": "2010-05-09T20:59:11.000+0000", "self": "https://tracker.phpbb.com/rest/api/2/issue/28678/comment/52710"}, {"id": "52706", "updateAuthor": {"key": "elglobo", "timeZone": "UTC", "avatarUrls": {"24x24": "https://tracker.phpbb.com/secure/useravatar?size=small&avatarId=10142", "32x32": "https://tracker.phpbb.com/secure/useravatar?size=medium&avatarId=10142", "48x48": "https://tracker.phpbb.com/secure/useravatar?avatarId=10142", "16x16": "https://tracker.phpbb.com/secure/useravatar?size=xsmall&avatarId=10142"}, "active": false, "self": "https://tracker.phpbb.com/rest/api/2/user?username=Elglobo", "displayName": "Micka\u00ebl SALFATI [X]", "name": "Elglobo"}, "author": {"key": "elglobo", "timeZone": "UTC", "avatarUrls": {"24x24": "https://tracker.phpbb.com/secure/useravatar?size=small&avatarId=10142", "32x32": "https://tracker.phpbb.com/secure/useravatar?size=medium&avatarId=10142", "48x48": "https://tracker.phpbb.com/secure/useravatar?avatarId=10142", "16x16": "https://tracker.phpbb.com/secure/useravatar?size=xsmall&avatarId=10142"}, "active": false, "self": "https://tracker.phpbb.com/rest/api/2/user?username=Elglobo", "displayName": "Micka\u00ebl SALFATI [X]", "name": "Elglobo"}, "body": "I am agree with this point if a team leader is okay, I'll do changes required.", "created": "2010-05-09T22:43:27.000+0000", "updated": "2010-05-09T22:43:27.000+0000", "self": "https://tracker.phpbb.com/rest/api/2/issue/28678/comment/52706"}, {"id": "52707", "updateAuthor": {"key": "exreaction", "timeZone": "America/Chicago", "avatarUrls": {"24x24": "https://tracker.phpbb.com/secure/useravatar?size=small&avatarId=10142", "32x32": "https://tracker.phpbb.com/secure/useravatar?size=medium&avatarId=10142", "48x48": "https://tracker.phpbb.com/secure/useravatar?avatarId=10142", "16x16": "https://tracker.phpbb.com/secure/useravatar?size=xsmall&avatarId=10142"}, "active": false, "self": "https://tracker.phpbb.com/rest/api/2/user?username=EXreaction", "displayName": "EXreaction [X]", "name": "EXreaction"}, "author": {"key": "exreaction", "timeZone": "America/Chicago", "avatarUrls": {"24x24": "https://tracker.phpbb.com/secure/useravatar?size=small&avatarId=10142", "32x32": "https://tracker.phpbb.com/secure/useravatar?size=medium&avatarId=10142", "48x48": "https://tracker.phpbb.com/secure/useravatar?avatarId=10142", "16x16": "https://tracker.phpbb.com/secure/useravatar?size=xsmall&avatarId=10142"}, "active": false, "self": "https://tracker.phpbb.com/rest/api/2/user?username=EXreaction", "displayName": "EXreaction [X]", "name": "EXreaction"}, "body": "It was changed not to list stickies first for good reason, those who have a bunch of contributions with stickies will have to go through a page or two in order to actually see any new posts.\r\n\r\nIt should say topics instead of stickies though.", "created": "2010-05-10T00:43:30.000+0000", "updated": "2010-05-10T00:43:30.000+0000", "self": "https://tracker.phpbb.com/rest/api/2/issue/28678/comment/52707"}, {"id": "52708", "updateAuthor": {"key": "elglobo", "timeZone": "UTC", "avatarUrls": {"24x24": "https://tracker.phpbb.com/secure/useravatar?size=small&avatarId=10142", "32x32": "https://tracker.phpbb.com/secure/useravatar?size=medium&avatarId=10142", "48x48": "https://tracker.phpbb.com/secure/useravatar?avatarId=10142", "16x16": "https://tracker.phpbb.com/secure/useravatar?size=xsmall&avatarId=10142"}, "active": false, "self": "https://tracker.phpbb.com/rest/api/2/user?username=Elglobo", "displayName": "Micka\u00ebl SALFATI [X]", "name": "Elglobo"}, "author": {"key": "elglobo", "timeZone": "UTC", "avatarUrls": {"24x24": "https://tracker.phpbb.com/secure/useravatar?size=small&avatarId=10142", "32x32": "https://tracker.phpbb.com/secure/useravatar?size=medium&avatarId=10142", "48x48": "https://tracker.phpbb.com/secure/useravatar?avatarId=10142", "16x16": "https://tracker.phpbb.com/secure/useravatar?size=xsmall&avatarId=10142"}, "active": false, "self": "https://tracker.phpbb.com/rest/api/2/user?username=Elglobo", "displayName": "Micka\u00ebl SALFATI [X]", "name": "Elglobo"}, "body": "it's well topics and not stickies, so I close the ticket ;)", "created": "2010-05-10T06:15:20.000+0000", "updated": "2010-05-10T06:15:20.000+0000", "self": "https://tracker.phpbb.com/rest/api/2/issue/28678/comment/52708"}], "maxResults": 5}, "workratio": -1}, "expand": "renderedFields,names,schema,operations,editmeta,changelog,versionedRepresentations", "self": "https://tracker.phpbb.com/rest/api/2/issue/28678", "key": "CUSTDB-172"}