{"id": "28908", "fields": {"summary": "Contribution details not passing validation", "customfield_10241": null, "labels": [], "description": "Just noticed some more validation errors on the contribution details page:\n[http://validator.w3.org/check?uri=http%3A%2F%2Fwww.phpbb.com%2Fcustomise%2Fdb%2Fmod%2Fphpbb_statistics%2F&charset=%28detect+automatically%29&doctype=Inline&group=0]\n\nWorks on pretty much every page", "updated": "2011-01-05T09:25:32.000+0000", "resolution": {"id": "1", "self": "https://tracker.phpbb.com/rest/api/2/resolution/1", "description": "A fix for this issue is checked into the tree and tested.", "name": "Fixed"}, "versions": [], "created": "2011-01-05T09:25:32.000+0000", "votes": {"votes": 0, "self": "https://tracker.phpbb.com/rest/api/2/issue/CUSTDB-402/votes", "hasVoted": false}, "fixVersions": [], "customfield_10146": 62598.0, "watches": {"self": "https://tracker.phpbb.com/rest/api/2/issue/CUSTDB-402/watchers", "watchCount": 0, "isWatching": false}, "assignee": {"key": "marc", "timeZone": "Europe/Berlin", "avatarUrls": {"24x24": "https://tracker.phpbb.com/secure/useravatar?size=small&avatarId=10138", "32x32": "https://tracker.phpbb.com/secure/useravatar?size=medium&avatarId=10138", "48x48": "https://tracker.phpbb.com/secure/useravatar?avatarId=10138", "16x16": "https://tracker.phpbb.com/secure/useravatar?size=xsmall&avatarId=10138"}, "active": true, "self": "https://tracker.phpbb.com/rest/api/2/user?username=Marc", "displayName": "Marc", "name": "Marc"}, "customfield_10040": null, "issuelinks": [], "customfield_10240": "0|i00fgv:", "project": {"id": "10046", "avatarUrls": {"24x24": "https://tracker.phpbb.com/secure/projectavatar?size=small&pid=10046&avatarId=10011", "32x32": "https://tracker.phpbb.com/secure/projectavatar?size=medium&pid=10046&avatarId=10011", "48x48": "https://tracker.phpbb.com/secure/projectavatar?pid=10046&avatarId=10011", "16x16": "https://tracker.phpbb.com/secure/projectavatar?size=xsmall&pid=10046&avatarId=10011"}, "projectCategory": {"id": "10021", "self": "https://tracker.phpbb.com/rest/api/2/projectCategory/10021", "description": "Tools released by the phpBB teams", "name": "Tools"}, "self": "https://tracker.phpbb.com/rest/api/2/project/10046", "key": "CUSTDB", "name": "Customisations Database"}, "customfield_10242": null, "priority": null, "attachment": [], "lastViewed": null, "environment": null, "status": {"id": "5", "statusCategory": {"id": 3, "self": "https://tracker.phpbb.com/rest/api/2/statuscategory/3", "key": "done", "colorName": "green", "name": "Done"}, "description": "A resolution has been taken, and it is awaiting verification by reporter. From here issues are either reopened, or are closed.", "iconUrl": "https://tracker.phpbb.com/images/icons/phpbb-unverified-fix.png", "self": "https://tracker.phpbb.com/rest/api/2/status/5", "name": "Unverified Fix"}, "subtasks": [], "duedate": null, "reporter": {"key": "marc", "timeZone": "Europe/Berlin", "avatarUrls": {"24x24": "https://tracker.phpbb.com/secure/useravatar?size=small&avatarId=10138", "32x32": "https://tracker.phpbb.com/secure/useravatar?size=medium&avatarId=10138", "48x48": "https://tracker.phpbb.com/secure/useravatar?avatarId=10138", "16x16": "https://tracker.phpbb.com/secure/useravatar?size=xsmall&avatarId=10138"}, "active": true, "self": "https://tracker.phpbb.com/rest/api/2/user?username=Marc", "displayName": "Marc", "name": "Marc"}, "issuetype": {"id": "1", "subtask": false, "description": "A problem which impairs or prevents the functions of the product.", "avatarId": 12123, "iconUrl": "https://tracker.phpbb.com/secure/viewavatar?size=xsmall&avatarId=12123&avatarType=issuetype", "self": "https://tracker.phpbb.com/rest/api/2/issuetype/1", "name": "Bug"}, "customfield_10020": null, "creator": {"key": "noxwizard", "timeZone": "America/Chicago", "avatarUrls": {"24x24": "https://tracker.phpbb.com/secure/useravatar?size=small&ownerId=noxwizard&avatarId=10037", "32x32": "https://tracker.phpbb.com/secure/useravatar?size=medium&ownerId=noxwizard&avatarId=10037", "48x48": "https://tracker.phpbb.com/secure/useravatar?ownerId=noxwizard&avatarId=10037", "16x16": "https://tracker.phpbb.com/secure/useravatar?size=xsmall&ownerId=noxwizard&avatarId=10037"}, "active": true, "self": "https://tracker.phpbb.com/rest/api/2/user?username=Noxwizard", "displayName": "Patrick Webster", "name": "Noxwizard"}, "components": [], "resolutiondate": "2011-01-05T09:25:32.000+0000", "comment": {"total": 3, "startAt": 0, "comments": [{"id": "53411", "updateAuthor": {"key": "marc", "timeZone": "Europe/Berlin", "avatarUrls": {"24x24": "https://tracker.phpbb.com/secure/useravatar?size=small&avatarId=10138", "32x32": "https://tracker.phpbb.com/secure/useravatar?size=medium&avatarId=10138", "48x48": "https://tracker.phpbb.com/secure/useravatar?avatarId=10138", "16x16": "https://tracker.phpbb.com/secure/useravatar?size=xsmall&avatarId=10138"}, "active": true, "self": "https://tracker.phpbb.com/rest/api/2/user?username=Marc", "displayName": "Marc", "name": "Marc"}, "author": {"key": "marc", "timeZone": "Europe/Berlin", "avatarUrls": {"24x24": "https://tracker.phpbb.com/secure/useravatar?size=small&avatarId=10138", "32x32": "https://tracker.phpbb.com/secure/useravatar?size=medium&avatarId=10138", "48x48": "https://tracker.phpbb.com/secure/useravatar?avatarId=10138", "16x16": "https://tracker.phpbb.com/secure/useravatar?size=xsmall&avatarId=10138"}, "active": true, "self": "https://tracker.phpbb.com/rest/api/2/user?username=Marc", "displayName": "Marc", "name": "Marc"}, "body": "Of course I meant that you can reproduce this error with every MOD in the DB (couldn't edit first post).", "created": "2011-01-05T09:26:56.000+0000", "updated": "2011-01-05T09:26:56.000+0000", "self": "https://tracker.phpbb.com/rest/api/2/issue/28908/comment/53411"}, {"id": "53412", "updateAuthor": {"key": "davidiq", "timeZone": "America/New_York", "avatarUrls": {"24x24": "https://tracker.phpbb.com/secure/useravatar?size=small&ownerId=davidiq&avatarId=12223", "32x32": "https://tracker.phpbb.com/secure/useravatar?size=medium&ownerId=davidiq&avatarId=12223", "48x48": "https://tracker.phpbb.com/secure/useravatar?ownerId=davidiq&avatarId=12223", "16x16": "https://tracker.phpbb.com/secure/useravatar?size=xsmall&ownerId=davidiq&avatarId=12223"}, "active": true, "self": "https://tracker.phpbb.com/rest/api/2/user?username=DavidIQ", "displayName": "David Col\u00f3n", "name": "DavidIQ"}, "author": {"key": "davidiq", "timeZone": "America/New_York", "avatarUrls": {"24x24": "https://tracker.phpbb.com/secure/useravatar?size=small&ownerId=davidiq&avatarId=12223", "32x32": "https://tracker.phpbb.com/secure/useravatar?size=medium&ownerId=davidiq&avatarId=12223", "48x48": "https://tracker.phpbb.com/secure/useravatar?ownerId=davidiq&avatarId=12223", "16x16": "https://tracker.phpbb.com/secure/useravatar?size=xsmall&ownerId=davidiq&avatarId=12223"}, "active": true, "self": "https://tracker.phpbb.com/rest/api/2/user?username=DavidIQ", "displayName": "David Col\u00f3n", "name": "DavidIQ"}, "body": "_Edit ticket details_ is under \"Options\" on the right. ;)\r\n\r\nBTW you're now able to assign yourself tickets.", "created": "2011-01-05T12:19:56.000+0000", "updated": "2011-01-05T12:19:56.000+0000", "self": "https://tracker.phpbb.com/rest/api/2/issue/28908/comment/53412"}, {"id": "53413", "updateAuthor": {"key": "marc", "timeZone": "Europe/Berlin", "avatarUrls": {"24x24": "https://tracker.phpbb.com/secure/useravatar?size=small&avatarId=10138", "32x32": "https://tracker.phpbb.com/secure/useravatar?size=medium&avatarId=10138", "48x48": "https://tracker.phpbb.com/secure/useravatar?avatarId=10138", "16x16": "https://tracker.phpbb.com/secure/useravatar?size=xsmall&avatarId=10138"}, "active": true, "self": "https://tracker.phpbb.com/rest/api/2/user?username=Marc", "displayName": "Marc", "name": "Marc"}, "author": {"key": "marc", "timeZone": "Europe/Berlin", "avatarUrls": {"24x24": "https://tracker.phpbb.com/secure/useravatar?size=small&avatarId=10138", "32x32": "https://tracker.phpbb.com/secure/useravatar?size=medium&avatarId=10138", "48x48": "https://tracker.phpbb.com/secure/useravatar?avatarId=10138", "16x16": "https://tracker.phpbb.com/secure/useravatar?size=xsmall&avatarId=10138"}, "active": true, "self": "https://tracker.phpbb.com/rest/api/2/user?username=Marc", "displayName": "Marc", "name": "Marc"}, "body": "Pull request can be found here:\r\n[https://github.com/phpbb/customisation-db/pull/29]\r\n\r\n\r\nI also added an IF statement to prevent XHTML validation errors, because of an empty UL, when visiting the page as a guest.", "created": "2011-01-17T12:52:13.000+0000", "updated": "2011-01-17T12:52:13.000+0000", "self": "https://tracker.phpbb.com/rest/api/2/issue/28908/comment/53413"}], "maxResults": 3}, "workratio": -1}, "expand": "renderedFields,names,schema,operations,editmeta,changelog,versionedRepresentations", "self": "https://tracker.phpbb.com/rest/api/2/issue/28908", "key": "CUSTDB-402"}