{"id": "28965", "fields": {"summary": "Cannot install on 3.0.9", "customfield_10241": null, "labels": [], "description": "In 3.0.9, db_tools was changed so that indices have a length limit. So, attempting to install Titania yields this:\n{quote}General Error\nIndex name 'customisation_revisions_revision_status' on table 'customisation_revisions' is too long. The maximum is 24 characters.{quote}", "updated": "2011-07-11T03:34:11.000+0000", "resolution": {"id": "1", "self": "https://tracker.phpbb.com/rest/api/2/resolution/1", "description": "A fix for this issue is checked into the tree and tested.", "name": "Fixed"}, "versions": [], "created": "2011-07-11T03:34:11.000+0000", "votes": {"votes": 0, "self": "https://tracker.phpbb.com/rest/api/2/issue/CUSTDB-459/votes", "hasVoted": false}, "fixVersions": [], "customfield_10146": 62851.0, "watches": {"self": "https://tracker.phpbb.com/rest/api/2/issue/CUSTDB-459/watchers", "watchCount": 0, "isWatching": false}, "assignee": {"key": "elglobo", "timeZone": "UTC", "avatarUrls": {"24x24": "https://tracker.phpbb.com/secure/useravatar?size=small&avatarId=10142", "32x32": "https://tracker.phpbb.com/secure/useravatar?size=medium&avatarId=10142", "48x48": "https://tracker.phpbb.com/secure/useravatar?avatarId=10142", "16x16": "https://tracker.phpbb.com/secure/useravatar?size=xsmall&avatarId=10142"}, "active": false, "self": "https://tracker.phpbb.com/rest/api/2/user?username=Elglobo", "displayName": "Micka\u00ebl SALFATI [X]", "name": "Elglobo"}, "customfield_10040": null, "issuelinks": [], "customfield_10240": "0|i00f4n:", "project": {"id": "10046", "avatarUrls": {"24x24": "https://tracker.phpbb.com/secure/projectavatar?size=small&pid=10046&avatarId=10011", "32x32": "https://tracker.phpbb.com/secure/projectavatar?size=medium&pid=10046&avatarId=10011", "48x48": "https://tracker.phpbb.com/secure/projectavatar?pid=10046&avatarId=10011", "16x16": "https://tracker.phpbb.com/secure/projectavatar?size=xsmall&pid=10046&avatarId=10011"}, "projectCategory": {"id": "10021", "self": "https://tracker.phpbb.com/rest/api/2/projectCategory/10021", "description": "Tools released by the phpBB teams", "name": "Tools"}, "self": "https://tracker.phpbb.com/rest/api/2/project/10046", "key": "CUSTDB", "name": "Customisations Database"}, "customfield_10242": null, "priority": null, "attachment": [], "lastViewed": null, "environment": null, "status": {"id": "5", "statusCategory": {"id": 3, "self": "https://tracker.phpbb.com/rest/api/2/statuscategory/3", "key": "done", "colorName": "green", "name": "Done"}, "description": "A resolution has been taken, and it is awaiting verification by reporter. From here issues are either reopened, or are closed.", "iconUrl": "https://tracker.phpbb.com/images/icons/phpbb-unverified-fix.png", "self": "https://tracker.phpbb.com/rest/api/2/status/5", "name": "Unverified Fix"}, "subtasks": [], "duedate": null, "reporter": {"key": "noxwizard", "timeZone": "America/Chicago", "avatarUrls": {"24x24": "https://tracker.phpbb.com/secure/useravatar?size=small&ownerId=noxwizard&avatarId=10037", "32x32": "https://tracker.phpbb.com/secure/useravatar?size=medium&ownerId=noxwizard&avatarId=10037", "48x48": "https://tracker.phpbb.com/secure/useravatar?ownerId=noxwizard&avatarId=10037", "16x16": "https://tracker.phpbb.com/secure/useravatar?size=xsmall&ownerId=noxwizard&avatarId=10037"}, "active": true, "self": "https://tracker.phpbb.com/rest/api/2/user?username=Noxwizard", "displayName": "Patrick Webster", "name": "Noxwizard"}, "issuetype": {"id": "1", "subtask": false, "description": "A problem which impairs or prevents the functions of the product.", "avatarId": 12123, "iconUrl": "https://tracker.phpbb.com/secure/viewavatar?size=xsmall&avatarId=12123&avatarType=issuetype", "self": "https://tracker.phpbb.com/rest/api/2/issuetype/1", "name": "Bug"}, "customfield_10020": null, "creator": {"key": "noxwizard", "timeZone": "America/Chicago", "avatarUrls": {"24x24": "https://tracker.phpbb.com/secure/useravatar?size=small&ownerId=noxwizard&avatarId=10037", "32x32": "https://tracker.phpbb.com/secure/useravatar?size=medium&ownerId=noxwizard&avatarId=10037", "48x48": "https://tracker.phpbb.com/secure/useravatar?ownerId=noxwizard&avatarId=10037", "16x16": "https://tracker.phpbb.com/secure/useravatar?size=xsmall&ownerId=noxwizard&avatarId=10037"}, "active": true, "self": "https://tracker.phpbb.com/rest/api/2/user?username=Noxwizard", "displayName": "Patrick Webster", "name": "Noxwizard"}, "components": [], "resolutiondate": "2011-07-11T03:34:11.000+0000", "comment": {"total": 10, "startAt": 0, "comments": [{"id": "53633", "updateAuthor": {"key": "paul", "timeZone": "Europe/Berlin", "avatarUrls": {"24x24": "https://tracker.phpbb.com/secure/useravatar?size=small&avatarId=10142", "32x32": "https://tracker.phpbb.com/secure/useravatar?size=medium&avatarId=10142", "48x48": "https://tracker.phpbb.com/secure/useravatar?avatarId=10142", "16x16": "https://tracker.phpbb.com/secure/useravatar?size=xsmall&avatarId=10142"}, "active": true, "self": "https://tracker.phpbb.com/rest/api/2/user?username=Paul", "displayName": "Paul Sohier", "name": "Paul"}, "author": {"key": "paul", "timeZone": "Europe/Berlin", "avatarUrls": {"24x24": "https://tracker.phpbb.com/secure/useravatar?size=small&avatarId=10142", "32x32": "https://tracker.phpbb.com/secure/useravatar?size=medium&avatarId=10142", "48x48": "https://tracker.phpbb.com/secure/useravatar?avatarId=10142", "16x16": "https://tracker.phpbb.com/secure/useravatar?size=xsmall&avatarId=10142"}, "active": true, "self": "https://tracker.phpbb.com/rest/api/2/user?username=Paul", "displayName": "Paul Sohier", "name": "Paul"}, "body": "Great, this sounds like a issue with UMIL :/", "created": "2011-07-11T09:00:13.000+0000", "updated": "2011-07-11T09:00:13.000+0000", "self": "https://tracker.phpbb.com/rest/api/2/issue/28965/comment/53633"}, {"id": "53634", "updateAuthor": {"key": "elglobo", "timeZone": "UTC", "avatarUrls": {"24x24": "https://tracker.phpbb.com/secure/useravatar?size=small&avatarId=10142", "32x32": "https://tracker.phpbb.com/secure/useravatar?size=medium&avatarId=10142", "48x48": "https://tracker.phpbb.com/secure/useravatar?avatarId=10142", "16x16": "https://tracker.phpbb.com/secure/useravatar?size=xsmall&avatarId=10142"}, "active": false, "self": "https://tracker.phpbb.com/rest/api/2/user?username=Elglobo", "displayName": "Micka\u00ebl SALFATI [X]", "name": "Elglobo"}, "author": {"key": "elglobo", "timeZone": "UTC", "avatarUrls": {"24x24": "https://tracker.phpbb.com/secure/useravatar?size=small&avatarId=10142", "32x32": "https://tracker.phpbb.com/secure/useravatar?size=medium&avatarId=10142", "48x48": "https://tracker.phpbb.com/secure/useravatar?avatarId=10142", "16x16": "https://tracker.phpbb.com/secure/useravatar?size=xsmall&avatarId=10142"}, "active": false, "self": "https://tracker.phpbb.com/rest/api/2/user?username=Elglobo", "displayName": "Micka\u00ebl SALFATI [X]", "name": "Elglobo"}, "body": "{quote}<Elglobo> so sql_create_index function limit now index name\r\n<Elglobo> [https://github.com/p/phpbb3/commit/ef544ee095f2decde39cc537d3d675642b7c80f2]\r\n<Elglobo> UMIL installer call this function with:\r\n<Elglobo> \t\t'table_index_add' => array(\r\n<Elglobo> \t\t\tarray(CUSTDB_REVISIONS_TABLE, 'revision_status'),\r\n<Elglobo> \t\t),\r\n<Elglobo> so finally index name customisation_revisions_revision_status is too long{quote}\r\n\r\nIt would be difficult to fix this issue because table name (customisation_revisions_) already took 24 chararcters.\r\n\r\nThis issue is refering to this condition:\r\n{code}\t\tif (strlen($table_name . $index_name) - strlen($table_prefix) > 24){code}\r\n(db_tools catch prefix_table of phpBB and not prefix_table of titania 'customisation_')", "created": "2011-07-11T09:29:54.000+0000", "updated": "2011-07-11T09:29:54.000+0000", "self": "https://tracker.phpbb.com/rest/api/2/issue/28965/comment/53634"}, {"id": "53635", "updateAuthor": {"key": "elglobo", "timeZone": "UTC", "avatarUrls": {"24x24": "https://tracker.phpbb.com/secure/useravatar?size=small&avatarId=10142", "32x32": "https://tracker.phpbb.com/secure/useravatar?size=medium&avatarId=10142", "48x48": "https://tracker.phpbb.com/secure/useravatar?avatarId=10142", "16x16": "https://tracker.phpbb.com/secure/useravatar?size=xsmall&avatarId=10142"}, "active": false, "self": "https://tracker.phpbb.com/rest/api/2/user?username=Elglobo", "displayName": "Micka\u00ebl SALFATI [X]", "name": "Elglobo"}, "author": {"key": "elglobo", "timeZone": "UTC", "avatarUrls": {"24x24": "https://tracker.phpbb.com/secure/useravatar?size=small&avatarId=10142", "32x32": "https://tracker.phpbb.com/secure/useravatar?size=medium&avatarId=10142", "48x48": "https://tracker.phpbb.com/secure/useravatar?avatarId=10142", "16x16": "https://tracker.phpbb.com/secure/useravatar?size=xsmall&avatarId=10142"}, "active": false, "self": "https://tracker.phpbb.com/rest/api/2/user?username=Elglobo", "displayName": "Micka\u00ebl SALFATI [X]", "name": "Elglobo"}, "body": "So finally, according to me we need to shorten our tables name in titania, and code something to rename actual tables. (I don't tink that UMIL support rename table operation)", "created": "2011-07-12T08:54:12.000+0000", "updated": "2011-07-12T08:54:12.000+0000", "self": "https://tracker.phpbb.com/rest/api/2/issue/28965/comment/53635"}, {"id": "53636", "updateAuthor": {"key": "carlino1994", "timeZone": "Europe/Rome", "avatarUrls": {"24x24": "https://tracker.phpbb.com/secure/useravatar?size=small&avatarId=10142", "32x32": "https://tracker.phpbb.com/secure/useravatar?size=medium&avatarId=10142", "48x48": "https://tracker.phpbb.com/secure/useravatar?avatarId=10142", "16x16": "https://tracker.phpbb.com/secure/useravatar?size=xsmall&avatarId=10142"}, "active": true, "self": "https://tracker.phpbb.com/rest/api/2/user?username=carlino1994", "displayName": "carlino1994", "name": "carlino1994"}, "author": {"key": "carlino1994", "timeZone": "Europe/Rome", "avatarUrls": {"24x24": "https://tracker.phpbb.com/secure/useravatar?size=small&avatarId=10142", "32x32": "https://tracker.phpbb.com/secure/useravatar?size=medium&avatarId=10142", "48x48": "https://tracker.phpbb.com/secure/useravatar?avatarId=10142", "16x16": "https://tracker.phpbb.com/secure/useravatar?size=xsmall&avatarId=10142"}, "active": true, "self": "https://tracker.phpbb.com/rest/api/2/user?username=carlino1994", "displayName": "carlino1994", "name": "carlino1994"}, "body": "Have you found any method how to rename tables name?\r\nWill be released a new UMIL version with this function?", "created": "2011-08-04T15:01:37.000+0000", "updated": "2011-08-04T15:01:37.000+0000", "self": "https://tracker.phpbb.com/rest/api/2/issue/28965/comment/53636"}, {"id": "53637", "updateAuthor": {"key": "nickvergessen", "timeZone": "Europe/Berlin", "avatarUrls": {"24x24": "https://tracker.phpbb.com/secure/useravatar?size=small&ownerId=nickvergessen&avatarId=10038", "32x32": "https://tracker.phpbb.com/secure/useravatar?size=medium&ownerId=nickvergessen&avatarId=10038", "48x48": "https://tracker.phpbb.com/secure/useravatar?ownerId=nickvergessen&avatarId=10038", "16x16": "https://tracker.phpbb.com/secure/useravatar?size=xsmall&ownerId=nickvergessen&avatarId=10038"}, "active": true, "self": "https://tracker.phpbb.com/rest/api/2/user?username=nickvergessen", "displayName": "Joas Schilling", "name": "nickvergessen"}, "author": {"key": "nickvergessen", "timeZone": "Europe/Berlin", "avatarUrls": {"24x24": "https://tracker.phpbb.com/secure/useravatar?size=small&ownerId=nickvergessen&avatarId=10038", "32x32": "https://tracker.phpbb.com/secure/useravatar?size=medium&ownerId=nickvergessen&avatarId=10038", "48x48": "https://tracker.phpbb.com/secure/useravatar?ownerId=nickvergessen&avatarId=10038", "16x16": "https://tracker.phpbb.com/secure/useravatar?size=xsmall&ownerId=nickvergessen&avatarId=10038"}, "active": true, "self": "https://tracker.phpbb.com/rest/api/2/user?username=nickvergessen", "displayName": "Joas Schilling", "name": "nickvergessen"}, "body": "Create new table and copy content...\r\nI don't think, that all DBMS support rename operations.", "created": "2011-08-07T11:14:38.000+0000", "updated": "2011-08-07T11:14:38.000+0000", "self": "https://tracker.phpbb.com/rest/api/2/issue/28965/comment/53637"}, {"id": "53638", "updateAuthor": {"key": "elglobo", "timeZone": "UTC", "avatarUrls": {"24x24": "https://tracker.phpbb.com/secure/useravatar?size=small&avatarId=10142", "32x32": "https://tracker.phpbb.com/secure/useravatar?size=medium&avatarId=10142", "48x48": "https://tracker.phpbb.com/secure/useravatar?avatarId=10142", "16x16": "https://tracker.phpbb.com/secure/useravatar?size=xsmall&avatarId=10142"}, "active": false, "self": "https://tracker.phpbb.com/rest/api/2/user?username=Elglobo", "displayName": "Micka\u00ebl SALFATI [X]", "name": "Elglobo"}, "author": {"key": "elglobo", "timeZone": "UTC", "avatarUrls": {"24x24": "https://tracker.phpbb.com/secure/useravatar?size=small&avatarId=10142", "32x32": "https://tracker.phpbb.com/secure/useravatar?size=medium&avatarId=10142", "48x48": "https://tracker.phpbb.com/secure/useravatar?avatarId=10142", "16x16": "https://tracker.phpbb.com/secure/useravatar?size=xsmall&avatarId=10142"}, "active": false, "self": "https://tracker.phpbb.com/rest/api/2/user?username=Elglobo", "displayName": "Micka\u00ebl SALFATI [X]", "name": "Elglobo"}, "body": "Only firebird doesn't support rename operation. (from memory) This Week, I'll try to work a bit on this DB update.", "created": "2011-09-05T12:24:56.000+0000", "updated": "2011-09-05T12:24:56.000+0000", "self": "https://tracker.phpbb.com/rest/api/2/issue/28965/comment/53638"}, {"id": "53639", "updateAuthor": {"key": "exreaction", "timeZone": "America/Chicago", "avatarUrls": {"24x24": "https://tracker.phpbb.com/secure/useravatar?size=small&avatarId=10142", "32x32": "https://tracker.phpbb.com/secure/useravatar?size=medium&avatarId=10142", "48x48": "https://tracker.phpbb.com/secure/useravatar?avatarId=10142", "16x16": "https://tracker.phpbb.com/secure/useravatar?size=xsmall&avatarId=10142"}, "active": false, "self": "https://tracker.phpbb.com/rest/api/2/user?username=EXreaction", "displayName": "EXreaction [X]", "name": "EXreaction"}, "author": {"key": "exreaction", "timeZone": "America/Chicago", "avatarUrls": {"24x24": "https://tracker.phpbb.com/secure/useravatar?size=small&avatarId=10142", "32x32": "https://tracker.phpbb.com/secure/useravatar?size=medium&avatarId=10142", "48x48": "https://tracker.phpbb.com/secure/useravatar?avatarId=10142", "16x16": "https://tracker.phpbb.com/secure/useravatar?size=xsmall&avatarId=10142"}, "active": false, "self": "https://tracker.phpbb.com/rest/api/2/user?username=EXreaction", "displayName": "EXreaction [X]", "name": "EXreaction"}, "body": "Maybe a better idea would be fixing phpBB/UMIL so that it doesn't put the entire table name in the index name?", "created": "2011-09-05T19:44:48.000+0000", "updated": "2011-09-05T19:44:48.000+0000", "self": "https://tracker.phpbb.com/rest/api/2/issue/28965/comment/53639"}, {"id": "53640", "updateAuthor": {"key": "soshen", "timeZone": "UTC", "avatarUrls": {"24x24": "https://tracker.phpbb.com/secure/useravatar?size=small&avatarId=10142", "32x32": "https://tracker.phpbb.com/secure/useravatar?size=medium&avatarId=10142", "48x48": "https://tracker.phpbb.com/secure/useravatar?avatarId=10142", "16x16": "https://tracker.phpbb.com/secure/useravatar?size=xsmall&avatarId=10142"}, "active": false, "self": "https://tracker.phpbb.com/rest/api/2/user?username=Soshen", "displayName": "Soshen [X]", "name": "Soshen"}, "author": {"key": "soshen", "timeZone": "UTC", "avatarUrls": {"24x24": "https://tracker.phpbb.com/secure/useravatar?size=small&avatarId=10142", "32x32": "https://tracker.phpbb.com/secure/useravatar?size=medium&avatarId=10142", "48x48": "https://tracker.phpbb.com/secure/useravatar?avatarId=10142", "16x16": "https://tracker.phpbb.com/secure/useravatar?size=xsmall&avatarId=10142"}, "active": false, "self": "https://tracker.phpbb.com/rest/api/2/user?username=Soshen", "displayName": "Soshen [X]", "name": "Soshen"}, "body": "Yeah the better thing is do not add full table name on index.\r\n\r\nIt's the same thing when you add a table with index.\r\n\r\nI've tested that if i add a table with a long name and index with long name (near to 24ch) it works\r\nbut if i add first the table with no index and then i use umil again for add index with command table_index_add it dosn't works.\r\n\r\nSo the the index name in table add do not use full table name + index name structure like table_index_add.", "created": "2011-09-17T11:52:55.000+0000", "updated": "2011-09-17T11:52:55.000+0000", "self": "https://tracker.phpbb.com/rest/api/2/issue/28965/comment/53640"}, {"id": "53641", "updateAuthor": {"key": "dakin quelia", "timeZone": "UTC", "avatarUrls": {"24x24": "https://tracker.phpbb.com/secure/useravatar?size=small&avatarId=10142", "32x32": "https://tracker.phpbb.com/secure/useravatar?size=medium&avatarId=10142", "48x48": "https://tracker.phpbb.com/secure/useravatar?avatarId=10142", "16x16": "https://tracker.phpbb.com/secure/useravatar?size=xsmall&avatarId=10142"}, "active": false, "self": "https://tracker.phpbb.com/rest/api/2/user?username=Dakin+Quelia", "displayName": "Daniel Chals\u00e8che [X]", "name": "Dakin Quelia"}, "author": {"key": "dakin quelia", "timeZone": "UTC", "avatarUrls": {"24x24": "https://tracker.phpbb.com/secure/useravatar?size=small&avatarId=10142", "32x32": "https://tracker.phpbb.com/secure/useravatar?size=medium&avatarId=10142", "48x48": "https://tracker.phpbb.com/secure/useravatar?avatarId=10142", "16x16": "https://tracker.phpbb.com/secure/useravatar?size=xsmall&avatarId=10142"}, "active": false, "self": "https://tracker.phpbb.com/rest/api/2/user?username=Dakin+Quelia", "displayName": "Daniel Chals\u00e8che [X]", "name": "Dakin Quelia"}, "body": "Hello,\r\n\r\nI suggest to rename prefixe in \"titania_\". It's better way.\r\n\r\nI've tested and I've used \"db_\" as prefixe. This works fine.\r\n\r\nBest regard.", "created": "2011-09-20T14:49:43.000+0000", "updated": "2011-09-20T14:49:43.000+0000", "self": "https://tracker.phpbb.com/rest/api/2/issue/28965/comment/53641"}, {"id": "53642", "updateAuthor": {"key": "elglobo", "timeZone": "UTC", "avatarUrls": {"24x24": "https://tracker.phpbb.com/secure/useravatar?size=small&avatarId=10142", "32x32": "https://tracker.phpbb.com/secure/useravatar?size=medium&avatarId=10142", "48x48": "https://tracker.phpbb.com/secure/useravatar?avatarId=10142", "16x16": "https://tracker.phpbb.com/secure/useravatar?size=xsmall&avatarId=10142"}, "active": false, "self": "https://tracker.phpbb.com/rest/api/2/user?username=Elglobo", "displayName": "Micka\u00ebl SALFATI [X]", "name": "Elglobo"}, "author": {"key": "elglobo", "timeZone": "UTC", "avatarUrls": {"24x24": "https://tracker.phpbb.com/secure/useravatar?size=small&avatarId=10142", "32x32": "https://tracker.phpbb.com/secure/useravatar?size=medium&avatarId=10142", "48x48": "https://tracker.phpbb.com/secure/useravatar?avatarId=10142", "16x16": "https://tracker.phpbb.com/secure/useravatar?size=xsmall&avatarId=10142"}, "active": false, "self": "https://tracker.phpbb.com/rest/api/2/user?username=Elglobo", "displayName": "Micka\u00ebl SALFATI [X]", "name": "Elglobo"}, "body": "[https://github.com/phpbb/customisation-db/commit/4351b3fbc1f0917d4d2018ef9f9d8da4f0396b7f#diff-0]", "created": "2011-11-10T14:16:02.000+0000", "updated": "2011-11-10T14:16:02.000+0000", "self": "https://tracker.phpbb.com/rest/api/2/issue/28965/comment/53642"}], "maxResults": 10}, "workratio": -1}, "expand": "renderedFields,names,schema,operations,editmeta,changelog,versionedRepresentations", "self": "https://tracker.phpbb.com/rest/api/2/issue/28965", "key": "CUSTDB-459"}