{"id": "28992", "fields": {"summary": "Links in revision overview trigger onclick action", "customfield_10241": null, "labels": [], "description": "On the overview page of a MOD in the \"revisions\" section there are various links _(to the download and to the install file)_, however there is an onclick event on the row which collapses the entry. The links however trigger this event as well.\nThese links should probably ignore the event.", "updated": "2011-11-03T22:32:30.000+0000", "resolution": {"id": "1", "self": "https://tracker.phpbb.com/rest/api/2/resolution/1", "description": "A fix for this issue is checked into the tree and tested.", "name": "Fixed"}, "versions": [], "created": "2011-11-03T22:32:30.000+0000", "votes": {"votes": 0, "self": "https://tracker.phpbb.com/rest/api/2/issue/CUSTDB-486/votes", "hasVoted": false}, "fixVersions": [], "customfield_10146": 62935.0, "watches": {"self": "https://tracker.phpbb.com/rest/api/2/issue/CUSTDB-486/watchers", "watchCount": 0, "isWatching": false}, "assignee": {"key": "prototech", "timeZone": "America/Los_Angeles", "avatarUrls": {"24x24": "https://tracker.phpbb.com/secure/useravatar?size=small&ownerId=prototech&avatarId=10050", "32x32": "https://tracker.phpbb.com/secure/useravatar?size=medium&ownerId=prototech&avatarId=10050", "48x48": "https://tracker.phpbb.com/secure/useravatar?ownerId=prototech&avatarId=10050", "16x16": "https://tracker.phpbb.com/secure/useravatar?size=xsmall&ownerId=prototech&avatarId=10050"}, "active": true, "self": "https://tracker.phpbb.com/rest/api/2/user?username=prototech", "displayName": "prototech", "name": "prototech"}, "customfield_10040": null, "issuelinks": [], "customfield_10240": "0|i00eyv:", "project": {"id": "10046", "avatarUrls": {"24x24": "https://tracker.phpbb.com/secure/projectavatar?size=small&pid=10046&avatarId=10011", "32x32": "https://tracker.phpbb.com/secure/projectavatar?size=medium&pid=10046&avatarId=10011", "48x48": "https://tracker.phpbb.com/secure/projectavatar?pid=10046&avatarId=10011", "16x16": "https://tracker.phpbb.com/secure/projectavatar?size=xsmall&pid=10046&avatarId=10011"}, "projectCategory": {"id": "10021", "self": "https://tracker.phpbb.com/rest/api/2/projectCategory/10021", "description": "Tools released by the phpBB teams", "name": "Tools"}, "self": "https://tracker.phpbb.com/rest/api/2/project/10046", "key": "CUSTDB", "name": "Customisations Database"}, "customfield_10242": null, "priority": null, "attachment": [], "lastViewed": null, "environment": null, "status": {"id": "5", "statusCategory": {"id": 3, "self": "https://tracker.phpbb.com/rest/api/2/statuscategory/3", "key": "done", "colorName": "green", "name": "Done"}, "description": "A resolution has been taken, and it is awaiting verification by reporter. From here issues are either reopened, or are closed.", "iconUrl": "https://tracker.phpbb.com/images/icons/phpbb-unverified-fix.png", "self": "https://tracker.phpbb.com/rest/api/2/status/5", "name": "Unverified Fix"}, "subtasks": [], "duedate": null, "reporter": {"key": "erik fr\u00e8rejean", "timeZone": "Europe/Amsterdam", "avatarUrls": {"24x24": "https://tracker.phpbb.com/secure/useravatar?size=small&ownerId=erik+fr%C3%A8rejean&avatarId=10040", "32x32": "https://tracker.phpbb.com/secure/useravatar?size=medium&ownerId=erik+fr%C3%A8rejean&avatarId=10040", "48x48": "https://tracker.phpbb.com/secure/useravatar?ownerId=erik+fr%C3%A8rejean&avatarId=10040", "16x16": "https://tracker.phpbb.com/secure/useravatar?size=xsmall&ownerId=erik+fr%C3%A8rejean&avatarId=10040"}, "active": true, "self": "https://tracker.phpbb.com/rest/api/2/user?username=Erik+Fr%C3%A8rejean", "displayName": "Erik Fr\u00e8rejean", "name": "Erik Fr\u00e8rejean"}, "issuetype": {"id": "1", "subtask": false, "description": "A problem which impairs or prevents the functions of the product.", "avatarId": 12123, "iconUrl": "https://tracker.phpbb.com/secure/viewavatar?size=xsmall&avatarId=12123&avatarType=issuetype", "self": "https://tracker.phpbb.com/rest/api/2/issuetype/1", "name": "Bug"}, "customfield_10020": null, "creator": {"key": "noxwizard", "timeZone": "America/Chicago", "avatarUrls": {"24x24": "https://tracker.phpbb.com/secure/useravatar?size=small&ownerId=noxwizard&avatarId=10037", "32x32": "https://tracker.phpbb.com/secure/useravatar?size=medium&ownerId=noxwizard&avatarId=10037", "48x48": "https://tracker.phpbb.com/secure/useravatar?ownerId=noxwizard&avatarId=10037", "16x16": "https://tracker.phpbb.com/secure/useravatar?size=xsmall&ownerId=noxwizard&avatarId=10037"}, "active": true, "self": "https://tracker.phpbb.com/rest/api/2/user?username=Noxwizard", "displayName": "Patrick Webster", "name": "Noxwizard"}, "components": [], "resolutiondate": "2011-11-03T22:32:30.000+0000", "comment": {"total": 2, "startAt": 0, "comments": [{"id": "53715", "updateAuthor": {"key": "ma\u00ebl soucaze", "timeZone": "Europe/Berlin", "avatarUrls": {"24x24": "https://tracker.phpbb.com/secure/useravatar?size=small&avatarId=10142", "32x32": "https://tracker.phpbb.com/secure/useravatar?size=medium&avatarId=10142", "48x48": "https://tracker.phpbb.com/secure/useravatar?avatarId=10142", "16x16": "https://tracker.phpbb.com/secure/useravatar?size=xsmall&avatarId=10142"}, "active": false, "self": "https://tracker.phpbb.com/rest/api/2/user?username=Ma%C3%ABl+Soucaze", "displayName": "Ma\u00ebl Soucaze [X]", "name": "Ma\u00ebl Soucaze"}, "author": {"key": "ma\u00ebl soucaze", "timeZone": "Europe/Berlin", "avatarUrls": {"24x24": "https://tracker.phpbb.com/secure/useravatar?size=small&avatarId=10142", "32x32": "https://tracker.phpbb.com/secure/useravatar?size=medium&avatarId=10142", "48x48": "https://tracker.phpbb.com/secure/useravatar?avatarId=10142", "16x16": "https://tracker.phpbb.com/secure/useravatar?size=xsmall&avatarId=10142"}, "active": false, "self": "https://tracker.phpbb.com/rest/api/2/user?username=Ma%C3%ABl+Soucaze", "displayName": "Ma\u00ebl Soucaze [X]", "name": "Ma\u00ebl Soucaze"}, "body": "It's based on _titania/js/common.js_:\r\n\r\n{code}\t// Show revision details on click\r\n\t$('.revisions > li').click(function() {\r\n\t\t$(this).children('.revision-details').toggle('fast');\r\n\t});{code}", "created": "2011-11-10T15:51:26.000+0000", "updated": "2011-11-10T15:51:26.000+0000", "self": "https://tracker.phpbb.com/rest/api/2/issue/28992/comment/53715"}, {"id": "53716", "updateAuthor": {"key": "raimon", "timeZone": "UTC", "avatarUrls": {"24x24": "https://tracker.phpbb.com/secure/useravatar?size=small&avatarId=10142", "32x32": "https://tracker.phpbb.com/secure/useravatar?size=medium&avatarId=10142", "48x48": "https://tracker.phpbb.com/secure/useravatar?avatarId=10142", "16x16": "https://tracker.phpbb.com/secure/useravatar?size=xsmall&avatarId=10142"}, "active": true, "self": "https://tracker.phpbb.com/rest/api/2/user?username=Raimon", "displayName": "Raimon Meuldijk", "name": "Raimon"}, "author": {"key": "raimon", "timeZone": "UTC", "avatarUrls": {"24x24": "https://tracker.phpbb.com/secure/useravatar?size=small&avatarId=10142", "32x32": "https://tracker.phpbb.com/secure/useravatar?size=medium&avatarId=10142", "48x48": "https://tracker.phpbb.com/secure/useravatar?avatarId=10142", "16x16": "https://tracker.phpbb.com/secure/useravatar?size=xsmall&avatarId=10142"}, "active": true, "self": "https://tracker.phpbb.com/rest/api/2/user?username=Raimon", "displayName": "Raimon Meuldijk", "name": "Raimon"}, "body": "I'm going to fix this with this bug [http://www.phpbb.com/bugs/titania/62165] \r\nSo if you guys or anyone have features that you think that should be added on the revision list (or should be changed) it is now a good time to speak ;)", "created": "2011-11-10T22:49:21.000+0000", "updated": "2011-11-10T22:49:21.000+0000", "self": "https://tracker.phpbb.com/rest/api/2/issue/28992/comment/53716"}], "maxResults": 2}, "workratio": -1}, "expand": "renderedFields,names,schema,operations,editmeta,changelog,versionedRepresentations", "self": "https://tracker.phpbb.com/rest/api/2/issue/28992", "key": "CUSTDB-486"}