{"id": "28896", "fields": {"summary": "Change of  Contribution status  should also remove the Style onthe  Styles Demo", "customfield_10241": null, "labels": [], "description": "Hi dear bug fixers of Titania ;),\n\nCurrently when you change the Contribution status from approved to hide/cleaned/hide + Disabled/Downloads Disabled the style that is added on that submission on our Styles Demo will not be removed.\nSince i rather not want to wasted the time of a Management Team Member to ask if the could \"remove\" a Style.\nWould it be possible if Titania could remove the style if you change the status of the submission to cleaned, hidden, hidden + disabled or Download disabled", "updated": "2014-08-21T04:18:18.000+0000", "resolution": null, "versions": [], "created": "2010-12-15T21:21:20.000+0000", "votes": {"votes": 0, "self": "https://tracker.phpbb.com/rest/api/2/issue/CUSTDB-390/votes", "hasVoted": false}, "fixVersions": [], "customfield_10146": 62559.0, "watches": {"self": "https://tracker.phpbb.com/rest/api/2/issue/CUSTDB-390/watchers", "watchCount": 0, "isWatching": false}, "assignee": {"key": "prototech", "timeZone": "America/Los_Angeles", "avatarUrls": {"24x24": "https://tracker.phpbb.com/secure/useravatar?size=small&ownerId=prototech&avatarId=10050", "32x32": "https://tracker.phpbb.com/secure/useravatar?size=medium&ownerId=prototech&avatarId=10050", "48x48": "https://tracker.phpbb.com/secure/useravatar?ownerId=prototech&avatarId=10050", "16x16": "https://tracker.phpbb.com/secure/useravatar?size=xsmall&ownerId=prototech&avatarId=10050"}, "active": true, "self": "https://tracker.phpbb.com/rest/api/2/user?username=prototech", "displayName": "prototech", "name": "prototech"}, "customfield_10040": null, "issuelinks": [{"id": "13885", "outwardIssue": {"id": "28563", "fields": {"summary": "Styles demo installer", "issuetype": {"id": "4", "subtask": false, "description": "An improvement or enhancement to an existing feature or task.", "avatarId": 12130, "iconUrl": "https://tracker.phpbb.com/secure/viewavatar?size=xsmall&avatarId=12130&avatarType=issuetype", "self": "https://tracker.phpbb.com/rest/api/2/issuetype/4", "name": "Improvement"}, "status": {"id": "6", "statusCategory": {"id": 3, "self": "https://tracker.phpbb.com/rest/api/2/statuscategory/3", "key": "done", "colorName": "green", "name": "Done"}, "description": "The issue is considered finished, the resolution is correct. Issues which are closed can be reopened.", "iconUrl": "https://tracker.phpbb.com/images/icons/phpbb-closed.png", "self": "https://tracker.phpbb.com/rest/api/2/status/6", "name": "Closed"}, "priority": {"id": "1", "iconUrl": "https://tracker.phpbb.com/images/icons/priorities/blocker.svg", "self": "https://tracker.phpbb.com/rest/api/2/priority/1", "name": "Blocker"}}, "self": "https://tracker.phpbb.com/rest/api/2/issue/28563", "key": "CUSTDB-57"}, "self": "https://tracker.phpbb.com/rest/api/2/issueLink/13885", "type": {"id": "10020", "inward": "blocks", "outward": "depends on", "self": "https://tracker.phpbb.com/rest/api/2/issueLinkType/10020", "name": "Dependency"}}], "customfield_10240": "0|i00fjj:", "project": {"id": "10046", "avatarUrls": {"24x24": "https://tracker.phpbb.com/secure/projectavatar?size=small&pid=10046&avatarId=10011", "32x32": "https://tracker.phpbb.com/secure/projectavatar?size=medium&pid=10046&avatarId=10011", "48x48": "https://tracker.phpbb.com/secure/projectavatar?pid=10046&avatarId=10011", "16x16": "https://tracker.phpbb.com/secure/projectavatar?size=xsmall&pid=10046&avatarId=10011"}, "projectCategory": {"id": "10021", "self": "https://tracker.phpbb.com/rest/api/2/projectCategory/10021", "description": "Tools released by the phpBB teams", "name": "Tools"}, "self": "https://tracker.phpbb.com/rest/api/2/project/10046", "key": "CUSTDB", "name": "Customisations Database"}, "customfield_10242": null, "priority": {"id": "4", "iconUrl": "https://tracker.phpbb.com/images/icons/priorities/minor.svg", "self": "https://tracker.phpbb.com/rest/api/2/priority/4", "name": "Minor"}, "attachment": [], "lastViewed": null, "environment": null, "status": {"id": "1", "statusCategory": {"id": 2, "self": "https://tracker.phpbb.com/rest/api/2/statuscategory/2", "key": "new", "colorName": "blue-gray", "name": "To Do"}, "description": "The issue is open and ready for the assignee to start work on it.", "iconUrl": "https://tracker.phpbb.com/images/icons/phpbb-open.png", "self": "https://tracker.phpbb.com/rest/api/2/status/1", "name": "Open"}, "subtasks": [], "duedate": null, "reporter": {"key": "raimon", "timeZone": "UTC", "avatarUrls": {"24x24": "https://tracker.phpbb.com/secure/useravatar?size=small&avatarId=10142", "32x32": "https://tracker.phpbb.com/secure/useravatar?size=medium&avatarId=10142", "48x48": "https://tracker.phpbb.com/secure/useravatar?avatarId=10142", "16x16": "https://tracker.phpbb.com/secure/useravatar?size=xsmall&avatarId=10142"}, "active": true, "self": "https://tracker.phpbb.com/rest/api/2/user?username=Raimon", "displayName": "Raimon Meuldijk", "name": "Raimon"}, "issuetype": {"id": "2", "subtask": false, "description": "A new feature of the product, which has yet to be developed.", "avatarId": 12131, "iconUrl": "https://tracker.phpbb.com/secure/viewavatar?size=xsmall&avatarId=12131&avatarType=issuetype", "self": "https://tracker.phpbb.com/rest/api/2/issuetype/2", "name": "New Feature"}, "customfield_10020": null, "creator": {"key": "noxwizard", "timeZone": "America/Chicago", "avatarUrls": {"24x24": "https://tracker.phpbb.com/secure/useravatar?size=small&ownerId=noxwizard&avatarId=10037", "32x32": "https://tracker.phpbb.com/secure/useravatar?size=medium&ownerId=noxwizard&avatarId=10037", "48x48": "https://tracker.phpbb.com/secure/useravatar?ownerId=noxwizard&avatarId=10037", "16x16": "https://tracker.phpbb.com/secure/useravatar?size=xsmall&ownerId=noxwizard&avatarId=10037"}, "active": true, "self": "https://tracker.phpbb.com/rest/api/2/user?username=Noxwizard", "displayName": "Patrick Webster", "name": "Noxwizard"}, "components": [], "resolutiondate": null, "comment": {"total": 0, "startAt": 0, "comments": [], "maxResults": 0}, "workratio": -1}, "expand": "renderedFields,names,schema,operations,editmeta,changelog,versionedRepresentations", "self": "https://tracker.phpbb.com/rest/api/2/issue/28896", "key": "CUSTDB-390"}