{"id": "28976", "fields": {"summary": "Non-existent Language Packs Path", "customfield_10241": null, "labels": [], "description": "On all categories of the different contributions, the full path is displayed. However, it's not the case for the language packs. For example, when [I'm browsing to the \"Language Packs\" category|http://www.phpbb.com/customise/db/language_packs-25/], the full path is displayed:\n\n{{Home \u2039 Customisation Database \u2039 Language Packs}}\n\nBut when [I'm clicking on a language pack|http://www.phpbb.com/customise/db/translation/american_english/] (I use as example American English), the \"Language Packs\" path is not present on the path.\n\n{{Home \u2039 Customisation Database \u2039 American English \u2039 Contribution Details}}\n\nThis should be:\n\n{{Home \u2039 Customisation Database \u2039 Language Packs \u2039 American English \u2039 Contribution Details}}\n\nIt is currently very annoying to have to return to the index of Titania or use the previous feature of our internet browser when we want to return to the full language packs list instead of being able to click on the category directly. Can you please fix that? Thanks ;) .\n\nBest regards,", "updated": "2011-08-01T22:41:16.000+0000", "resolution": {"id": "1", "self": "https://tracker.phpbb.com/rest/api/2/resolution/1", "description": "A fix for this issue is checked into the tree and tested.", "name": "Fixed"}, "versions": [], "created": "2011-08-01T22:41:16.000+0000", "votes": {"votes": 0, "self": "https://tracker.phpbb.com/rest/api/2/issue/CUSTDB-470/votes", "hasVoted": false}, "fixVersions": [], "customfield_10146": 62877.0, "watches": {"self": "https://tracker.phpbb.com/rest/api/2/issue/CUSTDB-470/watchers", "watchCount": 0, "isWatching": false}, "assignee": {"key": "ma\u00ebl soucaze", "timeZone": "Europe/Berlin", "avatarUrls": {"24x24": "https://tracker.phpbb.com/secure/useravatar?size=small&avatarId=10142", "32x32": "https://tracker.phpbb.com/secure/useravatar?size=medium&avatarId=10142", "48x48": "https://tracker.phpbb.com/secure/useravatar?avatarId=10142", "16x16": "https://tracker.phpbb.com/secure/useravatar?size=xsmall&avatarId=10142"}, "active": false, "self": "https://tracker.phpbb.com/rest/api/2/user?username=Ma%C3%ABl+Soucaze", "displayName": "Ma\u00ebl Soucaze [X]", "name": "Ma\u00ebl Soucaze"}, "customfield_10040": null, "issuelinks": [], "customfield_10240": "0|i00f33:", "project": {"id": "10046", "avatarUrls": {"24x24": "https://tracker.phpbb.com/secure/projectavatar?size=small&pid=10046&avatarId=10011", "32x32": "https://tracker.phpbb.com/secure/projectavatar?size=medium&pid=10046&avatarId=10011", "48x48": "https://tracker.phpbb.com/secure/projectavatar?pid=10046&avatarId=10011", "16x16": "https://tracker.phpbb.com/secure/projectavatar?size=xsmall&pid=10046&avatarId=10011"}, "projectCategory": {"id": "10021", "self": "https://tracker.phpbb.com/rest/api/2/projectCategory/10021", "description": "Tools released by the phpBB teams", "name": "Tools"}, "self": "https://tracker.phpbb.com/rest/api/2/project/10046", "key": "CUSTDB", "name": "Customisations Database"}, "customfield_10242": null, "priority": null, "attachment": [], "lastViewed": null, "environment": null, "status": {"id": "5", "statusCategory": {"id": 3, "self": "https://tracker.phpbb.com/rest/api/2/statuscategory/3", "key": "done", "colorName": "green", "name": "Done"}, "description": "A resolution has been taken, and it is awaiting verification by reporter. From here issues are either reopened, or are closed.", "iconUrl": "https://tracker.phpbb.com/images/icons/phpbb-unverified-fix.png", "self": "https://tracker.phpbb.com/rest/api/2/status/5", "name": "Unverified Fix"}, "subtasks": [], "duedate": null, "reporter": {"key": "ma\u00ebl soucaze", "timeZone": "Europe/Berlin", "avatarUrls": {"24x24": "https://tracker.phpbb.com/secure/useravatar?size=small&avatarId=10142", "32x32": "https://tracker.phpbb.com/secure/useravatar?size=medium&avatarId=10142", "48x48": "https://tracker.phpbb.com/secure/useravatar?avatarId=10142", "16x16": "https://tracker.phpbb.com/secure/useravatar?size=xsmall&avatarId=10142"}, "active": false, "self": "https://tracker.phpbb.com/rest/api/2/user?username=Ma%C3%ABl+Soucaze", "displayName": "Ma\u00ebl Soucaze [X]", "name": "Ma\u00ebl Soucaze"}, "issuetype": {"id": "1", "subtask": false, "description": "A problem which impairs or prevents the functions of the product.", "avatarId": 12123, "iconUrl": "https://tracker.phpbb.com/secure/viewavatar?size=xsmall&avatarId=12123&avatarType=issuetype", "self": "https://tracker.phpbb.com/rest/api/2/issuetype/1", "name": "Bug"}, "customfield_10020": null, "creator": {"key": "noxwizard", "timeZone": "America/Chicago", "avatarUrls": {"24x24": "https://tracker.phpbb.com/secure/useravatar?size=small&ownerId=noxwizard&avatarId=10037", "32x32": "https://tracker.phpbb.com/secure/useravatar?size=medium&ownerId=noxwizard&avatarId=10037", "48x48": "https://tracker.phpbb.com/secure/useravatar?ownerId=noxwizard&avatarId=10037", "16x16": "https://tracker.phpbb.com/secure/useravatar?size=xsmall&ownerId=noxwizard&avatarId=10037"}, "active": true, "self": "https://tracker.phpbb.com/rest/api/2/user?username=Noxwizard", "displayName": "Patrick Webster", "name": "Noxwizard"}, "components": [], "resolutiondate": "2011-08-01T22:41:16.000+0000", "comment": {"total": 3, "startAt": 0, "comments": [{"id": "53666", "updateAuthor": {"key": "carlino1994", "timeZone": "Europe/Rome", "avatarUrls": {"24x24": "https://tracker.phpbb.com/secure/useravatar?size=small&avatarId=10142", "32x32": "https://tracker.phpbb.com/secure/useravatar?size=medium&avatarId=10142", "48x48": "https://tracker.phpbb.com/secure/useravatar?avatarId=10142", "16x16": "https://tracker.phpbb.com/secure/useravatar?size=xsmall&avatarId=10142"}, "active": true, "self": "https://tracker.phpbb.com/rest/api/2/user?username=carlino1994", "displayName": "carlino1994", "name": "carlino1994"}, "author": {"key": "carlino1994", "timeZone": "Europe/Rome", "avatarUrls": {"24x24": "https://tracker.phpbb.com/secure/useravatar?size=small&avatarId=10142", "32x32": "https://tracker.phpbb.com/secure/useravatar?size=medium&avatarId=10142", "48x48": "https://tracker.phpbb.com/secure/useravatar?avatarId=10142", "16x16": "https://tracker.phpbb.com/secure/useravatar?size=xsmall&avatarId=10142"}, "active": true, "self": "https://tracker.phpbb.com/rest/api/2/user?username=carlino1994", "displayName": "carlino1994", "name": "carlino1994"}, "body": "The problem is also with other Titania contents.\r\n\r\nFor example, If I see a MOD/style overview page, the path in navbar don't see sub-category name, buy only base category (\"Modifications\" for MODs and \"Styles\" for styles).", "created": "2011-08-04T14:47:13.000+0000", "updated": "2011-08-04T14:47:13.000+0000", "self": "https://tracker.phpbb.com/rest/api/2/issue/28976/comment/53666"}, {"id": "53667", "updateAuthor": {"key": "_vinny_", "timeZone": "America/Belem", "avatarUrls": {"24x24": "https://tracker.phpbb.com/secure/useravatar?size=small&avatarId=14140", "32x32": "https://tracker.phpbb.com/secure/useravatar?size=medium&avatarId=14140", "48x48": "https://tracker.phpbb.com/secure/useravatar?avatarId=14140", "16x16": "https://tracker.phpbb.com/secure/useravatar?size=xsmall&avatarId=14140"}, "active": true, "self": "https://tracker.phpbb.com/rest/api/2/user?username=_Vinny_", "displayName": "Marcus Vinicius", "name": "_Vinny_"}, "author": {"key": "_vinny_", "timeZone": "America/Belem", "avatarUrls": {"24x24": "https://tracker.phpbb.com/secure/useravatar?size=small&avatarId=14140", "32x32": "https://tracker.phpbb.com/secure/useravatar?size=medium&avatarId=14140", "48x48": "https://tracker.phpbb.com/secure/useravatar?avatarId=14140", "16x16": "https://tracker.phpbb.com/secure/useravatar?size=xsmall&avatarId=14140"}, "active": true, "self": "https://tracker.phpbb.com/rest/api/2/user?username=_Vinny_", "displayName": "Marcus Vinicius", "name": "_Vinny_"}, "body": "Looks solved.\r\n\r\nMa\u00ebl Soucaze, could you confirm (and close the ticket)?", "created": "2011-11-08T18:46:14.000+0000", "updated": "2011-11-08T18:46:14.000+0000", "self": "https://tracker.phpbb.com/rest/api/2/issue/28976/comment/53667"}, {"id": "53668", "updateAuthor": {"key": "ma\u00ebl soucaze", "timeZone": "Europe/Berlin", "avatarUrls": {"24x24": "https://tracker.phpbb.com/secure/useravatar?size=small&avatarId=10142", "32x32": "https://tracker.phpbb.com/secure/useravatar?size=medium&avatarId=10142", "48x48": "https://tracker.phpbb.com/secure/useravatar?avatarId=10142", "16x16": "https://tracker.phpbb.com/secure/useravatar?size=xsmall&avatarId=10142"}, "active": false, "self": "https://tracker.phpbb.com/rest/api/2/user?username=Ma%C3%ABl+Soucaze", "displayName": "Ma\u00ebl Soucaze [X]", "name": "Ma\u00ebl Soucaze"}, "author": {"key": "ma\u00ebl soucaze", "timeZone": "Europe/Berlin", "avatarUrls": {"24x24": "https://tracker.phpbb.com/secure/useravatar?size=small&avatarId=10142", "32x32": "https://tracker.phpbb.com/secure/useravatar?size=medium&avatarId=10142", "48x48": "https://tracker.phpbb.com/secure/useravatar?avatarId=10142", "16x16": "https://tracker.phpbb.com/secure/useravatar?size=xsmall&avatarId=10142"}, "active": false, "self": "https://tracker.phpbb.com/rest/api/2/user?username=Ma%C3%ABl+Soucaze", "displayName": "Ma\u00ebl Soucaze [X]", "name": "Ma\u00ebl Soucaze"}, "body": "Thanks a lot ;) .", "created": "2011-11-08T19:01:08.000+0000", "updated": "2011-11-08T19:01:08.000+0000", "self": "https://tracker.phpbb.com/rest/api/2/issue/28976/comment/53668"}], "maxResults": 3}, "workratio": -1}, "expand": "renderedFields,names,schema,operations,editmeta,changelog,versionedRepresentations", "self": "https://tracker.phpbb.com/rest/api/2/issue/28976", "key": "CUSTDB-470"}