{"id": "28950", "fields": {"summary": "Opening a MOD will download a download.gz", "customfield_10241": null, "labels": [], "description": "When I am a guest here and want open a MODification to get more information about it will it download an file named download.gz, and not open it, if I train again the same problem. This is for some MODifications.", "updated": "2011-05-03T13:04:23.000+0000", "resolution": {"id": "6", "self": "https://tracker.phpbb.com/rest/api/2/resolution/6", "description": "The reported issue is invalid.", "name": "Invalid"}, "versions": [], "created": "2011-05-03T13:04:23.000+0000", "votes": {"votes": 0, "self": "https://tracker.phpbb.com/rest/api/2/issue/CUSTDB-444/votes", "hasVoted": false}, "fixVersions": [], "customfield_10146": 62779.0, "watches": {"self": "https://tracker.phpbb.com/rest/api/2/issue/CUSTDB-444/watchers", "watchCount": 0, "isWatching": false}, "assignee": {"key": "elglobo", "timeZone": "UTC", "avatarUrls": {"24x24": "https://tracker.phpbb.com/secure/useravatar?size=small&avatarId=10142", "32x32": "https://tracker.phpbb.com/secure/useravatar?size=medium&avatarId=10142", "48x48": "https://tracker.phpbb.com/secure/useravatar?avatarId=10142", "16x16": "https://tracker.phpbb.com/secure/useravatar?size=xsmall&avatarId=10142"}, "active": false, "self": "https://tracker.phpbb.com/rest/api/2/user?username=Elglobo", "displayName": "Micka\u00ebl SALFATI [X]", "name": "Elglobo"}, "customfield_10040": null, "issuelinks": [], "customfield_10240": "0|i00f8v:", "project": {"id": "10046", "avatarUrls": {"24x24": "https://tracker.phpbb.com/secure/projectavatar?size=small&pid=10046&avatarId=10011", "32x32": "https://tracker.phpbb.com/secure/projectavatar?size=medium&pid=10046&avatarId=10011", "48x48": "https://tracker.phpbb.com/secure/projectavatar?pid=10046&avatarId=10011", "16x16": "https://tracker.phpbb.com/secure/projectavatar?size=xsmall&pid=10046&avatarId=10011"}, "projectCategory": {"id": "10021", "self": "https://tracker.phpbb.com/rest/api/2/projectCategory/10021", "description": "Tools released by the phpBB teams", "name": "Tools"}, "self": "https://tracker.phpbb.com/rest/api/2/project/10046", "key": "CUSTDB", "name": "Customisations Database"}, "customfield_10242": null, "priority": null, "attachment": [{"id": "15518", "author": {"key": "t.a.c.o.s.", "timeZone": "UTC", "avatarUrls": {"24x24": "https://tracker.phpbb.com/secure/useravatar?size=small&avatarId=10142", "32x32": "https://tracker.phpbb.com/secure/useravatar?size=medium&avatarId=10142", "48x48": "https://tracker.phpbb.com/secure/useravatar?avatarId=10142", "16x16": "https://tracker.phpbb.com/secure/useravatar?size=xsmall&avatarId=10142"}, "active": false, "self": "https://tracker.phpbb.com/rest/api/2/user?username=T.A.C.O.S.", "displayName": "T.A.C.O.S. [X]", "name": "T.A.C.O.S."}, "content": "https://tracker.phpbb.com/secure/attachment/15518/download.gz", "created": "2011-05-03T13:04:23.000+0000", "filename": "download.gz", "size": 6966, "self": "https://tracker.phpbb.com/rest/api/2/attachment/15518", "mimeType": "application/x-gzip"}], "lastViewed": null, "environment": null, "status": {"id": "6", "statusCategory": {"id": 3, "self": "https://tracker.phpbb.com/rest/api/2/statuscategory/3", "key": "done", "colorName": "green", "name": "Done"}, "description": "The issue is considered finished, the resolution is correct. Issues which are closed can be reopened.", "iconUrl": "https://tracker.phpbb.com/images/icons/phpbb-closed.png", "self": "https://tracker.phpbb.com/rest/api/2/status/6", "name": "Closed"}, "subtasks": [], "duedate": null, "reporter": {"key": "t.a.c.o.s.", "timeZone": "UTC", "avatarUrls": {"24x24": "https://tracker.phpbb.com/secure/useravatar?size=small&avatarId=10142", "32x32": "https://tracker.phpbb.com/secure/useravatar?size=medium&avatarId=10142", "48x48": "https://tracker.phpbb.com/secure/useravatar?avatarId=10142", "16x16": "https://tracker.phpbb.com/secure/useravatar?size=xsmall&avatarId=10142"}, "active": false, "self": "https://tracker.phpbb.com/rest/api/2/user?username=T.A.C.O.S.", "displayName": "T.A.C.O.S. [X]", "name": "T.A.C.O.S."}, "issuetype": {"id": "1", "subtask": false, "description": "A problem which impairs or prevents the functions of the product.", "avatarId": 12123, "iconUrl": "https://tracker.phpbb.com/secure/viewavatar?size=xsmall&avatarId=12123&avatarType=issuetype", "self": "https://tracker.phpbb.com/rest/api/2/issuetype/1", "name": "Bug"}, "customfield_10020": null, "creator": {"key": "noxwizard", "timeZone": "America/Chicago", "avatarUrls": {"24x24": "https://tracker.phpbb.com/secure/useravatar?size=small&ownerId=noxwizard&avatarId=10037", "32x32": "https://tracker.phpbb.com/secure/useravatar?size=medium&ownerId=noxwizard&avatarId=10037", "48x48": "https://tracker.phpbb.com/secure/useravatar?ownerId=noxwizard&avatarId=10037", "16x16": "https://tracker.phpbb.com/secure/useravatar?size=xsmall&ownerId=noxwizard&avatarId=10037"}, "active": true, "self": "https://tracker.phpbb.com/rest/api/2/user?username=Noxwizard", "displayName": "Patrick Webster", "name": "Noxwizard"}, "components": [], "resolutiondate": "2011-05-03T13:04:23.000+0000", "comment": {"total": 9, "startAt": 0, "comments": [{"id": "53580", "updateAuthor": {"key": "t.a.c.o.s.", "timeZone": "UTC", "avatarUrls": {"24x24": "https://tracker.phpbb.com/secure/useravatar?size=small&avatarId=10142", "32x32": "https://tracker.phpbb.com/secure/useravatar?size=medium&avatarId=10142", "48x48": "https://tracker.phpbb.com/secure/useravatar?avatarId=10142", "16x16": "https://tracker.phpbb.com/secure/useravatar?size=xsmall&avatarId=10142"}, "active": false, "self": "https://tracker.phpbb.com/rest/api/2/user?username=T.A.C.O.S.", "displayName": "T.A.C.O.S. [X]", "name": "T.A.C.O.S."}, "author": {"key": "t.a.c.o.s.", "timeZone": "UTC", "avatarUrls": {"24x24": "https://tracker.phpbb.com/secure/useravatar?size=small&avatarId=10142", "32x32": "https://tracker.phpbb.com/secure/useravatar?size=medium&avatarId=10142", "48x48": "https://tracker.phpbb.com/secure/useravatar?avatarId=10142", "16x16": "https://tracker.phpbb.com/secure/useravatar?size=xsmall&avatarId=10142"}, "active": false, "self": "https://tracker.phpbb.com/rest/api/2/user?username=T.A.C.O.S.", "displayName": "T.A.C.O.S. [X]", "name": "T.A.C.O.S."}, "body": "Attachment download.gz has been added with description: download.gz", "created": "2011-05-03T13:04:23.000+0000", "updated": "2011-05-03T13:04:23.000+0000", "self": "https://tracker.phpbb.com/rest/api/2/issue/28950/comment/53580"}, {"id": "53572", "updateAuthor": {"key": "tumba25", "timeZone": "Europe/Berlin", "avatarUrls": {"24x24": "https://tracker.phpbb.com/secure/useravatar?size=small&avatarId=10142", "32x32": "https://tracker.phpbb.com/secure/useravatar?size=medium&avatarId=10142", "48x48": "https://tracker.phpbb.com/secure/useravatar?avatarId=10142", "16x16": "https://tracker.phpbb.com/secure/useravatar?size=xsmall&avatarId=10142"}, "active": true, "self": "https://tracker.phpbb.com/rest/api/2/user?username=tumba25", "displayName": "Jari Kanerva", "name": "tumba25"}, "author": {"key": "tumba25", "timeZone": "Europe/Berlin", "avatarUrls": {"24x24": "https://tracker.phpbb.com/secure/useravatar?size=small&avatarId=10142", "32x32": "https://tracker.phpbb.com/secure/useravatar?size=medium&avatarId=10142", "48x48": "https://tracker.phpbb.com/secure/useravatar?avatarId=10142", "16x16": "https://tracker.phpbb.com/secure/useravatar?size=xsmall&avatarId=10142"}, "active": true, "self": "https://tracker.phpbb.com/rest/api/2/user?username=tumba25", "displayName": "Jari Kanerva", "name": "tumba25"}, "body": "I tested \"Activation Justification\" but could not reproduce this. If you wait one hour and try again? What other MODs?", "created": "2011-05-03T13:35:20.000+0000", "updated": "2011-05-03T13:35:20.000+0000", "self": "https://tracker.phpbb.com/rest/api/2/issue/28950/comment/53572"}, {"id": "53573", "updateAuthor": {"key": "t.a.c.o.s.", "timeZone": "UTC", "avatarUrls": {"24x24": "https://tracker.phpbb.com/secure/useravatar?size=small&avatarId=10142", "32x32": "https://tracker.phpbb.com/secure/useravatar?size=medium&avatarId=10142", "48x48": "https://tracker.phpbb.com/secure/useravatar?avatarId=10142", "16x16": "https://tracker.phpbb.com/secure/useravatar?size=xsmall&avatarId=10142"}, "active": false, "self": "https://tracker.phpbb.com/rest/api/2/user?username=T.A.C.O.S.", "displayName": "T.A.C.O.S. [X]", "name": "T.A.C.O.S."}, "author": {"key": "t.a.c.o.s.", "timeZone": "UTC", "avatarUrls": {"24x24": "https://tracker.phpbb.com/secure/useravatar?size=small&avatarId=10142", "32x32": "https://tracker.phpbb.com/secure/useravatar?size=medium&avatarId=10142", "48x48": "https://tracker.phpbb.com/secure/useravatar?avatarId=10142", "16x16": "https://tracker.phpbb.com/secure/useravatar?size=xsmall&avatarId=10142"}, "active": false, "self": "https://tracker.phpbb.com/rest/api/2/user?username=T.A.C.O.S.", "displayName": "T.A.C.O.S. [X]", "name": "T.A.C.O.S."}, "body": "It is some MODs, and I have still the problem ass guest.", "created": "2011-05-03T14:28:36.000+0000", "updated": "2011-05-03T14:28:36.000+0000", "self": "https://tracker.phpbb.com/rest/api/2/issue/28950/comment/53573"}, {"id": "53574", "updateAuthor": {"key": "tumba25", "timeZone": "Europe/Berlin", "avatarUrls": {"24x24": "https://tracker.phpbb.com/secure/useravatar?size=small&avatarId=10142", "32x32": "https://tracker.phpbb.com/secure/useravatar?size=medium&avatarId=10142", "48x48": "https://tracker.phpbb.com/secure/useravatar?avatarId=10142", "16x16": "https://tracker.phpbb.com/secure/useravatar?size=xsmall&avatarId=10142"}, "active": true, "self": "https://tracker.phpbb.com/rest/api/2/user?username=tumba25", "displayName": "Jari Kanerva", "name": "tumba25"}, "author": {"key": "tumba25", "timeZone": "Europe/Berlin", "avatarUrls": {"24x24": "https://tracker.phpbb.com/secure/useravatar?size=small&avatarId=10142", "32x32": "https://tracker.phpbb.com/secure/useravatar?size=medium&avatarId=10142", "48x48": "https://tracker.phpbb.com/secure/useravatar?avatarId=10142", "16x16": "https://tracker.phpbb.com/secure/useravatar?size=xsmall&avatarId=10142"}, "active": true, "self": "https://tracker.phpbb.com/rest/api/2/user?username=tumba25", "displayName": "Jari Kanerva", "name": "tumba25"}, "body": "What MODs? Always the same?\r\nCan you provide links to MODs that loads ok and MODs that don't?", "created": "2011-05-03T14:48:03.000+0000", "updated": "2011-05-03T14:48:03.000+0000", "self": "https://tracker.phpbb.com/rest/api/2/issue/28950/comment/53574"}, {"id": "53575", "updateAuthor": {"key": "t.a.c.o.s.", "timeZone": "UTC", "avatarUrls": {"24x24": "https://tracker.phpbb.com/secure/useravatar?size=small&avatarId=10142", "32x32": "https://tracker.phpbb.com/secure/useravatar?size=medium&avatarId=10142", "48x48": "https://tracker.phpbb.com/secure/useravatar?avatarId=10142", "16x16": "https://tracker.phpbb.com/secure/useravatar?size=xsmall&avatarId=10142"}, "active": false, "self": "https://tracker.phpbb.com/rest/api/2/user?username=T.A.C.O.S.", "displayName": "T.A.C.O.S. [X]", "name": "T.A.C.O.S."}, "author": {"key": "t.a.c.o.s.", "timeZone": "UTC", "avatarUrls": {"24x24": "https://tracker.phpbb.com/secure/useravatar?size=small&avatarId=10142", "32x32": "https://tracker.phpbb.com/secure/useravatar?size=medium&avatarId=10142", "48x48": "https://tracker.phpbb.com/secure/useravatar?avatarId=10142", "16x16": "https://tracker.phpbb.com/secure/useravatar?size=xsmall&avatarId=10142"}, "active": false, "self": "https://tracker.phpbb.com/rest/api/2/user?username=T.A.C.O.S.", "displayName": "T.A.C.O.S. [X]", "name": "T.A.C.O.S."}, "body": "Sure,\r\n[http://www.phpbb.com/customise/db/mod/sortables_captcha_plugin/] - Will not open.\r\n[http://www.phpbb.com/customise/db/mod/auto_backup/] - Will well open.", "created": "2011-05-03T15:37:11.000+0000", "updated": "2011-05-03T15:37:11.000+0000", "self": "https://tracker.phpbb.com/rest/api/2/issue/28950/comment/53575"}, {"id": "53576", "updateAuthor": {"key": "adamr", "timeZone": "UTC", "avatarUrls": {"24x24": "https://tracker.phpbb.com/secure/useravatar?size=small&ownerId=adamr&avatarId=10051", "32x32": "https://tracker.phpbb.com/secure/useravatar?size=medium&ownerId=adamr&avatarId=10051", "48x48": "https://tracker.phpbb.com/secure/useravatar?ownerId=adamr&avatarId=10051", "16x16": "https://tracker.phpbb.com/secure/useravatar?size=xsmall&ownerId=adamr&avatarId=10051"}, "active": true, "self": "https://tracker.phpbb.com/rest/api/2/user?username=AdamR", "displayName": "Adam Reyher", "name": "AdamR"}, "author": {"key": "adamr", "timeZone": "UTC", "avatarUrls": {"24x24": "https://tracker.phpbb.com/secure/useravatar?size=small&ownerId=adamr&avatarId=10051", "32x32": "https://tracker.phpbb.com/secure/useravatar?size=medium&ownerId=adamr&avatarId=10051", "48x48": "https://tracker.phpbb.com/secure/useravatar?ownerId=adamr&avatarId=10051", "16x16": "https://tracker.phpbb.com/secure/useravatar?size=xsmall&ownerId=adamr&avatarId=10051"}, "active": true, "self": "https://tracker.phpbb.com/rest/api/2/user?username=AdamR", "displayName": "Adam Reyher", "name": "AdamR"}, "body": "Which browser/OS are you using?\r\n\r\nI can't reproduce this on any browser I test (IE6, IE7, IE8, IE9, FF 3.6/4, Opera 11, Chrome 9-11, Safari 5).\r\n\r\nThe contents of the file downloaded is the MOD's page in the CDB. Is Titania sending the content/headers to the client gzipped?", "created": "2011-05-03T17:08:43.000+0000", "updated": "2011-05-03T17:08:43.000+0000", "self": "https://tracker.phpbb.com/rest/api/2/issue/28950/comment/53576"}, {"id": "53577", "updateAuthor": {"key": "t.a.c.o.s.", "timeZone": "UTC", "avatarUrls": {"24x24": "https://tracker.phpbb.com/secure/useravatar?size=small&avatarId=10142", "32x32": "https://tracker.phpbb.com/secure/useravatar?size=medium&avatarId=10142", "48x48": "https://tracker.phpbb.com/secure/useravatar?avatarId=10142", "16x16": "https://tracker.phpbb.com/secure/useravatar?size=xsmall&avatarId=10142"}, "active": false, "self": "https://tracker.phpbb.com/rest/api/2/user?username=T.A.C.O.S.", "displayName": "T.A.C.O.S. [X]", "name": "T.A.C.O.S."}, "author": {"key": "t.a.c.o.s.", "timeZone": "UTC", "avatarUrls": {"24x24": "https://tracker.phpbb.com/secure/useravatar?size=small&avatarId=10142", "32x32": "https://tracker.phpbb.com/secure/useravatar?size=medium&avatarId=10142", "48x48": "https://tracker.phpbb.com/secure/useravatar?avatarId=10142", "16x16": "https://tracker.phpbb.com/secure/useravatar?size=xsmall&avatarId=10142"}, "active": false, "self": "https://tracker.phpbb.com/rest/api/2/user?username=T.A.C.O.S.", "displayName": "T.A.C.O.S. [X]", "name": "T.A.C.O.S."}, "body": "Google Chrome will I use.", "created": "2011-05-03T17:11:56.000+0000", "updated": "2011-05-03T17:11:56.000+0000", "self": "https://tracker.phpbb.com/rest/api/2/issue/28950/comment/53577"}, {"id": "53578", "updateAuthor": {"key": "michaelc", "timeZone": "UTC", "avatarUrls": {"24x24": "https://tracker.phpbb.com/secure/useravatar?size=small&ownerId=michaelc&avatarId=10621", "32x32": "https://tracker.phpbb.com/secure/useravatar?size=medium&ownerId=michaelc&avatarId=10621", "48x48": "https://tracker.phpbb.com/secure/useravatar?ownerId=michaelc&avatarId=10621", "16x16": "https://tracker.phpbb.com/secure/useravatar?size=xsmall&ownerId=michaelc&avatarId=10621"}, "active": true, "self": "https://tracker.phpbb.com/rest/api/2/user?username=MichaelC", "displayName": "Michael Cullum", "name": "MichaelC"}, "author": {"key": "michaelc", "timeZone": "UTC", "avatarUrls": {"24x24": "https://tracker.phpbb.com/secure/useravatar?size=small&ownerId=michaelc&avatarId=10621", "32x32": "https://tracker.phpbb.com/secure/useravatar?size=medium&ownerId=michaelc&avatarId=10621", "48x48": "https://tracker.phpbb.com/secure/useravatar?ownerId=michaelc&avatarId=10621", "16x16": "https://tracker.phpbb.com/secure/useravatar?size=xsmall&ownerId=michaelc&avatarId=10621"}, "active": true, "self": "https://tracker.phpbb.com/rest/api/2/user?username=MichaelC", "displayName": "Michael Cullum", "name": "MichaelC"}, "body": "I'm not able to re-produce this with the latest version of google chrome.", "created": "2011-05-03T17:18:52.000+0000", "updated": "2011-05-03T17:18:52.000+0000", "self": "https://tracker.phpbb.com/rest/api/2/issue/28950/comment/53578"}, {"id": "53579", "updateAuthor": {"key": "elglobo", "timeZone": "UTC", "avatarUrls": {"24x24": "https://tracker.phpbb.com/secure/useravatar?size=small&avatarId=10142", "32x32": "https://tracker.phpbb.com/secure/useravatar?size=medium&avatarId=10142", "48x48": "https://tracker.phpbb.com/secure/useravatar?avatarId=10142", "16x16": "https://tracker.phpbb.com/secure/useravatar?size=xsmall&avatarId=10142"}, "active": false, "self": "https://tracker.phpbb.com/rest/api/2/user?username=Elglobo", "displayName": "Micka\u00ebl SALFATI [X]", "name": "Elglobo"}, "author": {"key": "elglobo", "timeZone": "UTC", "avatarUrls": {"24x24": "https://tracker.phpbb.com/secure/useravatar?size=small&avatarId=10142", "32x32": "https://tracker.phpbb.com/secure/useravatar?size=medium&avatarId=10142", "48x48": "https://tracker.phpbb.com/secure/useravatar?avatarId=10142", "16x16": "https://tracker.phpbb.com/secure/useravatar?size=xsmall&avatarId=10142"}, "active": false, "self": "https://tracker.phpbb.com/rest/api/2/user?username=Elglobo", "displayName": "Micka\u00ebl SALFATI [X]", "name": "Elglobo"}, "body": "not a titania bug but connected to chrome, gz files and some antivirus like avast.\r\n\r\n[http://www.google.com/support/forum/p/Chrome/thread?tid=4acaa10690fb792a&hl=en]\r\n[http://www.google.com/support/forum/p/Chrome/thread?tid=0205e7d175a61aa3&hl=en]", "created": "2011-06-22T20:31:21.000+0000", "updated": "2011-06-22T20:31:21.000+0000", "self": "https://tracker.phpbb.com/rest/api/2/issue/28950/comment/53579"}], "maxResults": 9}, "workratio": -1}, "expand": "renderedFields,names,schema,operations,editmeta,changelog,versionedRepresentations", "self": "https://tracker.phpbb.com/rest/api/2/issue/28950", "key": "CUSTDB-444"}