{"id": "28855", "fields": {"summary": "Error clicking Queue Discussion Topic link", "customfield_10241": null, "labels": [], "description": "When I click the \"Queue Discussion Topic\" link in a topic in the MOD Validation Queue forum, I get this error:\n\n{quote}You are not authorised to see this page.\n\nFILE: var/www/phpbb.com/htdocs/customise/db/includes/functions.php\nLINE: 280\nCALL: titania_backtrace()\n\nFILE: \nLINE: \nCALL: titania_msg_handler()\n\nFILE: var/www/phpbb.com/htdocs/customise/db/includes/core/titania.php\nLINE: 287\nCALL: trigger_error()\n\nFILE: var/www/phpbb.com/htdocs/customise/db/contributions/support.php\nLINE: 79\nCALL: titania::needs_auth()\n\nFILE: var/www/phpbb.com/htdocs/customise/db/contributions/index.php\nLINE: 56\nCALL: include('var/www/phpbb.com/htdocs/customise/db/contributions/support.php'){quote}\n\nI know I'm not authorised, but I think that error shouldn't occur.", "updated": "2010-10-16T16:28:14.000+0000", "resolution": {"id": "3", "self": "https://tracker.phpbb.com/rest/api/2/resolution/3", "description": "The problem is a duplicate of an existing issue.", "name": "Duplicate"}, "versions": [], "created": "2010-10-16T16:28:14.000+0000", "votes": {"votes": 0, "self": "https://tracker.phpbb.com/rest/api/2/issue/CUSTDB-349/votes", "hasVoted": false}, "fixVersions": [], "customfield_10146": 62427.0, "watches": {"self": "https://tracker.phpbb.com/rest/api/2/issue/CUSTDB-349/watchers", "watchCount": 0, "isWatching": false}, "assignee": {"key": "davidiq", "timeZone": "America/New_York", "avatarUrls": {"24x24": "https://tracker.phpbb.com/secure/useravatar?size=small&ownerId=davidiq&avatarId=12223", "32x32": "https://tracker.phpbb.com/secure/useravatar?size=medium&ownerId=davidiq&avatarId=12223", "48x48": "https://tracker.phpbb.com/secure/useravatar?ownerId=davidiq&avatarId=12223", "16x16": "https://tracker.phpbb.com/secure/useravatar?size=xsmall&ownerId=davidiq&avatarId=12223"}, "active": true, "self": "https://tracker.phpbb.com/rest/api/2/user?username=DavidIQ", "displayName": "David Col\u00f3n", "name": "DavidIQ"}, "customfield_10040": null, "issuelinks": [], "customfield_10240": "0|i00fsn:", "project": {"id": "10046", "avatarUrls": {"24x24": "https://tracker.phpbb.com/secure/projectavatar?size=small&pid=10046&avatarId=10011", "32x32": "https://tracker.phpbb.com/secure/projectavatar?size=medium&pid=10046&avatarId=10011", "48x48": "https://tracker.phpbb.com/secure/projectavatar?pid=10046&avatarId=10011", "16x16": "https://tracker.phpbb.com/secure/projectavatar?size=xsmall&pid=10046&avatarId=10011"}, "projectCategory": {"id": "10021", "self": "https://tracker.phpbb.com/rest/api/2/projectCategory/10021", "description": "Tools released by the phpBB teams", "name": "Tools"}, "self": "https://tracker.phpbb.com/rest/api/2/project/10046", "key": "CUSTDB", "name": "Customisations Database"}, "customfield_10242": null, "priority": null, "attachment": [], "lastViewed": null, "environment": null, "status": {"id": "6", "statusCategory": {"id": 3, "self": "https://tracker.phpbb.com/rest/api/2/statuscategory/3", "key": "done", "colorName": "green", "name": "Done"}, "description": "The issue is considered finished, the resolution is correct. Issues which are closed can be reopened.", "iconUrl": "https://tracker.phpbb.com/images/icons/phpbb-closed.png", "self": "https://tracker.phpbb.com/rest/api/2/status/6", "name": "Closed"}, "subtasks": [], "duedate": null, "reporter": {"key": "jeroen b", "timeZone": "UTC", "avatarUrls": {"24x24": "https://tracker.phpbb.com/secure/useravatar?size=small&avatarId=10142", "32x32": "https://tracker.phpbb.com/secure/useravatar?size=medium&avatarId=10142", "48x48": "https://tracker.phpbb.com/secure/useravatar?avatarId=10142", "16x16": "https://tracker.phpbb.com/secure/useravatar?size=xsmall&avatarId=10142"}, "active": false, "self": "https://tracker.phpbb.com/rest/api/2/user?username=Jeroen+B", "displayName": "Jeroen B [X]", "name": "Jeroen B"}, "issuetype": {"id": "1", "subtask": false, "description": "A problem which impairs or prevents the functions of the product.", "avatarId": 12123, "iconUrl": "https://tracker.phpbb.com/secure/viewavatar?size=xsmall&avatarId=12123&avatarType=issuetype", "self": "https://tracker.phpbb.com/rest/api/2/issuetype/1", "name": "Bug"}, "customfield_10020": null, "creator": {"key": "noxwizard", "timeZone": "America/Chicago", "avatarUrls": {"24x24": "https://tracker.phpbb.com/secure/useravatar?size=small&ownerId=noxwizard&avatarId=10037", "32x32": "https://tracker.phpbb.com/secure/useravatar?size=medium&ownerId=noxwizard&avatarId=10037", "48x48": "https://tracker.phpbb.com/secure/useravatar?ownerId=noxwizard&avatarId=10037", "16x16": "https://tracker.phpbb.com/secure/useravatar?size=xsmall&ownerId=noxwizard&avatarId=10037"}, "active": true, "self": "https://tracker.phpbb.com/rest/api/2/user?username=Noxwizard", "displayName": "Patrick Webster", "name": "Noxwizard"}, "components": [], "resolutiondate": "2010-10-16T16:28:14.000+0000", "comment": {"total": 4, "startAt": 0, "comments": [{"id": "53229", "updateAuthor": {"key": "davidiq", "timeZone": "America/New_York", "avatarUrls": {"24x24": "https://tracker.phpbb.com/secure/useravatar?size=small&ownerId=davidiq&avatarId=12223", "32x32": "https://tracker.phpbb.com/secure/useravatar?size=medium&ownerId=davidiq&avatarId=12223", "48x48": "https://tracker.phpbb.com/secure/useravatar?ownerId=davidiq&avatarId=12223", "16x16": "https://tracker.phpbb.com/secure/useravatar?size=xsmall&ownerId=davidiq&avatarId=12223"}, "active": true, "self": "https://tracker.phpbb.com/rest/api/2/user?username=DavidIQ", "displayName": "David Col\u00f3n", "name": "DavidIQ"}, "author": {"key": "davidiq", "timeZone": "America/New_York", "avatarUrls": {"24x24": "https://tracker.phpbb.com/secure/useravatar?size=small&ownerId=davidiq&avatarId=12223", "32x32": "https://tracker.phpbb.com/secure/useravatar?size=medium&ownerId=davidiq&avatarId=12223", "48x48": "https://tracker.phpbb.com/secure/useravatar?ownerId=davidiq&avatarId=12223", "16x16": "https://tracker.phpbb.com/secure/useravatar?size=xsmall&ownerId=davidiq&avatarId=12223"}, "active": true, "self": "https://tracker.phpbb.com/rest/api/2/user?username=DavidIQ", "displayName": "David Col\u00f3n", "name": "DavidIQ"}, "body": "We go through this with every \"new hire\"  :lol:\r\n\r\nThe backtrace is shown only to members on the teams.  You being on the Jr. MOD Validators makes you part of the \"team\" as far as Titania is concerned.", "created": "2010-10-16T16:31:28.000+0000", "updated": "2010-10-16T16:31:28.000+0000", "self": "https://tracker.phpbb.com/rest/api/2/issue/28855/comment/53229"}, {"id": "53230", "updateAuthor": {"key": "jeroen b", "timeZone": "UTC", "avatarUrls": {"24x24": "https://tracker.phpbb.com/secure/useravatar?size=small&avatarId=10142", "32x32": "https://tracker.phpbb.com/secure/useravatar?size=medium&avatarId=10142", "48x48": "https://tracker.phpbb.com/secure/useravatar?avatarId=10142", "16x16": "https://tracker.phpbb.com/secure/useravatar?size=xsmall&avatarId=10142"}, "active": false, "self": "https://tracker.phpbb.com/rest/api/2/user?username=Jeroen+B", "displayName": "Jeroen B [X]", "name": "Jeroen B"}, "author": {"key": "jeroen b", "timeZone": "UTC", "avatarUrls": {"24x24": "https://tracker.phpbb.com/secure/useravatar?size=small&avatarId=10142", "32x32": "https://tracker.phpbb.com/secure/useravatar?size=medium&avatarId=10142", "48x48": "https://tracker.phpbb.com/secure/useravatar?avatarId=10142", "16x16": "https://tracker.phpbb.com/secure/useravatar?size=xsmall&avatarId=10142"}, "active": false, "self": "https://tracker.phpbb.com/rest/api/2/user?username=Jeroen+B", "displayName": "Jeroen B [X]", "name": "Jeroen B"}, "body": "Yeah but why do I get the error?\r\nI don't care I'm not authorised but why don't you fix it if you're getting this report every time :P", "created": "2010-10-16T16:33:43.000+0000", "updated": "2010-10-16T16:33:43.000+0000", "self": "https://tracker.phpbb.com/rest/api/2/issue/28855/comment/53230"}, {"id": "53231", "updateAuthor": {"key": "davidiq", "timeZone": "America/New_York", "avatarUrls": {"24x24": "https://tracker.phpbb.com/secure/useravatar?size=small&ownerId=davidiq&avatarId=12223", "32x32": "https://tracker.phpbb.com/secure/useravatar?size=medium&ownerId=davidiq&avatarId=12223", "48x48": "https://tracker.phpbb.com/secure/useravatar?ownerId=davidiq&avatarId=12223", "16x16": "https://tracker.phpbb.com/secure/useravatar?size=xsmall&ownerId=davidiq&avatarId=12223"}, "active": true, "self": "https://tracker.phpbb.com/rest/api/2/user?username=DavidIQ", "displayName": "David Col\u00f3n", "name": "DavidIQ"}, "author": {"key": "davidiq", "timeZone": "America/New_York", "avatarUrls": {"24x24": "https://tracker.phpbb.com/secure/useravatar?size=small&ownerId=davidiq&avatarId=12223", "32x32": "https://tracker.phpbb.com/secure/useravatar?size=medium&ownerId=davidiq&avatarId=12223", "48x48": "https://tracker.phpbb.com/secure/useravatar?ownerId=davidiq&avatarId=12223", "16x16": "https://tracker.phpbb.com/secure/useravatar?size=xsmall&ownerId=davidiq&avatarId=12223"}, "active": true, "self": "https://tracker.phpbb.com/rest/api/2/user?username=DavidIQ", "displayName": "David Col\u00f3n", "name": "DavidIQ"}, "body": "There is no error.  It is a trace and, as I said, it is only shown for users on the team.  Just ignore it.", "created": "2010-10-16T16:37:54.000+0000", "updated": "2010-10-16T16:37:54.000+0000", "self": "https://tracker.phpbb.com/rest/api/2/issue/28855/comment/53231"}, {"id": "53232", "updateAuthor": {"key": "michaelc", "timeZone": "UTC", "avatarUrls": {"24x24": "https://tracker.phpbb.com/secure/useravatar?size=small&ownerId=michaelc&avatarId=10621", "32x32": "https://tracker.phpbb.com/secure/useravatar?size=medium&ownerId=michaelc&avatarId=10621", "48x48": "https://tracker.phpbb.com/secure/useravatar?ownerId=michaelc&avatarId=10621", "16x16": "https://tracker.phpbb.com/secure/useravatar?size=xsmall&ownerId=michaelc&avatarId=10621"}, "active": true, "self": "https://tracker.phpbb.com/rest/api/2/user?username=MichaelC", "displayName": "Michael Cullum", "name": "MichaelC"}, "author": {"key": "michaelc", "timeZone": "UTC", "avatarUrls": {"24x24": "https://tracker.phpbb.com/secure/useravatar?size=small&ownerId=michaelc&avatarId=10621", "32x32": "https://tracker.phpbb.com/secure/useravatar?size=medium&ownerId=michaelc&avatarId=10621", "48x48": "https://tracker.phpbb.com/secure/useravatar?ownerId=michaelc&avatarId=10621", "16x16": "https://tracker.phpbb.com/secure/useravatar?size=xsmall&ownerId=michaelc&avatarId=10621"}, "active": true, "self": "https://tracker.phpbb.com/rest/api/2/user?username=MichaelC", "displayName": "Michael Cullum", "name": "MichaelC"}, "body": "Basically its a trace that is enabled purposefully (can be disabled and will be once titania is stable). \r\n\r\nIts just in case there is a bug you can trace where the problem is.\r\n\r\nFor e.g. you get a not authorised error when you are in fact authorised, you need to have a look what the problem is. The trace just helps you find where the problem might be.", "created": "2010-10-16T17:25:09.000+0000", "updated": "2010-10-16T17:25:09.000+0000", "self": "https://tracker.phpbb.com/rest/api/2/issue/28855/comment/53232"}], "maxResults": 4}, "workratio": -1}, "expand": "renderedFields,names,schema,operations,editmeta,changelog,versionedRepresentations", "self": "https://tracker.phpbb.com/rest/api/2/issue/28855", "key": "CUSTDB-349"}