{"id": "28863", "fields": {"summary": "UMIL", "customfield_10241": null, "labels": [], "description": "Thought this was already reported but anyway:\n\nUMIL throws this error and fails install every time.\nCustomisation Database\nPHP Version: 5.3.1\nDBMS: MySQL 5.1.41\nphpBB3 Version: 3.0.7-PL1\n\nRemoving permission option: m_titania_mod_queue\nERROR: Permission option m_titania_mod_queue does not exist.\n\nRemoving permission option: m_titania_mod_validate\nERROR: Permission option m_titania_mod_validate does not exist.\n\nRemoving permission option: m_titania_mod_moderate\nERROR: Permission option m_titania_mod_moderate does not exist.\n\nRemoving permission option: m_titania_style_queue\nERROR: Permission option m_titania_style_queue does not exist.\n\nRemoving permission option: m_titania_style_validate\nERROR: Permission option m_titania_style_validate does not exist.\n\nRemoving permission option: m_titania_style_moderate\nERROR: Permission option m_titania_style_moderate does not exist.\n\nAdding new permission option: u_titania_mod_modification_queue\nERROR: Permission option u_titania_mod_modification_queue already exists.\n\nAdding new permission option: u_titania_mod_modification_validate\nERROR: Permission option u_titania_mod_modification_validate already exists.\n\nAdding new permission option: u_titania_mod_modification_moderate\nERROR: Permission option u_titania_mod_modification_moderate already exists.\n\nAdding new permission option: u_titania_mod_style_queue\nERROR: Permission option u_titania_mod_style_queue already exists.\n\nAdding new permission option: u_titania_mod_style_validate\nERROR: Permission option u_titania_mod_style_validate already exists.\n\nAdding new permission option: u_titania_mod_style_moderate\nERROR: Permission option u_titania_mod_style_moderate already exists.\n\nAdding new permission option: u_titania_mod_style_queue_discussion\nERROR: Permission option u_titania_mod_style_queue_discussion already exists.\n\nAdding new permission option: u_titania_mod_modification_queue_discussion\nERROR: Permission option u_titania_mod_modification_queue_discussion already exists.", "updated": "2010-10-25T10:30:31.000+0000", "resolution": {"id": "1", "self": "https://tracker.phpbb.com/rest/api/2/resolution/1", "description": "A fix for this issue is checked into the tree and tested.", "name": "Fixed"}, "versions": [], "created": "2010-10-25T10:30:31.000+0000", "votes": {"votes": 0, "self": "https://tracker.phpbb.com/rest/api/2/issue/CUSTDB-357/votes", "hasVoted": false}, "fixVersions": [], "customfield_10146": 62446.0, "watches": {"self": "https://tracker.phpbb.com/rest/api/2/issue/CUSTDB-357/watchers", "watchCount": 0, "isWatching": false}, "assignee": {"key": "elglobo", "timeZone": "UTC", "avatarUrls": {"24x24": "https://tracker.phpbb.com/secure/useravatar?size=small&avatarId=10142", "32x32": "https://tracker.phpbb.com/secure/useravatar?size=medium&avatarId=10142", "48x48": "https://tracker.phpbb.com/secure/useravatar?avatarId=10142", "16x16": "https://tracker.phpbb.com/secure/useravatar?size=xsmall&avatarId=10142"}, "active": false, "self": "https://tracker.phpbb.com/rest/api/2/user?username=Elglobo", "displayName": "Micka\u00ebl SALFATI [X]", "name": "Elglobo"}, "customfield_10040": null, "issuelinks": [], "customfield_10240": "0|i00fqv:", "project": {"id": "10046", "avatarUrls": {"24x24": "https://tracker.phpbb.com/secure/projectavatar?size=small&pid=10046&avatarId=10011", "32x32": "https://tracker.phpbb.com/secure/projectavatar?size=medium&pid=10046&avatarId=10011", "48x48": "https://tracker.phpbb.com/secure/projectavatar?pid=10046&avatarId=10011", "16x16": "https://tracker.phpbb.com/secure/projectavatar?size=xsmall&pid=10046&avatarId=10011"}, "projectCategory": {"id": "10021", "self": "https://tracker.phpbb.com/rest/api/2/projectCategory/10021", "description": "Tools released by the phpBB teams", "name": "Tools"}, "self": "https://tracker.phpbb.com/rest/api/2/project/10046", "key": "CUSTDB", "name": "Customisations Database"}, "customfield_10242": null, "priority": null, "attachment": [], "lastViewed": null, "environment": null, "status": {"id": "6", "statusCategory": {"id": 3, "self": "https://tracker.phpbb.com/rest/api/2/statuscategory/3", "key": "done", "colorName": "green", "name": "Done"}, "description": "The issue is considered finished, the resolution is correct. Issues which are closed can be reopened.", "iconUrl": "https://tracker.phpbb.com/images/icons/phpbb-closed.png", "self": "https://tracker.phpbb.com/rest/api/2/status/6", "name": "Closed"}, "subtasks": [], "duedate": null, "reporter": {"key": "michaelc", "timeZone": "UTC", "avatarUrls": {"24x24": "https://tracker.phpbb.com/secure/useravatar?size=small&ownerId=michaelc&avatarId=10621", "32x32": "https://tracker.phpbb.com/secure/useravatar?size=medium&ownerId=michaelc&avatarId=10621", "48x48": "https://tracker.phpbb.com/secure/useravatar?ownerId=michaelc&avatarId=10621", "16x16": "https://tracker.phpbb.com/secure/useravatar?size=xsmall&ownerId=michaelc&avatarId=10621"}, "active": true, "self": "https://tracker.phpbb.com/rest/api/2/user?username=MichaelC", "displayName": "Michael Cullum", "name": "MichaelC"}, "issuetype": {"id": "1", "subtask": false, "description": "A problem which impairs or prevents the functions of the product.", "avatarId": 12123, "iconUrl": "https://tracker.phpbb.com/secure/viewavatar?size=xsmall&avatarId=12123&avatarType=issuetype", "self": "https://tracker.phpbb.com/rest/api/2/issuetype/1", "name": "Bug"}, "customfield_10020": null, "creator": {"key": "noxwizard", "timeZone": "America/Chicago", "avatarUrls": {"24x24": "https://tracker.phpbb.com/secure/useravatar?size=small&ownerId=noxwizard&avatarId=10037", "32x32": "https://tracker.phpbb.com/secure/useravatar?size=medium&ownerId=noxwizard&avatarId=10037", "48x48": "https://tracker.phpbb.com/secure/useravatar?ownerId=noxwizard&avatarId=10037", "16x16": "https://tracker.phpbb.com/secure/useravatar?size=xsmall&ownerId=noxwizard&avatarId=10037"}, "active": true, "self": "https://tracker.phpbb.com/rest/api/2/user?username=Noxwizard", "displayName": "Patrick Webster", "name": "Noxwizard"}, "components": [], "resolutiondate": "2010-10-25T10:30:31.000+0000", "comment": {"total": 1, "startAt": 0, "comments": [{"id": "53248", "updateAuthor": {"key": "elglobo", "timeZone": "UTC", "avatarUrls": {"24x24": "https://tracker.phpbb.com/secure/useravatar?size=small&avatarId=10142", "32x32": "https://tracker.phpbb.com/secure/useravatar?size=medium&avatarId=10142", "48x48": "https://tracker.phpbb.com/secure/useravatar?avatarId=10142", "16x16": "https://tracker.phpbb.com/secure/useravatar?size=xsmall&avatarId=10142"}, "active": false, "self": "https://tracker.phpbb.com/rest/api/2/user?username=Elglobo", "displayName": "Micka\u00ebl SALFATI [X]", "name": "Elglobo"}, "author": {"key": "elglobo", "timeZone": "UTC", "avatarUrls": {"24x24": "https://tracker.phpbb.com/secure/useravatar?size=small&avatarId=10142", "32x32": "https://tracker.phpbb.com/secure/useravatar?size=medium&avatarId=10142", "48x48": "https://tracker.phpbb.com/secure/useravatar?avatarId=10142", "16x16": "https://tracker.phpbb.com/secure/useravatar?size=xsmall&avatarId=10142"}, "active": false, "self": "https://tracker.phpbb.com/rest/api/2/user?username=Elglobo", "displayName": "Micka\u00ebl SALFATI [X]", "name": "Elglobo"}, "body": "With the actual version of titania and phpBB, this issue is gone ;)", "created": "2011-01-04T10:18:39.000+0000", "updated": "2011-01-04T10:18:39.000+0000", "self": "https://tracker.phpbb.com/rest/api/2/issue/28863/comment/53248"}], "maxResults": 1}, "workratio": -1}, "expand": "renderedFields,names,schema,operations,editmeta,changelog,versionedRepresentations", "self": "https://tracker.phpbb.com/rest/api/2/issue/28863", "key": "CUSTDB-357"}