{"id": "28787", "fields": {"summary": "Manage and last post", "customfield_10241": null, "labels": [], "description": "When in the manage screen under \"New\" and if you click on the \"last message image\" (near the last posters name on the right hand side of the page) for a mod that has more than 0 replies, you are redirected to the Quick reply for the topic as opposed to the post id itself.  For a mod that has 0 replies, this does not happen.", "updated": "2010-07-27T19:09:44.000+0000", "resolution": {"id": "5", "self": "https://tracker.phpbb.com/rest/api/2/resolution/5", "description": "All attempts at reproducing this issue failed, or not enough information was available to reproduce the issue. Reading the code produces no clues as to why this behavior would occur. If more information appears later, please reopen the issue.", "name": "Cannot Reproduce"}, "versions": [], "created": "2010-07-27T19:09:44.000+0000", "votes": {"votes": 0, "self": "https://tracker.phpbb.com/rest/api/2/issue/CUSTDB-281/votes", "hasVoted": false}, "fixVersions": [], "customfield_10146": 62257.0, "watches": {"self": "https://tracker.phpbb.com/rest/api/2/issue/CUSTDB-281/watchers", "watchCount": 0, "isWatching": false}, "assignee": {"key": "prototech", "timeZone": "America/Los_Angeles", "avatarUrls": {"24x24": "https://tracker.phpbb.com/secure/useravatar?size=small&ownerId=prototech&avatarId=10050", "32x32": "https://tracker.phpbb.com/secure/useravatar?size=medium&ownerId=prototech&avatarId=10050", "48x48": "https://tracker.phpbb.com/secure/useravatar?ownerId=prototech&avatarId=10050", "16x16": "https://tracker.phpbb.com/secure/useravatar?size=xsmall&ownerId=prototech&avatarId=10050"}, "active": true, "self": "https://tracker.phpbb.com/rest/api/2/user?username=prototech", "displayName": "prototech", "name": "prototech"}, "customfield_10040": null, "issuelinks": [], "customfield_10240": "0|i00g7j:", "project": {"id": "10046", "avatarUrls": {"24x24": "https://tracker.phpbb.com/secure/projectavatar?size=small&pid=10046&avatarId=10011", "32x32": "https://tracker.phpbb.com/secure/projectavatar?size=medium&pid=10046&avatarId=10011", "48x48": "https://tracker.phpbb.com/secure/projectavatar?pid=10046&avatarId=10011", "16x16": "https://tracker.phpbb.com/secure/projectavatar?size=xsmall&pid=10046&avatarId=10011"}, "projectCategory": {"id": "10021", "self": "https://tracker.phpbb.com/rest/api/2/projectCategory/10021", "description": "Tools released by the phpBB teams", "name": "Tools"}, "self": "https://tracker.phpbb.com/rest/api/2/project/10046", "key": "CUSTDB", "name": "Customisations Database"}, "customfield_10242": null, "priority": null, "attachment": [], "lastViewed": null, "environment": null, "status": {"id": "6", "statusCategory": {"id": 3, "self": "https://tracker.phpbb.com/rest/api/2/statuscategory/3", "key": "done", "colorName": "green", "name": "Done"}, "description": "The issue is considered finished, the resolution is correct. Issues which are closed can be reopened.", "iconUrl": "https://tracker.phpbb.com/images/icons/phpbb-closed.png", "self": "https://tracker.phpbb.com/rest/api/2/status/6", "name": "Closed"}, "subtasks": [], "duedate": null, "reporter": {"key": "rmcgirr83", "timeZone": "America/New_York", "avatarUrls": {"24x24": "https://tracker.phpbb.com/secure/useravatar?size=small&ownerId=rmcgirr83&avatarId=12626", "32x32": "https://tracker.phpbb.com/secure/useravatar?size=medium&ownerId=rmcgirr83&avatarId=12626", "48x48": "https://tracker.phpbb.com/secure/useravatar?ownerId=rmcgirr83&avatarId=12626", "16x16": "https://tracker.phpbb.com/secure/useravatar?size=xsmall&ownerId=rmcgirr83&avatarId=12626"}, "active": true, "self": "https://tracker.phpbb.com/rest/api/2/user?username=RMcGirr83", "displayName": "Rich McGirr", "name": "RMcGirr83"}, "issuetype": {"id": "1", "subtask": false, "description": "A problem which impairs or prevents the functions of the product.", "avatarId": 12123, "iconUrl": "https://tracker.phpbb.com/secure/viewavatar?size=xsmall&avatarId=12123&avatarType=issuetype", "self": "https://tracker.phpbb.com/rest/api/2/issuetype/1", "name": "Bug"}, "customfield_10020": null, "creator": {"key": "noxwizard", "timeZone": "America/Chicago", "avatarUrls": {"24x24": "https://tracker.phpbb.com/secure/useravatar?size=small&ownerId=noxwizard&avatarId=10037", "32x32": "https://tracker.phpbb.com/secure/useravatar?size=medium&ownerId=noxwizard&avatarId=10037", "48x48": "https://tracker.phpbb.com/secure/useravatar?ownerId=noxwizard&avatarId=10037", "16x16": "https://tracker.phpbb.com/secure/useravatar?size=xsmall&ownerId=noxwizard&avatarId=10037"}, "active": true, "self": "https://tracker.phpbb.com/rest/api/2/user?username=Noxwizard", "displayName": "Patrick Webster", "name": "Noxwizard"}, "components": [], "resolutiondate": "2010-07-27T19:09:44.000+0000", "comment": {"total": 6, "startAt": 0, "comments": [{"id": "53022", "updateAuthor": {"key": "exreaction", "timeZone": "America/Chicago", "avatarUrls": {"24x24": "https://tracker.phpbb.com/secure/useravatar?size=small&avatarId=10142", "32x32": "https://tracker.phpbb.com/secure/useravatar?size=medium&avatarId=10142", "48x48": "https://tracker.phpbb.com/secure/useravatar?avatarId=10142", "16x16": "https://tracker.phpbb.com/secure/useravatar?size=xsmall&avatarId=10142"}, "active": false, "self": "https://tracker.phpbb.com/rest/api/2/user?username=EXreaction", "displayName": "EXreaction [X]", "name": "EXreaction"}, "author": {"key": "exreaction", "timeZone": "America/Chicago", "avatarUrls": {"24x24": "https://tracker.phpbb.com/secure/useravatar?size=small&avatarId=10142", "32x32": "https://tracker.phpbb.com/secure/useravatar?size=medium&avatarId=10142", "48x48": "https://tracker.phpbb.com/secure/useravatar?avatarId=10142", "16x16": "https://tracker.phpbb.com/secure/useravatar?size=xsmall&avatarId=10142"}, "active": false, "self": "https://tracker.phpbb.com/rest/api/2/user?username=EXreaction", "displayName": "EXreaction [X]", "name": "EXreaction"}, "body": "I really am not sure what could be causing this, it seems to happen for me once in a while, but not all the time.  Any ideas?", "created": "2010-08-09T20:47:35.000+0000", "updated": "2010-08-09T20:47:35.000+0000", "self": "https://tracker.phpbb.com/rest/api/2/issue/28787/comment/53022"}, {"id": "53023", "updateAuthor": {"key": "rmcgirr83", "timeZone": "America/New_York", "avatarUrls": {"24x24": "https://tracker.phpbb.com/secure/useravatar?size=small&ownerId=rmcgirr83&avatarId=12626", "32x32": "https://tracker.phpbb.com/secure/useravatar?size=medium&ownerId=rmcgirr83&avatarId=12626", "48x48": "https://tracker.phpbb.com/secure/useravatar?ownerId=rmcgirr83&avatarId=12626", "16x16": "https://tracker.phpbb.com/secure/useravatar?size=xsmall&ownerId=rmcgirr83&avatarId=12626"}, "active": true, "self": "https://tracker.phpbb.com/rest/api/2/user?username=RMcGirr83", "displayName": "Rich McGirr", "name": "RMcGirr83"}, "author": {"key": "rmcgirr83", "timeZone": "America/New_York", "avatarUrls": {"24x24": "https://tracker.phpbb.com/secure/useravatar?size=small&ownerId=rmcgirr83&avatarId=12626", "32x32": "https://tracker.phpbb.com/secure/useravatar?size=medium&ownerId=rmcgirr83&avatarId=12626", "48x48": "https://tracker.phpbb.com/secure/useravatar?ownerId=rmcgirr83&avatarId=12626", "16x16": "https://tracker.phpbb.com/secure/useravatar?size=xsmall&ownerId=rmcgirr83&avatarId=12626"}, "active": true, "self": "https://tracker.phpbb.com/rest/api/2/user?username=RMcGirr83", "displayName": "Rich McGirr", "name": "RMcGirr83"}, "body": ":shrug:\r\n\r\nI guess I will have to install Titania locally and see if I can reproduce it.  Maybe it's the js, who knows.", "created": "2010-08-11T14:34:14.000+0000", "updated": "2010-08-11T14:34:14.000+0000", "self": "https://tracker.phpbb.com/rest/api/2/issue/28787/comment/53023"}, {"id": "53024", "updateAuthor": {"key": "tumba25", "timeZone": "Europe/Berlin", "avatarUrls": {"24x24": "https://tracker.phpbb.com/secure/useravatar?size=small&avatarId=10142", "32x32": "https://tracker.phpbb.com/secure/useravatar?size=medium&avatarId=10142", "48x48": "https://tracker.phpbb.com/secure/useravatar?avatarId=10142", "16x16": "https://tracker.phpbb.com/secure/useravatar?size=xsmall&avatarId=10142"}, "active": true, "self": "https://tracker.phpbb.com/rest/api/2/user?username=tumba25", "displayName": "Jari Kanerva", "name": "tumba25"}, "author": {"key": "tumba25", "timeZone": "Europe/Berlin", "avatarUrls": {"24x24": "https://tracker.phpbb.com/secure/useravatar?size=small&avatarId=10142", "32x32": "https://tracker.phpbb.com/secure/useravatar?size=medium&avatarId=10142", "48x48": "https://tracker.phpbb.com/secure/useravatar?avatarId=10142", "16x16": "https://tracker.phpbb.com/secure/useravatar?size=xsmall&avatarId=10142"}, "active": true, "self": "https://tracker.phpbb.com/rest/api/2/user?username=tumba25", "displayName": "Jari Kanerva", "name": "tumba25"}, "body": "This is browser specific. This error only seems to occur in Firefox.", "created": "2010-09-14T14:06:07.000+0000", "updated": "2010-09-14T14:06:07.000+0000", "self": "https://tracker.phpbb.com/rest/api/2/issue/28787/comment/53024"}, {"id": "53025", "updateAuthor": {"key": "rmcgirr83", "timeZone": "America/New_York", "avatarUrls": {"24x24": "https://tracker.phpbb.com/secure/useravatar?size=small&ownerId=rmcgirr83&avatarId=12626", "32x32": "https://tracker.phpbb.com/secure/useravatar?size=medium&ownerId=rmcgirr83&avatarId=12626", "48x48": "https://tracker.phpbb.com/secure/useravatar?ownerId=rmcgirr83&avatarId=12626", "16x16": "https://tracker.phpbb.com/secure/useravatar?size=xsmall&ownerId=rmcgirr83&avatarId=12626"}, "active": true, "self": "https://tracker.phpbb.com/rest/api/2/user?username=RMcGirr83", "displayName": "Rich McGirr", "name": "RMcGirr83"}, "author": {"key": "rmcgirr83", "timeZone": "America/New_York", "avatarUrls": {"24x24": "https://tracker.phpbb.com/secure/useravatar?size=small&ownerId=rmcgirr83&avatarId=12626", "32x32": "https://tracker.phpbb.com/secure/useravatar?size=medium&ownerId=rmcgirr83&avatarId=12626", "48x48": "https://tracker.phpbb.com/secure/useravatar?ownerId=rmcgirr83&avatarId=12626", "16x16": "https://tracker.phpbb.com/secure/useravatar?size=xsmall&ownerId=rmcgirr83&avatarId=12626"}, "active": true, "self": "https://tracker.phpbb.com/rest/api/2/user?username=RMcGirr83", "displayName": "Rich McGirr", "name": "RMcGirr83"}, "body": "\"Not a bug\"?\r\n\r\nYou're kidding right?", "created": "2011-01-11T10:33:11.000+0000", "updated": "2011-01-11T10:33:11.000+0000", "self": "https://tracker.phpbb.com/rest/api/2/issue/28787/comment/53025"}, {"id": "53026", "updateAuthor": {"key": "elglobo", "timeZone": "UTC", "avatarUrls": {"24x24": "https://tracker.phpbb.com/secure/useravatar?size=small&avatarId=10142", "32x32": "https://tracker.phpbb.com/secure/useravatar?size=medium&avatarId=10142", "48x48": "https://tracker.phpbb.com/secure/useravatar?avatarId=10142", "16x16": "https://tracker.phpbb.com/secure/useravatar?size=xsmall&avatarId=10142"}, "active": false, "self": "https://tracker.phpbb.com/rest/api/2/user?username=Elglobo", "displayName": "Micka\u00ebl SALFATI [X]", "name": "Elglobo"}, "author": {"key": "elglobo", "timeZone": "UTC", "avatarUrls": {"24x24": "https://tracker.phpbb.com/secure/useravatar?size=small&avatarId=10142", "32x32": "https://tracker.phpbb.com/secure/useravatar?size=medium&avatarId=10142", "48x48": "https://tracker.phpbb.com/secure/useravatar?avatarId=10142", "16x16": "https://tracker.phpbb.com/secure/useravatar?size=xsmall&avatarId=10142"}, "active": false, "self": "https://tracker.phpbb.com/rest/api/2/user?username=Elglobo", "displayName": "Micka\u00ebl SALFATI [X]", "name": "Elglobo"}, "body": "[quote=\"tumba25\":2fhteapl]This is browser specific. This error only seems to occur in Firefox. {quote}\r\nI didn't understand correctly, I thought that it was a browser bug ...", "created": "2011-01-11T10:40:25.000+0000", "updated": "2011-01-11T10:40:25.000+0000", "self": "https://tracker.phpbb.com/rest/api/2/issue/28787/comment/53026"}, {"id": "53027", "updateAuthor": {"key": "prototech", "timeZone": "America/Los_Angeles", "avatarUrls": {"24x24": "https://tracker.phpbb.com/secure/useravatar?size=small&ownerId=prototech&avatarId=10050", "32x32": "https://tracker.phpbb.com/secure/useravatar?size=medium&ownerId=prototech&avatarId=10050", "48x48": "https://tracker.phpbb.com/secure/useravatar?ownerId=prototech&avatarId=10050", "16x16": "https://tracker.phpbb.com/secure/useravatar?size=xsmall&ownerId=prototech&avatarId=10050"}, "active": true, "self": "https://tracker.phpbb.com/rest/api/2/user?username=prototech", "displayName": "prototech", "name": "prototech"}, "author": {"key": "prototech", "timeZone": "America/Los_Angeles", "avatarUrls": {"24x24": "https://tracker.phpbb.com/secure/useravatar?size=small&ownerId=prototech&avatarId=10050", "32x32": "https://tracker.phpbb.com/secure/useravatar?size=medium&ownerId=prototech&avatarId=10050", "48x48": "https://tracker.phpbb.com/secure/useravatar?ownerId=prototech&avatarId=10050", "16x16": "https://tracker.phpbb.com/secure/useravatar?size=xsmall&ownerId=prototech&avatarId=10050"}, "active": true, "self": "https://tracker.phpbb.com/rest/api/2/user?username=prototech", "displayName": "prototech", "name": "prototech"}, "body": "I'm not able to reproduce this in the latest version of Firefox. Feel free to reopen if you're able to provide steps to reproduce consistently.", "created": "2012-05-29T20:29:17.000+0000", "updated": "2012-05-29T20:29:17.000+0000", "self": "https://tracker.phpbb.com/rest/api/2/issue/28787/comment/53027"}], "maxResults": 6}, "workratio": -1}, "expand": "renderedFields,names,schema,operations,editmeta,changelog,versionedRepresentations", "self": "https://tracker.phpbb.com/rest/api/2/issue/28787", "key": "CUSTDB-281"}