{"id": "28771", "fields": {"summary": "Posts displaying twice (i.e. 123321) in full editor.", "customfield_10241": null, "labels": [], "description": "As mentioned in the subject, when in the queue, click Full Editor, scroll down and you will see the posts are being displayed in the normal order and again in reverse.\n\nSo, if the queue has 3 posts, in the Full Editor, they will display:\n\nPost #1\nPost #2\nPost #3\nPost #3\nPost #2\nPost #1", "updated": "2010-07-08T07:13:50.000+0000", "resolution": {"id": "1", "self": "https://tracker.phpbb.com/rest/api/2/resolution/1", "description": "A fix for this issue is checked into the tree and tested.", "name": "Fixed"}, "versions": [], "created": "2010-07-08T07:13:50.000+0000", "votes": {"votes": 0, "self": "https://tracker.phpbb.com/rest/api/2/issue/CUSTDB-265/votes", "hasVoted": false}, "fixVersions": [], "customfield_10146": 62213.0, "watches": {"self": "https://tracker.phpbb.com/rest/api/2/issue/CUSTDB-265/watchers", "watchCount": 0, "isWatching": false}, "assignee": {"key": "exreaction", "timeZone": "America/Chicago", "avatarUrls": {"24x24": "https://tracker.phpbb.com/secure/useravatar?size=small&avatarId=10142", "32x32": "https://tracker.phpbb.com/secure/useravatar?size=medium&avatarId=10142", "48x48": "https://tracker.phpbb.com/secure/useravatar?avatarId=10142", "16x16": "https://tracker.phpbb.com/secure/useravatar?size=xsmall&avatarId=10142"}, "active": false, "self": "https://tracker.phpbb.com/rest/api/2/user?username=EXreaction", "displayName": "EXreaction [X]", "name": "EXreaction"}, "customfield_10040": null, "issuelinks": [], "customfield_10240": "0|i00ghb:", "project": {"id": "10046", "avatarUrls": {"24x24": "https://tracker.phpbb.com/secure/projectavatar?size=small&pid=10046&avatarId=10011", "32x32": "https://tracker.phpbb.com/secure/projectavatar?size=medium&pid=10046&avatarId=10011", "48x48": "https://tracker.phpbb.com/secure/projectavatar?pid=10046&avatarId=10011", "16x16": "https://tracker.phpbb.com/secure/projectavatar?size=xsmall&pid=10046&avatarId=10011"}, "projectCategory": {"id": "10021", "self": "https://tracker.phpbb.com/rest/api/2/projectCategory/10021", "description": "Tools released by the phpBB teams", "name": "Tools"}, "self": "https://tracker.phpbb.com/rest/api/2/project/10046", "key": "CUSTDB", "name": "Customisations Database"}, "customfield_10242": null, "priority": null, "attachment": [], "lastViewed": null, "environment": null, "status": {"id": "5", "statusCategory": {"id": 3, "self": "https://tracker.phpbb.com/rest/api/2/statuscategory/3", "key": "done", "colorName": "green", "name": "Done"}, "description": "A resolution has been taken, and it is awaiting verification by reporter. From here issues are either reopened, or are closed.", "iconUrl": "https://tracker.phpbb.com/images/icons/phpbb-unverified-fix.png", "self": "https://tracker.phpbb.com/rest/api/2/status/5", "name": "Unverified Fix"}, "subtasks": [], "duedate": null, "reporter": {"key": "typo", "timeZone": "UTC", "avatarUrls": {"24x24": "https://tracker.phpbb.com/secure/useravatar?size=small&avatarId=10142", "32x32": "https://tracker.phpbb.com/secure/useravatar?size=medium&avatarId=10142", "48x48": "https://tracker.phpbb.com/secure/useravatar?avatarId=10142", "16x16": "https://tracker.phpbb.com/secure/useravatar?size=xsmall&avatarId=10142"}, "active": false, "self": "https://tracker.phpbb.com/rest/api/2/user?username=Typo", "displayName": "Jeremy Lorenzo [X]", "name": "Typo"}, "issuetype": {"id": "1", "subtask": false, "description": "A problem which impairs or prevents the functions of the product.", "avatarId": 12123, "iconUrl": "https://tracker.phpbb.com/secure/viewavatar?size=xsmall&avatarId=12123&avatarType=issuetype", "self": "https://tracker.phpbb.com/rest/api/2/issuetype/1", "name": "Bug"}, "customfield_10020": null, "creator": {"key": "noxwizard", "timeZone": "America/Chicago", "avatarUrls": {"24x24": "https://tracker.phpbb.com/secure/useravatar?size=small&ownerId=noxwizard&avatarId=10037", "32x32": "https://tracker.phpbb.com/secure/useravatar?size=medium&ownerId=noxwizard&avatarId=10037", "48x48": "https://tracker.phpbb.com/secure/useravatar?ownerId=noxwizard&avatarId=10037", "16x16": "https://tracker.phpbb.com/secure/useravatar?size=xsmall&ownerId=noxwizard&avatarId=10037"}, "active": true, "self": "https://tracker.phpbb.com/rest/api/2/user?username=Noxwizard", "displayName": "Patrick Webster", "name": "Noxwizard"}, "components": [], "resolutiondate": "2010-07-08T07:13:50.000+0000", "comment": {"total": 1, "startAt": 0, "comments": [{"id": "52967", "updateAuthor": {"key": "imkingdavid", "timeZone": "America/New_York", "avatarUrls": {"24x24": "https://tracker.phpbb.com/secure/useravatar?size=small&ownerId=imkingdavid&avatarId=10080", "32x32": "https://tracker.phpbb.com/secure/useravatar?size=medium&ownerId=imkingdavid&avatarId=10080", "48x48": "https://tracker.phpbb.com/secure/useravatar?ownerId=imkingdavid&avatarId=10080", "16x16": "https://tracker.phpbb.com/secure/useravatar?size=xsmall&ownerId=imkingdavid&avatarId=10080"}, "active": true, "self": "https://tracker.phpbb.com/rest/api/2/user?username=imkingdavid", "displayName": "David King", "name": "imkingdavid"}, "author": {"key": "imkingdavid", "timeZone": "America/New_York", "avatarUrls": {"24x24": "https://tracker.phpbb.com/secure/useravatar?size=small&ownerId=imkingdavid&avatarId=10080", "32x32": "https://tracker.phpbb.com/secure/useravatar?size=medium&ownerId=imkingdavid&avatarId=10080", "48x48": "https://tracker.phpbb.com/secure/useravatar?ownerId=imkingdavid&avatarId=10080", "16x16": "https://tracker.phpbb.com/secure/useravatar?size=xsmall&ownerId=imkingdavid&avatarId=10080"}, "active": true, "self": "https://tracker.phpbb.com/rest/api/2/user?username=imkingdavid", "displayName": "David King", "name": "imkingdavid"}, "body": "I can confirm this. I noticed it but had not gotten around to reporting it.", "created": "2010-07-08T21:29:43.000+0000", "updated": "2010-07-08T21:29:43.000+0000", "self": "https://tracker.phpbb.com/rest/api/2/issue/28771/comment/52967"}], "maxResults": 1}, "workratio": -1}, "expand": "renderedFields,names,schema,operations,editmeta,changelog,versionedRepresentations", "self": "https://tracker.phpbb.com/rest/api/2/issue/28771", "key": "CUSTDB-265"}