{"id": "28652", "fields": {"summary": "Attached image is not displayed", "customfield_10241": null, "labels": [], "description": "Uploaded images attached and placed in the message does not appear in the FAQs. \nImage Details: [http://www.phpbb.com/community/viewtopic.php?f=64&t=2080105&p=12767645#p12767505]", "updated": "2014-07-18T22:23:53.000+0000", "resolution": {"id": "1", "self": "https://tracker.phpbb.com/rest/api/2/resolution/1", "description": "A fix for this issue is checked into the tree and tested.", "name": "Fixed"}, "versions": [], "created": "2010-05-03T20:05:09.000+0000", "votes": {"votes": 0, "self": "https://tracker.phpbb.com/rest/api/2/issue/CUSTDB-146/votes", "hasVoted": false}, "fixVersions": [], "customfield_10146": 61875.0, "watches": {"self": "https://tracker.phpbb.com/rest/api/2/issue/CUSTDB-146/watchers", "watchCount": 1, "isWatching": false}, "assignee": {"key": "elglobo", "timeZone": "UTC", "avatarUrls": {"24x24": "https://tracker.phpbb.com/secure/useravatar?size=small&avatarId=10142", "32x32": "https://tracker.phpbb.com/secure/useravatar?size=medium&avatarId=10142", "48x48": "https://tracker.phpbb.com/secure/useravatar?avatarId=10142", "16x16": "https://tracker.phpbb.com/secure/useravatar?size=xsmall&avatarId=10142"}, "active": false, "self": "https://tracker.phpbb.com/rest/api/2/user?username=Elglobo", "displayName": "Micka\u00ebl SALFATI [X]", "name": "Elglobo"}, "customfield_10040": null, "issuelinks": [], "customfield_10240": "0|i00h0n:", "project": {"id": "10046", "avatarUrls": {"24x24": "https://tracker.phpbb.com/secure/projectavatar?size=small&pid=10046&avatarId=10011", "32x32": "https://tracker.phpbb.com/secure/projectavatar?size=medium&pid=10046&avatarId=10011", "48x48": "https://tracker.phpbb.com/secure/projectavatar?pid=10046&avatarId=10011", "16x16": "https://tracker.phpbb.com/secure/projectavatar?size=xsmall&pid=10046&avatarId=10011"}, "projectCategory": {"id": "10021", "self": "https://tracker.phpbb.com/rest/api/2/projectCategory/10021", "description": "Tools released by the phpBB teams", "name": "Tools"}, "self": "https://tracker.phpbb.com/rest/api/2/project/10046", "key": "CUSTDB", "name": "Customisations Database"}, "customfield_10242": null, "priority": null, "attachment": [], "lastViewed": null, "environment": null, "status": {"id": "6", "statusCategory": {"id": 3, "self": "https://tracker.phpbb.com/rest/api/2/statuscategory/3", "key": "done", "colorName": "green", "name": "Done"}, "description": "The issue is considered finished, the resolution is correct. Issues which are closed can be reopened.", "iconUrl": "https://tracker.phpbb.com/images/icons/phpbb-closed.png", "self": "https://tracker.phpbb.com/rest/api/2/status/6", "name": "Closed"}, "subtasks": [], "duedate": null, "reporter": {"key": "_vinny_", "timeZone": "America/Belem", "avatarUrls": {"24x24": "https://tracker.phpbb.com/secure/useravatar?size=small&avatarId=14140", "32x32": "https://tracker.phpbb.com/secure/useravatar?size=medium&avatarId=14140", "48x48": "https://tracker.phpbb.com/secure/useravatar?avatarId=14140", "16x16": "https://tracker.phpbb.com/secure/useravatar?size=xsmall&avatarId=14140"}, "active": true, "self": "https://tracker.phpbb.com/rest/api/2/user?username=_Vinny_", "displayName": "Marcus Vinicius", "name": "_Vinny_"}, "issuetype": {"id": "1", "subtask": false, "description": "A problem which impairs or prevents the functions of the product.", "avatarId": 12123, "iconUrl": "https://tracker.phpbb.com/secure/viewavatar?size=xsmall&avatarId=12123&avatarType=issuetype", "self": "https://tracker.phpbb.com/rest/api/2/issuetype/1", "name": "Bug"}, "customfield_10020": null, "creator": {"key": "noxwizard", "timeZone": "America/Chicago", "avatarUrls": {"24x24": "https://tracker.phpbb.com/secure/useravatar?size=small&ownerId=noxwizard&avatarId=10037", "32x32": "https://tracker.phpbb.com/secure/useravatar?size=medium&ownerId=noxwizard&avatarId=10037", "48x48": "https://tracker.phpbb.com/secure/useravatar?ownerId=noxwizard&avatarId=10037", "16x16": "https://tracker.phpbb.com/secure/useravatar?size=xsmall&ownerId=noxwizard&avatarId=10037"}, "active": true, "self": "https://tracker.phpbb.com/rest/api/2/user?username=Noxwizard", "displayName": "Patrick Webster", "name": "Noxwizard"}, "components": [], "resolutiondate": "2010-05-03T20:05:09.000+0000", "comment": {"total": 2, "startAt": 0, "comments": [{"id": "52653", "updateAuthor": {"key": "_vinny_", "timeZone": "America/Belem", "avatarUrls": {"24x24": "https://tracker.phpbb.com/secure/useravatar?size=small&avatarId=14140", "32x32": "https://tracker.phpbb.com/secure/useravatar?size=medium&avatarId=14140", "48x48": "https://tracker.phpbb.com/secure/useravatar?avatarId=14140", "16x16": "https://tracker.phpbb.com/secure/useravatar?size=xsmall&avatarId=14140"}, "active": true, "self": "https://tracker.phpbb.com/rest/api/2/user?username=_Vinny_", "displayName": "Marcus Vinicius", "name": "_Vinny_"}, "author": {"key": "_vinny_", "timeZone": "America/Belem", "avatarUrls": {"24x24": "https://tracker.phpbb.com/secure/useravatar?size=small&avatarId=14140", "32x32": "https://tracker.phpbb.com/secure/useravatar?size=medium&avatarId=14140", "48x48": "https://tracker.phpbb.com/secure/useravatar?avatarId=14140", "16x16": "https://tracker.phpbb.com/secure/useravatar?size=xsmall&avatarId=14140"}, "active": true, "self": "https://tracker.phpbb.com/rest/api/2/user?username=_Vinny_", "displayName": "Marcus Vinicius", "name": "_Vinny_"}, "body": "The same problem with any attachment, image or file.", "created": "2010-05-04T14:13:21.000+0000", "updated": "2010-05-04T14:13:21.000+0000", "self": "https://tracker.phpbb.com/rest/api/2/issue/28652/comment/52653"}, {"id": "52654", "updateAuthor": {"key": "elglobo", "timeZone": "UTC", "avatarUrls": {"24x24": "https://tracker.phpbb.com/secure/useravatar?size=small&avatarId=10142", "32x32": "https://tracker.phpbb.com/secure/useravatar?size=medium&avatarId=10142", "48x48": "https://tracker.phpbb.com/secure/useravatar?avatarId=10142", "16x16": "https://tracker.phpbb.com/secure/useravatar?size=xsmall&avatarId=10142"}, "active": false, "self": "https://tracker.phpbb.com/rest/api/2/user?username=Elglobo", "displayName": "Micka\u00ebl SALFATI [X]", "name": "Elglobo"}, "author": {"key": "elglobo", "timeZone": "UTC", "avatarUrls": {"24x24": "https://tracker.phpbb.com/secure/useravatar?size=small&avatarId=10142", "32x32": "https://tracker.phpbb.com/secure/useravatar?size=medium&avatarId=10142", "48x48": "https://tracker.phpbb.com/secure/useravatar?avatarId=10142", "16x16": "https://tracker.phpbb.com/secure/useravatar?size=xsmall&avatarId=10142"}, "active": false, "self": "https://tracker.phpbb.com/rest/api/2/user?username=Elglobo", "displayName": "Micka\u00ebl SALFATI [X]", "name": "Elglobo"}, "body": "I can't reproduce this issue with the last trunk on my localhost, somebody can try to reproduce it ?", "created": "2010-05-05T23:35:21.000+0000", "updated": "2010-05-05T23:35:21.000+0000", "self": "https://tracker.phpbb.com/rest/api/2/issue/28652/comment/52654"}], "maxResults": 2}, "workratio": -1}, "expand": "renderedFields,names,schema,operations,editmeta,changelog,versionedRepresentations", "self": "https://tracker.phpbb.com/rest/api/2/issue/28652", "key": "CUSTDB-146"}