{"id": "28966", "fields": {"summary": "phpBB version incremented when revision sent", "customfield_10241": null, "labels": [], "description": "Hello,\n\nI am currently sending revisions of my styles, and I noticed something wrong : Before sending a revision, the phpBB number in the style's info is 3.0.8.  But after I sent a revision *the drop-down menu's default phpBB version number increments while the style version remains unchanged !*.  Wasn't it supposed to not increment until the style is approved ?\n\nI attach two screenshots to this ticket : one taken befort sending revision, and one taken after.  You'll see the problem.\n\nThanks in advance.\n\nIshimaru", "updated": "2011-07-11T04:00:45.000+0000", "resolution": {"id": "6", "self": "https://tracker.phpbb.com/rest/api/2/resolution/6", "description": "The reported issue is invalid.", "name": "Invalid"}, "versions": [], "created": "2011-07-11T04:00:45.000+0000", "votes": {"votes": 0, "self": "https://tracker.phpbb.com/rest/api/2/issue/CUSTDB-460/votes", "hasVoted": false}, "fixVersions": [], "customfield_10146": 62852.0, "watches": {"self": "https://tracker.phpbb.com/rest/api/2/issue/CUSTDB-460/watchers", "watchCount": 0, "isWatching": false}, "assignee": {"key": "elglobo", "timeZone": "UTC", "avatarUrls": {"24x24": "https://tracker.phpbb.com/secure/useravatar?size=small&avatarId=10142", "32x32": "https://tracker.phpbb.com/secure/useravatar?size=medium&avatarId=10142", "48x48": "https://tracker.phpbb.com/secure/useravatar?avatarId=10142", "16x16": "https://tracker.phpbb.com/secure/useravatar?size=xsmall&avatarId=10142"}, "active": false, "self": "https://tracker.phpbb.com/rest/api/2/user?username=Elglobo", "displayName": "Micka\u00ebl SALFATI [X]", "name": "Elglobo"}, "customfield_10040": null, "issuelinks": [], "customfield_10240": "0|i00f4f:", "project": {"id": "10046", "avatarUrls": {"24x24": "https://tracker.phpbb.com/secure/projectavatar?size=small&pid=10046&avatarId=10011", "32x32": "https://tracker.phpbb.com/secure/projectavatar?size=medium&pid=10046&avatarId=10011", "48x48": "https://tracker.phpbb.com/secure/projectavatar?pid=10046&avatarId=10011", "16x16": "https://tracker.phpbb.com/secure/projectavatar?size=xsmall&pid=10046&avatarId=10011"}, "projectCategory": {"id": "10021", "self": "https://tracker.phpbb.com/rest/api/2/projectCategory/10021", "description": "Tools released by the phpBB teams", "name": "Tools"}, "self": "https://tracker.phpbb.com/rest/api/2/project/10046", "key": "CUSTDB", "name": "Customisations Database"}, "customfield_10242": null, "priority": null, "attachment": [{"id": "15521", "author": {"key": "ishimaru chiaki", "timeZone": "America/Montreal", "avatarUrls": {"24x24": "https://tracker.phpbb.com/secure/useravatar?size=small&ownerId=ishimaru+chiaki&avatarId=13922", "32x32": "https://tracker.phpbb.com/secure/useravatar?size=medium&ownerId=ishimaru+chiaki&avatarId=13922", "48x48": "https://tracker.phpbb.com/secure/useravatar?ownerId=ishimaru+chiaki&avatarId=13922", "16x16": "https://tracker.phpbb.com/secure/useravatar?size=xsmall&ownerId=ishimaru+chiaki&avatarId=13922"}, "active": true, "self": "https://tracker.phpbb.com/rest/api/2/user?username=Ishimaru+Chiaki", "displayName": "Ishimaru Chiaki", "name": "Ishimaru Chiaki"}, "content": "https://tracker.phpbb.com/secure/attachment/15521/wrong-number1.png", "created": "2011-07-11T04:00:45.000+0000", "filename": "wrong-number1.png", "size": 40200, "self": "https://tracker.phpbb.com/rest/api/2/attachment/15521", "thumbnail": "https://tracker.phpbb.com/secure/thumbnail/15521/_thumb_15521.png", "mimeType": "image/png"}, {"id": "15522", "author": {"key": "ishimaru chiaki", "timeZone": "America/Montreal", "avatarUrls": {"24x24": "https://tracker.phpbb.com/secure/useravatar?size=small&ownerId=ishimaru+chiaki&avatarId=13922", "32x32": "https://tracker.phpbb.com/secure/useravatar?size=medium&ownerId=ishimaru+chiaki&avatarId=13922", "48x48": "https://tracker.phpbb.com/secure/useravatar?ownerId=ishimaru+chiaki&avatarId=13922", "16x16": "https://tracker.phpbb.com/secure/useravatar?size=xsmall&ownerId=ishimaru+chiaki&avatarId=13922"}, "active": true, "self": "https://tracker.phpbb.com/rest/api/2/user?username=Ishimaru+Chiaki", "displayName": "Ishimaru Chiaki", "name": "Ishimaru Chiaki"}, "content": "https://tracker.phpbb.com/secure/attachment/15522/wrong-number2.png", "created": "2011-07-11T04:00:45.000+0000", "filename": "wrong-number2.png", "size": 39928, "self": "https://tracker.phpbb.com/rest/api/2/attachment/15522", "thumbnail": "https://tracker.phpbb.com/secure/thumbnail/15522/_thumb_15522.png", "mimeType": "image/png"}], "lastViewed": null, "environment": null, "status": {"id": "6", "statusCategory": {"id": 3, "self": "https://tracker.phpbb.com/rest/api/2/statuscategory/3", "key": "done", "colorName": "green", "name": "Done"}, "description": "The issue is considered finished, the resolution is correct. Issues which are closed can be reopened.", "iconUrl": "https://tracker.phpbb.com/images/icons/phpbb-closed.png", "self": "https://tracker.phpbb.com/rest/api/2/status/6", "name": "Closed"}, "subtasks": [], "duedate": null, "reporter": {"key": "ishimaru chiaki", "timeZone": "America/Montreal", "avatarUrls": {"24x24": "https://tracker.phpbb.com/secure/useravatar?size=small&ownerId=ishimaru+chiaki&avatarId=13922", "32x32": "https://tracker.phpbb.com/secure/useravatar?size=medium&ownerId=ishimaru+chiaki&avatarId=13922", "48x48": "https://tracker.phpbb.com/secure/useravatar?ownerId=ishimaru+chiaki&avatarId=13922", "16x16": "https://tracker.phpbb.com/secure/useravatar?size=xsmall&ownerId=ishimaru+chiaki&avatarId=13922"}, "active": true, "self": "https://tracker.phpbb.com/rest/api/2/user?username=Ishimaru+Chiaki", "displayName": "Ishimaru Chiaki", "name": "Ishimaru Chiaki"}, "issuetype": {"id": "1", "subtask": false, "description": "A problem which impairs or prevents the functions of the product.", "avatarId": 12123, "iconUrl": "https://tracker.phpbb.com/secure/viewavatar?size=xsmall&avatarId=12123&avatarType=issuetype", "self": "https://tracker.phpbb.com/rest/api/2/issuetype/1", "name": "Bug"}, "customfield_10020": null, "creator": {"key": "noxwizard", "timeZone": "America/Chicago", "avatarUrls": {"24x24": "https://tracker.phpbb.com/secure/useravatar?size=small&ownerId=noxwizard&avatarId=10037", "32x32": "https://tracker.phpbb.com/secure/useravatar?size=medium&ownerId=noxwizard&avatarId=10037", "48x48": "https://tracker.phpbb.com/secure/useravatar?ownerId=noxwizard&avatarId=10037", "16x16": "https://tracker.phpbb.com/secure/useravatar?size=xsmall&ownerId=noxwizard&avatarId=10037"}, "active": true, "self": "https://tracker.phpbb.com/rest/api/2/user?username=Noxwizard", "displayName": "Patrick Webster", "name": "Noxwizard"}, "components": [], "resolutiondate": "2011-07-11T04:00:45.000+0000", "comment": {"total": 3, "startAt": 0, "comments": [{"id": "53644", "updateAuthor": {"key": "ishimaru chiaki", "timeZone": "America/Montreal", "avatarUrls": {"24x24": "https://tracker.phpbb.com/secure/useravatar?size=small&ownerId=ishimaru+chiaki&avatarId=13922", "32x32": "https://tracker.phpbb.com/secure/useravatar?size=medium&ownerId=ishimaru+chiaki&avatarId=13922", "48x48": "https://tracker.phpbb.com/secure/useravatar?ownerId=ishimaru+chiaki&avatarId=13922", "16x16": "https://tracker.phpbb.com/secure/useravatar?size=xsmall&ownerId=ishimaru+chiaki&avatarId=13922"}, "active": true, "self": "https://tracker.phpbb.com/rest/api/2/user?username=Ishimaru+Chiaki", "displayName": "Ishimaru Chiaki", "name": "Ishimaru Chiaki"}, "author": {"key": "ishimaru chiaki", "timeZone": "America/Montreal", "avatarUrls": {"24x24": "https://tracker.phpbb.com/secure/useravatar?size=small&ownerId=ishimaru+chiaki&avatarId=13922", "32x32": "https://tracker.phpbb.com/secure/useravatar?size=medium&ownerId=ishimaru+chiaki&avatarId=13922", "48x48": "https://tracker.phpbb.com/secure/useravatar?ownerId=ishimaru+chiaki&avatarId=13922", "16x16": "https://tracker.phpbb.com/secure/useravatar?size=xsmall&ownerId=ishimaru+chiaki&avatarId=13922"}, "active": true, "self": "https://tracker.phpbb.com/rest/api/2/user?username=Ishimaru+Chiaki", "displayName": "Ishimaru Chiaki", "name": "Ishimaru Chiaki"}, "body": "Attachment wrong-number1.png has been added with description: wrong-number1.png", "created": "2011-07-11T04:00:45.000+0000", "updated": "2011-07-11T04:00:45.000+0000", "self": "https://tracker.phpbb.com/rest/api/2/issue/28966/comment/53644"}, {"id": "53645", "updateAuthor": {"key": "ishimaru chiaki", "timeZone": "America/Montreal", "avatarUrls": {"24x24": "https://tracker.phpbb.com/secure/useravatar?size=small&ownerId=ishimaru+chiaki&avatarId=13922", "32x32": "https://tracker.phpbb.com/secure/useravatar?size=medium&ownerId=ishimaru+chiaki&avatarId=13922", "48x48": "https://tracker.phpbb.com/secure/useravatar?ownerId=ishimaru+chiaki&avatarId=13922", "16x16": "https://tracker.phpbb.com/secure/useravatar?size=xsmall&ownerId=ishimaru+chiaki&avatarId=13922"}, "active": true, "self": "https://tracker.phpbb.com/rest/api/2/user?username=Ishimaru+Chiaki", "displayName": "Ishimaru Chiaki", "name": "Ishimaru Chiaki"}, "author": {"key": "ishimaru chiaki", "timeZone": "America/Montreal", "avatarUrls": {"24x24": "https://tracker.phpbb.com/secure/useravatar?size=small&ownerId=ishimaru+chiaki&avatarId=13922", "32x32": "https://tracker.phpbb.com/secure/useravatar?size=medium&ownerId=ishimaru+chiaki&avatarId=13922", "48x48": "https://tracker.phpbb.com/secure/useravatar?ownerId=ishimaru+chiaki&avatarId=13922", "16x16": "https://tracker.phpbb.com/secure/useravatar?size=xsmall&ownerId=ishimaru+chiaki&avatarId=13922"}, "active": true, "self": "https://tracker.phpbb.com/rest/api/2/user?username=Ishimaru+Chiaki", "displayName": "Ishimaru Chiaki", "name": "Ishimaru Chiaki"}, "body": "Attachment wrong-number2.png has been added with description: wrong-number2.png", "created": "2011-07-11T04:00:45.000+0000", "updated": "2011-07-11T04:00:45.000+0000", "self": "https://tracker.phpbb.com/rest/api/2/issue/28966/comment/53645"}, {"id": "53643", "updateAuthor": {"key": "davidiq", "timeZone": "America/New_York", "avatarUrls": {"24x24": "https://tracker.phpbb.com/secure/useravatar?size=small&ownerId=davidiq&avatarId=12223", "32x32": "https://tracker.phpbb.com/secure/useravatar?size=medium&ownerId=davidiq&avatarId=12223", "48x48": "https://tracker.phpbb.com/secure/useravatar?ownerId=davidiq&avatarId=12223", "16x16": "https://tracker.phpbb.com/secure/useravatar?size=xsmall&ownerId=davidiq&avatarId=12223"}, "active": true, "self": "https://tracker.phpbb.com/rest/api/2/user?username=DavidIQ", "displayName": "David Col\u00f3n", "name": "DavidIQ"}, "author": {"key": "davidiq", "timeZone": "America/New_York", "avatarUrls": {"24x24": "https://tracker.phpbb.com/secure/useravatar?size=small&ownerId=davidiq&avatarId=12223", "32x32": "https://tracker.phpbb.com/secure/useravatar?size=medium&ownerId=davidiq&avatarId=12223", "48x48": "https://tracker.phpbb.com/secure/useravatar?ownerId=davidiq&avatarId=12223", "16x16": "https://tracker.phpbb.com/secure/useravatar?size=xsmall&ownerId=davidiq&avatarId=12223"}, "active": true, "self": "https://tracker.phpbb.com/rest/api/2/user?username=DavidIQ", "displayName": "David Col\u00f3n", "name": "DavidIQ"}, "body": "This is a non-issue.  You're only seeing the 3.0.9 in the drop-down because:\r\n\r\n1. it's your own style\r\n2. you're logged in\r\n\r\nOther users and guests will not see the 3.0.9 in the drop-down until your style is approved.  The same thing applies for MODs.", "created": "2011-07-11T12:58:29.000+0000", "updated": "2011-07-11T12:58:29.000+0000", "self": "https://tracker.phpbb.com/rest/api/2/issue/28966/comment/53643"}], "maxResults": 3}, "workratio": -1}, "expand": "renderedFields,names,schema,operations,editmeta,changelog,versionedRepresentations", "self": "https://tracker.phpbb.com/rest/api/2/issue/28966", "key": "CUSTDB-460"}