{"id": "28816", "fields": {"summary": "[feature] authors auto-subscribe all support and discussion topics", "customfield_10241": null, "labels": [], "description": "Hello,\nI would like to subscribe my contributions just to be informed about every new post at the discussion and support forums to give support for my MODs as soon as possible.\nBye Martin", "updated": "2010-08-26T15:33:14.000+0000", "resolution": {"id": "6", "self": "https://tracker.phpbb.com/rest/api/2/resolution/6", "description": "The reported issue is invalid.", "name": "Invalid"}, "versions": [], "created": "2010-08-26T15:33:14.000+0000", "votes": {"votes": 0, "self": "https://tracker.phpbb.com/rest/api/2/issue/CUSTDB-310/votes", "hasVoted": false}, "fixVersions": [], "customfield_10146": 62323.0, "watches": {"self": "https://tracker.phpbb.com/rest/api/2/issue/CUSTDB-310/watchers", "watchCount": 0, "isWatching": false}, "assignee": {"key": "exreaction", "timeZone": "America/Chicago", "avatarUrls": {"24x24": "https://tracker.phpbb.com/secure/useravatar?size=small&avatarId=10142", "32x32": "https://tracker.phpbb.com/secure/useravatar?size=medium&avatarId=10142", "48x48": "https://tracker.phpbb.com/secure/useravatar?avatarId=10142", "16x16": "https://tracker.phpbb.com/secure/useravatar?size=xsmall&avatarId=10142"}, "active": false, "self": "https://tracker.phpbb.com/rest/api/2/user?username=EXreaction", "displayName": "EXreaction [X]", "name": "EXreaction"}, "customfield_10040": null, "issuelinks": [], "customfield_10240": "0|i00g4n:", "project": {"id": "10046", "avatarUrls": {"24x24": "https://tracker.phpbb.com/secure/projectavatar?size=small&pid=10046&avatarId=10011", "32x32": "https://tracker.phpbb.com/secure/projectavatar?size=medium&pid=10046&avatarId=10011", "48x48": "https://tracker.phpbb.com/secure/projectavatar?pid=10046&avatarId=10011", "16x16": "https://tracker.phpbb.com/secure/projectavatar?size=xsmall&pid=10046&avatarId=10011"}, "projectCategory": {"id": "10021", "self": "https://tracker.phpbb.com/rest/api/2/projectCategory/10021", "description": "Tools released by the phpBB teams", "name": "Tools"}, "self": "https://tracker.phpbb.com/rest/api/2/project/10046", "key": "CUSTDB", "name": "Customisations Database"}, "customfield_10242": null, "priority": null, "attachment": [], "lastViewed": null, "environment": null, "status": {"id": "6", "statusCategory": {"id": 3, "self": "https://tracker.phpbb.com/rest/api/2/statuscategory/3", "key": "done", "colorName": "green", "name": "Done"}, "description": "The issue is considered finished, the resolution is correct. Issues which are closed can be reopened.", "iconUrl": "https://tracker.phpbb.com/images/icons/phpbb-closed.png", "self": "https://tracker.phpbb.com/rest/api/2/status/6", "name": "Closed"}, "subtasks": [], "duedate": null, "reporter": {"key": "martin truckenbrodt", "timeZone": "Europe/Berlin", "avatarUrls": {"24x24": "https://tracker.phpbb.com/secure/useravatar?size=small&avatarId=10142", "32x32": "https://tracker.phpbb.com/secure/useravatar?size=medium&avatarId=10142", "48x48": "https://tracker.phpbb.com/secure/useravatar?avatarId=10142", "16x16": "https://tracker.phpbb.com/secure/useravatar?size=xsmall&avatarId=10142"}, "active": false, "self": "https://tracker.phpbb.com/rest/api/2/user?username=Martin+Truckenbrodt", "displayName": "Martin Truckenbrodt [X]", "name": "Martin Truckenbrodt"}, "issuetype": {"id": "1", "subtask": false, "description": "A problem which impairs or prevents the functions of the product.", "avatarId": 12123, "iconUrl": "https://tracker.phpbb.com/secure/viewavatar?size=xsmall&avatarId=12123&avatarType=issuetype", "self": "https://tracker.phpbb.com/rest/api/2/issuetype/1", "name": "Bug"}, "customfield_10020": null, "creator": {"key": "noxwizard", "timeZone": "America/Chicago", "avatarUrls": {"24x24": "https://tracker.phpbb.com/secure/useravatar?size=small&ownerId=noxwizard&avatarId=10037", "32x32": "https://tracker.phpbb.com/secure/useravatar?size=medium&ownerId=noxwizard&avatarId=10037", "48x48": "https://tracker.phpbb.com/secure/useravatar?ownerId=noxwizard&avatarId=10037", "16x16": "https://tracker.phpbb.com/secure/useravatar?size=xsmall&ownerId=noxwizard&avatarId=10037"}, "active": true, "self": "https://tracker.phpbb.com/rest/api/2/user?username=Noxwizard", "displayName": "Patrick Webster", "name": "Noxwizard"}, "components": [], "resolutiondate": "2010-08-26T15:33:14.000+0000", "comment": {"total": 3, "startAt": 0, "comments": [{"id": "53118", "updateAuthor": {"key": "daropl", "timeZone": "UTC", "avatarUrls": {"24x24": "https://tracker.phpbb.com/secure/useravatar?size=small&avatarId=10142", "32x32": "https://tracker.phpbb.com/secure/useravatar?size=medium&avatarId=10142", "48x48": "https://tracker.phpbb.com/secure/useravatar?avatarId=10142", "16x16": "https://tracker.phpbb.com/secure/useravatar?size=xsmall&avatarId=10142"}, "active": false, "self": "https://tracker.phpbb.com/rest/api/2/user?username=daroPL", "displayName": "daroPL [X]", "name": "daroPL"}, "author": {"key": "daropl", "timeZone": "UTC", "avatarUrls": {"24x24": "https://tracker.phpbb.com/secure/useravatar?size=small&avatarId=10142", "32x32": "https://tracker.phpbb.com/secure/useravatar?size=medium&avatarId=10142", "48x48": "https://tracker.phpbb.com/secure/useravatar?avatarId=10142", "16x16": "https://tracker.phpbb.com/secure/useravatar?size=xsmall&avatarId=10142"}, "active": false, "self": "https://tracker.phpbb.com/rest/api/2/user?username=daroPL", "displayName": "daroPL [X]", "name": "daroPL"}, "body": "I think if you are a modification author you should check the the support tab as often as you can.\r\nIn my opinion we should subscribe only the most interesting topics for us, not everyone. We don't like spam, right? :)", "created": "2010-08-26T18:10:42.000+0000", "updated": "2010-08-26T18:10:42.000+0000", "self": "https://tracker.phpbb.com/rest/api/2/issue/28816/comment/53118"}, {"id": "53119", "updateAuthor": {"key": "exreaction", "timeZone": "America/Chicago", "avatarUrls": {"24x24": "https://tracker.phpbb.com/secure/useravatar?size=small&avatarId=10142", "32x32": "https://tracker.phpbb.com/secure/useravatar?size=medium&avatarId=10142", "48x48": "https://tracker.phpbb.com/secure/useravatar?avatarId=10142", "16x16": "https://tracker.phpbb.com/secure/useravatar?size=xsmall&avatarId=10142"}, "active": false, "self": "https://tracker.phpbb.com/rest/api/2/user?username=EXreaction", "displayName": "EXreaction [X]", "name": "EXreaction"}, "author": {"key": "exreaction", "timeZone": "America/Chicago", "avatarUrls": {"24x24": "https://tracker.phpbb.com/secure/useravatar?size=small&avatarId=10142", "32x32": "https://tracker.phpbb.com/secure/useravatar?size=medium&avatarId=10142", "48x48": "https://tracker.phpbb.com/secure/useravatar?avatarId=10142", "16x16": "https://tracker.phpbb.com/secure/useravatar?size=xsmall&avatarId=10142"}, "active": false, "self": "https://tracker.phpbb.com/rest/api/2/user?username=EXreaction", "displayName": "EXreaction [X]", "name": "EXreaction"}, "body": "Use the support tab in your author page", "created": "2010-08-27T01:53:17.000+0000", "updated": "2010-08-27T01:53:17.000+0000", "self": "https://tracker.phpbb.com/rest/api/2/issue/28816/comment/53119"}, {"id": "53120", "updateAuthor": {"key": "martin truckenbrodt", "timeZone": "Europe/Berlin", "avatarUrls": {"24x24": "https://tracker.phpbb.com/secure/useravatar?size=small&avatarId=10142", "32x32": "https://tracker.phpbb.com/secure/useravatar?size=medium&avatarId=10142", "48x48": "https://tracker.phpbb.com/secure/useravatar?avatarId=10142", "16x16": "https://tracker.phpbb.com/secure/useravatar?size=xsmall&avatarId=10142"}, "active": false, "self": "https://tracker.phpbb.com/rest/api/2/user?username=Martin+Truckenbrodt", "displayName": "Martin Truckenbrodt [X]", "name": "Martin Truckenbrodt"}, "author": {"key": "martin truckenbrodt", "timeZone": "Europe/Berlin", "avatarUrls": {"24x24": "https://tracker.phpbb.com/secure/useravatar?size=small&avatarId=10142", "32x32": "https://tracker.phpbb.com/secure/useravatar?size=medium&avatarId=10142", "48x48": "https://tracker.phpbb.com/secure/useravatar?avatarId=10142", "16x16": "https://tracker.phpbb.com/secure/useravatar?size=xsmall&avatarId=10142"}, "active": false, "self": "https://tracker.phpbb.com/rest/api/2/user?username=Martin+Truckenbrodt", "displayName": "Martin Truckenbrodt [X]", "name": "Martin Truckenbrodt"}, "body": "Hello daroPL,\r\nI love spam! ;)\r\nIt could be a user setting (UCP) for MOD authors.\r\nBye Martin", "created": "2010-08-27T12:56:59.000+0000", "updated": "2010-08-27T12:56:59.000+0000", "self": "https://tracker.phpbb.com/rest/api/2/issue/28816/comment/53120"}], "maxResults": 3}, "workratio": -1}, "expand": "renderedFields,names,schema,operations,editmeta,changelog,versionedRepresentations", "self": "https://tracker.phpbb.com/rest/api/2/issue/28816", "key": "CUSTDB-310"}