{"id": "29047", "fields": {"summary": "Pagination layout breaks", "customfield_10241": null, "labels": [], "description": "I noticed that the layout breaks when the pagination at the top of a forum gets long enough to push the Mark Topics text to the Search box on the left side. \n\nScreenshot attached. \n\nSee how from \"Mark Topics Read\"... through the Pagination everything gets pushed down under the search box, and the pagination buttons are smashed up against the gray Topics header bar...", "updated": "2012-07-12T18:30:29.000+0000", "resolution": {"id": "1", "self": "https://tracker.phpbb.com/rest/api/2/resolution/1", "description": "A fix for this issue is checked into the tree and tested.", "name": "Fixed"}, "versions": [], "created": "2012-07-12T18:30:29.000+0000", "votes": {"votes": 0, "self": "https://tracker.phpbb.com/rest/api/2/issue/CUSTDB-541/votes", "hasVoted": false}, "fixVersions": [], "customfield_10146": 63158.0, "watches": {"self": "https://tracker.phpbb.com/rest/api/2/issue/CUSTDB-541/watchers", "watchCount": 0, "isWatching": false}, "assignee": {"key": "prototech", "timeZone": "America/Los_Angeles", "avatarUrls": {"24x24": "https://tracker.phpbb.com/secure/useravatar?size=small&ownerId=prototech&avatarId=10050", "32x32": "https://tracker.phpbb.com/secure/useravatar?size=medium&ownerId=prototech&avatarId=10050", "48x48": "https://tracker.phpbb.com/secure/useravatar?ownerId=prototech&avatarId=10050", "16x16": "https://tracker.phpbb.com/secure/useravatar?size=xsmall&ownerId=prototech&avatarId=10050"}, "active": true, "self": "https://tracker.phpbb.com/rest/api/2/user?username=prototech", "displayName": "prototech", "name": "prototech"}, "customfield_10040": null, "issuelinks": [], "customfield_10240": "0|i00en3:", "project": {"id": "10046", "avatarUrls": {"24x24": "https://tracker.phpbb.com/secure/projectavatar?size=small&pid=10046&avatarId=10011", "32x32": "https://tracker.phpbb.com/secure/projectavatar?size=medium&pid=10046&avatarId=10011", "48x48": "https://tracker.phpbb.com/secure/projectavatar?pid=10046&avatarId=10011", "16x16": "https://tracker.phpbb.com/secure/projectavatar?size=xsmall&pid=10046&avatarId=10011"}, "projectCategory": {"id": "10021", "self": "https://tracker.phpbb.com/rest/api/2/projectCategory/10021", "description": "Tools released by the phpBB teams", "name": "Tools"}, "self": "https://tracker.phpbb.com/rest/api/2/project/10046", "key": "CUSTDB", "name": "Customisations Database"}, "customfield_10242": null, "priority": null, "attachment": [{"id": "15536", "author": {"key": "vse", "timeZone": "America/Los_Angeles", "avatarUrls": {"24x24": "https://tracker.phpbb.com/secure/useravatar?size=small&ownerId=vse&avatarId=12821", "32x32": "https://tracker.phpbb.com/secure/useravatar?size=medium&ownerId=vse&avatarId=12821", "48x48": "https://tracker.phpbb.com/secure/useravatar?ownerId=vse&avatarId=12821", "16x16": "https://tracker.phpbb.com/secure/useravatar?size=xsmall&ownerId=vse&avatarId=12821"}, "active": true, "self": "https://tracker.phpbb.com/rest/api/2/user?username=VSE", "displayName": "Matt Friedman", "name": "VSE"}, "content": "https://tracker.phpbb.com/secure/attachment/15536/Screen+Shot+2012-07-12+at+11.24.48+AM.png", "created": "2012-07-12T18:30:29.000+0000", "filename": "Screen Shot 2012-07-12 at 11.24.48 AM.png", "size": 30086, "self": "https://tracker.phpbb.com/rest/api/2/attachment/15536", "thumbnail": "https://tracker.phpbb.com/secure/thumbnail/15536/_thumb_15536.png", "mimeType": "image/png"}], "lastViewed": null, "environment": null, "status": {"id": "5", "statusCategory": {"id": 3, "self": "https://tracker.phpbb.com/rest/api/2/statuscategory/3", "key": "done", "colorName": "green", "name": "Done"}, "description": "A resolution has been taken, and it is awaiting verification by reporter. From here issues are either reopened, or are closed.", "iconUrl": "https://tracker.phpbb.com/images/icons/phpbb-unverified-fix.png", "self": "https://tracker.phpbb.com/rest/api/2/status/5", "name": "Unverified Fix"}, "subtasks": [], "duedate": null, "reporter": {"key": "vse", "timeZone": "America/Los_Angeles", "avatarUrls": {"24x24": "https://tracker.phpbb.com/secure/useravatar?size=small&ownerId=vse&avatarId=12821", "32x32": "https://tracker.phpbb.com/secure/useravatar?size=medium&ownerId=vse&avatarId=12821", "48x48": "https://tracker.phpbb.com/secure/useravatar?ownerId=vse&avatarId=12821", "16x16": "https://tracker.phpbb.com/secure/useravatar?size=xsmall&ownerId=vse&avatarId=12821"}, "active": true, "self": "https://tracker.phpbb.com/rest/api/2/user?username=VSE", "displayName": "Matt Friedman", "name": "VSE"}, "issuetype": {"id": "1", "subtask": false, "description": "A problem which impairs or prevents the functions of the product.", "avatarId": 12123, "iconUrl": "https://tracker.phpbb.com/secure/viewavatar?size=xsmall&avatarId=12123&avatarType=issuetype", "self": "https://tracker.phpbb.com/rest/api/2/issuetype/1", "name": "Bug"}, "customfield_10020": null, "creator": {"key": "noxwizard", "timeZone": "America/Chicago", "avatarUrls": {"24x24": "https://tracker.phpbb.com/secure/useravatar?size=small&ownerId=noxwizard&avatarId=10037", "32x32": "https://tracker.phpbb.com/secure/useravatar?size=medium&ownerId=noxwizard&avatarId=10037", "48x48": "https://tracker.phpbb.com/secure/useravatar?ownerId=noxwizard&avatarId=10037", "16x16": "https://tracker.phpbb.com/secure/useravatar?size=xsmall&ownerId=noxwizard&avatarId=10037"}, "active": true, "self": "https://tracker.phpbb.com/rest/api/2/user?username=Noxwizard", "displayName": "Patrick Webster", "name": "Noxwizard"}, "components": [], "resolutiondate": "2012-07-12T18:30:29.000+0000", "comment": {"total": 1, "startAt": 0, "comments": [{"id": "53874", "updateAuthor": {"key": "vse", "timeZone": "America/Los_Angeles", "avatarUrls": {"24x24": "https://tracker.phpbb.com/secure/useravatar?size=small&ownerId=vse&avatarId=12821", "32x32": "https://tracker.phpbb.com/secure/useravatar?size=medium&ownerId=vse&avatarId=12821", "48x48": "https://tracker.phpbb.com/secure/useravatar?ownerId=vse&avatarId=12821", "16x16": "https://tracker.phpbb.com/secure/useravatar?size=xsmall&ownerId=vse&avatarId=12821"}, "active": true, "self": "https://tracker.phpbb.com/rest/api/2/user?username=VSE", "displayName": "Matt Friedman", "name": "VSE"}, "author": {"key": "vse", "timeZone": "America/Los_Angeles", "avatarUrls": {"24x24": "https://tracker.phpbb.com/secure/useravatar?size=small&ownerId=vse&avatarId=12821", "32x32": "https://tracker.phpbb.com/secure/useravatar?size=medium&ownerId=vse&avatarId=12821", "48x48": "https://tracker.phpbb.com/secure/useravatar?ownerId=vse&avatarId=12821", "16x16": "https://tracker.phpbb.com/secure/useravatar?size=xsmall&ownerId=vse&avatarId=12821"}, "active": true, "self": "https://tracker.phpbb.com/rest/api/2/user?username=VSE", "displayName": "Matt Friedman", "name": "VSE"}, "body": "Attachment Screen Shot 2012-07-12 at 11.24.48 AM.png has been added with description: Screen Shot 2012-07-12 at 11.24.48 AM.png", "created": "2012-07-12T18:30:29.000+0000", "updated": "2012-07-12T18:30:29.000+0000", "self": "https://tracker.phpbb.com/rest/api/2/issue/29047/comment/53874"}], "maxResults": 1}, "workratio": -1}, "expand": "renderedFields,names,schema,operations,editmeta,changelog,versionedRepresentations", "self": "https://tracker.phpbb.com/rest/api/2/issue/29047", "key": "CUSTDB-541"}