{"id": "28879", "fields": {"summary": "Complete dump while doing a wildcard search", "customfield_10241": null, "labels": [], "description": "Did a search in the CDB for {code}*vista{code}.\n\nGot this error:\n\n[http://temp.adamreyher.com/titania-wtf.png]", "updated": "2010-11-24T23:22:53.000+0000", "resolution": {"id": "3", "self": "https://tracker.phpbb.com/rest/api/2/resolution/3", "description": "The problem is a duplicate of an existing issue.", "name": "Duplicate"}, "versions": [], "created": "2010-11-24T23:22:53.000+0000", "votes": {"votes": 0, "self": "https://tracker.phpbb.com/rest/api/2/issue/CUSTDB-373/votes", "hasVoted": false}, "fixVersions": [], "customfield_10146": 62509.0, "watches": {"self": "https://tracker.phpbb.com/rest/api/2/issue/CUSTDB-373/watchers", "watchCount": 0, "isWatching": false}, "assignee": {"key": "adamr", "timeZone": "UTC", "avatarUrls": {"24x24": "https://tracker.phpbb.com/secure/useravatar?size=small&ownerId=adamr&avatarId=10051", "32x32": "https://tracker.phpbb.com/secure/useravatar?size=medium&ownerId=adamr&avatarId=10051", "48x48": "https://tracker.phpbb.com/secure/useravatar?ownerId=adamr&avatarId=10051", "16x16": "https://tracker.phpbb.com/secure/useravatar?size=xsmall&ownerId=adamr&avatarId=10051"}, "active": true, "self": "https://tracker.phpbb.com/rest/api/2/user?username=AdamR", "displayName": "Adam Reyher", "name": "AdamR"}, "customfield_10040": null, "issuelinks": [{"id": "13740", "outwardIssue": {"id": "28785", "fields": {"summary": "Error when searching", "status": {"id": "6", "statusCategory": {"id": 3, "self": "https://tracker.phpbb.com/rest/api/2/statuscategory/3", "key": "done", "colorName": "green", "name": "Done"}, "description": "The issue is considered finished, the resolution is correct. Issues which are closed can be reopened.", "iconUrl": "https://tracker.phpbb.com/images/icons/phpbb-closed.png", "self": "https://tracker.phpbb.com/rest/api/2/status/6", "name": "Closed"}, "issuetype": {"id": "1", "subtask": false, "description": "A problem which impairs or prevents the functions of the product.", "avatarId": 12123, "iconUrl": "https://tracker.phpbb.com/secure/viewavatar?size=xsmall&avatarId=12123&avatarType=issuetype", "self": "https://tracker.phpbb.com/rest/api/2/issuetype/1", "name": "Bug"}}, "self": "https://tracker.phpbb.com/rest/api/2/issue/28785", "key": "CUSTDB-279"}, "self": "https://tracker.phpbb.com/rest/api/2/issueLink/13740", "type": {"id": "10000", "inward": "is duplicated by", "outward": "duplicates", "self": "https://tracker.phpbb.com/rest/api/2/issueLinkType/10000", "name": "Duplicate"}}], "customfield_10240": "0|i00fnj:", "project": {"id": "10046", "avatarUrls": {"24x24": "https://tracker.phpbb.com/secure/projectavatar?size=small&pid=10046&avatarId=10011", "32x32": "https://tracker.phpbb.com/secure/projectavatar?size=medium&pid=10046&avatarId=10011", "48x48": "https://tracker.phpbb.com/secure/projectavatar?pid=10046&avatarId=10011", "16x16": "https://tracker.phpbb.com/secure/projectavatar?size=xsmall&pid=10046&avatarId=10011"}, "projectCategory": {"id": "10021", "self": "https://tracker.phpbb.com/rest/api/2/projectCategory/10021", "description": "Tools released by the phpBB teams", "name": "Tools"}, "self": "https://tracker.phpbb.com/rest/api/2/project/10046", "key": "CUSTDB", "name": "Customisations Database"}, "customfield_10242": null, "priority": null, "attachment": [], "lastViewed": null, "environment": null, "status": {"id": "6", "statusCategory": {"id": 3, "self": "https://tracker.phpbb.com/rest/api/2/statuscategory/3", "key": "done", "colorName": "green", "name": "Done"}, "description": "The issue is considered finished, the resolution is correct. Issues which are closed can be reopened.", "iconUrl": "https://tracker.phpbb.com/images/icons/phpbb-closed.png", "self": "https://tracker.phpbb.com/rest/api/2/status/6", "name": "Closed"}, "subtasks": [], "duedate": null, "reporter": {"key": "adamr", "timeZone": "UTC", "avatarUrls": {"24x24": "https://tracker.phpbb.com/secure/useravatar?size=small&ownerId=adamr&avatarId=10051", "32x32": "https://tracker.phpbb.com/secure/useravatar?size=medium&ownerId=adamr&avatarId=10051", "48x48": "https://tracker.phpbb.com/secure/useravatar?ownerId=adamr&avatarId=10051", "16x16": "https://tracker.phpbb.com/secure/useravatar?size=xsmall&ownerId=adamr&avatarId=10051"}, "active": true, "self": "https://tracker.phpbb.com/rest/api/2/user?username=AdamR", "displayName": "Adam Reyher", "name": "AdamR"}, "issuetype": {"id": "1", "subtask": false, "description": "A problem which impairs or prevents the functions of the product.", "avatarId": 12123, "iconUrl": "https://tracker.phpbb.com/secure/viewavatar?size=xsmall&avatarId=12123&avatarType=issuetype", "self": "https://tracker.phpbb.com/rest/api/2/issuetype/1", "name": "Bug"}, "customfield_10020": null, "creator": {"key": "noxwizard", "timeZone": "America/Chicago", "avatarUrls": {"24x24": "https://tracker.phpbb.com/secure/useravatar?size=small&ownerId=noxwizard&avatarId=10037", "32x32": "https://tracker.phpbb.com/secure/useravatar?size=medium&ownerId=noxwizard&avatarId=10037", "48x48": "https://tracker.phpbb.com/secure/useravatar?ownerId=noxwizard&avatarId=10037", "16x16": "https://tracker.phpbb.com/secure/useravatar?size=xsmall&ownerId=noxwizard&avatarId=10037"}, "active": true, "self": "https://tracker.phpbb.com/rest/api/2/user?username=Noxwizard", "displayName": "Patrick Webster", "name": "Noxwizard"}, "components": [], "resolutiondate": "2010-11-24T23:22:53.000+0000", "comment": {"total": 0, "startAt": 0, "comments": [], "maxResults": 0}, "workratio": -1}, "expand": "renderedFields,names,schema,operations,editmeta,changelog,versionedRepresentations", "self": "https://tracker.phpbb.com/rest/api/2/issue/28879", "key": "CUSTDB-373"}