{"id": "29046", "fields": {"summary": "confirm_body.html does not exist or is empty", "customfield_10241": null, "labels": [], "description": "Got this when I tried to disapprove a post in titania:\n\nGeneral Error\n\ntemplate->_tpl_load_file(): File ./styles/prosilver/template/common/confirm_body.html does not exist or is empty\n\nBACKTRACE\n\n\nFILE: (not given by php)\nLINE: (not given by php)\nCALL: msg_handler()\n\nFILE: [ROOT]/includes/functions_template.php\nLINE: 63\nCALL: trigger_error()\n\nFILE: [ROOT]/includes/template.php\nLINE: 437\nCALL: template_compile->_tpl_load_file()\n\nFILE: [ROOT]/includes/template.php\nLINE: 224\nCALL: template->_tpl_load()\n\nFILE: [ROOT]/includes/functions.php\nLINE: 4838\nCALL: template->display()\n\nFILE: [ROOT]/includes/mcp/mcp_titania.php\nLINE: 106\nCALL: page_footer()\n\nFILE: (not given by php)\nLINE: (not given by php)\nCALL: titania_outside_page_footer()\n\nFILE: [ROOT]/includes/hooks/index.php\nLINE: 128\nCALL: call_user_func_array()\n\nFILE: /var/www/phpbb.com/website-current/customise/db/includes/core/titania.php\nLINE: 397\nCALL: phpbb_hook->call_hook()\n\nFILE: /var/www/phpbb.com/website-current/customise/db/includes/core/titania.php\nLINE: 688\nCALL: titania::page_footer()\n\nFILE: /var/www/phpbb.com/website-current/customise/db/manage/attention.php\nLINE: 177\nCALL: titania::confirm_box()\n\nFILE: [ROOT]/includes/mcp/mcp_titania.php\nLINE: 74\nCALL: include('/var/www/phpbb.com/website-current/customise/db/manage/attention.php')\n\nFILE: [ROOT]/includes/functions_module.php\nLINE: 507\nCALL: mcp_titania->main()\n\nFILE: [ROOT]/mcp.php\nLINE: 244\nCALL: p_master->load_active()", "updated": "2012-07-03T09:58:30.000+0000", "resolution": {"id": "1", "self": "https://tracker.phpbb.com/rest/api/2/resolution/1", "description": "A fix for this issue is checked into the tree and tested.", "name": "Fixed"}, "versions": [], "created": "2012-07-03T09:58:30.000+0000", "votes": {"votes": 0, "self": "https://tracker.phpbb.com/rest/api/2/issue/CUSTDB-540/votes", "hasVoted": false}, "fixVersions": [], "customfield_10146": 63151.0, "watches": {"self": "https://tracker.phpbb.com/rest/api/2/issue/CUSTDB-540/watchers", "watchCount": 0, "isWatching": false}, "assignee": {"key": "davidiq", "timeZone": "America/New_York", "avatarUrls": {"24x24": "https://tracker.phpbb.com/secure/useravatar?size=small&ownerId=davidiq&avatarId=12223", "32x32": "https://tracker.phpbb.com/secure/useravatar?size=medium&ownerId=davidiq&avatarId=12223", "48x48": "https://tracker.phpbb.com/secure/useravatar?ownerId=davidiq&avatarId=12223", "16x16": "https://tracker.phpbb.com/secure/useravatar?size=xsmall&ownerId=davidiq&avatarId=12223"}, "active": true, "self": "https://tracker.phpbb.com/rest/api/2/user?username=DavidIQ", "displayName": "David Col\u00f3n", "name": "DavidIQ"}, "customfield_10040": null, "issuelinks": [], "customfield_10240": "0|i00enb:", "project": {"id": "10046", "avatarUrls": {"24x24": "https://tracker.phpbb.com/secure/projectavatar?size=small&pid=10046&avatarId=10011", "32x32": "https://tracker.phpbb.com/secure/projectavatar?size=medium&pid=10046&avatarId=10011", "48x48": "https://tracker.phpbb.com/secure/projectavatar?pid=10046&avatarId=10011", "16x16": "https://tracker.phpbb.com/secure/projectavatar?size=xsmall&pid=10046&avatarId=10011"}, "projectCategory": {"id": "10021", "self": "https://tracker.phpbb.com/rest/api/2/projectCategory/10021", "description": "Tools released by the phpBB teams", "name": "Tools"}, "self": "https://tracker.phpbb.com/rest/api/2/project/10046", "key": "CUSTDB", "name": "Customisations Database"}, "customfield_10242": null, "priority": null, "attachment": [], "lastViewed": null, "environment": null, "status": {"id": "5", "statusCategory": {"id": 3, "self": "https://tracker.phpbb.com/rest/api/2/statuscategory/3", "key": "done", "colorName": "green", "name": "Done"}, "description": "A resolution has been taken, and it is awaiting verification by reporter. From here issues are either reopened, or are closed.", "iconUrl": "https://tracker.phpbb.com/images/icons/phpbb-unverified-fix.png", "self": "https://tracker.phpbb.com/rest/api/2/status/5", "name": "Unverified Fix"}, "subtasks": [], "duedate": null, "reporter": {"key": "marian0810", "timeZone": "Europe/Berlin", "avatarUrls": {"24x24": "https://tracker.phpbb.com/secure/useravatar?size=small&avatarId=10142", "32x32": "https://tracker.phpbb.com/secure/useravatar?size=medium&avatarId=10142", "48x48": "https://tracker.phpbb.com/secure/useravatar?avatarId=10142", "16x16": "https://tracker.phpbb.com/secure/useravatar?size=xsmall&avatarId=10142"}, "active": true, "self": "https://tracker.phpbb.com/rest/api/2/user?username=marian0810", "displayName": "marian0810", "name": "marian0810"}, "issuetype": {"id": "1", "subtask": false, "description": "A problem which impairs or prevents the functions of the product.", "avatarId": 12123, "iconUrl": "https://tracker.phpbb.com/secure/viewavatar?size=xsmall&avatarId=12123&avatarType=issuetype", "self": "https://tracker.phpbb.com/rest/api/2/issuetype/1", "name": "Bug"}, "customfield_10020": null, "creator": {"key": "noxwizard", "timeZone": "America/Chicago", "avatarUrls": {"24x24": "https://tracker.phpbb.com/secure/useravatar?size=small&ownerId=noxwizard&avatarId=10037", "32x32": "https://tracker.phpbb.com/secure/useravatar?size=medium&ownerId=noxwizard&avatarId=10037", "48x48": "https://tracker.phpbb.com/secure/useravatar?ownerId=noxwizard&avatarId=10037", "16x16": "https://tracker.phpbb.com/secure/useravatar?size=xsmall&ownerId=noxwizard&avatarId=10037"}, "active": true, "self": "https://tracker.phpbb.com/rest/api/2/user?username=Noxwizard", "displayName": "Patrick Webster", "name": "Noxwizard"}, "components": [], "resolutiondate": "2012-07-03T09:58:30.000+0000", "comment": {"total": 1, "startAt": 0, "comments": [{"id": "53873", "updateAuthor": {"key": "davidiq", "timeZone": "America/New_York", "avatarUrls": {"24x24": "https://tracker.phpbb.com/secure/useravatar?size=small&ownerId=davidiq&avatarId=12223", "32x32": "https://tracker.phpbb.com/secure/useravatar?size=medium&ownerId=davidiq&avatarId=12223", "48x48": "https://tracker.phpbb.com/secure/useravatar?ownerId=davidiq&avatarId=12223", "16x16": "https://tracker.phpbb.com/secure/useravatar?size=xsmall&ownerId=davidiq&avatarId=12223"}, "active": true, "self": "https://tracker.phpbb.com/rest/api/2/user?username=DavidIQ", "displayName": "David Col\u00f3n", "name": "DavidIQ"}, "author": {"key": "davidiq", "timeZone": "America/New_York", "avatarUrls": {"24x24": "https://tracker.phpbb.com/secure/useravatar?size=small&ownerId=davidiq&avatarId=12223", "32x32": "https://tracker.phpbb.com/secure/useravatar?size=medium&ownerId=davidiq&avatarId=12223", "48x48": "https://tracker.phpbb.com/secure/useravatar?ownerId=davidiq&avatarId=12223", "16x16": "https://tracker.phpbb.com/secure/useravatar?size=xsmall&ownerId=davidiq&avatarId=12223"}, "active": true, "self": "https://tracker.phpbb.com/rest/api/2/user?username=DavidIQ", "displayName": "David Col\u00f3n", "name": "DavidIQ"}, "body": "I physically verified the file and folder is on the server so this should be resolved.  Should you run into another issue please create a ticket.  It looked like there might be a language key missing when I tested it.", "created": "2012-07-04T00:04:36.000+0000", "updated": "2012-07-04T00:04:36.000+0000", "self": "https://tracker.phpbb.com/rest/api/2/issue/29046/comment/53873"}], "maxResults": 1}, "workratio": -1}, "expand": "renderedFields,names,schema,operations,editmeta,changelog,versionedRepresentations", "self": "https://tracker.phpbb.com/rest/api/2/issue/29046", "key": "CUSTDB-540"}