{"id": "28820", "fields": {"summary": "AutoMOD reports \"Success\" while it should say: Fail", "customfield_10241": null, "labels": [], "description": "Regarding this MOD, revision 1.0.2:\n[http://www.phpbb.com/customise/db/manage/queue/q_45691]\n\nThe extension of a file in the <copy> command is missing, so when I try to install it with AutoMOD on my testboard: \"_One or more install actions failed_\"\nBut the AutoMOD quote reports \"_3.0.7-pl1 Success_\"", "updated": "2010-08-29T19:32:27.000+0000", "resolution": {"id": "1", "self": "https://tracker.phpbb.com/rest/api/2/resolution/1", "description": "A fix for this issue is checked into the tree and tested.", "name": "Fixed"}, "versions": [], "created": "2010-08-29T19:32:27.000+0000", "votes": {"votes": 0, "self": "https://tracker.phpbb.com/rest/api/2/issue/CUSTDB-314/votes", "hasVoted": false}, "fixVersions": [], "customfield_10146": 62330.0, "watches": {"self": "https://tracker.phpbb.com/rest/api/2/issue/CUSTDB-314/watchers", "watchCount": 0, "isWatching": false}, "assignee": {"key": "elglobo", "timeZone": "UTC", "avatarUrls": {"24x24": "https://tracker.phpbb.com/secure/useravatar?size=small&avatarId=10142", "32x32": "https://tracker.phpbb.com/secure/useravatar?size=medium&avatarId=10142", "48x48": "https://tracker.phpbb.com/secure/useravatar?avatarId=10142", "16x16": "https://tracker.phpbb.com/secure/useravatar?size=xsmall&avatarId=10142"}, "active": false, "self": "https://tracker.phpbb.com/rest/api/2/user?username=Elglobo", "displayName": "Micka\u00ebl SALFATI [X]", "name": "Elglobo"}, "customfield_10040": null, "issuelinks": [], "customfield_10240": "0|i00g07:", "project": {"id": "10046", "avatarUrls": {"24x24": "https://tracker.phpbb.com/secure/projectavatar?size=small&pid=10046&avatarId=10011", "32x32": "https://tracker.phpbb.com/secure/projectavatar?size=medium&pid=10046&avatarId=10011", "48x48": "https://tracker.phpbb.com/secure/projectavatar?pid=10046&avatarId=10011", "16x16": "https://tracker.phpbb.com/secure/projectavatar?size=xsmall&pid=10046&avatarId=10011"}, "projectCategory": {"id": "10021", "self": "https://tracker.phpbb.com/rest/api/2/projectCategory/10021", "description": "Tools released by the phpBB teams", "name": "Tools"}, "self": "https://tracker.phpbb.com/rest/api/2/project/10046", "key": "CUSTDB", "name": "Customisations Database"}, "customfield_10242": null, "priority": null, "attachment": [], "lastViewed": null, "environment": null, "status": {"id": "5", "statusCategory": {"id": 3, "self": "https://tracker.phpbb.com/rest/api/2/statuscategory/3", "key": "done", "colorName": "green", "name": "Done"}, "description": "A resolution has been taken, and it is awaiting verification by reporter. From here issues are either reopened, or are closed.", "iconUrl": "https://tracker.phpbb.com/images/icons/phpbb-unverified-fix.png", "self": "https://tracker.phpbb.com/rest/api/2/status/5", "name": "Unverified Fix"}, "subtasks": [], "duedate": null, "reporter": {"key": "derky", "timeZone": "Europe/Berlin", "avatarUrls": {"24x24": "https://tracker.phpbb.com/secure/useravatar?size=small&ownerId=derky&avatarId=10061", "32x32": "https://tracker.phpbb.com/secure/useravatar?size=medium&ownerId=derky&avatarId=10061", "48x48": "https://tracker.phpbb.com/secure/useravatar?ownerId=derky&avatarId=10061", "16x16": "https://tracker.phpbb.com/secure/useravatar?size=xsmall&ownerId=derky&avatarId=10061"}, "active": true, "self": "https://tracker.phpbb.com/rest/api/2/user?username=Derky", "displayName": "Derky", "name": "Derky"}, "issuetype": {"id": "1", "subtask": false, "description": "A problem which impairs or prevents the functions of the product.", "avatarId": 12123, "iconUrl": "https://tracker.phpbb.com/secure/viewavatar?size=xsmall&avatarId=12123&avatarType=issuetype", "self": "https://tracker.phpbb.com/rest/api/2/issuetype/1", "name": "Bug"}, "customfield_10020": null, "creator": {"key": "noxwizard", "timeZone": "America/Chicago", "avatarUrls": {"24x24": "https://tracker.phpbb.com/secure/useravatar?size=small&ownerId=noxwizard&avatarId=10037", "32x32": "https://tracker.phpbb.com/secure/useravatar?size=medium&ownerId=noxwizard&avatarId=10037", "48x48": "https://tracker.phpbb.com/secure/useravatar?ownerId=noxwizard&avatarId=10037", "16x16": "https://tracker.phpbb.com/secure/useravatar?size=xsmall&ownerId=noxwizard&avatarId=10037"}, "active": true, "self": "https://tracker.phpbb.com/rest/api/2/user?username=Noxwizard", "displayName": "Patrick Webster", "name": "Noxwizard"}, "components": [], "resolutiondate": "2010-08-29T19:32:27.000+0000", "comment": {"total": 5, "startAt": 0, "comments": [{"id": "53145", "updateAuthor": {"key": "exreaction", "timeZone": "America/Chicago", "avatarUrls": {"24x24": "https://tracker.phpbb.com/secure/useravatar?size=small&avatarId=10142", "32x32": "https://tracker.phpbb.com/secure/useravatar?size=medium&avatarId=10142", "48x48": "https://tracker.phpbb.com/secure/useravatar?avatarId=10142", "16x16": "https://tracker.phpbb.com/secure/useravatar?size=xsmall&avatarId=10142"}, "active": false, "self": "https://tracker.phpbb.com/rest/api/2/user?username=EXreaction", "displayName": "EXreaction [X]", "name": "EXreaction"}, "author": {"key": "exreaction", "timeZone": "America/Chicago", "avatarUrls": {"24x24": "https://tracker.phpbb.com/secure/useravatar?size=small&avatarId=10142", "32x32": "https://tracker.phpbb.com/secure/useravatar?size=medium&avatarId=10142", "48x48": "https://tracker.phpbb.com/secure/useravatar?avatarId=10142", "16x16": "https://tracker.phpbb.com/secure/useravatar?size=xsmall&avatarId=10142"}, "active": false, "self": "https://tracker.phpbb.com/rest/api/2/user?username=EXreaction", "displayName": "EXreaction [X]", "name": "EXreaction"}, "body": "The file copy actions are probably not checked to see if they are valid.", "created": "2010-08-29T22:37:22.000+0000", "updated": "2010-08-29T22:37:22.000+0000", "self": "https://tracker.phpbb.com/rest/api/2/issue/28820/comment/53145"}, {"id": "53146", "updateAuthor": {"key": "elglobo", "timeZone": "UTC", "avatarUrls": {"24x24": "https://tracker.phpbb.com/secure/useravatar?size=small&avatarId=10142", "32x32": "https://tracker.phpbb.com/secure/useravatar?size=medium&avatarId=10142", "48x48": "https://tracker.phpbb.com/secure/useravatar?avatarId=10142", "16x16": "https://tracker.phpbb.com/secure/useravatar?size=xsmall&avatarId=10142"}, "active": false, "self": "https://tracker.phpbb.com/rest/api/2/user?username=Elglobo", "displayName": "Micka\u00ebl SALFATI [X]", "name": "Elglobo"}, "author": {"key": "elglobo", "timeZone": "UTC", "avatarUrls": {"24x24": "https://tracker.phpbb.com/secure/useravatar?size=small&avatarId=10142", "32x32": "https://tracker.phpbb.com/secure/useravatar?size=medium&avatarId=10142", "48x48": "https://tracker.phpbb.com/secure/useravatar?avatarId=10142", "16x16": "https://tracker.phpbb.com/secure/useravatar?size=xsmall&avatarId=10142"}, "active": false, "self": "https://tracker.phpbb.com/rest/api/2/user?username=Elglobo", "displayName": "Micka\u00ebl SALFATI [X]", "name": "Elglobo"}, "body": "I'm waiting automod update before modify this part ;)", "created": "2011-01-11T09:31:10.000+0000", "updated": "2011-01-11T09:31:10.000+0000", "self": "https://tracker.phpbb.com/rest/api/2/issue/28820/comment/53146"}, {"id": "53147", "updateAuthor": {"key": "elglobo", "timeZone": "UTC", "avatarUrls": {"24x24": "https://tracker.phpbb.com/secure/useravatar?size=small&avatarId=10142", "32x32": "https://tracker.phpbb.com/secure/useravatar?size=medium&avatarId=10142", "48x48": "https://tracker.phpbb.com/secure/useravatar?avatarId=10142", "16x16": "https://tracker.phpbb.com/secure/useravatar?size=xsmall&avatarId=10142"}, "active": false, "self": "https://tracker.phpbb.com/rest/api/2/user?username=Elglobo", "displayName": "Micka\u00ebl SALFATI [X]", "name": "Elglobo"}, "author": {"key": "elglobo", "timeZone": "UTC", "avatarUrls": {"24x24": "https://tracker.phpbb.com/secure/useravatar?size=small&avatarId=10142", "32x32": "https://tracker.phpbb.com/secure/useravatar?size=medium&avatarId=10142", "48x48": "https://tracker.phpbb.com/secure/useravatar?avatarId=10142", "16x16": "https://tracker.phpbb.com/secure/useravatar?size=xsmall&avatarId=10142"}, "active": false, "self": "https://tracker.phpbb.com/rest/api/2/user?username=Elglobo", "displayName": "Micka\u00ebl SALFATI [X]", "name": "Elglobo"}, "body": "Before merge MODifications in phpBB-com branch, take a look to my modifications David:\r\n\r\n[https://github.com/phpbb/customisation-db/commit/c59e79da83f4c79399ff919d9a3b37843c32b23d]\r\n\r\n[https://github.com/phpbb/customisation-db/commit/6055de6c21e2d5ac8eaa438a1fadc9739297c49a]", "created": "2011-07-07T16:10:15.000+0000", "updated": "2011-07-07T16:10:15.000+0000", "self": "https://tracker.phpbb.com/rest/api/2/issue/28820/comment/53147"}, {"id": "53148", "updateAuthor": {"key": "davidiq", "timeZone": "America/New_York", "avatarUrls": {"24x24": "https://tracker.phpbb.com/secure/useravatar?size=small&ownerId=davidiq&avatarId=12223", "32x32": "https://tracker.phpbb.com/secure/useravatar?size=medium&ownerId=davidiq&avatarId=12223", "48x48": "https://tracker.phpbb.com/secure/useravatar?ownerId=davidiq&avatarId=12223", "16x16": "https://tracker.phpbb.com/secure/useravatar?size=xsmall&ownerId=davidiq&avatarId=12223"}, "active": true, "self": "https://tracker.phpbb.com/rest/api/2/user?username=DavidIQ", "displayName": "David Col\u00f3n", "name": "DavidIQ"}, "author": {"key": "davidiq", "timeZone": "America/New_York", "avatarUrls": {"24x24": "https://tracker.phpbb.com/secure/useravatar?size=small&ownerId=davidiq&avatarId=12223", "32x32": "https://tracker.phpbb.com/secure/useravatar?size=medium&ownerId=davidiq&avatarId=12223", "48x48": "https://tracker.phpbb.com/secure/useravatar?ownerId=davidiq&avatarId=12223", "16x16": "https://tracker.phpbb.com/secure/useravatar?size=xsmall&ownerId=davidiq&avatarId=12223"}, "active": true, "self": "https://tracker.phpbb.com/rest/api/2/user?username=DavidIQ", "displayName": "David Col\u00f3n", "name": "DavidIQ"}, "body": "Looks good.  The only thing I would change is in titania/language/en/common.php lines 118 and 119.  Maybe make them \"Error(s)\" and \"No error(s)\".", "created": "2011-07-08T14:27:09.000+0000", "updated": "2011-07-08T14:27:09.000+0000", "self": "https://tracker.phpbb.com/rest/api/2/issue/28820/comment/53148"}, {"id": "53149", "updateAuthor": {"key": "elglobo", "timeZone": "UTC", "avatarUrls": {"24x24": "https://tracker.phpbb.com/secure/useravatar?size=small&avatarId=10142", "32x32": "https://tracker.phpbb.com/secure/useravatar?size=medium&avatarId=10142", "48x48": "https://tracker.phpbb.com/secure/useravatar?avatarId=10142", "16x16": "https://tracker.phpbb.com/secure/useravatar?size=xsmall&avatarId=10142"}, "active": false, "self": "https://tracker.phpbb.com/rest/api/2/user?username=Elglobo", "displayName": "Micka\u00ebl SALFATI [X]", "name": "Elglobo"}, "author": {"key": "elglobo", "timeZone": "UTC", "avatarUrls": {"24x24": "https://tracker.phpbb.com/secure/useravatar?size=small&avatarId=10142", "32x32": "https://tracker.phpbb.com/secure/useravatar?size=medium&avatarId=10142", "48x48": "https://tracker.phpbb.com/secure/useravatar?avatarId=10142", "16x16": "https://tracker.phpbb.com/secure/useravatar?size=xsmall&avatarId=10142"}, "active": false, "self": "https://tracker.phpbb.com/rest/api/2/user?username=Elglobo", "displayName": "Micka\u00ebl SALFATI [X]", "name": "Elglobo"}, "body": "Great. I'll modify line 118/119 as you stated ;)", "created": "2011-07-08T15:33:43.000+0000", "updated": "2011-07-08T15:33:43.000+0000", "self": "https://tracker.phpbb.com/rest/api/2/issue/28820/comment/53149"}], "maxResults": 5}, "workratio": -1}, "expand": "renderedFields,names,schema,operations,editmeta,changelog,versionedRepresentations", "self": "https://tracker.phpbb.com/rest/api/2/issue/28820", "key": "CUSTDB-314"}