{"id": "28725", "fields": {"summary": "UCP CDB wrapping", "customfield_10241": null, "labels": [], "description": "Styling issue.  If a mod name is longer than x characters wrapping in UCP is \"off\" (the same occurs if a users name is longer than x characters).\n\nSee attachments.\n\n..and yes I am nitpicking...again. :P", "updated": "2010-05-26T11:01:43.000+0000", "resolution": {"id": "1", "self": "https://tracker.phpbb.com/rest/api/2/resolution/1", "description": "A fix for this issue is checked into the tree and tested.", "name": "Fixed"}, "versions": [], "created": "2010-05-26T11:01:43.000+0000", "votes": {"votes": 0, "self": "https://tracker.phpbb.com/rest/api/2/issue/CUSTDB-219/votes", "hasVoted": false}, "fixVersions": [], "customfield_10146": 62097.0, "watches": {"self": "https://tracker.phpbb.com/rest/api/2/issue/CUSTDB-219/watchers", "watchCount": 0, "isWatching": false}, "assignee": {"key": "prototech", "timeZone": "America/Los_Angeles", "avatarUrls": {"24x24": "https://tracker.phpbb.com/secure/useravatar?size=small&ownerId=prototech&avatarId=10050", "32x32": "https://tracker.phpbb.com/secure/useravatar?size=medium&ownerId=prototech&avatarId=10050", "48x48": "https://tracker.phpbb.com/secure/useravatar?ownerId=prototech&avatarId=10050", "16x16": "https://tracker.phpbb.com/secure/useravatar?size=xsmall&ownerId=prototech&avatarId=10050"}, "active": true, "self": "https://tracker.phpbb.com/rest/api/2/user?username=prototech", "displayName": "prototech", "name": "prototech"}, "customfield_10040": null, "issuelinks": [], "customfield_10240": "0|i00gl3:", "project": {"id": "10046", "avatarUrls": {"24x24": "https://tracker.phpbb.com/secure/projectavatar?size=small&pid=10046&avatarId=10011", "32x32": "https://tracker.phpbb.com/secure/projectavatar?size=medium&pid=10046&avatarId=10011", "48x48": "https://tracker.phpbb.com/secure/projectavatar?pid=10046&avatarId=10011", "16x16": "https://tracker.phpbb.com/secure/projectavatar?size=xsmall&pid=10046&avatarId=10011"}, "projectCategory": {"id": "10021", "self": "https://tracker.phpbb.com/rest/api/2/projectCategory/10021", "description": "Tools released by the phpBB teams", "name": "Tools"}, "self": "https://tracker.phpbb.com/rest/api/2/project/10046", "key": "CUSTDB", "name": "Customisations Database"}, "customfield_10242": null, "priority": null, "attachment": [{"id": "15485", "author": {"key": "rmcgirr83", "timeZone": "America/New_York", "avatarUrls": {"24x24": "https://tracker.phpbb.com/secure/useravatar?size=small&ownerId=rmcgirr83&avatarId=12626", "32x32": "https://tracker.phpbb.com/secure/useravatar?size=medium&ownerId=rmcgirr83&avatarId=12626", "48x48": "https://tracker.phpbb.com/secure/useravatar?ownerId=rmcgirr83&avatarId=12626", "16x16": "https://tracker.phpbb.com/secure/useravatar?size=xsmall&ownerId=rmcgirr83&avatarId=12626"}, "active": true, "self": "https://tracker.phpbb.com/rest/api/2/user?username=RMcGirr83", "displayName": "Rich McGirr", "name": "RMcGirr83"}, "content": "https://tracker.phpbb.com/secure/attachment/15485/watched_items.jpg", "created": "2010-05-26T11:01:43.000+0000", "filename": "watched_items.jpg", "size": 107026, "self": "https://tracker.phpbb.com/rest/api/2/attachment/15485", "thumbnail": "https://tracker.phpbb.com/secure/thumbnail/15485/_thumb_15485.png", "mimeType": "image/jpeg"}, {"id": "15484", "author": {"key": "rmcgirr83", "timeZone": "America/New_York", "avatarUrls": {"24x24": "https://tracker.phpbb.com/secure/useravatar?size=small&ownerId=rmcgirr83&avatarId=12626", "32x32": "https://tracker.phpbb.com/secure/useravatar?size=medium&ownerId=rmcgirr83&avatarId=12626", "48x48": "https://tracker.phpbb.com/secure/useravatar?ownerId=rmcgirr83&avatarId=12626", "16x16": "https://tracker.phpbb.com/secure/useravatar?size=xsmall&ownerId=rmcgirr83&avatarId=12626"}, "active": true, "self": "https://tracker.phpbb.com/rest/api/2/user?username=RMcGirr83", "displayName": "Rich McGirr", "name": "RMcGirr83"}, "content": "https://tracker.phpbb.com/secure/attachment/15484/wrap.jpg", "created": "2010-05-26T11:01:43.000+0000", "filename": "wrap.jpg", "size": 55206, "self": "https://tracker.phpbb.com/rest/api/2/attachment/15484", "thumbnail": "https://tracker.phpbb.com/secure/thumbnail/15484/_thumb_15484.png", "mimeType": "image/jpeg"}], "lastViewed": null, "environment": null, "status": {"id": "5", "statusCategory": {"id": 3, "self": "https://tracker.phpbb.com/rest/api/2/statuscategory/3", "key": "done", "colorName": "green", "name": "Done"}, "description": "A resolution has been taken, and it is awaiting verification by reporter. From here issues are either reopened, or are closed.", "iconUrl": "https://tracker.phpbb.com/images/icons/phpbb-unverified-fix.png", "self": "https://tracker.phpbb.com/rest/api/2/status/5", "name": "Unverified Fix"}, "subtasks": [], "duedate": null, "reporter": {"key": "rmcgirr83", "timeZone": "America/New_York", "avatarUrls": {"24x24": "https://tracker.phpbb.com/secure/useravatar?size=small&ownerId=rmcgirr83&avatarId=12626", "32x32": "https://tracker.phpbb.com/secure/useravatar?size=medium&ownerId=rmcgirr83&avatarId=12626", "48x48": "https://tracker.phpbb.com/secure/useravatar?ownerId=rmcgirr83&avatarId=12626", "16x16": "https://tracker.phpbb.com/secure/useravatar?size=xsmall&ownerId=rmcgirr83&avatarId=12626"}, "active": true, "self": "https://tracker.phpbb.com/rest/api/2/user?username=RMcGirr83", "displayName": "Rich McGirr", "name": "RMcGirr83"}, "issuetype": {"id": "1", "subtask": false, "description": "A problem which impairs or prevents the functions of the product.", "avatarId": 12123, "iconUrl": "https://tracker.phpbb.com/secure/viewavatar?size=xsmall&avatarId=12123&avatarType=issuetype", "self": "https://tracker.phpbb.com/rest/api/2/issuetype/1", "name": "Bug"}, "customfield_10020": null, "creator": {"key": "noxwizard", "timeZone": "America/Chicago", "avatarUrls": {"24x24": "https://tracker.phpbb.com/secure/useravatar?size=small&ownerId=noxwizard&avatarId=10037", "32x32": "https://tracker.phpbb.com/secure/useravatar?size=medium&ownerId=noxwizard&avatarId=10037", "48x48": "https://tracker.phpbb.com/secure/useravatar?ownerId=noxwizard&avatarId=10037", "16x16": "https://tracker.phpbb.com/secure/useravatar?size=xsmall&ownerId=noxwizard&avatarId=10037"}, "active": true, "self": "https://tracker.phpbb.com/rest/api/2/user?username=Noxwizard", "displayName": "Patrick Webster", "name": "Noxwizard"}, "components": [], "resolutiondate": "2010-05-26T11:01:43.000+0000", "comment": {"total": 6, "startAt": 0, "comments": [{"id": "52835", "updateAuthor": {"key": "rmcgirr83", "timeZone": "America/New_York", "avatarUrls": {"24x24": "https://tracker.phpbb.com/secure/useravatar?size=small&ownerId=rmcgirr83&avatarId=12626", "32x32": "https://tracker.phpbb.com/secure/useravatar?size=medium&ownerId=rmcgirr83&avatarId=12626", "48x48": "https://tracker.phpbb.com/secure/useravatar?ownerId=rmcgirr83&avatarId=12626", "16x16": "https://tracker.phpbb.com/secure/useravatar?size=xsmall&ownerId=rmcgirr83&avatarId=12626"}, "active": true, "self": "https://tracker.phpbb.com/rest/api/2/user?username=RMcGirr83", "displayName": "Rich McGirr", "name": "RMcGirr83"}, "author": {"key": "rmcgirr83", "timeZone": "America/New_York", "avatarUrls": {"24x24": "https://tracker.phpbb.com/secure/useravatar?size=small&ownerId=rmcgirr83&avatarId=12626", "32x32": "https://tracker.phpbb.com/secure/useravatar?size=medium&ownerId=rmcgirr83&avatarId=12626", "48x48": "https://tracker.phpbb.com/secure/useravatar?ownerId=rmcgirr83&avatarId=12626", "16x16": "https://tracker.phpbb.com/secure/useravatar?size=xsmall&ownerId=rmcgirr83&avatarId=12626"}, "active": true, "self": "https://tracker.phpbb.com/rest/api/2/user?username=RMcGirr83", "displayName": "Rich McGirr", "name": "RMcGirr83"}, "body": "Attachment wrap.jpg has been added with description: wrap.jpg", "created": "2010-05-26T11:01:43.000+0000", "updated": "2010-05-26T11:01:43.000+0000", "self": "https://tracker.phpbb.com/rest/api/2/issue/28725/comment/52835"}, {"id": "52836", "updateAuthor": {"key": "rmcgirr83", "timeZone": "America/New_York", "avatarUrls": {"24x24": "https://tracker.phpbb.com/secure/useravatar?size=small&ownerId=rmcgirr83&avatarId=12626", "32x32": "https://tracker.phpbb.com/secure/useravatar?size=medium&ownerId=rmcgirr83&avatarId=12626", "48x48": "https://tracker.phpbb.com/secure/useravatar?ownerId=rmcgirr83&avatarId=12626", "16x16": "https://tracker.phpbb.com/secure/useravatar?size=xsmall&ownerId=rmcgirr83&avatarId=12626"}, "active": true, "self": "https://tracker.phpbb.com/rest/api/2/user?username=RMcGirr83", "displayName": "Rich McGirr", "name": "RMcGirr83"}, "author": {"key": "rmcgirr83", "timeZone": "America/New_York", "avatarUrls": {"24x24": "https://tracker.phpbb.com/secure/useravatar?size=small&ownerId=rmcgirr83&avatarId=12626", "32x32": "https://tracker.phpbb.com/secure/useravatar?size=medium&ownerId=rmcgirr83&avatarId=12626", "48x48": "https://tracker.phpbb.com/secure/useravatar?ownerId=rmcgirr83&avatarId=12626", "16x16": "https://tracker.phpbb.com/secure/useravatar?size=xsmall&ownerId=rmcgirr83&avatarId=12626"}, "active": true, "self": "https://tracker.phpbb.com/rest/api/2/user?username=RMcGirr83", "displayName": "Rich McGirr", "name": "RMcGirr83"}, "body": "Attachment watched_items.jpg has been added with description: watched_items.jpg", "created": "2010-05-26T11:01:43.000+0000", "updated": "2010-05-26T11:01:43.000+0000", "self": "https://tracker.phpbb.com/rest/api/2/issue/28725/comment/52836"}, {"id": "52831", "updateAuthor": {"key": "exreaction", "timeZone": "America/Chicago", "avatarUrls": {"24x24": "https://tracker.phpbb.com/secure/useravatar?size=small&avatarId=10142", "32x32": "https://tracker.phpbb.com/secure/useravatar?size=medium&avatarId=10142", "48x48": "https://tracker.phpbb.com/secure/useravatar?avatarId=10142", "16x16": "https://tracker.phpbb.com/secure/useravatar?size=xsmall&avatarId=10142"}, "active": false, "self": "https://tracker.phpbb.com/rest/api/2/user?username=EXreaction", "displayName": "EXreaction [X]", "name": "EXreaction"}, "author": {"key": "exreaction", "timeZone": "America/Chicago", "avatarUrls": {"24x24": "https://tracker.phpbb.com/secure/useravatar?size=small&avatarId=10142", "32x32": "https://tracker.phpbb.com/secure/useravatar?size=medium&avatarId=10142", "48x48": "https://tracker.phpbb.com/secure/useravatar?avatarId=10142", "16x16": "https://tracker.phpbb.com/secure/useravatar?size=xsmall&avatarId=10142"}, "active": false, "self": "https://tracker.phpbb.com/rest/api/2/user?username=EXreaction", "displayName": "EXreaction [X]", "name": "EXreaction"}, "body": "Word wrap appears to be working in those screenshots?", "created": "2010-05-26T20:26:39.000+0000", "updated": "2010-05-26T20:26:39.000+0000", "self": "https://tracker.phpbb.com/rest/api/2/issue/28725/comment/52831"}, {"id": "52832", "updateAuthor": {"key": "rmcgirr83", "timeZone": "America/New_York", "avatarUrls": {"24x24": "https://tracker.phpbb.com/secure/useravatar?size=small&ownerId=rmcgirr83&avatarId=12626", "32x32": "https://tracker.phpbb.com/secure/useravatar?size=medium&ownerId=rmcgirr83&avatarId=12626", "48x48": "https://tracker.phpbb.com/secure/useravatar?ownerId=rmcgirr83&avatarId=12626", "16x16": "https://tracker.phpbb.com/secure/useravatar?size=xsmall&ownerId=rmcgirr83&avatarId=12626"}, "active": true, "self": "https://tracker.phpbb.com/rest/api/2/user?username=RMcGirr83", "displayName": "Rich McGirr", "name": "RMcGirr83"}, "author": {"key": "rmcgirr83", "timeZone": "America/New_York", "avatarUrls": {"24x24": "https://tracker.phpbb.com/secure/useravatar?size=small&ownerId=rmcgirr83&avatarId=12626", "32x32": "https://tracker.phpbb.com/secure/useravatar?size=medium&ownerId=rmcgirr83&avatarId=12626", "48x48": "https://tracker.phpbb.com/secure/useravatar?ownerId=rmcgirr83&avatarId=12626", "16x16": "https://tracker.phpbb.com/secure/useravatar?size=xsmall&ownerId=rmcgirr83&avatarId=12626"}, "active": true, "self": "https://tracker.phpbb.com/rest/api/2/user?username=RMcGirr83", "displayName": "Rich McGirr", "name": "RMcGirr83"}, "body": "It is working...just looks \"odd\" (eg, \"watched items jpg\") look at \"unknow bliss\"  the new topic icon is on a different line and in the \"wrap jpg\" the (Discussion/Support...) thingy wraps (maybe <br /> it?).\r\n\r\nThat is what I meant by \"off\".", "created": "2010-05-26T21:00:35.000+0000", "updated": "2010-05-26T21:00:35.000+0000", "self": "https://tracker.phpbb.com/rest/api/2/issue/28725/comment/52832"}, {"id": "52833", "updateAuthor": {"key": "raimon", "timeZone": "UTC", "avatarUrls": {"24x24": "https://tracker.phpbb.com/secure/useravatar?size=small&avatarId=10142", "32x32": "https://tracker.phpbb.com/secure/useravatar?size=medium&avatarId=10142", "48x48": "https://tracker.phpbb.com/secure/useravatar?avatarId=10142", "16x16": "https://tracker.phpbb.com/secure/useravatar?size=xsmall&avatarId=10142"}, "active": true, "self": "https://tracker.phpbb.com/rest/api/2/user?username=Raimon", "displayName": "Raimon Meuldijk", "name": "Raimon"}, "author": {"key": "raimon", "timeZone": "UTC", "avatarUrls": {"24x24": "https://tracker.phpbb.com/secure/useravatar?size=small&avatarId=10142", "32x32": "https://tracker.phpbb.com/secure/useravatar?size=medium&avatarId=10142", "48x48": "https://tracker.phpbb.com/secure/useravatar?avatarId=10142", "16x16": "https://tracker.phpbb.com/secure/useravatar?size=xsmall&avatarId=10142"}, "active": true, "self": "https://tracker.phpbb.com/rest/api/2/user?username=Raimon", "displayName": "Raimon Meuldijk", "name": "Raimon"}, "body": "Should be fixed when the website is updated.", "created": "2010-06-16T21:44:11.000+0000", "updated": "2010-06-16T21:44:11.000+0000", "self": "https://tracker.phpbb.com/rest/api/2/issue/28725/comment/52833"}, {"id": "52834", "updateAuthor": {"key": "rmcgirr83", "timeZone": "America/New_York", "avatarUrls": {"24x24": "https://tracker.phpbb.com/secure/useravatar?size=small&ownerId=rmcgirr83&avatarId=12626", "32x32": "https://tracker.phpbb.com/secure/useravatar?size=medium&ownerId=rmcgirr83&avatarId=12626", "48x48": "https://tracker.phpbb.com/secure/useravatar?ownerId=rmcgirr83&avatarId=12626", "16x16": "https://tracker.phpbb.com/secure/useravatar?size=xsmall&ownerId=rmcgirr83&avatarId=12626"}, "active": true, "self": "https://tracker.phpbb.com/rest/api/2/user?username=RMcGirr83", "displayName": "Rich McGirr", "name": "RMcGirr83"}, "author": {"key": "rmcgirr83", "timeZone": "America/New_York", "avatarUrls": {"24x24": "https://tracker.phpbb.com/secure/useravatar?size=small&ownerId=rmcgirr83&avatarId=12626", "32x32": "https://tracker.phpbb.com/secure/useravatar?size=medium&ownerId=rmcgirr83&avatarId=12626", "48x48": "https://tracker.phpbb.com/secure/useravatar?ownerId=rmcgirr83&avatarId=12626", "16x16": "https://tracker.phpbb.com/secure/useravatar?size=xsmall&ownerId=rmcgirr83&avatarId=12626"}, "active": true, "self": "https://tracker.phpbb.com/rest/api/2/user?username=RMcGirr83", "displayName": "Rich McGirr", "name": "RMcGirr83"}, "body": "Thanks Raimon :)", "created": "2010-06-17T02:20:17.000+0000", "updated": "2010-06-17T02:20:17.000+0000", "self": "https://tracker.phpbb.com/rest/api/2/issue/28725/comment/52834"}], "maxResults": 6}, "workratio": -1}, "expand": "renderedFields,names,schema,operations,editmeta,changelog,versionedRepresentations", "self": "https://tracker.phpbb.com/rest/api/2/issue/28725", "key": "CUSTDB-219"}