{"id": "28893", "fields": {"summary": "Titania does not work without cookies being enabled", "customfield_10241": null, "labels": [], "description": "As per title.\nThere are several links broken when you have cookies disabled, as it gets screwed up because of the sid-param.", "updated": "2010-12-09T22:09:56.000+0000", "resolution": {"id": "1", "self": "https://tracker.phpbb.com/rest/api/2/resolution/1", "description": "A fix for this issue is checked into the tree and tested.", "name": "Fixed"}, "versions": [], "created": "2010-12-09T22:09:56.000+0000", "votes": {"votes": 0, "self": "https://tracker.phpbb.com/rest/api/2/issue/CUSTDB-387/votes", "hasVoted": false}, "fixVersions": [], "customfield_10146": 62550.0, "watches": {"self": "https://tracker.phpbb.com/rest/api/2/issue/CUSTDB-387/watchers", "watchCount": 0, "isWatching": false}, "assignee": {"key": "nickvergessen", "timeZone": "Europe/Berlin", "avatarUrls": {"24x24": "https://tracker.phpbb.com/secure/useravatar?size=small&ownerId=nickvergessen&avatarId=10038", "32x32": "https://tracker.phpbb.com/secure/useravatar?size=medium&ownerId=nickvergessen&avatarId=10038", "48x48": "https://tracker.phpbb.com/secure/useravatar?ownerId=nickvergessen&avatarId=10038", "16x16": "https://tracker.phpbb.com/secure/useravatar?size=xsmall&ownerId=nickvergessen&avatarId=10038"}, "active": true, "self": "https://tracker.phpbb.com/rest/api/2/user?username=nickvergessen", "displayName": "Joas Schilling", "name": "nickvergessen"}, "customfield_10040": null, "issuelinks": [], "customfield_10240": "0|i00flz:", "project": {"id": "10046", "avatarUrls": {"24x24": "https://tracker.phpbb.com/secure/projectavatar?size=small&pid=10046&avatarId=10011", "32x32": "https://tracker.phpbb.com/secure/projectavatar?size=medium&pid=10046&avatarId=10011", "48x48": "https://tracker.phpbb.com/secure/projectavatar?pid=10046&avatarId=10011", "16x16": "https://tracker.phpbb.com/secure/projectavatar?size=xsmall&pid=10046&avatarId=10011"}, "projectCategory": {"id": "10021", "self": "https://tracker.phpbb.com/rest/api/2/projectCategory/10021", "description": "Tools released by the phpBB teams", "name": "Tools"}, "self": "https://tracker.phpbb.com/rest/api/2/project/10046", "key": "CUSTDB", "name": "Customisations Database"}, "customfield_10242": null, "priority": null, "attachment": [], "lastViewed": null, "environment": null, "status": {"id": "5", "statusCategory": {"id": 3, "self": "https://tracker.phpbb.com/rest/api/2/statuscategory/3", "key": "done", "colorName": "green", "name": "Done"}, "description": "A resolution has been taken, and it is awaiting verification by reporter. From here issues are either reopened, or are closed.", "iconUrl": "https://tracker.phpbb.com/images/icons/phpbb-unverified-fix.png", "self": "https://tracker.phpbb.com/rest/api/2/status/5", "name": "Unverified Fix"}, "subtasks": [], "duedate": null, "reporter": {"key": "nickvergessen", "timeZone": "Europe/Berlin", "avatarUrls": {"24x24": "https://tracker.phpbb.com/secure/useravatar?size=small&ownerId=nickvergessen&avatarId=10038", "32x32": "https://tracker.phpbb.com/secure/useravatar?size=medium&ownerId=nickvergessen&avatarId=10038", "48x48": "https://tracker.phpbb.com/secure/useravatar?ownerId=nickvergessen&avatarId=10038", "16x16": "https://tracker.phpbb.com/secure/useravatar?size=xsmall&ownerId=nickvergessen&avatarId=10038"}, "active": true, "self": "https://tracker.phpbb.com/rest/api/2/user?username=nickvergessen", "displayName": "Joas Schilling", "name": "nickvergessen"}, "issuetype": {"id": "1", "subtask": false, "description": "A problem which impairs or prevents the functions of the product.", "avatarId": 12123, "iconUrl": "https://tracker.phpbb.com/secure/viewavatar?size=xsmall&avatarId=12123&avatarType=issuetype", "self": "https://tracker.phpbb.com/rest/api/2/issuetype/1", "name": "Bug"}, "customfield_10020": null, "creator": {"key": "noxwizard", "timeZone": "America/Chicago", "avatarUrls": {"24x24": "https://tracker.phpbb.com/secure/useravatar?size=small&ownerId=noxwizard&avatarId=10037", "32x32": "https://tracker.phpbb.com/secure/useravatar?size=medium&ownerId=noxwizard&avatarId=10037", "48x48": "https://tracker.phpbb.com/secure/useravatar?ownerId=noxwizard&avatarId=10037", "16x16": "https://tracker.phpbb.com/secure/useravatar?size=xsmall&ownerId=noxwizard&avatarId=10037"}, "active": true, "self": "https://tracker.phpbb.com/rest/api/2/user?username=Noxwizard", "displayName": "Patrick Webster", "name": "Noxwizard"}, "components": [], "resolutiondate": "2010-12-09T22:09:56.000+0000", "comment": {"total": 2, "startAt": 0, "comments": [{"id": "53364", "updateAuthor": {"key": "nickvergessen", "timeZone": "Europe/Berlin", "avatarUrls": {"24x24": "https://tracker.phpbb.com/secure/useravatar?size=small&ownerId=nickvergessen&avatarId=10038", "32x32": "https://tracker.phpbb.com/secure/useravatar?size=medium&ownerId=nickvergessen&avatarId=10038", "48x48": "https://tracker.phpbb.com/secure/useravatar?ownerId=nickvergessen&avatarId=10038", "16x16": "https://tracker.phpbb.com/secure/useravatar?size=xsmall&ownerId=nickvergessen&avatarId=10038"}, "active": true, "self": "https://tracker.phpbb.com/rest/api/2/user?username=nickvergessen", "displayName": "Joas Schilling", "name": "nickvergessen"}, "author": {"key": "nickvergessen", "timeZone": "Europe/Berlin", "avatarUrls": {"24x24": "https://tracker.phpbb.com/secure/useravatar?size=small&ownerId=nickvergessen&avatarId=10038", "32x32": "https://tracker.phpbb.com/secure/useravatar?size=medium&ownerId=nickvergessen&avatarId=10038", "48x48": "https://tracker.phpbb.com/secure/useravatar?ownerId=nickvergessen&avatarId=10038", "16x16": "https://tracker.phpbb.com/secure/useravatar?size=xsmall&ownerId=nickvergessen&avatarId=10038"}, "active": true, "self": "https://tracker.phpbb.com/rest/api/2/user?username=nickvergessen", "displayName": "Joas Schilling", "name": "nickvergessen"}, "body": "[https://github.com/phpbb/customisation-db/pull/23]", "created": "2010-12-10T14:03:29.000+0000", "updated": "2010-12-10T14:03:29.000+0000", "self": "https://tracker.phpbb.com/rest/api/2/issue/28893/comment/53364"}, {"id": "53365", "updateAuthor": {"key": "davidiq", "timeZone": "America/New_York", "avatarUrls": {"24x24": "https://tracker.phpbb.com/secure/useravatar?size=small&ownerId=davidiq&avatarId=12223", "32x32": "https://tracker.phpbb.com/secure/useravatar?size=medium&ownerId=davidiq&avatarId=12223", "48x48": "https://tracker.phpbb.com/secure/useravatar?ownerId=davidiq&avatarId=12223", "16x16": "https://tracker.phpbb.com/secure/useravatar?size=xsmall&ownerId=davidiq&avatarId=12223"}, "active": true, "self": "https://tracker.phpbb.com/rest/api/2/user?username=DavidIQ", "displayName": "David Col\u00f3n", "name": "DavidIQ"}, "author": {"key": "davidiq", "timeZone": "America/New_York", "avatarUrls": {"24x24": "https://tracker.phpbb.com/secure/useravatar?size=small&ownerId=davidiq&avatarId=12223", "32x32": "https://tracker.phpbb.com/secure/useravatar?size=medium&ownerId=davidiq&avatarId=12223", "48x48": "https://tracker.phpbb.com/secure/useravatar?ownerId=davidiq&avatarId=12223", "16x16": "https://tracker.phpbb.com/secure/useravatar?size=xsmall&ownerId=davidiq&avatarId=12223"}, "active": true, "self": "https://tracker.phpbb.com/rest/api/2/user?username=DavidIQ", "displayName": "David Col\u00f3n", "name": "DavidIQ"}, "body": "Merged with .com", "created": "2010-12-22T04:45:32.000+0000", "updated": "2010-12-22T04:45:32.000+0000", "self": "https://tracker.phpbb.com/rest/api/2/issue/28893/comment/53365"}], "maxResults": 2}, "workratio": -1}, "expand": "renderedFields,names,schema,operations,editmeta,changelog,versionedRepresentations", "self": "https://tracker.phpbb.com/rest/api/2/issue/28893", "key": "CUSTDB-387"}