{"id": "28668", "fields": {"summary": "New MODs/Styles RSS Feeds are Broken", "customfield_10241": null, "labels": [], "description": "I've subscribed to the (Ariel) RSS feeds but they disappeard since Titania is implemented:\n\n[http://www.phpbb.com/styles/db/feeds/rss/new/]\n[http://www.phpbb.com/mods/db/feeds/rss/new/]", "updated": "2010-05-08T09:11:31.000+0000", "resolution": {"id": "3", "self": "https://tracker.phpbb.com/rest/api/2/resolution/3", "description": "The problem is a duplicate of an existing issue.", "name": "Duplicate"}, "versions": [], "created": "2010-05-08T09:11:31.000+0000", "votes": {"votes": 0, "self": "https://tracker.phpbb.com/rest/api/2/issue/CUSTDB-162/votes", "hasVoted": false}, "fixVersions": [], "customfield_10146": 62016.0, "watches": {"self": "https://tracker.phpbb.com/rest/api/2/issue/CUSTDB-162/watchers", "watchCount": 0, "isWatching": false}, "assignee": {"key": "exreaction", "timeZone": "America/Chicago", "avatarUrls": {"24x24": "https://tracker.phpbb.com/secure/useravatar?size=small&avatarId=10142", "32x32": "https://tracker.phpbb.com/secure/useravatar?size=medium&avatarId=10142", "48x48": "https://tracker.phpbb.com/secure/useravatar?avatarId=10142", "16x16": "https://tracker.phpbb.com/secure/useravatar?size=xsmall&avatarId=10142"}, "active": false, "self": "https://tracker.phpbb.com/rest/api/2/user?username=EXreaction", "displayName": "EXreaction [X]", "name": "EXreaction"}, "customfield_10040": null, "issuelinks": [{"id": "13730", "outwardIssue": {"id": "28637", "fields": {"summary": "[Feature] Newest mods and feed", "status": {"id": "6", "statusCategory": {"id": 3, "self": "https://tracker.phpbb.com/rest/api/2/statuscategory/3", "key": "done", "colorName": "green", "name": "Done"}, "description": "The issue is considered finished, the resolution is correct. Issues which are closed can be reopened.", "iconUrl": "https://tracker.phpbb.com/images/icons/phpbb-closed.png", "self": "https://tracker.phpbb.com/rest/api/2/status/6", "name": "Closed"}, "issuetype": {"id": "1", "subtask": false, "description": "A problem which impairs or prevents the functions of the product.", "avatarId": 12123, "iconUrl": "https://tracker.phpbb.com/secure/viewavatar?size=xsmall&avatarId=12123&avatarType=issuetype", "self": "https://tracker.phpbb.com/rest/api/2/issuetype/1", "name": "Bug"}}, "self": "https://tracker.phpbb.com/rest/api/2/issue/28637", "key": "CUSTDB-131"}, "self": "https://tracker.phpbb.com/rest/api/2/issueLink/13730", "type": {"id": "10000", "inward": "is duplicated by", "outward": "duplicates", "self": "https://tracker.phpbb.com/rest/api/2/issueLinkType/10000", "name": "Duplicate"}}], "customfield_10240": "0|i00gxb:", "project": {"id": "10046", "avatarUrls": {"24x24": "https://tracker.phpbb.com/secure/projectavatar?size=small&pid=10046&avatarId=10011", "32x32": "https://tracker.phpbb.com/secure/projectavatar?size=medium&pid=10046&avatarId=10011", "48x48": "https://tracker.phpbb.com/secure/projectavatar?pid=10046&avatarId=10011", "16x16": "https://tracker.phpbb.com/secure/projectavatar?size=xsmall&pid=10046&avatarId=10011"}, "projectCategory": {"id": "10021", "self": "https://tracker.phpbb.com/rest/api/2/projectCategory/10021", "description": "Tools released by the phpBB teams", "name": "Tools"}, "self": "https://tracker.phpbb.com/rest/api/2/project/10046", "key": "CUSTDB", "name": "Customisations Database"}, "customfield_10242": null, "priority": null, "attachment": [], "lastViewed": null, "environment": null, "status": {"id": "6", "statusCategory": {"id": 3, "self": "https://tracker.phpbb.com/rest/api/2/statuscategory/3", "key": "done", "colorName": "green", "name": "Done"}, "description": "The issue is considered finished, the resolution is correct. Issues which are closed can be reopened.", "iconUrl": "https://tracker.phpbb.com/images/icons/phpbb-closed.png", "self": "https://tracker.phpbb.com/rest/api/2/status/6", "name": "Closed"}, "subtasks": [], "duedate": null, "reporter": {"key": "derky", "timeZone": "Europe/Berlin", "avatarUrls": {"24x24": "https://tracker.phpbb.com/secure/useravatar?size=small&ownerId=derky&avatarId=10061", "32x32": "https://tracker.phpbb.com/secure/useravatar?size=medium&ownerId=derky&avatarId=10061", "48x48": "https://tracker.phpbb.com/secure/useravatar?ownerId=derky&avatarId=10061", "16x16": "https://tracker.phpbb.com/secure/useravatar?size=xsmall&ownerId=derky&avatarId=10061"}, "active": true, "self": "https://tracker.phpbb.com/rest/api/2/user?username=Derky", "displayName": "Derky", "name": "Derky"}, "issuetype": {"id": "1", "subtask": false, "description": "A problem which impairs or prevents the functions of the product.", "avatarId": 12123, "iconUrl": "https://tracker.phpbb.com/secure/viewavatar?size=xsmall&avatarId=12123&avatarType=issuetype", "self": "https://tracker.phpbb.com/rest/api/2/issuetype/1", "name": "Bug"}, "customfield_10020": null, "creator": {"key": "noxwizard", "timeZone": "America/Chicago", "avatarUrls": {"24x24": "https://tracker.phpbb.com/secure/useravatar?size=small&ownerId=noxwizard&avatarId=10037", "32x32": "https://tracker.phpbb.com/secure/useravatar?size=medium&ownerId=noxwizard&avatarId=10037", "48x48": "https://tracker.phpbb.com/secure/useravatar?ownerId=noxwizard&avatarId=10037", "16x16": "https://tracker.phpbb.com/secure/useravatar?size=xsmall&ownerId=noxwizard&avatarId=10037"}, "active": true, "self": "https://tracker.phpbb.com/rest/api/2/user?username=Noxwizard", "displayName": "Patrick Webster", "name": "Noxwizard"}, "components": [], "resolutiondate": "2010-05-08T09:11:31.000+0000", "comment": {"total": 0, "startAt": 0, "comments": [], "maxResults": 0}, "workratio": -1}, "expand": "renderedFields,names,schema,operations,editmeta,changelog,versionedRepresentations", "self": "https://tracker.phpbb.com/rest/api/2/issue/28668", "key": "CUSTDB-162"}