{"id": "28745", "fields": {"summary": "Download links in queue topics contains SID", "customfield_10241": null, "labels": [], "description": "On the queue topics (the one that post contrib information into a topic into our queue forum) contains URLs with SID, the complete queue topic was this:\n\n{code}\n[b]Style name[/b]: Bluedrop proSE\n[b]Author:[/b] [url=http://www.phpbb.com/customise/db/author/ameisez/sid_3a53e35f69295387957790e5102c4d60]ameisez[/url]\n[b]Style description[/b]: This is a quick modified Blue Prosilver SE merge with a CSS MENU MAKER pull down menu\n\n[url=http://ameisez.littlegraffyx.com/styles/bluedrop_pro_se_1.0.0.zip]DOWNLOAD LINK[/url]\n[b]Style version[/b]: 1.0.0\n\n[b]Download file[/b]: [url=http://www.phpbb.com/customise/db/download/id_75286-sid_3a53e35f69295387957790e5102c4d60]bluedrop_pro_se_1.0.0.zip[/url]\n[b]File size:[/b] 242799 Bytes\n\n[url=http://www.phpbb.com/customise/db/style/bluedrop_prose/support/validation_discussion_%96_bluedrop_prose-t_84537-sid_3a53e35f69295387957790e5102c4d60]Queue Discussion Topic[/url]\n\nRepacking Allowed\n\n[quote=\"ameisez\"]My first attempt to submit a style.\n\nAny suggestion/tip is highly appreciated.  :D \n\nthanks[/quote]\n\nhttp://www.phpbb.com/customise/db/manage/queue/q_45365-validation_%96_bluedrop_prose_%96_1.0.0-t_84538-p_182326-sid_3a53e35f69295387957790e5102c4d60#p182326\n{code}", "updated": "2010-06-13T20:08:07.000+0000", "resolution": {"id": "1", "self": "https://tracker.phpbb.com/rest/api/2/resolution/1", "description": "A fix for this issue is checked into the tree and tested.", "name": "Fixed"}, "versions": [], "created": "2010-06-13T20:08:07.000+0000", "votes": {"votes": 0, "self": "https://tracker.phpbb.com/rest/api/2/issue/CUSTDB-239/votes", "hasVoted": false}, "fixVersions": [], "customfield_10146": 62148.0, "watches": {"self": "https://tracker.phpbb.com/rest/api/2/issue/CUSTDB-239/watchers", "watchCount": 0, "isWatching": false}, "assignee": {"key": "exreaction", "timeZone": "America/Chicago", "avatarUrls": {"24x24": "https://tracker.phpbb.com/secure/useravatar?size=small&avatarId=10142", "32x32": "https://tracker.phpbb.com/secure/useravatar?size=medium&avatarId=10142", "48x48": "https://tracker.phpbb.com/secure/useravatar?avatarId=10142", "16x16": "https://tracker.phpbb.com/secure/useravatar?size=xsmall&avatarId=10142"}, "active": false, "self": "https://tracker.phpbb.com/rest/api/2/user?username=EXreaction", "displayName": "EXreaction [X]", "name": "EXreaction"}, "customfield_10040": null, "issuelinks": [], "customfield_10240": "0|i00ggv:", "project": {"id": "10046", "avatarUrls": {"24x24": "https://tracker.phpbb.com/secure/projectavatar?size=small&pid=10046&avatarId=10011", "32x32": "https://tracker.phpbb.com/secure/projectavatar?size=medium&pid=10046&avatarId=10011", "48x48": "https://tracker.phpbb.com/secure/projectavatar?pid=10046&avatarId=10011", "16x16": "https://tracker.phpbb.com/secure/projectavatar?size=xsmall&pid=10046&avatarId=10011"}, "projectCategory": {"id": "10021", "self": "https://tracker.phpbb.com/rest/api/2/projectCategory/10021", "description": "Tools released by the phpBB teams", "name": "Tools"}, "self": "https://tracker.phpbb.com/rest/api/2/project/10046", "key": "CUSTDB", "name": "Customisations Database"}, "customfield_10242": null, "priority": null, "attachment": [], "lastViewed": null, "environment": null, "status": {"id": "5", "statusCategory": {"id": 3, "self": "https://tracker.phpbb.com/rest/api/2/statuscategory/3", "key": "done", "colorName": "green", "name": "Done"}, "description": "A resolution has been taken, and it is awaiting verification by reporter. From here issues are either reopened, or are closed.", "iconUrl": "https://tracker.phpbb.com/images/icons/phpbb-unverified-fix.png", "self": "https://tracker.phpbb.com/rest/api/2/status/5", "name": "Unverified Fix"}, "subtasks": [], "duedate": null, "reporter": {"key": "raimon", "timeZone": "UTC", "avatarUrls": {"24x24": "https://tracker.phpbb.com/secure/useravatar?size=small&avatarId=10142", "32x32": "https://tracker.phpbb.com/secure/useravatar?size=medium&avatarId=10142", "48x48": "https://tracker.phpbb.com/secure/useravatar?avatarId=10142", "16x16": "https://tracker.phpbb.com/secure/useravatar?size=xsmall&avatarId=10142"}, "active": true, "self": "https://tracker.phpbb.com/rest/api/2/user?username=Raimon", "displayName": "Raimon Meuldijk", "name": "Raimon"}, "issuetype": {"id": "1", "subtask": false, "description": "A problem which impairs or prevents the functions of the product.", "avatarId": 12123, "iconUrl": "https://tracker.phpbb.com/secure/viewavatar?size=xsmall&avatarId=12123&avatarType=issuetype", "self": "https://tracker.phpbb.com/rest/api/2/issuetype/1", "name": "Bug"}, "customfield_10020": null, "creator": {"key": "noxwizard", "timeZone": "America/Chicago", "avatarUrls": {"24x24": "https://tracker.phpbb.com/secure/useravatar?size=small&ownerId=noxwizard&avatarId=10037", "32x32": "https://tracker.phpbb.com/secure/useravatar?size=medium&ownerId=noxwizard&avatarId=10037", "48x48": "https://tracker.phpbb.com/secure/useravatar?ownerId=noxwizard&avatarId=10037", "16x16": "https://tracker.phpbb.com/secure/useravatar?size=xsmall&ownerId=noxwizard&avatarId=10037"}, "active": true, "self": "https://tracker.phpbb.com/rest/api/2/user?username=Noxwizard", "displayName": "Patrick Webster", "name": "Noxwizard"}, "components": [], "resolutiondate": "2010-06-13T20:08:07.000+0000", "comment": {"total": 0, "startAt": 0, "comments": [], "maxResults": 0}, "workratio": -1}, "expand": "renderedFields,names,schema,operations,editmeta,changelog,versionedRepresentations", "self": "https://tracker.phpbb.com/rest/api/2/issue/28745", "key": "CUSTDB-239"}