{"id": "28667", "fields": {"summary": "\"All support topics\" page shows topics which doesn't exist", "customfield_10241": null, "labels": [], "description": "The \"All support topics\" page shows posts which doesn't exist. Maybe the whole contribution is deleted or something, but I think they shouldn't be showed there.\n\nExample: [http://www.phpbb.com/customise/db/mod/member_list_permission_detail/support/no_support-t_83385]", "updated": "2010-05-07T13:34:58.000+0000", "resolution": {"id": "1", "self": "https://tracker.phpbb.com/rest/api/2/resolution/1", "description": "A fix for this issue is checked into the tree and tested.", "name": "Fixed"}, "versions": [], "created": "2010-05-07T13:34:58.000+0000", "votes": {"votes": 0, "self": "https://tracker.phpbb.com/rest/api/2/issue/CUSTDB-161/votes", "hasVoted": false}, "fixVersions": [], "customfield_10146": 62013.0, "watches": {"self": "https://tracker.phpbb.com/rest/api/2/issue/CUSTDB-161/watchers", "watchCount": 0, "isWatching": false}, "assignee": {"key": "exreaction", "timeZone": "America/Chicago", "avatarUrls": {"24x24": "https://tracker.phpbb.com/secure/useravatar?size=small&avatarId=10142", "32x32": "https://tracker.phpbb.com/secure/useravatar?size=medium&avatarId=10142", "48x48": "https://tracker.phpbb.com/secure/useravatar?avatarId=10142", "16x16": "https://tracker.phpbb.com/secure/useravatar?size=xsmall&avatarId=10142"}, "active": false, "self": "https://tracker.phpbb.com/rest/api/2/user?username=EXreaction", "displayName": "EXreaction [X]", "name": "EXreaction"}, "customfield_10040": null, "issuelinks": [{"id": "13748", "inwardIssue": {"id": "28671", "fields": {"summary": "The contribution you requested could not be found", "status": {"id": "6", "statusCategory": {"id": 3, "self": "https://tracker.phpbb.com/rest/api/2/statuscategory/3", "key": "done", "colorName": "green", "name": "Done"}, "description": "The issue is considered finished, the resolution is correct. Issues which are closed can be reopened.", "iconUrl": "https://tracker.phpbb.com/images/icons/phpbb-closed.png", "self": "https://tracker.phpbb.com/rest/api/2/status/6", "name": "Closed"}, "issuetype": {"id": "1", "subtask": false, "description": "A problem which impairs or prevents the functions of the product.", "avatarId": 12123, "iconUrl": "https://tracker.phpbb.com/secure/viewavatar?size=xsmall&avatarId=12123&avatarType=issuetype", "self": "https://tracker.phpbb.com/rest/api/2/issuetype/1", "name": "Bug"}}, "self": "https://tracker.phpbb.com/rest/api/2/issue/28671", "key": "CUSTDB-165"}, "self": "https://tracker.phpbb.com/rest/api/2/issueLink/13748", "type": {"id": "10000", "inward": "is duplicated by", "outward": "duplicates", "self": "https://tracker.phpbb.com/rest/api/2/issueLinkType/10000", "name": "Duplicate"}}], "customfield_10240": "0|i00gxr:", "project": {"id": "10046", "avatarUrls": {"24x24": "https://tracker.phpbb.com/secure/projectavatar?size=small&pid=10046&avatarId=10011", "32x32": "https://tracker.phpbb.com/secure/projectavatar?size=medium&pid=10046&avatarId=10011", "48x48": "https://tracker.phpbb.com/secure/projectavatar?pid=10046&avatarId=10011", "16x16": "https://tracker.phpbb.com/secure/projectavatar?size=xsmall&pid=10046&avatarId=10011"}, "projectCategory": {"id": "10021", "self": "https://tracker.phpbb.com/rest/api/2/projectCategory/10021", "description": "Tools released by the phpBB teams", "name": "Tools"}, "self": "https://tracker.phpbb.com/rest/api/2/project/10046", "key": "CUSTDB", "name": "Customisations Database"}, "customfield_10242": null, "priority": null, "attachment": [], "lastViewed": null, "environment": null, "status": {"id": "5", "statusCategory": {"id": 3, "self": "https://tracker.phpbb.com/rest/api/2/statuscategory/3", "key": "done", "colorName": "green", "name": "Done"}, "description": "A resolution has been taken, and it is awaiting verification by reporter. From here issues are either reopened, or are closed.", "iconUrl": "https://tracker.phpbb.com/images/icons/phpbb-unverified-fix.png", "self": "https://tracker.phpbb.com/rest/api/2/status/5", "name": "Unverified Fix"}, "subtasks": [], "duedate": null, "reporter": {"key": "jeroen b", "timeZone": "UTC", "avatarUrls": {"24x24": "https://tracker.phpbb.com/secure/useravatar?size=small&avatarId=10142", "32x32": "https://tracker.phpbb.com/secure/useravatar?size=medium&avatarId=10142", "48x48": "https://tracker.phpbb.com/secure/useravatar?avatarId=10142", "16x16": "https://tracker.phpbb.com/secure/useravatar?size=xsmall&avatarId=10142"}, "active": false, "self": "https://tracker.phpbb.com/rest/api/2/user?username=Jeroen+B", "displayName": "Jeroen B [X]", "name": "Jeroen B"}, "issuetype": {"id": "1", "subtask": false, "description": "A problem which impairs or prevents the functions of the product.", "avatarId": 12123, "iconUrl": "https://tracker.phpbb.com/secure/viewavatar?size=xsmall&avatarId=12123&avatarType=issuetype", "self": "https://tracker.phpbb.com/rest/api/2/issuetype/1", "name": "Bug"}, "customfield_10020": null, "creator": {"key": "noxwizard", "timeZone": "America/Chicago", "avatarUrls": {"24x24": "https://tracker.phpbb.com/secure/useravatar?size=small&ownerId=noxwizard&avatarId=10037", "32x32": "https://tracker.phpbb.com/secure/useravatar?size=medium&ownerId=noxwizard&avatarId=10037", "48x48": "https://tracker.phpbb.com/secure/useravatar?ownerId=noxwizard&avatarId=10037", "16x16": "https://tracker.phpbb.com/secure/useravatar?size=xsmall&ownerId=noxwizard&avatarId=10037"}, "active": true, "self": "https://tracker.phpbb.com/rest/api/2/user?username=Noxwizard", "displayName": "Patrick Webster", "name": "Noxwizard"}, "components": [], "resolutiondate": "2010-05-07T13:34:58.000+0000", "comment": {"total": 4, "startAt": 0, "comments": [{"id": "52689", "updateAuthor": {"key": "davidiq", "timeZone": "America/New_York", "avatarUrls": {"24x24": "https://tracker.phpbb.com/secure/useravatar?size=small&ownerId=davidiq&avatarId=12223", "32x32": "https://tracker.phpbb.com/secure/useravatar?size=medium&ownerId=davidiq&avatarId=12223", "48x48": "https://tracker.phpbb.com/secure/useravatar?ownerId=davidiq&avatarId=12223", "16x16": "https://tracker.phpbb.com/secure/useravatar?size=xsmall&ownerId=davidiq&avatarId=12223"}, "active": true, "self": "https://tracker.phpbb.com/rest/api/2/user?username=DavidIQ", "displayName": "David Col\u00f3n", "name": "DavidIQ"}, "author": {"key": "davidiq", "timeZone": "America/New_York", "avatarUrls": {"24x24": "https://tracker.phpbb.com/secure/useravatar?size=small&ownerId=davidiq&avatarId=12223", "32x32": "https://tracker.phpbb.com/secure/useravatar?size=medium&ownerId=davidiq&avatarId=12223", "48x48": "https://tracker.phpbb.com/secure/useravatar?ownerId=davidiq&avatarId=12223", "16x16": "https://tracker.phpbb.com/secure/useravatar?size=xsmall&ownerId=davidiq&avatarId=12223"}, "active": true, "self": "https://tracker.phpbb.com/rest/api/2/user?username=DavidIQ", "displayName": "David Col\u00f3n", "name": "DavidIQ"}, "body": "A cleaned contribution...shouldn't be showing :P", "created": "2010-05-07T13:46:28.000+0000", "updated": "2010-05-07T13:46:28.000+0000", "self": "https://tracker.phpbb.com/rest/api/2/issue/28667/comment/52689"}, {"id": "52690", "updateAuthor": {"key": "rmcgirr83", "timeZone": "America/New_York", "avatarUrls": {"24x24": "https://tracker.phpbb.com/secure/useravatar?size=small&ownerId=rmcgirr83&avatarId=12626", "32x32": "https://tracker.phpbb.com/secure/useravatar?size=medium&ownerId=rmcgirr83&avatarId=12626", "48x48": "https://tracker.phpbb.com/secure/useravatar?ownerId=rmcgirr83&avatarId=12626", "16x16": "https://tracker.phpbb.com/secure/useravatar?size=xsmall&ownerId=rmcgirr83&avatarId=12626"}, "active": true, "self": "https://tracker.phpbb.com/rest/api/2/user?username=RMcGirr83", "displayName": "Rich McGirr", "name": "RMcGirr83"}, "author": {"key": "rmcgirr83", "timeZone": "America/New_York", "avatarUrls": {"24x24": "https://tracker.phpbb.com/secure/useravatar?size=small&ownerId=rmcgirr83&avatarId=12626", "32x32": "https://tracker.phpbb.com/secure/useravatar?size=medium&ownerId=rmcgirr83&avatarId=12626", "48x48": "https://tracker.phpbb.com/secure/useravatar?ownerId=rmcgirr83&avatarId=12626", "16x16": "https://tracker.phpbb.com/secure/useravatar?size=xsmall&ownerId=rmcgirr83&avatarId=12626"}, "active": true, "self": "https://tracker.phpbb.com/rest/api/2/user?username=RMcGirr83", "displayName": "Rich McGirr", "name": "RMcGirr83"}, "body": "I think they do exist because if you do a search on the author name, results will be shown so they must exist somewhere.", "created": "2010-05-08T13:19:38.000+0000", "updated": "2010-05-08T13:19:38.000+0000", "self": "https://tracker.phpbb.com/rest/api/2/issue/28667/comment/52690"}, {"id": "52691", "updateAuthor": {"key": "davidiq", "timeZone": "America/New_York", "avatarUrls": {"24x24": "https://tracker.phpbb.com/secure/useravatar?size=small&ownerId=davidiq&avatarId=12223", "32x32": "https://tracker.phpbb.com/secure/useravatar?size=medium&ownerId=davidiq&avatarId=12223", "48x48": "https://tracker.phpbb.com/secure/useravatar?ownerId=davidiq&avatarId=12223", "16x16": "https://tracker.phpbb.com/secure/useravatar?size=xsmall&ownerId=davidiq&avatarId=12223"}, "active": true, "self": "https://tracker.phpbb.com/rest/api/2/user?username=DavidIQ", "displayName": "David Col\u00f3n", "name": "DavidIQ"}, "author": {"key": "davidiq", "timeZone": "America/New_York", "avatarUrls": {"24x24": "https://tracker.phpbb.com/secure/useravatar?size=small&ownerId=davidiq&avatarId=12223", "32x32": "https://tracker.phpbb.com/secure/useravatar?size=medium&ownerId=davidiq&avatarId=12223", "48x48": "https://tracker.phpbb.com/secure/useravatar?ownerId=davidiq&avatarId=12223", "16x16": "https://tracker.phpbb.com/secure/useravatar?size=xsmall&ownerId=davidiq&avatarId=12223"}, "active": true, "self": "https://tracker.phpbb.com/rest/api/2/user?username=DavidIQ", "displayName": "David Col\u00f3n", "name": "DavidIQ"}, "body": "They do.  The all support topics page wasn't meant for the public so no attention was given to the styling and if or if not the user had team access.  That is really what needs to be correcte here since that post is in a MOD that was marked as hidden.", "created": "2010-05-08T13:27:29.000+0000", "updated": "2010-05-08T13:27:29.000+0000", "self": "https://tracker.phpbb.com/rest/api/2/issue/28667/comment/52691"}, {"id": "52692", "updateAuthor": {"key": "exreaction", "timeZone": "America/Chicago", "avatarUrls": {"24x24": "https://tracker.phpbb.com/secure/useravatar?size=small&avatarId=10142", "32x32": "https://tracker.phpbb.com/secure/useravatar?size=medium&avatarId=10142", "48x48": "https://tracker.phpbb.com/secure/useravatar?avatarId=10142", "16x16": "https://tracker.phpbb.com/secure/useravatar?size=xsmall&avatarId=10142"}, "active": false, "self": "https://tracker.phpbb.com/rest/api/2/user?username=EXreaction", "displayName": "EXreaction [X]", "name": "EXreaction"}, "author": {"key": "exreaction", "timeZone": "America/Chicago", "avatarUrls": {"24x24": "https://tracker.phpbb.com/secure/useravatar?size=small&avatarId=10142", "32x32": "https://tracker.phpbb.com/secure/useravatar?size=medium&avatarId=10142", "48x48": "https://tracker.phpbb.com/secure/useravatar?avatarId=10142", "16x16": "https://tracker.phpbb.com/secure/useravatar?size=xsmall&avatarId=10142"}, "active": false, "self": "https://tracker.phpbb.com/rest/api/2/user?username=EXreaction", "displayName": "EXreaction [X]", "name": "EXreaction"}, "body": "This should be fixed now that we've changed the contribution status settings", "created": "2010-05-22T00:38:29.000+0000", "updated": "2010-05-22T00:38:29.000+0000", "self": "https://tracker.phpbb.com/rest/api/2/issue/28667/comment/52692"}], "maxResults": 4}, "workratio": -1}, "expand": "renderedFields,names,schema,operations,editmeta,changelog,versionedRepresentations", "self": "https://tracker.phpbb.com/rest/api/2/issue/28667", "key": "CUSTDB-161"}