<?xml version="1.0" encoding="UTF-8" standalone="yes"?>
<transitions>
    <transition oldVersion="1351045548.sql" newVersion="1351980856.sql"/>
    <transition oldVersion="1351980856.sql" newVersion="1351982341.sql"/>
    <transition oldVersion="1351982341.sql" newVersion="1351987071.sql"/>
    <transition oldVersion="1351987071.sql" newVersion="1352065982.sql"/>
    <transition oldVersion="1352065982.sql" newVersion="1352138542.sql">
        <deletion type="UpdateTable">
            <table>
                <name>pages</name>
                <primaryKey>
                    <mode>0</mode>
                </primaryKey>
                <foreignKey/>
            </table>
            <attribute>
                <name>template</name>
                <type>VARCHAR(160)</type>
                <isKey>false</isKey>
            </attribute>
        </deletion>
        <deletion type="UpdateTable">
            <table>
                <name>posts</name>
                <primaryKey>
                    <mode>0</mode>
                </primaryKey>
                <foreignKey/>
            </table>
            <attribute>
                <name>template</name>
                <type>VARCHAR(150)</type>
                <isKey>false</isKey>
            </attribute>
        </deletion>
    </transition>
    <transition oldVersion="1352138542.sql" newVersion="1352149491.sql">
        <update type="TypeChange">
            <table>
                <name>pages</name>
                <primaryKey>
                    <mode>0</mode>
                </primaryKey>
                <foreignKey/>
            </table>
            <attribute>
                <name>redirect</name>
                <type>TEXT</type>
                <isKey>false</isKey>
            </attribute>
        </update>
        <insertion type="UpdateTable">
            <table>
                <name>posts</name>
                <primaryKey>
                    <mode>0</mode>
                </primaryKey>
                <foreignKey/>
            </table>
            <attribute>
                <name>css</name>
                <type>TEXT</type>
                <isKey>false</isKey>
            </attribute>
            <attribute>
                <name>js</name>
                <type>TEXT</type>
                <isKey>false</isKey>
            </attribute>
        </insertion>
    </transition>
    <transition oldVersion="1352149491.sql" newVersion="1352326840.sql"/>
    <transition oldVersion="1352326840.sql" newVersion="1361359984.sql">
        <deletion type="UpdateTable">
            <table>
                <name>sessions</name>
                <primaryKey>
                    <mode>0</mode>
                </primaryKey>
                <foreignKey/>
            </table>
            <attribute>
                <name>date</name>
                <type>DATETIME</type>
                <isKey>false</isKey>
            </attribute>
        </deletion>
        <insertion type="UpdateTable">
            <table>
                <name>sessions</name>
                <primaryKey>
                    <mode>0</mode>
                </primaryKey>
                <foreignKey/>
            </table>
            <attribute>
                <name>expire</name>
                <type>INT(10)</type>
                <isKey>false</isKey>
            </attribute>
        </insertion>
    </transition>
    <transition oldVersion="1361359984.sql" newVersion="1361567707.sql">
        <deletion type="DeleteTable">
            <table>
                <name>categories</name>
                <primaryKey>
                    <mode>0</mode>
                </primaryKey>
                <foreignKey/>
            </table>
            <attribute>
                <name>description</name>
                <type>TEXT</type>
                <isKey>false</isKey>
            </attribute>
            <attribute>
                <name>id</name>
                <type>INT(6)</type>
                <isKey>false</isKey>
            </attribute>
            <attribute>
                <name>slug</name>
                <type>VARCHAR(40)</type>
                <isKey>false</isKey>
            </attribute>
            <attribute>
                <name>title</name>
                <type>VARCHAR(150)</type>
                <isKey>false</isKey>
            </attribute>
        </deletion>
        <deletion type="DeleteTable">
            <table>
                <name>comments</name>
                <primaryKey>
                    <mode>0</mode>
                </primaryKey>
                <foreignKey/>
            </table>
            <attribute>
                <name>date</name>
                <type>DATETIME</type>
                <isKey>false</isKey>
            </attribute>
            <attribute>
                <name>email</name>
                <type>VARCHAR(140)</type>
                <isKey>false</isKey>
            </attribute>
            <attribute>
                <name>id</name>
                <type>INT(6)</type>
                <isKey>false</isKey>
            </attribute>
            <attribute>
                <name>name</name>
                <type>VARCHAR(140)</type>
                <isKey>false</isKey>
            </attribute>
            <attribute>
                <name>post</name>
                <type>INT(6)</type>
                <isKey>false</isKey>
            </attribute>
            <attribute>
                <name>status</name>
                <type>ENUM('PENDING','APPROVED','SPAM')</type>
                <isKey>false</isKey>
            </attribute>
            <attribute>
                <name>text</name>
                <type>TEXT</type>
                <isKey>false</isKey>
            </attribute>
        </deletion>
        <deletion type="DeleteTable">
            <table>
                <name>extend</name>
                <primaryKey>
                    <mode>0</mode>
                </primaryKey>
                <foreignKey/>
            </table>
            <attribute>
                <name>attributes</name>
                <type>TEXT</type>
                <isKey>false</isKey>
            </attribute>
            <attribute>
                <name>field</name>
                <type>ENUM('TEXT','HTML','IMAGE','FILE')</type>
                <isKey>false</isKey>
            </attribute>
            <attribute>
                <name>id</name>
                <type>INT(6)</type>
                <isKey>false</isKey>
            </attribute>
            <attribute>
                <name>key</name>
                <type>VARCHAR(160)</type>
                <isKey>false</isKey>
            </attribute>
            <attribute>
                <name>label</name>
                <type>VARCHAR(160)</type>
                <isKey>false</isKey>
            </attribute>
            <attribute>
                <name>type</name>
                <type>ENUM('POST','PAGE')</type>
                <isKey>false</isKey>
            </attribute>
        </deletion>
        <deletion type="DeleteTable">
            <table>
                <name>meta</name>
                <primaryKey>
                    <mode>0</mode>
                </primaryKey>
                <foreignKey/>
            </table>
            <attribute>
                <name>key</name>
                <type>VARCHAR(140)</type>
                <isKey>false</isKey>
            </attribute>
            <attribute>
                <name>value</name>
                <type>TEXT</type>
                <isKey>false</isKey>
            </attribute>
        </deletion>
        <deletion type="DeleteTable">
            <table>
                <name>page_meta</name>
                <primaryKey>
                    <mode>0</mode>
                </primaryKey>
                <foreignKey/>
            </table>
            <attribute>
                <name>data</name>
                <type>TEXT</type>
                <isKey>false</isKey>
            </attribute>
            <attribute>
                <name>extend</name>
                <type>INT(6)</type>
                <isKey>false</isKey>
            </attribute>
            <attribute>
                <name>id</name>
                <type>INT(6)</type>
                <isKey>false</isKey>
            </attribute>
            <attribute>
                <name>page</name>
                <type>INT(6)</type>
                <isKey>false</isKey>
            </attribute>
        </deletion>
        <deletion type="DeleteTable">
            <table>
                <name>pages</name>
                <primaryKey>
                    <mode>0</mode>
                </primaryKey>
                <foreignKey/>
            </table>
            <attribute>
                <name>content</name>
                <type>TEXT</type>
                <isKey>false</isKey>
            </attribute>
            <attribute>
                <name>id</name>
                <type>INT(6)</type>
                <isKey>false</isKey>
            </attribute>
            <attribute>
                <name>name</name>
                <type>VARCHAR(64)</type>
                <isKey>false</isKey>
            </attribute>
            <attribute>
                <name>redirect</name>
                <type>TEXT</type>
                <isKey>false</isKey>
            </attribute>
            <attribute>
                <name>slug</name>
                <type>VARCHAR(150)</type>
                <isKey>false</isKey>
            </attribute>
            <attribute>
                <name>status</name>
                <type>ENUM('DRAFT','PUBLISHED','ARCHIVED')</type>
                <isKey>false</isKey>
            </attribute>
            <attribute>
                <name>title</name>
                <type>VARCHAR(150)</type>
                <isKey>false</isKey>
            </attribute>
        </deletion>
        <deletion type="DeleteTable">
            <table>
                <name>post_meta</name>
                <primaryKey>
                    <mode>0</mode>
                </primaryKey>
                <foreignKey/>
            </table>
            <attribute>
                <name>data</name>
                <type>TEXT</type>
                <isKey>false</isKey>
            </attribute>
            <attribute>
                <name>extend</name>
                <type>INT(6)</type>
                <isKey>false</isKey>
            </attribute>
            <attribute>
                <name>id</name>
                <type>INT(6)</type>
                <isKey>false</isKey>
            </attribute>
            <attribute>
                <name>post</name>
                <type>INT(6)</type>
                <isKey>false</isKey>
            </attribute>
        </deletion>
        <deletion type="DeleteTable">
            <table>
                <name>posts</name>
                <primaryKey>
                    <mode>0</mode>
                </primaryKey>
                <foreignKey/>
            </table>
            <attribute>
                <name>author</name>
                <type>INT(6)</type>
                <isKey>false</isKey>
            </attribute>
            <attribute>
                <name>category</name>
                <type>INT(6)</type>
                <isKey>false</isKey>
            </attribute>
            <attribute>
                <name>comments</name>
                <type>TINYINT(1)</type>
                <isKey>false</isKey>
            </attribute>
            <attribute>
                <name>created</name>
                <type>DATETIME</type>
                <isKey>false</isKey>
            </attribute>
            <attribute>
                <name>css</name>
                <type>TEXT</type>
                <isKey>false</isKey>
            </attribute>
            <attribute>
                <name>description</name>
                <type>TEXT</type>
                <isKey>false</isKey>
            </attribute>
            <attribute>
                <name>html</name>
                <type>TEXT</type>
                <isKey>false</isKey>
            </attribute>
            <attribute>
                <name>id</name>
                <type>INT(6)</type>
                <isKey>false</isKey>
            </attribute>
            <attribute>
                <name>js</name>
                <type>TEXT</type>
                <isKey>false</isKey>
            </attribute>
            <attribute>
                <name>slug</name>
                <type>VARCHAR(150)</type>
                <isKey>false</isKey>
            </attribute>
            <attribute>
                <name>status</name>
                <type>ENUM('DRAFT','PUBLISHED','ARCHIVED')</type>
                <isKey>false</isKey>
            </attribute>
            <attribute>
                <name>title</name>
                <type>VARCHAR(150)</type>
                <isKey>false</isKey>
            </attribute>
        </deletion>
        <deletion type="DeleteTable">
            <table>
                <name>sessions</name>
                <primaryKey>
                    <mode>0</mode>
                </primaryKey>
                <foreignKey/>
            </table>
            <attribute>
                <name>data</name>
                <type>TEXT</type>
                <isKey>false</isKey>
            </attribute>
            <attribute>
                <name>expire</name>
                <type>INT(10)</type>
                <isKey>false</isKey>
            </attribute>
            <attribute>
                <name>id</name>
                <type>CHAR(32)</type>
                <isKey>false</isKey>
            </attribute>
        </deletion>
        <deletion type="DeleteTable">
            <table>
                <name>users</name>
                <primaryKey>
                    <mode>0</mode>
                </primaryKey>
                <foreignKey/>
            </table>
            <attribute>
                <name>bio</name>
                <type>TEXT</type>
                <isKey>false</isKey>
            </attribute>
            <attribute>
                <name>email</name>
                <type>VARCHAR(140)</type>
                <isKey>false</isKey>
            </attribute>
            <attribute>
                <name>id</name>
                <type>INT(6)</type>
                <isKey>false</isKey>
            </attribute>
            <attribute>
                <name>password</name>
                <type>TEXT</type>
                <isKey>false</isKey>
            </attribute>
            <attribute>
                <name>real_name</name>
                <type>VARCHAR(140)</type>
                <isKey>false</isKey>
            </attribute>
            <attribute>
                <name>role</name>
                <type>ENUM('ADMINISTRATOR','EDITOR','USER')</type>
                <isKey>false</isKey>
            </attribute>
            <attribute>
                <name>status</name>
                <type>ENUM('INACTIVE','ACTIVE')</type>
                <isKey>false</isKey>
            </attribute>
            <attribute>
                <name>username</name>
                <type>VARCHAR(100)</type>
                <isKey>false</isKey>
            </attribute>
        </deletion>
        <insertion type="NewTable">
            <table>
                <name>{{prefix}}categories</name>
                <primaryKey>
                    <mode>0</mode>
                </primaryKey>
                <foreignKey/>
            </table>
            <attribute>
                <name>description</name>
                <type>TEXT</type>
                <isKey>false</isKey>
            </attribute>
            <attribute>
                <name>id</name>
                <type>INT(6)</type>
                <isKey>false</isKey>
            </attribute>
            <attribute>
                <name>slug</name>
                <type>VARCHAR(40)</type>
                <isKey>false</isKey>
            </attribute>
            <attribute>
                <name>title</name>
                <type>VARCHAR(150)</type>
                <isKey>false</isKey>
            </attribute>
        </insertion>
        <insertion type="NewTable">
            <table>
                <name>{{prefix}}comments</name>
                <primaryKey>
                    <mode>0</mode>
                </primaryKey>
                <foreignKey/>
            </table>
            <attribute>
                <name>date</name>
                <type>DATETIME</type>
                <isKey>false</isKey>
            </attribute>
            <attribute>
                <name>email</name>
                <type>VARCHAR(140)</type>
                <isKey>false</isKey>
            </attribute>
            <attribute>
                <name>id</name>
                <type>INT(6)</type>
                <isKey>false</isKey>
            </attribute>
            <attribute>
                <name>name</name>
                <type>VARCHAR(140)</type>
                <isKey>false</isKey>
            </attribute>
            <attribute>
                <name>post</name>
                <type>INT(6)</type>
                <isKey>false</isKey>
            </attribute>
            <attribute>
                <name>status</name>
                <type>ENUM('PENDING','APPROVED','SPAM')</type>
                <isKey>false</isKey>
            </attribute>
            <attribute>
                <name>text</name>
                <type>TEXT</type>
                <isKey>false</isKey>
            </attribute>
        </insertion>
        <insertion type="NewTable">
            <table>
                <name>{{prefix}}extend</name>
                <primaryKey>
                    <mode>0</mode>
                </primaryKey>
                <foreignKey/>
            </table>
            <attribute>
                <name>attributes</name>
                <type>TEXT</type>
                <isKey>false</isKey>
            </attribute>
            <attribute>
                <name>field</name>
                <type>ENUM('TEXT','HTML','IMAGE','FILE')</type>
                <isKey>false</isKey>
            </attribute>
            <attribute>
                <name>id</name>
                <type>INT(6)</type>
                <isKey>false</isKey>
            </attribute>
            <attribute>
                <name>key</name>
                <type>VARCHAR(160)</type>
                <isKey>false</isKey>
            </attribute>
            <attribute>
                <name>label</name>
                <type>VARCHAR(160)</type>
                <isKey>false</isKey>
            </attribute>
            <attribute>
                <name>type</name>
                <type>ENUM('POST','PAGE')</type>
                <isKey>false</isKey>
            </attribute>
        </insertion>
        <insertion type="NewTable">
            <table>
                <name>{{prefix}}meta</name>
                <primaryKey>
                    <mode>0</mode>
                </primaryKey>
                <foreignKey/>
            </table>
            <attribute>
                <name>key</name>
                <type>VARCHAR(140)</type>
                <isKey>false</isKey>
            </attribute>
            <attribute>
                <name>value</name>
                <type>TEXT</type>
                <isKey>false</isKey>
            </attribute>
        </insertion>
        <insertion type="NewTable">
            <table>
                <name>{{prefix}}page_meta</name>
                <primaryKey>
                    <mode>0</mode>
                </primaryKey>
                <foreignKey/>
            </table>
            <attribute>
                <name>data</name>
                <type>TEXT</type>
                <isKey>false</isKey>
            </attribute>
            <attribute>
                <name>extend</name>
                <type>INT(6)</type>
                <isKey>false</isKey>
            </attribute>
            <attribute>
                <name>id</name>
                <type>INT(6)</type>
                <isKey>false</isKey>
            </attribute>
            <attribute>
                <name>page</name>
                <type>INT(6)</type>
                <isKey>false</isKey>
            </attribute>
        </insertion>
        <insertion type="NewTable">
            <table>
                <name>{{prefix}}pages</name>
                <primaryKey>
                    <mode>0</mode>
                </primaryKey>
                <foreignKey/>
            </table>
            <attribute>
                <name>content</name>
                <type>TEXT</type>
                <isKey>false</isKey>
            </attribute>
            <attribute>
                <name>id</name>
                <type>INT(6)</type>
                <isKey>false</isKey>
            </attribute>
            <attribute>
                <name>name</name>
                <type>VARCHAR(64)</type>
                <isKey>false</isKey>
            </attribute>
            <attribute>
                <name>redirect</name>
                <type>TEXT</type>
                <isKey>false</isKey>
            </attribute>
            <attribute>
                <name>slug</name>
                <type>VARCHAR(150)</type>
                <isKey>false</isKey>
            </attribute>
            <attribute>
                <name>status</name>
                <type>ENUM('DRAFT','PUBLISHED','ARCHIVED')</type>
                <isKey>false</isKey>
            </attribute>
            <attribute>
                <name>title</name>
                <type>VARCHAR(150)</type>
                <isKey>false</isKey>
            </attribute>
        </insertion>
        <insertion type="NewTable">
            <table>
                <name>{{prefix}}post_meta</name>
                <primaryKey>
                    <mode>0</mode>
                </primaryKey>
                <foreignKey/>
            </table>
            <attribute>
                <name>data</name>
                <type>TEXT</type>
                <isKey>false</isKey>
            </attribute>
            <attribute>
                <name>extend</name>
                <type>INT(6)</type>
                <isKey>false</isKey>
            </attribute>
            <attribute>
                <name>id</name>
                <type>INT(6)</type>
                <isKey>false</isKey>
            </attribute>
            <attribute>
                <name>post</name>
                <type>INT(6)</type>
                <isKey>false</isKey>
            </attribute>
        </insertion>
        <insertion type="NewTable">
            <table>
                <name>{{prefix}}posts</name>
                <primaryKey>
                    <mode>0</mode>
                </primaryKey>
                <foreignKey/>
            </table>
            <attribute>
                <name>author</name>
                <type>INT(6)</type>
                <isKey>false</isKey>
            </attribute>
            <attribute>
                <name>category</name>
                <type>INT(6)</type>
                <isKey>false</isKey>
            </attribute>
            <attribute>
                <name>comments</name>
                <type>TINYINT(1)</type>
                <isKey>false</isKey>
            </attribute>
            <attribute>
                <name>created</name>
                <type>DATETIME</type>
                <isKey>false</isKey>
            </attribute>
            <attribute>
                <name>css</name>
                <type>TEXT</type>
                <isKey>false</isKey>
            </attribute>
            <attribute>
                <name>description</name>
                <type>TEXT</type>
                <isKey>false</isKey>
            </attribute>
            <attribute>
                <name>html</name>
                <type>TEXT</type>
                <isKey>false</isKey>
            </attribute>
            <attribute>
                <name>id</name>
                <type>INT(6)</type>
                <isKey>false</isKey>
            </attribute>
            <attribute>
                <name>js</name>
                <type>TEXT</type>
                <isKey>false</isKey>
            </attribute>
            <attribute>
                <name>slug</name>
                <type>VARCHAR(150)</type>
                <isKey>false</isKey>
            </attribute>
            <attribute>
                <name>status</name>
                <type>ENUM('DRAFT','PUBLISHED','ARCHIVED')</type>
                <isKey>false</isKey>
            </attribute>
            <attribute>
                <name>title</name>
                <type>VARCHAR(150)</type>
                <isKey>false</isKey>
            </attribute>
        </insertion>
        <insertion type="NewTable">
            <table>
                <name>{{prefix}}sessions</name>
                <primaryKey>
                    <mode>0</mode>
                </primaryKey>
                <foreignKey/>
            </table>
            <attribute>
                <name>data</name>
                <type>TEXT</type>
                <isKey>false</isKey>
            </attribute>
            <attribute>
                <name>expire</name>
                <type>INT(10)</type>
                <isKey>false</isKey>
            </attribute>
            <attribute>
                <name>id</name>
                <type>CHAR(32)</type>
                <isKey>false</isKey>
            </attribute>
        </insertion>
        <insertion type="NewTable">
            <table>
                <name>{{prefix}}users</name>
                <primaryKey>
                    <mode>0</mode>
                </primaryKey>
                <foreignKey/>
            </table>
            <attribute>
                <name>bio</name>
                <type>TEXT</type>
                <isKey>false</isKey>
            </attribute>
            <attribute>
                <name>email</name>
                <type>VARCHAR(140)</type>
                <isKey>false</isKey>
            </attribute>
            <attribute>
                <name>id</name>
                <type>INT(6)</type>
                <isKey>false</isKey>
            </attribute>
            <attribute>
                <name>password</name>
                <type>TEXT</type>
                <isKey>false</isKey>
            </attribute>
            <attribute>
                <name>real_name</name>
                <type>VARCHAR(140)</type>
                <isKey>false</isKey>
            </attribute>
            <attribute>
                <name>role</name>
                <type>ENUM('ADMINISTRATOR','EDITOR','USER')</type>
                <isKey>false</isKey>
            </attribute>
            <attribute>
                <name>status</name>
                <type>ENUM('INACTIVE','ACTIVE')</type>
                <isKey>false</isKey>
            </attribute>
            <attribute>
                <name>username</name>
                <type>VARCHAR(100)</type>
                <isKey>false</isKey>
            </attribute>
        </insertion>
    </transition>
    <transition oldVersion="1361567707.sql" newVersion="1362521005.sql">
        <insertion type="UpdateTable">
            <table>
                <name>{{prefix}}pages</name>
                <primaryKey>
                    <mode>0</mode>
                </primaryKey>
                <foreignKey/>
            </table>
            <attribute>
                <name>menu_order</name>
                <type>INT(4)</type>
                <isKey>false</isKey>
            </attribute>
            <attribute>
                <name>show_in_menu</name>
                <type>TINYINT(1)</type>
                <isKey>false</isKey>
            </attribute>
        </insertion>
    </transition>
    <transition oldVersion="1362521005.sql" newVersion="1363622213.sql"/>
    <transition oldVersion="1363622213.sql" newVersion="1387126223.sql"/>
    <transition oldVersion="1387126223.sql" newVersion="1429020946.sql">
        <update type="TypeChange">
            <table>
                <name>{{prefix}}extend</name>
                <primaryKey>
                    <mode>0</mode>
                </primaryKey>
                <foreignKey/>
            </table>
            <attribute>
                <name>type</name>
                <type>ENUM('POST','PAGE','USER')</type>
                <isKey>false</isKey>
            </attribute>
        </update>
    </transition>
    <transition oldVersion="1429020946.sql" newVersion="1440288870.sql"/>
    <transition oldVersion="1440288870.sql" newVersion="1456446634.sql"/>
    <transition oldVersion="1456446634.sql" newVersion="1482802705.sql">
        <update type="TypeChange">
            <table>
                <name>{{prefix}}extend</name>
                <primaryKey>
                    <mode>0</mode>
                </primaryKey>
                <foreignKey/>
            </table>
            <attribute>
                <name>field</name>
                <type>ENUM('TEXT','HTML','IMAGE','FILE','TOGGLE')</type>
                <isKey>false</isKey>
            </attribute>
        </update>
    </transition>
</transitions>
