<?xml version="1.0" encoding="UTF-8" standalone="yes"?>
<transitions>
    <transition oldVersion="1379671688.sql" newVersion="1438613277.sql"/>
    <transition oldVersion="1438613277.sql" newVersion="1438613666.sql">
        <deletion type="UpdateTable">
            <table>
                <name>tx_tevlabel_labels</name>
                <primaryKey>
                    <mode>0</mode>
                </primaryKey>
                <foreignKey/>
            </table>
            <attribute>
                <name>front_end</name>
                <type>TINYINT(4)</type>
                <isKey>true</isKey>
            </attribute>
        </deletion>
        <update type="KeyChange">
            <table>
                <name>tx_tevlabel_labels</name>
                <primaryKey>
                    <mode>0</mode>
                </primaryKey>
                <foreignKey/>
            </table>
            <attribute>
                <name>label_value</name>
                <type>TEXT</type>
                <isKey>true</isKey>
            </attribute>
        </update>
    </transition>
    <transition oldVersion="1438613666.sql" newVersion="1438718022.sql">
        <insertion type="NewTable">
            <table>
                <name>tx_tevlabel_domain_model_label</name>
                <primaryKey>
                    <mode>0</mode>
                </primaryKey>
                <foreignKey/>
            </table>
            <attribute>
                <name>crdate</name>
                <type>INT(11)</type>
                <isKey>false</isKey>
            </attribute>
            <attribute>
                <name>cruser_id</name>
                <type>INT(11)</type>
                <isKey>false</isKey>
            </attribute>
            <attribute>
                <name>deleted</name>
                <type>TINYINT(4)</type>
                <isKey>false</isKey>
            </attribute>
            <attribute>
                <name>hidden</name>
                <type>TINYINT(4)</type>
                <isKey>false</isKey>
            </attribute>
            <attribute>
                <name>label_key</name>
                <type>TINYTEXT</type>
                <isKey>false</isKey>
            </attribute>
            <attribute>
                <name>label_value</name>
                <type>TEXT</type>
                <isKey>true</isKey>
            </attribute>
            <attribute>
                <name>pid</name>
                <type>INT(11)</type>
                <isKey>false</isKey>
            </attribute>
            <attribute>
                <name>tstamp</name>
                <type>INT(11)</type>
                <isKey>false</isKey>
            </attribute>
            <attribute>
                <name>uid</name>
                <type>INT(11)</type>
                <isKey>false</isKey>
            </attribute>
        </insertion>
        <deletion type="DeleteTable">
            <table>
                <name>tx_tevlabel_labels</name>
                <primaryKey>
                    <mode>0</mode>
                </primaryKey>
                <foreignKey/>
            </table>
            <attribute>
                <name>crdate</name>
                <type>INT(11)</type>
                <isKey>false</isKey>
            </attribute>
            <attribute>
                <name>cruser_id</name>
                <type>INT(11)</type>
                <isKey>false</isKey>
            </attribute>
            <attribute>
                <name>deleted</name>
                <type>TINYINT(4)</type>
                <isKey>false</isKey>
            </attribute>
            <attribute>
                <name>hidden</name>
                <type>TINYINT(4)</type>
                <isKey>false</isKey>
            </attribute>
            <attribute>
                <name>label_key</name>
                <type>TINYTEXT</type>
                <isKey>false</isKey>
            </attribute>
            <attribute>
                <name>label_value</name>
                <type>TEXT</type>
                <isKey>true</isKey>
            </attribute>
            <attribute>
                <name>pid</name>
                <type>INT(11)</type>
                <isKey>false</isKey>
            </attribute>
            <attribute>
                <name>tstamp</name>
                <type>INT(11)</type>
                <isKey>false</isKey>
            </attribute>
            <attribute>
                <name>uid</name>
                <type>INT(11)</type>
                <isKey>false</isKey>
            </attribute>
        </deletion>
    </transition>
</transitions>
