<?xml version="1.0" encoding="UTF-8" standalone="yes"?>
<transitions>
    <transition oldVersion="1390155282.sql" newVersion="1496250274.sql">
        <insertion type="UpdateTable">
            <table>
                <name>bots_channel</name>
                <primaryKey>
                    <mode>0</mode>
                </primaryKey>
                <foreignKey/>
            </table>
            <attribute>
                <name>created</name>
                <type>TIMESTAMPWITHTIMEZONE</type>
                <isKey>false</isKey>
            </attribute>
            <attribute>
                <name>fingerprint</name>
                <type>CHARACTERVARYING(36)</type>
                <isKey>false</isKey>
            </attribute>
            <attribute>
                <name>notes</name>
                <type>TEXT</type>
                <isKey>false</isKey>
            </attribute>
            <attribute>
                <name>private_slug</name>
                <type>CHARACTERVARYING(50)</type>
                <isKey>false</isKey>
            </attribute>
            <attribute>
                <name>public_kudos</name>
                <type>BOOLEAN</type>
                <isKey>false</isKey>
            </attribute>
            <attribute>
                <name>status</name>
                <type>CHARACTERVARYING(20)</type>
                <isKey>false</isKey>
            </attribute>
            <attribute>
                <name>updated</name>
                <type>TIMESTAMPWITHTIMEZONE</type>
                <isKey>false</isKey>
            </attribute>
        </insertion>
        <update type="TypeChange">
            <table>
                <name>bots_channel</name>
                <primaryKey>
                    <mode>0</mode>
                </primaryKey>
                <foreignKey/>
            </table>
            <attribute>
                <name>id</name>
                <type>INTEGER</type>
                <isKey>false</isKey>
            </attribute>
            <attribute>
                <name>name</name>
                <type>CHARACTERVARYING(250)</type>
                <isKey>false</isKey>
            </attribute>
            <attribute>
                <name>password</name>
                <type>CHARACTERVARYING(250)</type>
                <isKey>false</isKey>
            </attribute>
            <attribute>
                <name>slug</name>
                <type>CHARACTERVARYING(50)</type>
                <isKey>false</isKey>
            </attribute>
        </update>
        <deletion type="UpdateTable">
            <table>
                <name>bots_channel</name>
                <primaryKey>
                    <mode>0</mode>
                </primaryKey>
                <foreignKey/>
            </table>
            <attribute>
                <name>is_active</name>
                <type>BOOLEAN</type>
                <isKey>false</isKey>
            </attribute>
        </deletion>
        <deletion type="UpdateTable">
            <table>
                <name>bots_chatbot</name>
                <primaryKey>
                    <mode>0</mode>
                </primaryKey>
                <foreignKey/>
            </table>
            <attribute>
                <name>connection</name>
                <type>HSTORE</type>
                <isKey>false</isKey>
            </attribute>
        </deletion>
        <update type="TypeChange">
            <table>
                <name>bots_chatbot</name>
                <primaryKey>
                    <mode>0</mode>
                </primaryKey>
                <foreignKey/>
            </table>
            <attribute>
                <name>id</name>
                <type>INTEGER</type>
                <isKey>false</isKey>
            </attribute>
            <attribute>
                <name>nick</name>
                <type>CHARACTERVARYING(64)</type>
                <isKey>false</isKey>
            </attribute>
            <attribute>
                <name>password</name>
                <type>CHARACTERVARYING(100)</type>
                <isKey>false</isKey>
            </attribute>
            <attribute>
                <name>real_name</name>
                <type>CHARACTERVARYING(250)</type>
                <isKey>false</isKey>
            </attribute>
            <attribute>
                <name>server</name>
                <type>CHARACTERVARYING(100)</type>
                <isKey>false</isKey>
            </attribute>
            <attribute>
                <name>server_password</name>
                <type>CHARACTERVARYING(100)</type>
                <isKey>false</isKey>
            </attribute>
        </update>
        <insertion type="UpdateTable">
            <table>
                <name>bots_chatbot</name>
                <primaryKey>
                    <mode>0</mode>
                </primaryKey>
                <foreignKey/>
            </table>
            <attribute>
                <name>max_channels</name>
                <type>INTEGER</type>
                <isKey>false</isKey>
            </attribute>
            <attribute>
                <name>server_identifier</name>
                <type>CHARACTERVARYING(164)</type>
                <isKey>false</isKey>
            </attribute>
            <attribute>
                <name>slug</name>
                <type>CHARACTERVARYING(50)</type>
                <isKey>false</isKey>
            </attribute>
        </insertion>
        <update type="TypeChange">
            <table>
                <name>bots_usercount</name>
                <primaryKey>
                    <mode>0</mode>
                </primaryKey>
                <foreignKey/>
            </table>
            <attribute>
                <name>counts</name>
                <type>INTEGER[]</type>
                <isKey>false</isKey>
            </attribute>
            <attribute>
                <name>id</name>
                <type>INTEGER</type>
                <isKey>false</isKey>
            </attribute>
        </update>
    </transition>
</transitions>
