<?xml version="1.0" encoding="UTF-8" standalone="yes"?>
<transitions>
    <transition oldVersion="1451775583.sql" newVersion="1452123409.sql">
        <insertion type="NewTable">
            <table>
                <name>AggregatedCounter</name>
                <primaryKey>
                    <mode>0</mode>
                </primaryKey>
                <foreignKey/>
            </table>
            <attribute>
                <name>ExpireAt</name>
                <type>DATETIME</type>
                <isKey>false</isKey>
            </attribute>
            <attribute>
                <name>Id</name>
                <type>INT(11)</type>
                <isKey>false</isKey>
            </attribute>
            <attribute>
                <name>Key</name>
                <type>VARCHAR(100)</type>
                <isKey>false</isKey>
            </attribute>
            <attribute>
                <name>Value</name>
                <type>INT(11)</type>
                <isKey>false</isKey>
            </attribute>
        </insertion>
        <update type="TypeChange">
            <table>
                <name>Set</name>
                <primaryKey>
                    <mode>0</mode>
                </primaryKey>
                <foreignKey/>
            </table>
            <attribute>
                <name>ExpireAt</name>
                <type>DATETIME</type>
                <isKey>false</isKey>
            </attribute>
        </update>
    </transition>
    <transition oldVersion="1452123409.sql" newVersion="1452193346.sql">
        <update type="TypeChange">
            <table>
                <name>Counter</name>
                <primaryKey>
                    <mode>0</mode>
                </primaryKey>
                <foreignKey/>
            </table>
            <attribute>
                <name>ExpireAt</name>
                <type>DATETIME</type>
                <isKey>false</isKey>
            </attribute>
        </update>
    </transition>
    <transition oldVersion="1452193346.sql" newVersion="1452198349.sql"/>
    <transition oldVersion="1452198349.sql" newVersion="1452203787.sql">
        <update type="TypeChange">
            <table>
                <name>JobQueue</name>
                <primaryKey>
                    <mode>0</mode>
                </primaryKey>
                <foreignKey/>
            </table>
            <attribute>
                <name>Queue</name>
                <type>VARCHAR(50)</type>
                <isKey>false</isKey>
            </attribute>
        </update>
    </transition>
    <transition oldVersion="1452203787.sql" newVersion="1455403303.sql">
        <insertion type="UpdateTable">
            <table>
                <name>DistributedLock</name>
                <primaryKey>
                    <mode>0</mode>
                </primaryKey>
                <foreignKey/>
            </table>
            <attribute>
                <name>CreatedAt</name>
                <type>DATETIME(6)</type>
                <isKey>false</isKey>
            </attribute>
        </insertion>
        <deletion type="UpdateTable">
            <table>
                <name>DistributedLock</name>
                <primaryKey>
                    <mode>0</mode>
                </primaryKey>
                <foreignKey/>
            </table>
            <attribute>
                <name>Id</name>
                <type>INT(11)</type>
                <isKey>false</isKey>
            </attribute>
        </deletion>
    </transition>
    <transition oldVersion="1455403303.sql" newVersion="1507566667.sql">
        <deletion type="DeleteTable">
            <table>
                <name>AggregatedCounter</name>
                <primaryKey>
                    <mode>0</mode>
                </primaryKey>
                <foreignKey/>
            </table>
            <attribute>
                <name>ExpireAt</name>
                <type>DATETIME</type>
                <isKey>false</isKey>
            </attribute>
            <attribute>
                <name>Id</name>
                <type>INT(11)</type>
                <isKey>false</isKey>
            </attribute>
            <attribute>
                <name>Key</name>
                <type>VARCHAR(100)</type>
                <isKey>false</isKey>
            </attribute>
            <attribute>
                <name>Value</name>
                <type>INT(11)</type>
                <isKey>false</isKey>
            </attribute>
        </deletion>
        <deletion type="DeleteTable">
            <table>
                <name>Counter</name>
                <primaryKey>
                    <mode>0</mode>
                </primaryKey>
                <foreignKey/>
            </table>
            <attribute>
                <name>ExpireAt</name>
                <type>DATETIME</type>
                <isKey>false</isKey>
            </attribute>
            <attribute>
                <name>Id</name>
                <type>INT(11)</type>
                <isKey>false</isKey>
            </attribute>
            <attribute>
                <name>Key</name>
                <type>VARCHAR(100)</type>
                <isKey>false</isKey>
            </attribute>
            <attribute>
                <name>Value</name>
                <type>INT(11)</type>
                <isKey>false</isKey>
            </attribute>
        </deletion>
        <deletion type="DeleteTable">
            <table>
                <name>DistributedLock</name>
                <primaryKey>
                    <mode>0</mode>
                </primaryKey>
                <foreignKey/>
            </table>
            <attribute>
                <name>CreatedAt</name>
                <type>DATETIME(6)</type>
                <isKey>false</isKey>
            </attribute>
            <attribute>
                <name>Resource</name>
                <type>VARCHAR(100)</type>
                <isKey>false</isKey>
            </attribute>
        </deletion>
        <deletion type="DeleteTable">
            <table>
                <name>Hash</name>
                <primaryKey>
                    <mode>0</mode>
                </primaryKey>
                <foreignKey/>
            </table>
            <attribute>
                <name>ExpireAt</name>
                <type>DATETIME(6)</type>
                <isKey>false</isKey>
            </attribute>
            <attribute>
                <name>Field</name>
                <type>VARCHAR(40)</type>
                <isKey>false</isKey>
            </attribute>
            <attribute>
                <name>Id</name>
                <type>INT(11)</type>
                <isKey>false</isKey>
            </attribute>
            <attribute>
                <name>Key</name>
                <type>VARCHAR(100)</type>
                <isKey>false</isKey>
            </attribute>
            <attribute>
                <name>Value</name>
                <type>LONGTEXT</type>
                <isKey>false</isKey>
            </attribute>
        </deletion>
        <deletion type="DeleteTable">
            <table>
                <name>Job</name>
                <primaryKey>
                    <mode>0</mode>
                </primaryKey>
                <foreignKey/>
            </table>
            <attribute>
                <name>Arguments</name>
                <type>LONGTEXT</type>
                <isKey>false</isKey>
            </attribute>
            <attribute>
                <name>CreatedAt</name>
                <type>DATETIME(6)</type>
                <isKey>false</isKey>
            </attribute>
            <attribute>
                <name>ExpireAt</name>
                <type>DATETIME(6)</type>
                <isKey>false</isKey>
            </attribute>
            <attribute>
                <name>Id</name>
                <type>INT(11)</type>
                <isKey>false</isKey>
            </attribute>
            <attribute>
                <name>InvocationData</name>
                <type>LONGTEXT</type>
                <isKey>false</isKey>
            </attribute>
            <attribute>
                <name>StateId</name>
                <type>INT(11)</type>
                <isKey>false</isKey>
            </attribute>
            <attribute>
                <name>StateName</name>
                <type>VARCHAR(20)</type>
                <isKey>false</isKey>
            </attribute>
        </deletion>
        <deletion type="DeleteTable">
            <table>
                <name>JobParameter</name>
                <primaryKey>
                    <mode>0</mode>
                </primaryKey>
                <foreignKey/>
            </table>
            <attribute>
                <name>Id</name>
                <type>INT(11)</type>
                <isKey>false</isKey>
            </attribute>
            <attribute>
                <name>JobId</name>
                <type>INT(11)</type>
                <isKey>false</isKey>
            </attribute>
            <attribute>
                <name>Name</name>
                <type>VARCHAR(40)</type>
                <isKey>false</isKey>
            </attribute>
            <attribute>
                <name>Value</name>
                <type>LONGTEXT</type>
                <isKey>false</isKey>
            </attribute>
        </deletion>
        <deletion type="DeleteTable">
            <table>
                <name>JobQueue</name>
                <primaryKey>
                    <mode>0</mode>
                </primaryKey>
                <foreignKey/>
            </table>
            <attribute>
                <name>FetchToken</name>
                <type>VARCHAR(36)</type>
                <isKey>false</isKey>
            </attribute>
            <attribute>
                <name>FetchedAt</name>
                <type>DATETIME(6)</type>
                <isKey>false</isKey>
            </attribute>
            <attribute>
                <name>Id</name>
                <type>INT(11)</type>
                <isKey>false</isKey>
            </attribute>
            <attribute>
                <name>JobId</name>
                <type>INT(11)</type>
                <isKey>false</isKey>
            </attribute>
            <attribute>
                <name>Queue</name>
                <type>VARCHAR(50)</type>
                <isKey>false</isKey>
            </attribute>
        </deletion>
        <deletion type="DeleteTable">
            <table>
                <name>JobState</name>
                <primaryKey>
                    <mode>0</mode>
                </primaryKey>
                <foreignKey/>
            </table>
            <attribute>
                <name>CreatedAt</name>
                <type>DATETIME(6)</type>
                <isKey>false</isKey>
            </attribute>
            <attribute>
                <name>Data</name>
                <type>LONGTEXT</type>
                <isKey>false</isKey>
            </attribute>
            <attribute>
                <name>Id</name>
                <type>INT(11)</type>
                <isKey>false</isKey>
            </attribute>
            <attribute>
                <name>JobId</name>
                <type>INT(11)</type>
                <isKey>false</isKey>
            </attribute>
            <attribute>
                <name>Name</name>
                <type>VARCHAR(20)</type>
                <isKey>false</isKey>
            </attribute>
            <attribute>
                <name>Reason</name>
                <type>VARCHAR(100)</type>
                <isKey>false</isKey>
            </attribute>
        </deletion>
        <deletion type="DeleteTable">
            <table>
                <name>List</name>
                <primaryKey>
                    <mode>0</mode>
                </primaryKey>
                <foreignKey/>
            </table>
            <attribute>
                <name>ExpireAt</name>
                <type>DATETIME(6)</type>
                <isKey>false</isKey>
            </attribute>
            <attribute>
                <name>Id</name>
                <type>INT(11)</type>
                <isKey>false</isKey>
            </attribute>
            <attribute>
                <name>Key</name>
                <type>VARCHAR(100)</type>
                <isKey>false</isKey>
            </attribute>
            <attribute>
                <name>Value</name>
                <type>LONGTEXT</type>
                <isKey>false</isKey>
            </attribute>
        </deletion>
        <deletion type="DeleteTable">
            <table>
                <name>Server</name>
                <primaryKey>
                    <mode>0</mode>
                </primaryKey>
                <foreignKey/>
            </table>
            <attribute>
                <name>Data</name>
                <type>LONGTEXT</type>
                <isKey>false</isKey>
            </attribute>
            <attribute>
                <name>Id</name>
                <type>VARCHAR(100)</type>
                <isKey>false</isKey>
            </attribute>
            <attribute>
                <name>LastHeartbeat</name>
                <type>DATETIME(6)</type>
                <isKey>false</isKey>
            </attribute>
        </deletion>
        <deletion type="DeleteTable">
            <table>
                <name>Set</name>
                <primaryKey>
                    <mode>0</mode>
                </primaryKey>
                <foreignKey/>
            </table>
            <attribute>
                <name>ExpireAt</name>
                <type>DATETIME</type>
                <isKey>false</isKey>
            </attribute>
            <attribute>
                <name>Id</name>
                <type>INT(11)</type>
                <isKey>false</isKey>
            </attribute>
            <attribute>
                <name>Key</name>
                <type>VARCHAR(100)</type>
                <isKey>false</isKey>
            </attribute>
            <attribute>
                <name>Score</name>
                <type>FLOAT</type>
                <isKey>false</isKey>
            </attribute>
            <attribute>
                <name>Value</name>
                <type>VARCHAR(256)</type>
                <isKey>false</isKey>
            </attribute>
        </deletion>
        <deletion type="DeleteTable">
            <table>
                <name>State</name>
                <primaryKey>
                    <mode>0</mode>
                </primaryKey>
                <foreignKey/>
            </table>
            <attribute>
                <name>CreatedAt</name>
                <type>DATETIME(6)</type>
                <isKey>false</isKey>
            </attribute>
            <attribute>
                <name>Data</name>
                <type>LONGTEXT</type>
                <isKey>false</isKey>
            </attribute>
            <attribute>
                <name>Id</name>
                <type>INT(11)</type>
                <isKey>false</isKey>
            </attribute>
            <attribute>
                <name>JobId</name>
                <type>INT(11)</type>
                <isKey>false</isKey>
            </attribute>
            <attribute>
                <name>Name</name>
                <type>VARCHAR(20)</type>
                <isKey>false</isKey>
            </attribute>
            <attribute>
                <name>Reason</name>
                <type>VARCHAR(100)</type>
                <isKey>false</isKey>
            </attribute>
        </deletion>
        <insertion type="NewTable">
            <table>
                <name>[tablesPrefix]AggregatedCounter</name>
                <primaryKey>
                    <mode>0</mode>
                </primaryKey>
                <foreignKey/>
            </table>
            <attribute>
                <name>ExpireAt</name>
                <type>DATETIME</type>
                <isKey>false</isKey>
            </attribute>
            <attribute>
                <name>Id</name>
                <type>INT(11)</type>
                <isKey>false</isKey>
            </attribute>
            <attribute>
                <name>Key</name>
                <type>VARCHAR(100)</type>
                <isKey>false</isKey>
            </attribute>
            <attribute>
                <name>Value</name>
                <type>INT(11)</type>
                <isKey>false</isKey>
            </attribute>
        </insertion>
        <insertion type="NewTable">
            <table>
                <name>[tablesPrefix]Counter</name>
                <primaryKey>
                    <mode>0</mode>
                </primaryKey>
                <foreignKey/>
            </table>
            <attribute>
                <name>ExpireAt</name>
                <type>DATETIME</type>
                <isKey>false</isKey>
            </attribute>
            <attribute>
                <name>Id</name>
                <type>INT(11)</type>
                <isKey>false</isKey>
            </attribute>
            <attribute>
                <name>Key</name>
                <type>VARCHAR(100)</type>
                <isKey>false</isKey>
            </attribute>
            <attribute>
                <name>Value</name>
                <type>INT(11)</type>
                <isKey>false</isKey>
            </attribute>
        </insertion>
        <insertion type="NewTable">
            <table>
                <name>[tablesPrefix]DistributedLock</name>
                <primaryKey>
                    <mode>0</mode>
                </primaryKey>
                <foreignKey/>
            </table>
            <attribute>
                <name>CreatedAt</name>
                <type>DATETIME(6)</type>
                <isKey>false</isKey>
            </attribute>
            <attribute>
                <name>Resource</name>
                <type>VARCHAR(100)</type>
                <isKey>false</isKey>
            </attribute>
        </insertion>
        <insertion type="NewTable">
            <table>
                <name>[tablesPrefix]Hash</name>
                <primaryKey>
                    <mode>0</mode>
                </primaryKey>
                <foreignKey/>
            </table>
            <attribute>
                <name>ExpireAt</name>
                <type>DATETIME(6)</type>
                <isKey>false</isKey>
            </attribute>
            <attribute>
                <name>Field</name>
                <type>VARCHAR(40)</type>
                <isKey>false</isKey>
            </attribute>
            <attribute>
                <name>Id</name>
                <type>INT(11)</type>
                <isKey>false</isKey>
            </attribute>
            <attribute>
                <name>Key</name>
                <type>VARCHAR(100)</type>
                <isKey>false</isKey>
            </attribute>
            <attribute>
                <name>Value</name>
                <type>LONGTEXT</type>
                <isKey>false</isKey>
            </attribute>
        </insertion>
        <insertion type="NewTable">
            <table>
                <name>[tablesPrefix]Job</name>
                <primaryKey>
                    <mode>0</mode>
                </primaryKey>
                <foreignKey/>
            </table>
            <attribute>
                <name>Arguments</name>
                <type>LONGTEXT</type>
                <isKey>false</isKey>
            </attribute>
            <attribute>
                <name>CreatedAt</name>
                <type>DATETIME(6)</type>
                <isKey>false</isKey>
            </attribute>
            <attribute>
                <name>ExpireAt</name>
                <type>DATETIME(6)</type>
                <isKey>false</isKey>
            </attribute>
            <attribute>
                <name>Id</name>
                <type>INT(11)</type>
                <isKey>false</isKey>
            </attribute>
            <attribute>
                <name>InvocationData</name>
                <type>LONGTEXT</type>
                <isKey>false</isKey>
            </attribute>
            <attribute>
                <name>StateId</name>
                <type>INT(11)</type>
                <isKey>false</isKey>
            </attribute>
            <attribute>
                <name>StateName</name>
                <type>VARCHAR(20)</type>
                <isKey>false</isKey>
            </attribute>
        </insertion>
        <insertion type="NewTable">
            <table>
                <name>[tablesPrefix]JobParameter</name>
                <primaryKey>
                    <mode>0</mode>
                </primaryKey>
                <foreignKey/>
            </table>
            <attribute>
                <name>Id</name>
                <type>INT(11)</type>
                <isKey>false</isKey>
            </attribute>
            <attribute>
                <name>JobId</name>
                <type>INT(11)</type>
                <isKey>false</isKey>
            </attribute>
            <attribute>
                <name>Name</name>
                <type>VARCHAR(40)</type>
                <isKey>false</isKey>
            </attribute>
            <attribute>
                <name>Value</name>
                <type>LONGTEXT</type>
                <isKey>false</isKey>
            </attribute>
        </insertion>
        <insertion type="NewTable">
            <table>
                <name>[tablesPrefix]JobQueue</name>
                <primaryKey>
                    <mode>0</mode>
                </primaryKey>
                <foreignKey/>
            </table>
            <attribute>
                <name>FetchToken</name>
                <type>VARCHAR(36)</type>
                <isKey>false</isKey>
            </attribute>
            <attribute>
                <name>FetchedAt</name>
                <type>DATETIME(6)</type>
                <isKey>false</isKey>
            </attribute>
            <attribute>
                <name>Id</name>
                <type>INT(11)</type>
                <isKey>false</isKey>
            </attribute>
            <attribute>
                <name>JobId</name>
                <type>INT(11)</type>
                <isKey>false</isKey>
            </attribute>
            <attribute>
                <name>Queue</name>
                <type>VARCHAR(50)</type>
                <isKey>false</isKey>
            </attribute>
        </insertion>
        <insertion type="NewTable">
            <table>
                <name>[tablesPrefix]JobState</name>
                <primaryKey>
                    <mode>0</mode>
                </primaryKey>
                <foreignKey/>
            </table>
            <attribute>
                <name>CreatedAt</name>
                <type>DATETIME(6)</type>
                <isKey>false</isKey>
            </attribute>
            <attribute>
                <name>Data</name>
                <type>LONGTEXT</type>
                <isKey>false</isKey>
            </attribute>
            <attribute>
                <name>Id</name>
                <type>INT(11)</type>
                <isKey>false</isKey>
            </attribute>
            <attribute>
                <name>JobId</name>
                <type>INT(11)</type>
                <isKey>false</isKey>
            </attribute>
            <attribute>
                <name>Name</name>
                <type>VARCHAR(20)</type>
                <isKey>false</isKey>
            </attribute>
            <attribute>
                <name>Reason</name>
                <type>VARCHAR(100)</type>
                <isKey>false</isKey>
            </attribute>
        </insertion>
        <insertion type="NewTable">
            <table>
                <name>[tablesPrefix]List</name>
                <primaryKey>
                    <mode>0</mode>
                </primaryKey>
                <foreignKey/>
            </table>
            <attribute>
                <name>ExpireAt</name>
                <type>DATETIME(6)</type>
                <isKey>false</isKey>
            </attribute>
            <attribute>
                <name>Id</name>
                <type>INT(11)</type>
                <isKey>false</isKey>
            </attribute>
            <attribute>
                <name>Key</name>
                <type>VARCHAR(100)</type>
                <isKey>false</isKey>
            </attribute>
            <attribute>
                <name>Value</name>
                <type>LONGTEXT</type>
                <isKey>false</isKey>
            </attribute>
        </insertion>
        <insertion type="NewTable">
            <table>
                <name>[tablesPrefix]Server</name>
                <primaryKey>
                    <mode>0</mode>
                </primaryKey>
                <foreignKey/>
            </table>
            <attribute>
                <name>Data</name>
                <type>LONGTEXT</type>
                <isKey>false</isKey>
            </attribute>
            <attribute>
                <name>Id</name>
                <type>VARCHAR(100)</type>
                <isKey>false</isKey>
            </attribute>
            <attribute>
                <name>LastHeartbeat</name>
                <type>DATETIME(6)</type>
                <isKey>false</isKey>
            </attribute>
        </insertion>
        <insertion type="NewTable">
            <table>
                <name>[tablesPrefix]Set</name>
                <primaryKey>
                    <mode>0</mode>
                </primaryKey>
                <foreignKey/>
            </table>
            <attribute>
                <name>ExpireAt</name>
                <type>DATETIME</type>
                <isKey>false</isKey>
            </attribute>
            <attribute>
                <name>Id</name>
                <type>INT(11)</type>
                <isKey>false</isKey>
            </attribute>
            <attribute>
                <name>Key</name>
                <type>VARCHAR(100)</type>
                <isKey>false</isKey>
            </attribute>
            <attribute>
                <name>Score</name>
                <type>FLOAT</type>
                <isKey>false</isKey>
            </attribute>
            <attribute>
                <name>Value</name>
                <type>VARCHAR(256)</type>
                <isKey>false</isKey>
            </attribute>
        </insertion>
        <insertion type="NewTable">
            <table>
                <name>[tablesPrefix]State</name>
                <primaryKey>
                    <mode>0</mode>
                </primaryKey>
                <foreignKey/>
            </table>
            <attribute>
                <name>CreatedAt</name>
                <type>DATETIME(6)</type>
                <isKey>false</isKey>
            </attribute>
            <attribute>
                <name>Data</name>
                <type>LONGTEXT</type>
                <isKey>false</isKey>
            </attribute>
            <attribute>
                <name>Id</name>
                <type>INT(11)</type>
                <isKey>false</isKey>
            </attribute>
            <attribute>
                <name>JobId</name>
                <type>INT(11)</type>
                <isKey>false</isKey>
            </attribute>
            <attribute>
                <name>Name</name>
                <type>VARCHAR(20)</type>
                <isKey>false</isKey>
            </attribute>
            <attribute>
                <name>Reason</name>
                <type>VARCHAR(100)</type>
                <isKey>false</isKey>
            </attribute>
        </insertion>
    </transition>
    <transition oldVersion="1507566667.sql" newVersion="1507569225.sql"/>
    <transition oldVersion="1507569225.sql" newVersion="1507631299.sql"/>
    <transition oldVersion="1507631299.sql" newVersion="1507724447.sql"/>
    <transition oldVersion="1507724447.sql" newVersion="1520238757.sql">
        <insertion type="NewTable">
            <table>
                <name>AggregatedCounter</name>
                <primaryKey>
                    <mode>0</mode>
                </primaryKey>
                <foreignKey/>
            </table>
            <attribute>
                <name>ExpireAt</name>
                <type>DATETIME</type>
                <isKey>false</isKey>
            </attribute>
            <attribute>
                <name>Id</name>
                <type>INT(11)</type>
                <isKey>false</isKey>
            </attribute>
            <attribute>
                <name>Key</name>
                <type>VARCHAR(100)</type>
                <isKey>false</isKey>
            </attribute>
            <attribute>
                <name>Value</name>
                <type>INT(11)</type>
                <isKey>false</isKey>
            </attribute>
        </insertion>
        <insertion type="NewTable">
            <table>
                <name>Counter</name>
                <primaryKey>
                    <mode>0</mode>
                </primaryKey>
                <foreignKey/>
            </table>
            <attribute>
                <name>ExpireAt</name>
                <type>DATETIME</type>
                <isKey>false</isKey>
            </attribute>
            <attribute>
                <name>Id</name>
                <type>INT(11)</type>
                <isKey>false</isKey>
            </attribute>
            <attribute>
                <name>Key</name>
                <type>VARCHAR(100)</type>
                <isKey>false</isKey>
            </attribute>
            <attribute>
                <name>Value</name>
                <type>INT(11)</type>
                <isKey>false</isKey>
            </attribute>
        </insertion>
        <insertion type="NewTable">
            <table>
                <name>DistributedLock</name>
                <primaryKey>
                    <mode>0</mode>
                </primaryKey>
                <foreignKey/>
            </table>
            <attribute>
                <name>CreatedAt</name>
                <type>DATETIME(6)</type>
                <isKey>false</isKey>
            </attribute>
            <attribute>
                <name>Resource</name>
                <type>VARCHAR(100)</type>
                <isKey>false</isKey>
            </attribute>
        </insertion>
        <insertion type="NewTable">
            <table>
                <name>Hash</name>
                <primaryKey>
                    <mode>0</mode>
                </primaryKey>
                <foreignKey/>
            </table>
            <attribute>
                <name>ExpireAt</name>
                <type>DATETIME(6)</type>
                <isKey>false</isKey>
            </attribute>
            <attribute>
                <name>Field</name>
                <type>VARCHAR(40)</type>
                <isKey>false</isKey>
            </attribute>
            <attribute>
                <name>Id</name>
                <type>INT(11)</type>
                <isKey>false</isKey>
            </attribute>
            <attribute>
                <name>Key</name>
                <type>VARCHAR(100)</type>
                <isKey>false</isKey>
            </attribute>
            <attribute>
                <name>Value</name>
                <type>LONGTEXT</type>
                <isKey>false</isKey>
            </attribute>
        </insertion>
        <insertion type="NewTable">
            <table>
                <name>Job</name>
                <primaryKey>
                    <mode>0</mode>
                </primaryKey>
                <foreignKey/>
            </table>
            <attribute>
                <name>Arguments</name>
                <type>LONGTEXT</type>
                <isKey>false</isKey>
            </attribute>
            <attribute>
                <name>CreatedAt</name>
                <type>DATETIME(6)</type>
                <isKey>false</isKey>
            </attribute>
            <attribute>
                <name>ExpireAt</name>
                <type>DATETIME(6)</type>
                <isKey>false</isKey>
            </attribute>
            <attribute>
                <name>Id</name>
                <type>INT(11)</type>
                <isKey>false</isKey>
            </attribute>
            <attribute>
                <name>InvocationData</name>
                <type>LONGTEXT</type>
                <isKey>false</isKey>
            </attribute>
            <attribute>
                <name>StateId</name>
                <type>INT(11)</type>
                <isKey>false</isKey>
            </attribute>
            <attribute>
                <name>StateName</name>
                <type>VARCHAR(20)</type>
                <isKey>false</isKey>
            </attribute>
        </insertion>
        <insertion type="NewTable">
            <table>
                <name>JobParameter</name>
                <primaryKey>
                    <mode>0</mode>
                </primaryKey>
                <foreignKey/>
            </table>
            <attribute>
                <name>Id</name>
                <type>INT(11)</type>
                <isKey>false</isKey>
            </attribute>
            <attribute>
                <name>JobId</name>
                <type>INT(11)</type>
                <isKey>false</isKey>
            </attribute>
            <attribute>
                <name>Name</name>
                <type>VARCHAR(40)</type>
                <isKey>false</isKey>
            </attribute>
            <attribute>
                <name>Value</name>
                <type>LONGTEXT</type>
                <isKey>false</isKey>
            </attribute>
        </insertion>
        <insertion type="NewTable">
            <table>
                <name>JobQueue</name>
                <primaryKey>
                    <mode>0</mode>
                </primaryKey>
                <foreignKey/>
            </table>
            <attribute>
                <name>FetchToken</name>
                <type>VARCHAR(36)</type>
                <isKey>false</isKey>
            </attribute>
            <attribute>
                <name>FetchedAt</name>
                <type>DATETIME(6)</type>
                <isKey>false</isKey>
            </attribute>
            <attribute>
                <name>Id</name>
                <type>INT(11)</type>
                <isKey>false</isKey>
            </attribute>
            <attribute>
                <name>JobId</name>
                <type>INT(11)</type>
                <isKey>false</isKey>
            </attribute>
            <attribute>
                <name>Queue</name>
                <type>VARCHAR(50)</type>
                <isKey>false</isKey>
            </attribute>
        </insertion>
        <insertion type="NewTable">
            <table>
                <name>JobState</name>
                <primaryKey>
                    <mode>0</mode>
                </primaryKey>
                <foreignKey/>
            </table>
            <attribute>
                <name>CreatedAt</name>
                <type>DATETIME(6)</type>
                <isKey>false</isKey>
            </attribute>
            <attribute>
                <name>Data</name>
                <type>LONGTEXT</type>
                <isKey>false</isKey>
            </attribute>
            <attribute>
                <name>Id</name>
                <type>INT(11)</type>
                <isKey>false</isKey>
            </attribute>
            <attribute>
                <name>JobId</name>
                <type>INT(11)</type>
                <isKey>false</isKey>
            </attribute>
            <attribute>
                <name>Name</name>
                <type>VARCHAR(20)</type>
                <isKey>false</isKey>
            </attribute>
            <attribute>
                <name>Reason</name>
                <type>VARCHAR(100)</type>
                <isKey>false</isKey>
            </attribute>
        </insertion>
        <insertion type="NewTable">
            <table>
                <name>List</name>
                <primaryKey>
                    <mode>0</mode>
                </primaryKey>
                <foreignKey/>
            </table>
            <attribute>
                <name>ExpireAt</name>
                <type>DATETIME(6)</type>
                <isKey>false</isKey>
            </attribute>
            <attribute>
                <name>Id</name>
                <type>INT(11)</type>
                <isKey>false</isKey>
            </attribute>
            <attribute>
                <name>Key</name>
                <type>VARCHAR(100)</type>
                <isKey>false</isKey>
            </attribute>
            <attribute>
                <name>Value</name>
                <type>LONGTEXT</type>
                <isKey>false</isKey>
            </attribute>
        </insertion>
        <insertion type="NewTable">
            <table>
                <name>Server</name>
                <primaryKey>
                    <mode>0</mode>
                </primaryKey>
                <foreignKey/>
            </table>
            <attribute>
                <name>Data</name>
                <type>LONGTEXT</type>
                <isKey>false</isKey>
            </attribute>
            <attribute>
                <name>Id</name>
                <type>VARCHAR(100)</type>
                <isKey>false</isKey>
            </attribute>
            <attribute>
                <name>LastHeartbeat</name>
                <type>DATETIME(6)</type>
                <isKey>false</isKey>
            </attribute>
        </insertion>
        <insertion type="NewTable">
            <table>
                <name>Set</name>
                <primaryKey>
                    <mode>0</mode>
                </primaryKey>
                <foreignKey/>
            </table>
            <attribute>
                <name>ExpireAt</name>
                <type>DATETIME</type>
                <isKey>false</isKey>
            </attribute>
            <attribute>
                <name>Id</name>
                <type>INT(11)</type>
                <isKey>false</isKey>
            </attribute>
            <attribute>
                <name>Key</name>
                <type>VARCHAR(100)</type>
                <isKey>false</isKey>
            </attribute>
            <attribute>
                <name>Score</name>
                <type>FLOAT</type>
                <isKey>false</isKey>
            </attribute>
            <attribute>
                <name>Value</name>
                <type>VARCHAR(256)</type>
                <isKey>false</isKey>
            </attribute>
        </insertion>
        <insertion type="NewTable">
            <table>
                <name>State</name>
                <primaryKey>
                    <mode>0</mode>
                </primaryKey>
                <foreignKey/>
            </table>
            <attribute>
                <name>CreatedAt</name>
                <type>DATETIME(6)</type>
                <isKey>false</isKey>
            </attribute>
            <attribute>
                <name>Data</name>
                <type>LONGTEXT</type>
                <isKey>false</isKey>
            </attribute>
            <attribute>
                <name>Id</name>
                <type>INT(11)</type>
                <isKey>false</isKey>
            </attribute>
            <attribute>
                <name>JobId</name>
                <type>INT(11)</type>
                <isKey>false</isKey>
            </attribute>
            <attribute>
                <name>Name</name>
                <type>VARCHAR(20)</type>
                <isKey>false</isKey>
            </attribute>
            <attribute>
                <name>Reason</name>
                <type>VARCHAR(100)</type>
                <isKey>false</isKey>
            </attribute>
        </insertion>
        <deletion type="DeleteTable">
            <table>
                <name>[tablesPrefix]AggregatedCounter</name>
                <primaryKey>
                    <mode>0</mode>
                </primaryKey>
                <foreignKey/>
            </table>
            <attribute>
                <name>ExpireAt</name>
                <type>DATETIME</type>
                <isKey>false</isKey>
            </attribute>
            <attribute>
                <name>Id</name>
                <type>INT(11)</type>
                <isKey>false</isKey>
            </attribute>
            <attribute>
                <name>Key</name>
                <type>VARCHAR(100)</type>
                <isKey>false</isKey>
            </attribute>
            <attribute>
                <name>Value</name>
                <type>INT(11)</type>
                <isKey>false</isKey>
            </attribute>
        </deletion>
        <deletion type="DeleteTable">
            <table>
                <name>[tablesPrefix]Counter</name>
                <primaryKey>
                    <mode>0</mode>
                </primaryKey>
                <foreignKey/>
            </table>
            <attribute>
                <name>ExpireAt</name>
                <type>DATETIME</type>
                <isKey>false</isKey>
            </attribute>
            <attribute>
                <name>Id</name>
                <type>INT(11)</type>
                <isKey>false</isKey>
            </attribute>
            <attribute>
                <name>Key</name>
                <type>VARCHAR(100)</type>
                <isKey>false</isKey>
            </attribute>
            <attribute>
                <name>Value</name>
                <type>INT(11)</type>
                <isKey>false</isKey>
            </attribute>
        </deletion>
        <deletion type="DeleteTable">
            <table>
                <name>[tablesPrefix]DistributedLock</name>
                <primaryKey>
                    <mode>0</mode>
                </primaryKey>
                <foreignKey/>
            </table>
            <attribute>
                <name>CreatedAt</name>
                <type>DATETIME(6)</type>
                <isKey>false</isKey>
            </attribute>
            <attribute>
                <name>Resource</name>
                <type>VARCHAR(100)</type>
                <isKey>false</isKey>
            </attribute>
        </deletion>
        <deletion type="DeleteTable">
            <table>
                <name>[tablesPrefix]Hash</name>
                <primaryKey>
                    <mode>0</mode>
                </primaryKey>
                <foreignKey/>
            </table>
            <attribute>
                <name>ExpireAt</name>
                <type>DATETIME(6)</type>
                <isKey>false</isKey>
            </attribute>
            <attribute>
                <name>Field</name>
                <type>VARCHAR(40)</type>
                <isKey>false</isKey>
            </attribute>
            <attribute>
                <name>Id</name>
                <type>INT(11)</type>
                <isKey>false</isKey>
            </attribute>
            <attribute>
                <name>Key</name>
                <type>VARCHAR(100)</type>
                <isKey>false</isKey>
            </attribute>
            <attribute>
                <name>Value</name>
                <type>LONGTEXT</type>
                <isKey>false</isKey>
            </attribute>
        </deletion>
        <deletion type="DeleteTable">
            <table>
                <name>[tablesPrefix]Job</name>
                <primaryKey>
                    <mode>0</mode>
                </primaryKey>
                <foreignKey/>
            </table>
            <attribute>
                <name>Arguments</name>
                <type>LONGTEXT</type>
                <isKey>false</isKey>
            </attribute>
            <attribute>
                <name>CreatedAt</name>
                <type>DATETIME(6)</type>
                <isKey>false</isKey>
            </attribute>
            <attribute>
                <name>ExpireAt</name>
                <type>DATETIME(6)</type>
                <isKey>false</isKey>
            </attribute>
            <attribute>
                <name>Id</name>
                <type>INT(11)</type>
                <isKey>false</isKey>
            </attribute>
            <attribute>
                <name>InvocationData</name>
                <type>LONGTEXT</type>
                <isKey>false</isKey>
            </attribute>
            <attribute>
                <name>StateId</name>
                <type>INT(11)</type>
                <isKey>false</isKey>
            </attribute>
            <attribute>
                <name>StateName</name>
                <type>VARCHAR(20)</type>
                <isKey>false</isKey>
            </attribute>
        </deletion>
        <deletion type="DeleteTable">
            <table>
                <name>[tablesPrefix]JobParameter</name>
                <primaryKey>
                    <mode>0</mode>
                </primaryKey>
                <foreignKey/>
            </table>
            <attribute>
                <name>Id</name>
                <type>INT(11)</type>
                <isKey>false</isKey>
            </attribute>
            <attribute>
                <name>JobId</name>
                <type>INT(11)</type>
                <isKey>false</isKey>
            </attribute>
            <attribute>
                <name>Name</name>
                <type>VARCHAR(40)</type>
                <isKey>false</isKey>
            </attribute>
            <attribute>
                <name>Value</name>
                <type>LONGTEXT</type>
                <isKey>false</isKey>
            </attribute>
        </deletion>
        <deletion type="DeleteTable">
            <table>
                <name>[tablesPrefix]JobQueue</name>
                <primaryKey>
                    <mode>0</mode>
                </primaryKey>
                <foreignKey/>
            </table>
            <attribute>
                <name>FetchToken</name>
                <type>VARCHAR(36)</type>
                <isKey>false</isKey>
            </attribute>
            <attribute>
                <name>FetchedAt</name>
                <type>DATETIME(6)</type>
                <isKey>false</isKey>
            </attribute>
            <attribute>
                <name>Id</name>
                <type>INT(11)</type>
                <isKey>false</isKey>
            </attribute>
            <attribute>
                <name>JobId</name>
                <type>INT(11)</type>
                <isKey>false</isKey>
            </attribute>
            <attribute>
                <name>Queue</name>
                <type>VARCHAR(50)</type>
                <isKey>false</isKey>
            </attribute>
        </deletion>
        <deletion type="DeleteTable">
            <table>
                <name>[tablesPrefix]JobState</name>
                <primaryKey>
                    <mode>0</mode>
                </primaryKey>
                <foreignKey/>
            </table>
            <attribute>
                <name>CreatedAt</name>
                <type>DATETIME(6)</type>
                <isKey>false</isKey>
            </attribute>
            <attribute>
                <name>Data</name>
                <type>LONGTEXT</type>
                <isKey>false</isKey>
            </attribute>
            <attribute>
                <name>Id</name>
                <type>INT(11)</type>
                <isKey>false</isKey>
            </attribute>
            <attribute>
                <name>JobId</name>
                <type>INT(11)</type>
                <isKey>false</isKey>
            </attribute>
            <attribute>
                <name>Name</name>
                <type>VARCHAR(20)</type>
                <isKey>false</isKey>
            </attribute>
            <attribute>
                <name>Reason</name>
                <type>VARCHAR(100)</type>
                <isKey>false</isKey>
            </attribute>
        </deletion>
        <deletion type="DeleteTable">
            <table>
                <name>[tablesPrefix]List</name>
                <primaryKey>
                    <mode>0</mode>
                </primaryKey>
                <foreignKey/>
            </table>
            <attribute>
                <name>ExpireAt</name>
                <type>DATETIME(6)</type>
                <isKey>false</isKey>
            </attribute>
            <attribute>
                <name>Id</name>
                <type>INT(11)</type>
                <isKey>false</isKey>
            </attribute>
            <attribute>
                <name>Key</name>
                <type>VARCHAR(100)</type>
                <isKey>false</isKey>
            </attribute>
            <attribute>
                <name>Value</name>
                <type>LONGTEXT</type>
                <isKey>false</isKey>
            </attribute>
        </deletion>
        <deletion type="DeleteTable">
            <table>
                <name>[tablesPrefix]Server</name>
                <primaryKey>
                    <mode>0</mode>
                </primaryKey>
                <foreignKey/>
            </table>
            <attribute>
                <name>Data</name>
                <type>LONGTEXT</type>
                <isKey>false</isKey>
            </attribute>
            <attribute>
                <name>Id</name>
                <type>VARCHAR(100)</type>
                <isKey>false</isKey>
            </attribute>
            <attribute>
                <name>LastHeartbeat</name>
                <type>DATETIME(6)</type>
                <isKey>false</isKey>
            </attribute>
        </deletion>
        <deletion type="DeleteTable">
            <table>
                <name>[tablesPrefix]Set</name>
                <primaryKey>
                    <mode>0</mode>
                </primaryKey>
                <foreignKey/>
            </table>
            <attribute>
                <name>ExpireAt</name>
                <type>DATETIME</type>
                <isKey>false</isKey>
            </attribute>
            <attribute>
                <name>Id</name>
                <type>INT(11)</type>
                <isKey>false</isKey>
            </attribute>
            <attribute>
                <name>Key</name>
                <type>VARCHAR(100)</type>
                <isKey>false</isKey>
            </attribute>
            <attribute>
                <name>Score</name>
                <type>FLOAT</type>
                <isKey>false</isKey>
            </attribute>
            <attribute>
                <name>Value</name>
                <type>VARCHAR(256)</type>
                <isKey>false</isKey>
            </attribute>
        </deletion>
        <deletion type="DeleteTable">
            <table>
                <name>[tablesPrefix]State</name>
                <primaryKey>
                    <mode>0</mode>
                </primaryKey>
                <foreignKey/>
            </table>
            <attribute>
                <name>CreatedAt</name>
                <type>DATETIME(6)</type>
                <isKey>false</isKey>
            </attribute>
            <attribute>
                <name>Data</name>
                <type>LONGTEXT</type>
                <isKey>false</isKey>
            </attribute>
            <attribute>
                <name>Id</name>
                <type>INT(11)</type>
                <isKey>false</isKey>
            </attribute>
            <attribute>
                <name>JobId</name>
                <type>INT(11)</type>
                <isKey>false</isKey>
            </attribute>
            <attribute>
                <name>Name</name>
                <type>VARCHAR(20)</type>
                <isKey>false</isKey>
            </attribute>
            <attribute>
                <name>Reason</name>
                <type>VARCHAR(100)</type>
                <isKey>false</isKey>
            </attribute>
        </deletion>
    </transition>
    <transition oldVersion="1520238757.sql" newVersion="1520242320.sql">
        <update type="TypeChange">
            <table>
                <name>Set</name>
                <primaryKey>
                    <mode>0</mode>
                </primaryKey>
                <foreignKey/>
            </table>
            <attribute>
                <name>Value</name>
                <type>VARCHAR(150)</type>
                <isKey>false</isKey>
            </attribute>
        </update>
    </transition>
    <transition oldVersion="1520242320.sql" newVersion="1520242669.sql">
        <update type="TypeChange">
            <table>
                <name>Set</name>
                <primaryKey>
                    <mode>0</mode>
                </primaryKey>
                <foreignKey/>
            </table>
            <attribute>
                <name>Value</name>
                <type>VARCHAR(256)</type>
                <isKey>false</isKey>
            </attribute>
        </update>
    </transition>
    <transition oldVersion="1520242669.sql" newVersion="1534358217.sql">
        <update type="TypeChange">
            <table>
                <name>AggregatedCounter</name>
                <primaryKey>
                    <mode>0</mode>
                </primaryKey>
                <foreignKey/>
            </table>
            <attribute>
                <name>Key</name>
                <type>NVARCHAR(100)</type>
                <isKey>false</isKey>
            </attribute>
        </update>
        <update type="TypeChange">
            <table>
                <name>Counter</name>
                <primaryKey>
                    <mode>0</mode>
                </primaryKey>
                <foreignKey/>
            </table>
            <attribute>
                <name>Key</name>
                <type>NVARCHAR(100)</type>
                <isKey>false</isKey>
            </attribute>
        </update>
        <update type="TypeChange">
            <table>
                <name>DistributedLock</name>
                <primaryKey>
                    <mode>0</mode>
                </primaryKey>
                <foreignKey/>
            </table>
            <attribute>
                <name>Resource</name>
                <type>NVARCHAR(100)</type>
                <isKey>false</isKey>
            </attribute>
        </update>
        <update type="TypeChange">
            <table>
                <name>Hash</name>
                <primaryKey>
                    <mode>0</mode>
                </primaryKey>
                <foreignKey/>
            </table>
            <attribute>
                <name>Field</name>
                <type>NVARCHAR(40)</type>
                <isKey>false</isKey>
            </attribute>
            <attribute>
                <name>Key</name>
                <type>NVARCHAR(100)</type>
                <isKey>false</isKey>
            </attribute>
        </update>
        <update type="TypeChange">
            <table>
                <name>Job</name>
                <primaryKey>
                    <mode>0</mode>
                </primaryKey>
                <foreignKey/>
            </table>
            <attribute>
                <name>StateName</name>
                <type>NVARCHAR(20)</type>
                <isKey>false</isKey>
            </attribute>
        </update>
        <update type="TypeChange">
            <table>
                <name>JobParameter</name>
                <primaryKey>
                    <mode>0</mode>
                </primaryKey>
                <foreignKey/>
            </table>
            <attribute>
                <name>Name</name>
                <type>NVARCHAR(40)</type>
                <isKey>false</isKey>
            </attribute>
        </update>
        <update type="TypeChange">
            <table>
                <name>JobQueue</name>
                <primaryKey>
                    <mode>0</mode>
                </primaryKey>
                <foreignKey/>
            </table>
            <attribute>
                <name>FetchToken</name>
                <type>NVARCHAR(36)</type>
                <isKey>false</isKey>
            </attribute>
            <attribute>
                <name>Queue</name>
                <type>NVARCHAR(50)</type>
                <isKey>false</isKey>
            </attribute>
        </update>
        <update type="TypeChange">
            <table>
                <name>JobState</name>
                <primaryKey>
                    <mode>0</mode>
                </primaryKey>
                <foreignKey/>
            </table>
            <attribute>
                <name>Name</name>
                <type>NVARCHAR(20)</type>
                <isKey>false</isKey>
            </attribute>
            <attribute>
                <name>Reason</name>
                <type>NVARCHAR(100)</type>
                <isKey>false</isKey>
            </attribute>
        </update>
        <update type="TypeChange">
            <table>
                <name>List</name>
                <primaryKey>
                    <mode>0</mode>
                </primaryKey>
                <foreignKey/>
            </table>
            <attribute>
                <name>Key</name>
                <type>NVARCHAR(100)</type>
                <isKey>false</isKey>
            </attribute>
        </update>
        <update type="TypeChange">
            <table>
                <name>Server</name>
                <primaryKey>
                    <mode>0</mode>
                </primaryKey>
                <foreignKey/>
            </table>
            <attribute>
                <name>Id</name>
                <type>NVARCHAR(100)</type>
                <isKey>false</isKey>
            </attribute>
        </update>
        <update type="TypeChange">
            <table>
                <name>Set</name>
                <primaryKey>
                    <mode>0</mode>
                </primaryKey>
                <foreignKey/>
            </table>
            <attribute>
                <name>Key</name>
                <type>NVARCHAR(100)</type>
                <isKey>false</isKey>
            </attribute>
            <attribute>
                <name>Value</name>
                <type>NVARCHAR(256)</type>
                <isKey>false</isKey>
            </attribute>
        </update>
        <update type="TypeChange">
            <table>
                <name>State</name>
                <primaryKey>
                    <mode>0</mode>
                </primaryKey>
                <foreignKey/>
            </table>
            <attribute>
                <name>Name</name>
                <type>NVARCHAR(20)</type>
                <isKey>false</isKey>
            </attribute>
            <attribute>
                <name>Reason</name>
                <type>NVARCHAR(100)</type>
                <isKey>false</isKey>
            </attribute>
        </update>
    </transition>
    <transition oldVersion="1534358217.sql" newVersion="1542920876.sql">
        <deletion type="DeleteTable">
            <table>
                <name>AggregatedCounter</name>
                <primaryKey>
                    <mode>0</mode>
                </primaryKey>
                <foreignKey/>
            </table>
            <attribute>
                <name>ExpireAt</name>
                <type>DATETIME</type>
                <isKey>false</isKey>
            </attribute>
            <attribute>
                <name>Id</name>
                <type>INT(11)</type>
                <isKey>false</isKey>
            </attribute>
            <attribute>
                <name>Key</name>
                <type>NVARCHAR(100)</type>
                <isKey>false</isKey>
            </attribute>
            <attribute>
                <name>Value</name>
                <type>INT(11)</type>
                <isKey>false</isKey>
            </attribute>
        </deletion>
        <deletion type="DeleteTable">
            <table>
                <name>Counter</name>
                <primaryKey>
                    <mode>0</mode>
                </primaryKey>
                <foreignKey/>
            </table>
            <attribute>
                <name>ExpireAt</name>
                <type>DATETIME</type>
                <isKey>false</isKey>
            </attribute>
            <attribute>
                <name>Id</name>
                <type>INT(11)</type>
                <isKey>false</isKey>
            </attribute>
            <attribute>
                <name>Key</name>
                <type>NVARCHAR(100)</type>
                <isKey>false</isKey>
            </attribute>
            <attribute>
                <name>Value</name>
                <type>INT(11)</type>
                <isKey>false</isKey>
            </attribute>
        </deletion>
        <deletion type="DeleteTable">
            <table>
                <name>DistributedLock</name>
                <primaryKey>
                    <mode>0</mode>
                </primaryKey>
                <foreignKey/>
            </table>
            <attribute>
                <name>CreatedAt</name>
                <type>DATETIME(6)</type>
                <isKey>false</isKey>
            </attribute>
            <attribute>
                <name>Resource</name>
                <type>NVARCHAR(100)</type>
                <isKey>false</isKey>
            </attribute>
        </deletion>
        <deletion type="DeleteTable">
            <table>
                <name>Hash</name>
                <primaryKey>
                    <mode>0</mode>
                </primaryKey>
                <foreignKey/>
            </table>
            <attribute>
                <name>ExpireAt</name>
                <type>DATETIME(6)</type>
                <isKey>false</isKey>
            </attribute>
            <attribute>
                <name>Field</name>
                <type>NVARCHAR(40)</type>
                <isKey>false</isKey>
            </attribute>
            <attribute>
                <name>Id</name>
                <type>INT(11)</type>
                <isKey>false</isKey>
            </attribute>
            <attribute>
                <name>Key</name>
                <type>NVARCHAR(100)</type>
                <isKey>false</isKey>
            </attribute>
            <attribute>
                <name>Value</name>
                <type>LONGTEXT</type>
                <isKey>false</isKey>
            </attribute>
        </deletion>
        <deletion type="DeleteTable">
            <table>
                <name>Job</name>
                <primaryKey>
                    <mode>0</mode>
                </primaryKey>
                <foreignKey/>
            </table>
            <attribute>
                <name>Arguments</name>
                <type>LONGTEXT</type>
                <isKey>false</isKey>
            </attribute>
            <attribute>
                <name>CreatedAt</name>
                <type>DATETIME(6)</type>
                <isKey>false</isKey>
            </attribute>
            <attribute>
                <name>ExpireAt</name>
                <type>DATETIME(6)</type>
                <isKey>false</isKey>
            </attribute>
            <attribute>
                <name>Id</name>
                <type>INT(11)</type>
                <isKey>false</isKey>
            </attribute>
            <attribute>
                <name>InvocationData</name>
                <type>LONGTEXT</type>
                <isKey>false</isKey>
            </attribute>
            <attribute>
                <name>StateId</name>
                <type>INT(11)</type>
                <isKey>false</isKey>
            </attribute>
            <attribute>
                <name>StateName</name>
                <type>NVARCHAR(20)</type>
                <isKey>false</isKey>
            </attribute>
        </deletion>
        <deletion type="DeleteTable">
            <table>
                <name>JobParameter</name>
                <primaryKey>
                    <mode>0</mode>
                </primaryKey>
                <foreignKey/>
            </table>
            <attribute>
                <name>Id</name>
                <type>INT(11)</type>
                <isKey>false</isKey>
            </attribute>
            <attribute>
                <name>JobId</name>
                <type>INT(11)</type>
                <isKey>false</isKey>
            </attribute>
            <attribute>
                <name>Name</name>
                <type>NVARCHAR(40)</type>
                <isKey>false</isKey>
            </attribute>
            <attribute>
                <name>Value</name>
                <type>LONGTEXT</type>
                <isKey>false</isKey>
            </attribute>
        </deletion>
        <deletion type="DeleteTable">
            <table>
                <name>JobQueue</name>
                <primaryKey>
                    <mode>0</mode>
                </primaryKey>
                <foreignKey/>
            </table>
            <attribute>
                <name>FetchToken</name>
                <type>NVARCHAR(36)</type>
                <isKey>false</isKey>
            </attribute>
            <attribute>
                <name>FetchedAt</name>
                <type>DATETIME(6)</type>
                <isKey>false</isKey>
            </attribute>
            <attribute>
                <name>Id</name>
                <type>INT(11)</type>
                <isKey>false</isKey>
            </attribute>
            <attribute>
                <name>JobId</name>
                <type>INT(11)</type>
                <isKey>false</isKey>
            </attribute>
            <attribute>
                <name>Queue</name>
                <type>NVARCHAR(50)</type>
                <isKey>false</isKey>
            </attribute>
        </deletion>
        <deletion type="DeleteTable">
            <table>
                <name>JobState</name>
                <primaryKey>
                    <mode>0</mode>
                </primaryKey>
                <foreignKey/>
            </table>
            <attribute>
                <name>CreatedAt</name>
                <type>DATETIME(6)</type>
                <isKey>false</isKey>
            </attribute>
            <attribute>
                <name>Data</name>
                <type>LONGTEXT</type>
                <isKey>false</isKey>
            </attribute>
            <attribute>
                <name>Id</name>
                <type>INT(11)</type>
                <isKey>false</isKey>
            </attribute>
            <attribute>
                <name>JobId</name>
                <type>INT(11)</type>
                <isKey>false</isKey>
            </attribute>
            <attribute>
                <name>Name</name>
                <type>NVARCHAR(20)</type>
                <isKey>false</isKey>
            </attribute>
            <attribute>
                <name>Reason</name>
                <type>NVARCHAR(100)</type>
                <isKey>false</isKey>
            </attribute>
        </deletion>
        <deletion type="DeleteTable">
            <table>
                <name>List</name>
                <primaryKey>
                    <mode>0</mode>
                </primaryKey>
                <foreignKey/>
            </table>
            <attribute>
                <name>ExpireAt</name>
                <type>DATETIME(6)</type>
                <isKey>false</isKey>
            </attribute>
            <attribute>
                <name>Id</name>
                <type>INT(11)</type>
                <isKey>false</isKey>
            </attribute>
            <attribute>
                <name>Key</name>
                <type>NVARCHAR(100)</type>
                <isKey>false</isKey>
            </attribute>
            <attribute>
                <name>Value</name>
                <type>LONGTEXT</type>
                <isKey>false</isKey>
            </attribute>
        </deletion>
        <deletion type="DeleteTable">
            <table>
                <name>Server</name>
                <primaryKey>
                    <mode>0</mode>
                </primaryKey>
                <foreignKey/>
            </table>
            <attribute>
                <name>Data</name>
                <type>LONGTEXT</type>
                <isKey>false</isKey>
            </attribute>
            <attribute>
                <name>Id</name>
                <type>NVARCHAR(100)</type>
                <isKey>false</isKey>
            </attribute>
            <attribute>
                <name>LastHeartbeat</name>
                <type>DATETIME(6)</type>
                <isKey>false</isKey>
            </attribute>
        </deletion>
        <deletion type="DeleteTable">
            <table>
                <name>Set</name>
                <primaryKey>
                    <mode>0</mode>
                </primaryKey>
                <foreignKey/>
            </table>
            <attribute>
                <name>ExpireAt</name>
                <type>DATETIME</type>
                <isKey>false</isKey>
            </attribute>
            <attribute>
                <name>Id</name>
                <type>INT(11)</type>
                <isKey>false</isKey>
            </attribute>
            <attribute>
                <name>Key</name>
                <type>NVARCHAR(100)</type>
                <isKey>false</isKey>
            </attribute>
            <attribute>
                <name>Score</name>
                <type>FLOAT</type>
                <isKey>false</isKey>
            </attribute>
            <attribute>
                <name>Value</name>
                <type>NVARCHAR(256)</type>
                <isKey>false</isKey>
            </attribute>
        </deletion>
        <deletion type="DeleteTable">
            <table>
                <name>State</name>
                <primaryKey>
                    <mode>0</mode>
                </primaryKey>
                <foreignKey/>
            </table>
            <attribute>
                <name>CreatedAt</name>
                <type>DATETIME(6)</type>
                <isKey>false</isKey>
            </attribute>
            <attribute>
                <name>Data</name>
                <type>LONGTEXT</type>
                <isKey>false</isKey>
            </attribute>
            <attribute>
                <name>Id</name>
                <type>INT(11)</type>
                <isKey>false</isKey>
            </attribute>
            <attribute>
                <name>JobId</name>
                <type>INT(11)</type>
                <isKey>false</isKey>
            </attribute>
            <attribute>
                <name>Name</name>
                <type>NVARCHAR(20)</type>
                <isKey>false</isKey>
            </attribute>
            <attribute>
                <name>Reason</name>
                <type>NVARCHAR(100)</type>
                <isKey>false</isKey>
            </attribute>
        </deletion>
        <insertion type="NewTable">
            <table>
                <name>[tablesPrefix]AggregatedCounter</name>
                <primaryKey>
                    <mode>0</mode>
                </primaryKey>
                <foreignKey/>
            </table>
            <attribute>
                <name>ExpireAt</name>
                <type>DATETIME</type>
                <isKey>false</isKey>
            </attribute>
            <attribute>
                <name>Id</name>
                <type>INT(11)</type>
                <isKey>false</isKey>
            </attribute>
            <attribute>
                <name>Key</name>
                <type>NVARCHAR(100)</type>
                <isKey>false</isKey>
            </attribute>
            <attribute>
                <name>Value</name>
                <type>INT(11)</type>
                <isKey>false</isKey>
            </attribute>
        </insertion>
        <insertion type="NewTable">
            <table>
                <name>[tablesPrefix]Counter</name>
                <primaryKey>
                    <mode>0</mode>
                </primaryKey>
                <foreignKey/>
            </table>
            <attribute>
                <name>ExpireAt</name>
                <type>DATETIME</type>
                <isKey>false</isKey>
            </attribute>
            <attribute>
                <name>Id</name>
                <type>INT(11)</type>
                <isKey>false</isKey>
            </attribute>
            <attribute>
                <name>Key</name>
                <type>NVARCHAR(100)</type>
                <isKey>false</isKey>
            </attribute>
            <attribute>
                <name>Value</name>
                <type>INT(11)</type>
                <isKey>false</isKey>
            </attribute>
        </insertion>
        <insertion type="NewTable">
            <table>
                <name>[tablesPrefix]DistributedLock</name>
                <primaryKey>
                    <mode>0</mode>
                </primaryKey>
                <foreignKey/>
            </table>
            <attribute>
                <name>CreatedAt</name>
                <type>DATETIME(6)</type>
                <isKey>false</isKey>
            </attribute>
            <attribute>
                <name>Resource</name>
                <type>NVARCHAR(100)</type>
                <isKey>false</isKey>
            </attribute>
        </insertion>
        <insertion type="NewTable">
            <table>
                <name>[tablesPrefix]Hash</name>
                <primaryKey>
                    <mode>0</mode>
                </primaryKey>
                <foreignKey/>
            </table>
            <attribute>
                <name>ExpireAt</name>
                <type>DATETIME(6)</type>
                <isKey>false</isKey>
            </attribute>
            <attribute>
                <name>Field</name>
                <type>NVARCHAR(40)</type>
                <isKey>false</isKey>
            </attribute>
            <attribute>
                <name>Id</name>
                <type>INT(11)</type>
                <isKey>false</isKey>
            </attribute>
            <attribute>
                <name>Key</name>
                <type>NVARCHAR(100)</type>
                <isKey>false</isKey>
            </attribute>
            <attribute>
                <name>Value</name>
                <type>LONGTEXT</type>
                <isKey>false</isKey>
            </attribute>
        </insertion>
        <insertion type="NewTable">
            <table>
                <name>[tablesPrefix]Job</name>
                <primaryKey>
                    <mode>0</mode>
                </primaryKey>
                <foreignKey/>
            </table>
            <attribute>
                <name>Arguments</name>
                <type>LONGTEXT</type>
                <isKey>false</isKey>
            </attribute>
            <attribute>
                <name>CreatedAt</name>
                <type>DATETIME(6)</type>
                <isKey>false</isKey>
            </attribute>
            <attribute>
                <name>ExpireAt</name>
                <type>DATETIME(6)</type>
                <isKey>false</isKey>
            </attribute>
            <attribute>
                <name>Id</name>
                <type>INT(11)</type>
                <isKey>false</isKey>
            </attribute>
            <attribute>
                <name>InvocationData</name>
                <type>LONGTEXT</type>
                <isKey>false</isKey>
            </attribute>
            <attribute>
                <name>StateId</name>
                <type>INT(11)</type>
                <isKey>false</isKey>
            </attribute>
            <attribute>
                <name>StateName</name>
                <type>NVARCHAR(20)</type>
                <isKey>false</isKey>
            </attribute>
        </insertion>
        <insertion type="NewTable">
            <table>
                <name>[tablesPrefix]JobParameter</name>
                <primaryKey>
                    <mode>0</mode>
                </primaryKey>
                <foreignKey/>
            </table>
            <attribute>
                <name>Id</name>
                <type>INT(11)</type>
                <isKey>false</isKey>
            </attribute>
            <attribute>
                <name>JobId</name>
                <type>INT(11)</type>
                <isKey>false</isKey>
            </attribute>
            <attribute>
                <name>Name</name>
                <type>NVARCHAR(40)</type>
                <isKey>false</isKey>
            </attribute>
            <attribute>
                <name>Value</name>
                <type>LONGTEXT</type>
                <isKey>false</isKey>
            </attribute>
        </insertion>
        <insertion type="NewTable">
            <table>
                <name>[tablesPrefix]JobQueue</name>
                <primaryKey>
                    <mode>0</mode>
                </primaryKey>
                <foreignKey/>
            </table>
            <attribute>
                <name>FetchToken</name>
                <type>NVARCHAR(36)</type>
                <isKey>false</isKey>
            </attribute>
            <attribute>
                <name>FetchedAt</name>
                <type>DATETIME(6)</type>
                <isKey>false</isKey>
            </attribute>
            <attribute>
                <name>Id</name>
                <type>INT(11)</type>
                <isKey>false</isKey>
            </attribute>
            <attribute>
                <name>JobId</name>
                <type>INT(11)</type>
                <isKey>false</isKey>
            </attribute>
            <attribute>
                <name>Queue</name>
                <type>NVARCHAR(50)</type>
                <isKey>false</isKey>
            </attribute>
        </insertion>
        <insertion type="NewTable">
            <table>
                <name>[tablesPrefix]JobState</name>
                <primaryKey>
                    <mode>0</mode>
                </primaryKey>
                <foreignKey/>
            </table>
            <attribute>
                <name>CreatedAt</name>
                <type>DATETIME(6)</type>
                <isKey>false</isKey>
            </attribute>
            <attribute>
                <name>Data</name>
                <type>LONGTEXT</type>
                <isKey>false</isKey>
            </attribute>
            <attribute>
                <name>Id</name>
                <type>INT(11)</type>
                <isKey>false</isKey>
            </attribute>
            <attribute>
                <name>JobId</name>
                <type>INT(11)</type>
                <isKey>false</isKey>
            </attribute>
            <attribute>
                <name>Name</name>
                <type>NVARCHAR(20)</type>
                <isKey>false</isKey>
            </attribute>
            <attribute>
                <name>Reason</name>
                <type>NVARCHAR(100)</type>
                <isKey>false</isKey>
            </attribute>
        </insertion>
        <insertion type="NewTable">
            <table>
                <name>[tablesPrefix]List</name>
                <primaryKey>
                    <mode>0</mode>
                </primaryKey>
                <foreignKey/>
            </table>
            <attribute>
                <name>ExpireAt</name>
                <type>DATETIME(6)</type>
                <isKey>false</isKey>
            </attribute>
            <attribute>
                <name>Id</name>
                <type>INT(11)</type>
                <isKey>false</isKey>
            </attribute>
            <attribute>
                <name>Key</name>
                <type>NVARCHAR(100)</type>
                <isKey>false</isKey>
            </attribute>
            <attribute>
                <name>Value</name>
                <type>LONGTEXT</type>
                <isKey>false</isKey>
            </attribute>
        </insertion>
        <insertion type="NewTable">
            <table>
                <name>[tablesPrefix]Server</name>
                <primaryKey>
                    <mode>0</mode>
                </primaryKey>
                <foreignKey/>
            </table>
            <attribute>
                <name>Data</name>
                <type>LONGTEXT</type>
                <isKey>false</isKey>
            </attribute>
            <attribute>
                <name>Id</name>
                <type>NVARCHAR(100)</type>
                <isKey>false</isKey>
            </attribute>
            <attribute>
                <name>LastHeartbeat</name>
                <type>DATETIME(6)</type>
                <isKey>false</isKey>
            </attribute>
        </insertion>
        <insertion type="NewTable">
            <table>
                <name>[tablesPrefix]Set</name>
                <primaryKey>
                    <mode>0</mode>
                </primaryKey>
                <foreignKey/>
            </table>
            <attribute>
                <name>ExpireAt</name>
                <type>DATETIME</type>
                <isKey>false</isKey>
            </attribute>
            <attribute>
                <name>Id</name>
                <type>INT(11)</type>
                <isKey>false</isKey>
            </attribute>
            <attribute>
                <name>Key</name>
                <type>NVARCHAR(100)</type>
                <isKey>false</isKey>
            </attribute>
            <attribute>
                <name>Score</name>
                <type>FLOAT</type>
                <isKey>false</isKey>
            </attribute>
            <attribute>
                <name>Value</name>
                <type>NVARCHAR(256)</type>
                <isKey>false</isKey>
            </attribute>
        </insertion>
        <insertion type="NewTable">
            <table>
                <name>[tablesPrefix]State</name>
                <primaryKey>
                    <mode>0</mode>
                </primaryKey>
                <foreignKey/>
            </table>
            <attribute>
                <name>CreatedAt</name>
                <type>DATETIME(6)</type>
                <isKey>false</isKey>
            </attribute>
            <attribute>
                <name>Data</name>
                <type>LONGTEXT</type>
                <isKey>false</isKey>
            </attribute>
            <attribute>
                <name>Id</name>
                <type>INT(11)</type>
                <isKey>false</isKey>
            </attribute>
            <attribute>
                <name>JobId</name>
                <type>INT(11)</type>
                <isKey>false</isKey>
            </attribute>
            <attribute>
                <name>Name</name>
                <type>NVARCHAR(20)</type>
                <isKey>false</isKey>
            </attribute>
            <attribute>
                <name>Reason</name>
                <type>NVARCHAR(100)</type>
                <isKey>false</isKey>
            </attribute>
        </insertion>
    </transition>
</transitions>
