trID;oldVer;newVer;Table;EventType;attrName;attrType;iskey;pkey;fkey
1;1451775583.sql;1452123409.sql;AggregatedCounter;Insertion:NewTable;ExpireAt;DATETIME;false;0;-
1;1451775583.sql;1452123409.sql;AggregatedCounter;Insertion:NewTable;Id;INT(11);false;0;-
1;1451775583.sql;1452123409.sql;AggregatedCounter;Insertion:NewTable;Key;VARCHAR(100);false;0;-
1;1451775583.sql;1452123409.sql;AggregatedCounter;Insertion:NewTable;Value;INT(11);false;0;-
1;1451775583.sql;1452123409.sql;Set;Update:TypeChange;ExpireAt;DATETIME;false;0;-
2;1452123409.sql;1452193346.sql;Counter;Update:TypeChange;ExpireAt;DATETIME;false;0;-
3;1452193346.sql;1452198349.sql;-;-;-;-;-;-;-
4;1452198349.sql;1452203787.sql;JobQueue;Update:TypeChange;Queue;VARCHAR(50);false;0;-
5;1452203787.sql;1455403303.sql;DistributedLock;Insertion:UpdateTable;CreatedAt;DATETIME(6);false;0;-
5;1452203787.sql;1455403303.sql;DistributedLock;Deletion:UpdateTable;Id;INT(11);false;0;-
6;1455403303.sql;1507566667.sql;AggregatedCounter;Deletion:DeleteTable;ExpireAt;DATETIME;false;0;-
6;1455403303.sql;1507566667.sql;AggregatedCounter;Deletion:DeleteTable;Id;INT(11);false;0;-
6;1455403303.sql;1507566667.sql;AggregatedCounter;Deletion:DeleteTable;Key;VARCHAR(100);false;0;-
6;1455403303.sql;1507566667.sql;AggregatedCounter;Deletion:DeleteTable;Value;INT(11);false;0;-
6;1455403303.sql;1507566667.sql;Counter;Deletion:DeleteTable;ExpireAt;DATETIME;false;0;-
6;1455403303.sql;1507566667.sql;Counter;Deletion:DeleteTable;Id;INT(11);false;0;-
6;1455403303.sql;1507566667.sql;Counter;Deletion:DeleteTable;Key;VARCHAR(100);false;0;-
6;1455403303.sql;1507566667.sql;Counter;Deletion:DeleteTable;Value;INT(11);false;0;-
6;1455403303.sql;1507566667.sql;DistributedLock;Deletion:DeleteTable;CreatedAt;DATETIME(6);false;0;-
6;1455403303.sql;1507566667.sql;DistributedLock;Deletion:DeleteTable;Resource;VARCHAR(100);false;0;-
6;1455403303.sql;1507566667.sql;Hash;Deletion:DeleteTable;ExpireAt;DATETIME(6);false;0;-
6;1455403303.sql;1507566667.sql;Hash;Deletion:DeleteTable;Field;VARCHAR(40);false;0;-
6;1455403303.sql;1507566667.sql;Hash;Deletion:DeleteTable;Id;INT(11);false;0;-
6;1455403303.sql;1507566667.sql;Hash;Deletion:DeleteTable;Key;VARCHAR(100);false;0;-
6;1455403303.sql;1507566667.sql;Hash;Deletion:DeleteTable;Value;LONGTEXT;false;0;-
6;1455403303.sql;1507566667.sql;Job;Deletion:DeleteTable;Arguments;LONGTEXT;false;0;-
6;1455403303.sql;1507566667.sql;Job;Deletion:DeleteTable;CreatedAt;DATETIME(6);false;0;-
6;1455403303.sql;1507566667.sql;Job;Deletion:DeleteTable;ExpireAt;DATETIME(6);false;0;-
6;1455403303.sql;1507566667.sql;Job;Deletion:DeleteTable;Id;INT(11);false;0;-
6;1455403303.sql;1507566667.sql;Job;Deletion:DeleteTable;InvocationData;LONGTEXT;false;0;-
6;1455403303.sql;1507566667.sql;Job;Deletion:DeleteTable;StateId;INT(11);false;0;-
6;1455403303.sql;1507566667.sql;Job;Deletion:DeleteTable;StateName;VARCHAR(20);false;0;-
6;1455403303.sql;1507566667.sql;JobParameter;Deletion:DeleteTable;Id;INT(11);false;0;-
6;1455403303.sql;1507566667.sql;JobParameter;Deletion:DeleteTable;JobId;INT(11);false;0;-
6;1455403303.sql;1507566667.sql;JobParameter;Deletion:DeleteTable;Name;VARCHAR(40);false;0;-
6;1455403303.sql;1507566667.sql;JobParameter;Deletion:DeleteTable;Value;LONGTEXT;false;0;-
6;1455403303.sql;1507566667.sql;JobQueue;Deletion:DeleteTable;FetchToken;VARCHAR(36);false;0;-
6;1455403303.sql;1507566667.sql;JobQueue;Deletion:DeleteTable;FetchedAt;DATETIME(6);false;0;-
6;1455403303.sql;1507566667.sql;JobQueue;Deletion:DeleteTable;Id;INT(11);false;0;-
6;1455403303.sql;1507566667.sql;JobQueue;Deletion:DeleteTable;JobId;INT(11);false;0;-
6;1455403303.sql;1507566667.sql;JobQueue;Deletion:DeleteTable;Queue;VARCHAR(50);false;0;-
6;1455403303.sql;1507566667.sql;JobState;Deletion:DeleteTable;CreatedAt;DATETIME(6);false;0;-
6;1455403303.sql;1507566667.sql;JobState;Deletion:DeleteTable;Data;LONGTEXT;false;0;-
6;1455403303.sql;1507566667.sql;JobState;Deletion:DeleteTable;Id;INT(11);false;0;-
6;1455403303.sql;1507566667.sql;JobState;Deletion:DeleteTable;JobId;INT(11);false;0;-
6;1455403303.sql;1507566667.sql;JobState;Deletion:DeleteTable;Name;VARCHAR(20);false;0;-
6;1455403303.sql;1507566667.sql;JobState;Deletion:DeleteTable;Reason;VARCHAR(100);false;0;-
6;1455403303.sql;1507566667.sql;List;Deletion:DeleteTable;ExpireAt;DATETIME(6);false;0;-
6;1455403303.sql;1507566667.sql;List;Deletion:DeleteTable;Id;INT(11);false;0;-
6;1455403303.sql;1507566667.sql;List;Deletion:DeleteTable;Key;VARCHAR(100);false;0;-
6;1455403303.sql;1507566667.sql;List;Deletion:DeleteTable;Value;LONGTEXT;false;0;-
6;1455403303.sql;1507566667.sql;Server;Deletion:DeleteTable;Data;LONGTEXT;false;0;-
6;1455403303.sql;1507566667.sql;Server;Deletion:DeleteTable;Id;VARCHAR(100);false;0;-
6;1455403303.sql;1507566667.sql;Server;Deletion:DeleteTable;LastHeartbeat;DATETIME(6);false;0;-
6;1455403303.sql;1507566667.sql;Set;Deletion:DeleteTable;ExpireAt;DATETIME;false;0;-
6;1455403303.sql;1507566667.sql;Set;Deletion:DeleteTable;Id;INT(11);false;0;-
6;1455403303.sql;1507566667.sql;Set;Deletion:DeleteTable;Key;VARCHAR(100);false;0;-
6;1455403303.sql;1507566667.sql;Set;Deletion:DeleteTable;Score;FLOAT;false;0;-
6;1455403303.sql;1507566667.sql;Set;Deletion:DeleteTable;Value;VARCHAR(256);false;0;-
6;1455403303.sql;1507566667.sql;State;Deletion:DeleteTable;CreatedAt;DATETIME(6);false;0;-
6;1455403303.sql;1507566667.sql;State;Deletion:DeleteTable;Data;LONGTEXT;false;0;-
6;1455403303.sql;1507566667.sql;State;Deletion:DeleteTable;Id;INT(11);false;0;-
6;1455403303.sql;1507566667.sql;State;Deletion:DeleteTable;JobId;INT(11);false;0;-
6;1455403303.sql;1507566667.sql;State;Deletion:DeleteTable;Name;VARCHAR(20);false;0;-
6;1455403303.sql;1507566667.sql;State;Deletion:DeleteTable;Reason;VARCHAR(100);false;0;-
6;1455403303.sql;1507566667.sql;[tablesPrefix]AggregatedCounter;Insertion:NewTable;ExpireAt;DATETIME;false;0;-
6;1455403303.sql;1507566667.sql;[tablesPrefix]AggregatedCounter;Insertion:NewTable;Id;INT(11);false;0;-
6;1455403303.sql;1507566667.sql;[tablesPrefix]AggregatedCounter;Insertion:NewTable;Key;VARCHAR(100);false;0;-
6;1455403303.sql;1507566667.sql;[tablesPrefix]AggregatedCounter;Insertion:NewTable;Value;INT(11);false;0;-
6;1455403303.sql;1507566667.sql;[tablesPrefix]Counter;Insertion:NewTable;ExpireAt;DATETIME;false;0;-
6;1455403303.sql;1507566667.sql;[tablesPrefix]Counter;Insertion:NewTable;Id;INT(11);false;0;-
6;1455403303.sql;1507566667.sql;[tablesPrefix]Counter;Insertion:NewTable;Key;VARCHAR(100);false;0;-
6;1455403303.sql;1507566667.sql;[tablesPrefix]Counter;Insertion:NewTable;Value;INT(11);false;0;-
6;1455403303.sql;1507566667.sql;[tablesPrefix]DistributedLock;Insertion:NewTable;CreatedAt;DATETIME(6);false;0;-
6;1455403303.sql;1507566667.sql;[tablesPrefix]DistributedLock;Insertion:NewTable;Resource;VARCHAR(100);false;0;-
6;1455403303.sql;1507566667.sql;[tablesPrefix]Hash;Insertion:NewTable;ExpireAt;DATETIME(6);false;0;-
6;1455403303.sql;1507566667.sql;[tablesPrefix]Hash;Insertion:NewTable;Field;VARCHAR(40);false;0;-
6;1455403303.sql;1507566667.sql;[tablesPrefix]Hash;Insertion:NewTable;Id;INT(11);false;0;-
6;1455403303.sql;1507566667.sql;[tablesPrefix]Hash;Insertion:NewTable;Key;VARCHAR(100);false;0;-
6;1455403303.sql;1507566667.sql;[tablesPrefix]Hash;Insertion:NewTable;Value;LONGTEXT;false;0;-
6;1455403303.sql;1507566667.sql;[tablesPrefix]Job;Insertion:NewTable;Arguments;LONGTEXT;false;0;-
6;1455403303.sql;1507566667.sql;[tablesPrefix]Job;Insertion:NewTable;CreatedAt;DATETIME(6);false;0;-
6;1455403303.sql;1507566667.sql;[tablesPrefix]Job;Insertion:NewTable;ExpireAt;DATETIME(6);false;0;-
6;1455403303.sql;1507566667.sql;[tablesPrefix]Job;Insertion:NewTable;Id;INT(11);false;0;-
6;1455403303.sql;1507566667.sql;[tablesPrefix]Job;Insertion:NewTable;InvocationData;LONGTEXT;false;0;-
6;1455403303.sql;1507566667.sql;[tablesPrefix]Job;Insertion:NewTable;StateId;INT(11);false;0;-
6;1455403303.sql;1507566667.sql;[tablesPrefix]Job;Insertion:NewTable;StateName;VARCHAR(20);false;0;-
6;1455403303.sql;1507566667.sql;[tablesPrefix]JobParameter;Insertion:NewTable;Id;INT(11);false;0;-
6;1455403303.sql;1507566667.sql;[tablesPrefix]JobParameter;Insertion:NewTable;JobId;INT(11);false;0;-
6;1455403303.sql;1507566667.sql;[tablesPrefix]JobParameter;Insertion:NewTable;Name;VARCHAR(40);false;0;-
6;1455403303.sql;1507566667.sql;[tablesPrefix]JobParameter;Insertion:NewTable;Value;LONGTEXT;false;0;-
6;1455403303.sql;1507566667.sql;[tablesPrefix]JobQueue;Insertion:NewTable;FetchToken;VARCHAR(36);false;0;-
6;1455403303.sql;1507566667.sql;[tablesPrefix]JobQueue;Insertion:NewTable;FetchedAt;DATETIME(6);false;0;-
6;1455403303.sql;1507566667.sql;[tablesPrefix]JobQueue;Insertion:NewTable;Id;INT(11);false;0;-
6;1455403303.sql;1507566667.sql;[tablesPrefix]JobQueue;Insertion:NewTable;JobId;INT(11);false;0;-
6;1455403303.sql;1507566667.sql;[tablesPrefix]JobQueue;Insertion:NewTable;Queue;VARCHAR(50);false;0;-
6;1455403303.sql;1507566667.sql;[tablesPrefix]JobState;Insertion:NewTable;CreatedAt;DATETIME(6);false;0;-
6;1455403303.sql;1507566667.sql;[tablesPrefix]JobState;Insertion:NewTable;Data;LONGTEXT;false;0;-
6;1455403303.sql;1507566667.sql;[tablesPrefix]JobState;Insertion:NewTable;Id;INT(11);false;0;-
6;1455403303.sql;1507566667.sql;[tablesPrefix]JobState;Insertion:NewTable;JobId;INT(11);false;0;-
6;1455403303.sql;1507566667.sql;[tablesPrefix]JobState;Insertion:NewTable;Name;VARCHAR(20);false;0;-
6;1455403303.sql;1507566667.sql;[tablesPrefix]JobState;Insertion:NewTable;Reason;VARCHAR(100);false;0;-
6;1455403303.sql;1507566667.sql;[tablesPrefix]List;Insertion:NewTable;ExpireAt;DATETIME(6);false;0;-
6;1455403303.sql;1507566667.sql;[tablesPrefix]List;Insertion:NewTable;Id;INT(11);false;0;-
6;1455403303.sql;1507566667.sql;[tablesPrefix]List;Insertion:NewTable;Key;VARCHAR(100);false;0;-
6;1455403303.sql;1507566667.sql;[tablesPrefix]List;Insertion:NewTable;Value;LONGTEXT;false;0;-
6;1455403303.sql;1507566667.sql;[tablesPrefix]Server;Insertion:NewTable;Data;LONGTEXT;false;0;-
6;1455403303.sql;1507566667.sql;[tablesPrefix]Server;Insertion:NewTable;Id;VARCHAR(100);false;0;-
6;1455403303.sql;1507566667.sql;[tablesPrefix]Server;Insertion:NewTable;LastHeartbeat;DATETIME(6);false;0;-
6;1455403303.sql;1507566667.sql;[tablesPrefix]Set;Insertion:NewTable;ExpireAt;DATETIME;false;0;-
6;1455403303.sql;1507566667.sql;[tablesPrefix]Set;Insertion:NewTable;Id;INT(11);false;0;-
6;1455403303.sql;1507566667.sql;[tablesPrefix]Set;Insertion:NewTable;Key;VARCHAR(100);false;0;-
6;1455403303.sql;1507566667.sql;[tablesPrefix]Set;Insertion:NewTable;Score;FLOAT;false;0;-
6;1455403303.sql;1507566667.sql;[tablesPrefix]Set;Insertion:NewTable;Value;VARCHAR(256);false;0;-
6;1455403303.sql;1507566667.sql;[tablesPrefix]State;Insertion:NewTable;CreatedAt;DATETIME(6);false;0;-
6;1455403303.sql;1507566667.sql;[tablesPrefix]State;Insertion:NewTable;Data;LONGTEXT;false;0;-
6;1455403303.sql;1507566667.sql;[tablesPrefix]State;Insertion:NewTable;Id;INT(11);false;0;-
6;1455403303.sql;1507566667.sql;[tablesPrefix]State;Insertion:NewTable;JobId;INT(11);false;0;-
6;1455403303.sql;1507566667.sql;[tablesPrefix]State;Insertion:NewTable;Name;VARCHAR(20);false;0;-
6;1455403303.sql;1507566667.sql;[tablesPrefix]State;Insertion:NewTable;Reason;VARCHAR(100);false;0;-
7;1507566667.sql;1507569225.sql;-;-;-;-;-;-;-
8;1507569225.sql;1507631299.sql;-;-;-;-;-;-;-
9;1507631299.sql;1507724447.sql;-;-;-;-;-;-;-
10;1507724447.sql;1520238757.sql;AggregatedCounter;Insertion:NewTable;ExpireAt;DATETIME;false;0;-
10;1507724447.sql;1520238757.sql;AggregatedCounter;Insertion:NewTable;Id;INT(11);false;0;-
10;1507724447.sql;1520238757.sql;AggregatedCounter;Insertion:NewTable;Key;VARCHAR(100);false;0;-
10;1507724447.sql;1520238757.sql;AggregatedCounter;Insertion:NewTable;Value;INT(11);false;0;-
10;1507724447.sql;1520238757.sql;Counter;Insertion:NewTable;ExpireAt;DATETIME;false;0;-
10;1507724447.sql;1520238757.sql;Counter;Insertion:NewTable;Id;INT(11);false;0;-
10;1507724447.sql;1520238757.sql;Counter;Insertion:NewTable;Key;VARCHAR(100);false;0;-
10;1507724447.sql;1520238757.sql;Counter;Insertion:NewTable;Value;INT(11);false;0;-
10;1507724447.sql;1520238757.sql;DistributedLock;Insertion:NewTable;CreatedAt;DATETIME(6);false;0;-
10;1507724447.sql;1520238757.sql;DistributedLock;Insertion:NewTable;Resource;VARCHAR(100);false;0;-
10;1507724447.sql;1520238757.sql;Hash;Insertion:NewTable;ExpireAt;DATETIME(6);false;0;-
10;1507724447.sql;1520238757.sql;Hash;Insertion:NewTable;Field;VARCHAR(40);false;0;-
10;1507724447.sql;1520238757.sql;Hash;Insertion:NewTable;Id;INT(11);false;0;-
10;1507724447.sql;1520238757.sql;Hash;Insertion:NewTable;Key;VARCHAR(100);false;0;-
10;1507724447.sql;1520238757.sql;Hash;Insertion:NewTable;Value;LONGTEXT;false;0;-
10;1507724447.sql;1520238757.sql;Job;Insertion:NewTable;Arguments;LONGTEXT;false;0;-
10;1507724447.sql;1520238757.sql;Job;Insertion:NewTable;CreatedAt;DATETIME(6);false;0;-
10;1507724447.sql;1520238757.sql;Job;Insertion:NewTable;ExpireAt;DATETIME(6);false;0;-
10;1507724447.sql;1520238757.sql;Job;Insertion:NewTable;Id;INT(11);false;0;-
10;1507724447.sql;1520238757.sql;Job;Insertion:NewTable;InvocationData;LONGTEXT;false;0;-
10;1507724447.sql;1520238757.sql;Job;Insertion:NewTable;StateId;INT(11);false;0;-
10;1507724447.sql;1520238757.sql;Job;Insertion:NewTable;StateName;VARCHAR(20);false;0;-
10;1507724447.sql;1520238757.sql;JobParameter;Insertion:NewTable;Id;INT(11);false;0;-
10;1507724447.sql;1520238757.sql;JobParameter;Insertion:NewTable;JobId;INT(11);false;0;-
10;1507724447.sql;1520238757.sql;JobParameter;Insertion:NewTable;Name;VARCHAR(40);false;0;-
10;1507724447.sql;1520238757.sql;JobParameter;Insertion:NewTable;Value;LONGTEXT;false;0;-
10;1507724447.sql;1520238757.sql;JobQueue;Insertion:NewTable;FetchToken;VARCHAR(36);false;0;-
10;1507724447.sql;1520238757.sql;JobQueue;Insertion:NewTable;FetchedAt;DATETIME(6);false;0;-
10;1507724447.sql;1520238757.sql;JobQueue;Insertion:NewTable;Id;INT(11);false;0;-
10;1507724447.sql;1520238757.sql;JobQueue;Insertion:NewTable;JobId;INT(11);false;0;-
10;1507724447.sql;1520238757.sql;JobQueue;Insertion:NewTable;Queue;VARCHAR(50);false;0;-
10;1507724447.sql;1520238757.sql;JobState;Insertion:NewTable;CreatedAt;DATETIME(6);false;0;-
10;1507724447.sql;1520238757.sql;JobState;Insertion:NewTable;Data;LONGTEXT;false;0;-
10;1507724447.sql;1520238757.sql;JobState;Insertion:NewTable;Id;INT(11);false;0;-
10;1507724447.sql;1520238757.sql;JobState;Insertion:NewTable;JobId;INT(11);false;0;-
10;1507724447.sql;1520238757.sql;JobState;Insertion:NewTable;Name;VARCHAR(20);false;0;-
10;1507724447.sql;1520238757.sql;JobState;Insertion:NewTable;Reason;VARCHAR(100);false;0;-
10;1507724447.sql;1520238757.sql;List;Insertion:NewTable;ExpireAt;DATETIME(6);false;0;-
10;1507724447.sql;1520238757.sql;List;Insertion:NewTable;Id;INT(11);false;0;-
10;1507724447.sql;1520238757.sql;List;Insertion:NewTable;Key;VARCHAR(100);false;0;-
10;1507724447.sql;1520238757.sql;List;Insertion:NewTable;Value;LONGTEXT;false;0;-
10;1507724447.sql;1520238757.sql;Server;Insertion:NewTable;Data;LONGTEXT;false;0;-
10;1507724447.sql;1520238757.sql;Server;Insertion:NewTable;Id;VARCHAR(100);false;0;-
10;1507724447.sql;1520238757.sql;Server;Insertion:NewTable;LastHeartbeat;DATETIME(6);false;0;-
10;1507724447.sql;1520238757.sql;Set;Insertion:NewTable;ExpireAt;DATETIME;false;0;-
10;1507724447.sql;1520238757.sql;Set;Insertion:NewTable;Id;INT(11);false;0;-
10;1507724447.sql;1520238757.sql;Set;Insertion:NewTable;Key;VARCHAR(100);false;0;-
10;1507724447.sql;1520238757.sql;Set;Insertion:NewTable;Score;FLOAT;false;0;-
10;1507724447.sql;1520238757.sql;Set;Insertion:NewTable;Value;VARCHAR(256);false;0;-
10;1507724447.sql;1520238757.sql;State;Insertion:NewTable;CreatedAt;DATETIME(6);false;0;-
10;1507724447.sql;1520238757.sql;State;Insertion:NewTable;Data;LONGTEXT;false;0;-
10;1507724447.sql;1520238757.sql;State;Insertion:NewTable;Id;INT(11);false;0;-
10;1507724447.sql;1520238757.sql;State;Insertion:NewTable;JobId;INT(11);false;0;-
10;1507724447.sql;1520238757.sql;State;Insertion:NewTable;Name;VARCHAR(20);false;0;-
10;1507724447.sql;1520238757.sql;State;Insertion:NewTable;Reason;VARCHAR(100);false;0;-
10;1507724447.sql;1520238757.sql;[tablesPrefix]AggregatedCounter;Deletion:DeleteTable;ExpireAt;DATETIME;false;0;-
10;1507724447.sql;1520238757.sql;[tablesPrefix]AggregatedCounter;Deletion:DeleteTable;Id;INT(11);false;0;-
10;1507724447.sql;1520238757.sql;[tablesPrefix]AggregatedCounter;Deletion:DeleteTable;Key;VARCHAR(100);false;0;-
10;1507724447.sql;1520238757.sql;[tablesPrefix]AggregatedCounter;Deletion:DeleteTable;Value;INT(11);false;0;-
10;1507724447.sql;1520238757.sql;[tablesPrefix]Counter;Deletion:DeleteTable;ExpireAt;DATETIME;false;0;-
10;1507724447.sql;1520238757.sql;[tablesPrefix]Counter;Deletion:DeleteTable;Id;INT(11);false;0;-
10;1507724447.sql;1520238757.sql;[tablesPrefix]Counter;Deletion:DeleteTable;Key;VARCHAR(100);false;0;-
10;1507724447.sql;1520238757.sql;[tablesPrefix]Counter;Deletion:DeleteTable;Value;INT(11);false;0;-
10;1507724447.sql;1520238757.sql;[tablesPrefix]DistributedLock;Deletion:DeleteTable;CreatedAt;DATETIME(6);false;0;-
10;1507724447.sql;1520238757.sql;[tablesPrefix]DistributedLock;Deletion:DeleteTable;Resource;VARCHAR(100);false;0;-
10;1507724447.sql;1520238757.sql;[tablesPrefix]Hash;Deletion:DeleteTable;ExpireAt;DATETIME(6);false;0;-
10;1507724447.sql;1520238757.sql;[tablesPrefix]Hash;Deletion:DeleteTable;Field;VARCHAR(40);false;0;-
10;1507724447.sql;1520238757.sql;[tablesPrefix]Hash;Deletion:DeleteTable;Id;INT(11);false;0;-
10;1507724447.sql;1520238757.sql;[tablesPrefix]Hash;Deletion:DeleteTable;Key;VARCHAR(100);false;0;-
10;1507724447.sql;1520238757.sql;[tablesPrefix]Hash;Deletion:DeleteTable;Value;LONGTEXT;false;0;-
10;1507724447.sql;1520238757.sql;[tablesPrefix]Job;Deletion:DeleteTable;Arguments;LONGTEXT;false;0;-
10;1507724447.sql;1520238757.sql;[tablesPrefix]Job;Deletion:DeleteTable;CreatedAt;DATETIME(6);false;0;-
10;1507724447.sql;1520238757.sql;[tablesPrefix]Job;Deletion:DeleteTable;ExpireAt;DATETIME(6);false;0;-
10;1507724447.sql;1520238757.sql;[tablesPrefix]Job;Deletion:DeleteTable;Id;INT(11);false;0;-
10;1507724447.sql;1520238757.sql;[tablesPrefix]Job;Deletion:DeleteTable;InvocationData;LONGTEXT;false;0;-
10;1507724447.sql;1520238757.sql;[tablesPrefix]Job;Deletion:DeleteTable;StateId;INT(11);false;0;-
10;1507724447.sql;1520238757.sql;[tablesPrefix]Job;Deletion:DeleteTable;StateName;VARCHAR(20);false;0;-
10;1507724447.sql;1520238757.sql;[tablesPrefix]JobParameter;Deletion:DeleteTable;Id;INT(11);false;0;-
10;1507724447.sql;1520238757.sql;[tablesPrefix]JobParameter;Deletion:DeleteTable;JobId;INT(11);false;0;-
10;1507724447.sql;1520238757.sql;[tablesPrefix]JobParameter;Deletion:DeleteTable;Name;VARCHAR(40);false;0;-
10;1507724447.sql;1520238757.sql;[tablesPrefix]JobParameter;Deletion:DeleteTable;Value;LONGTEXT;false;0;-
10;1507724447.sql;1520238757.sql;[tablesPrefix]JobQueue;Deletion:DeleteTable;FetchToken;VARCHAR(36);false;0;-
10;1507724447.sql;1520238757.sql;[tablesPrefix]JobQueue;Deletion:DeleteTable;FetchedAt;DATETIME(6);false;0;-
10;1507724447.sql;1520238757.sql;[tablesPrefix]JobQueue;Deletion:DeleteTable;Id;INT(11);false;0;-
10;1507724447.sql;1520238757.sql;[tablesPrefix]JobQueue;Deletion:DeleteTable;JobId;INT(11);false;0;-
10;1507724447.sql;1520238757.sql;[tablesPrefix]JobQueue;Deletion:DeleteTable;Queue;VARCHAR(50);false;0;-
10;1507724447.sql;1520238757.sql;[tablesPrefix]JobState;Deletion:DeleteTable;CreatedAt;DATETIME(6);false;0;-
10;1507724447.sql;1520238757.sql;[tablesPrefix]JobState;Deletion:DeleteTable;Data;LONGTEXT;false;0;-
10;1507724447.sql;1520238757.sql;[tablesPrefix]JobState;Deletion:DeleteTable;Id;INT(11);false;0;-
10;1507724447.sql;1520238757.sql;[tablesPrefix]JobState;Deletion:DeleteTable;JobId;INT(11);false;0;-
10;1507724447.sql;1520238757.sql;[tablesPrefix]JobState;Deletion:DeleteTable;Name;VARCHAR(20);false;0;-
10;1507724447.sql;1520238757.sql;[tablesPrefix]JobState;Deletion:DeleteTable;Reason;VARCHAR(100);false;0;-
10;1507724447.sql;1520238757.sql;[tablesPrefix]List;Deletion:DeleteTable;ExpireAt;DATETIME(6);false;0;-
10;1507724447.sql;1520238757.sql;[tablesPrefix]List;Deletion:DeleteTable;Id;INT(11);false;0;-
10;1507724447.sql;1520238757.sql;[tablesPrefix]List;Deletion:DeleteTable;Key;VARCHAR(100);false;0;-
10;1507724447.sql;1520238757.sql;[tablesPrefix]List;Deletion:DeleteTable;Value;LONGTEXT;false;0;-
10;1507724447.sql;1520238757.sql;[tablesPrefix]Server;Deletion:DeleteTable;Data;LONGTEXT;false;0;-
10;1507724447.sql;1520238757.sql;[tablesPrefix]Server;Deletion:DeleteTable;Id;VARCHAR(100);false;0;-
10;1507724447.sql;1520238757.sql;[tablesPrefix]Server;Deletion:DeleteTable;LastHeartbeat;DATETIME(6);false;0;-
10;1507724447.sql;1520238757.sql;[tablesPrefix]Set;Deletion:DeleteTable;ExpireAt;DATETIME;false;0;-
10;1507724447.sql;1520238757.sql;[tablesPrefix]Set;Deletion:DeleteTable;Id;INT(11);false;0;-
10;1507724447.sql;1520238757.sql;[tablesPrefix]Set;Deletion:DeleteTable;Key;VARCHAR(100);false;0;-
10;1507724447.sql;1520238757.sql;[tablesPrefix]Set;Deletion:DeleteTable;Score;FLOAT;false;0;-
10;1507724447.sql;1520238757.sql;[tablesPrefix]Set;Deletion:DeleteTable;Value;VARCHAR(256);false;0;-
10;1507724447.sql;1520238757.sql;[tablesPrefix]State;Deletion:DeleteTable;CreatedAt;DATETIME(6);false;0;-
10;1507724447.sql;1520238757.sql;[tablesPrefix]State;Deletion:DeleteTable;Data;LONGTEXT;false;0;-
10;1507724447.sql;1520238757.sql;[tablesPrefix]State;Deletion:DeleteTable;Id;INT(11);false;0;-
10;1507724447.sql;1520238757.sql;[tablesPrefix]State;Deletion:DeleteTable;JobId;INT(11);false;0;-
10;1507724447.sql;1520238757.sql;[tablesPrefix]State;Deletion:DeleteTable;Name;VARCHAR(20);false;0;-
10;1507724447.sql;1520238757.sql;[tablesPrefix]State;Deletion:DeleteTable;Reason;VARCHAR(100);false;0;-
11;1520238757.sql;1520242320.sql;Set;Update:TypeChange;Value;VARCHAR(150);false;0;-
12;1520242320.sql;1520242669.sql;Set;Update:TypeChange;Value;VARCHAR(256);false;0;-
13;1520242669.sql;1534358217.sql;AggregatedCounter;Update:TypeChange;Key;NVARCHAR(100);false;0;-
13;1520242669.sql;1534358217.sql;Counter;Update:TypeChange;Key;NVARCHAR(100);false;0;-
13;1520242669.sql;1534358217.sql;DistributedLock;Update:TypeChange;Resource;NVARCHAR(100);false;0;-
13;1520242669.sql;1534358217.sql;Hash;Update:TypeChange;Field;NVARCHAR(40);false;0;-
13;1520242669.sql;1534358217.sql;Hash;Update:TypeChange;Key;NVARCHAR(100);false;0;-
13;1520242669.sql;1534358217.sql;Job;Update:TypeChange;StateName;NVARCHAR(20);false;0;-
13;1520242669.sql;1534358217.sql;JobParameter;Update:TypeChange;Name;NVARCHAR(40);false;0;-
13;1520242669.sql;1534358217.sql;JobQueue;Update:TypeChange;FetchToken;NVARCHAR(36);false;0;-
13;1520242669.sql;1534358217.sql;JobQueue;Update:TypeChange;Queue;NVARCHAR(50);false;0;-
13;1520242669.sql;1534358217.sql;JobState;Update:TypeChange;Name;NVARCHAR(20);false;0;-
13;1520242669.sql;1534358217.sql;JobState;Update:TypeChange;Reason;NVARCHAR(100);false;0;-
13;1520242669.sql;1534358217.sql;List;Update:TypeChange;Key;NVARCHAR(100);false;0;-
13;1520242669.sql;1534358217.sql;Server;Update:TypeChange;Id;NVARCHAR(100);false;0;-
13;1520242669.sql;1534358217.sql;Set;Update:TypeChange;Key;NVARCHAR(100);false;0;-
13;1520242669.sql;1534358217.sql;Set;Update:TypeChange;Value;NVARCHAR(256);false;0;-
13;1520242669.sql;1534358217.sql;State;Update:TypeChange;Name;NVARCHAR(20);false;0;-
13;1520242669.sql;1534358217.sql;State;Update:TypeChange;Reason;NVARCHAR(100);false;0;-
14;1534358217.sql;1542920876.sql;AggregatedCounter;Deletion:DeleteTable;ExpireAt;DATETIME;false;0;-
14;1534358217.sql;1542920876.sql;AggregatedCounter;Deletion:DeleteTable;Id;INT(11);false;0;-
14;1534358217.sql;1542920876.sql;AggregatedCounter;Deletion:DeleteTable;Key;NVARCHAR(100);false;0;-
14;1534358217.sql;1542920876.sql;AggregatedCounter;Deletion:DeleteTable;Value;INT(11);false;0;-
14;1534358217.sql;1542920876.sql;Counter;Deletion:DeleteTable;ExpireAt;DATETIME;false;0;-
14;1534358217.sql;1542920876.sql;Counter;Deletion:DeleteTable;Id;INT(11);false;0;-
14;1534358217.sql;1542920876.sql;Counter;Deletion:DeleteTable;Key;NVARCHAR(100);false;0;-
14;1534358217.sql;1542920876.sql;Counter;Deletion:DeleteTable;Value;INT(11);false;0;-
14;1534358217.sql;1542920876.sql;DistributedLock;Deletion:DeleteTable;CreatedAt;DATETIME(6);false;0;-
14;1534358217.sql;1542920876.sql;DistributedLock;Deletion:DeleteTable;Resource;NVARCHAR(100);false;0;-
14;1534358217.sql;1542920876.sql;Hash;Deletion:DeleteTable;ExpireAt;DATETIME(6);false;0;-
14;1534358217.sql;1542920876.sql;Hash;Deletion:DeleteTable;Field;NVARCHAR(40);false;0;-
14;1534358217.sql;1542920876.sql;Hash;Deletion:DeleteTable;Id;INT(11);false;0;-
14;1534358217.sql;1542920876.sql;Hash;Deletion:DeleteTable;Key;NVARCHAR(100);false;0;-
14;1534358217.sql;1542920876.sql;Hash;Deletion:DeleteTable;Value;LONGTEXT;false;0;-
14;1534358217.sql;1542920876.sql;Job;Deletion:DeleteTable;Arguments;LONGTEXT;false;0;-
14;1534358217.sql;1542920876.sql;Job;Deletion:DeleteTable;CreatedAt;DATETIME(6);false;0;-
14;1534358217.sql;1542920876.sql;Job;Deletion:DeleteTable;ExpireAt;DATETIME(6);false;0;-
14;1534358217.sql;1542920876.sql;Job;Deletion:DeleteTable;Id;INT(11);false;0;-
14;1534358217.sql;1542920876.sql;Job;Deletion:DeleteTable;InvocationData;LONGTEXT;false;0;-
14;1534358217.sql;1542920876.sql;Job;Deletion:DeleteTable;StateId;INT(11);false;0;-
14;1534358217.sql;1542920876.sql;Job;Deletion:DeleteTable;StateName;NVARCHAR(20);false;0;-
14;1534358217.sql;1542920876.sql;JobParameter;Deletion:DeleteTable;Id;INT(11);false;0;-
14;1534358217.sql;1542920876.sql;JobParameter;Deletion:DeleteTable;JobId;INT(11);false;0;-
14;1534358217.sql;1542920876.sql;JobParameter;Deletion:DeleteTable;Name;NVARCHAR(40);false;0;-
14;1534358217.sql;1542920876.sql;JobParameter;Deletion:DeleteTable;Value;LONGTEXT;false;0;-
14;1534358217.sql;1542920876.sql;JobQueue;Deletion:DeleteTable;FetchToken;NVARCHAR(36);false;0;-
14;1534358217.sql;1542920876.sql;JobQueue;Deletion:DeleteTable;FetchedAt;DATETIME(6);false;0;-
14;1534358217.sql;1542920876.sql;JobQueue;Deletion:DeleteTable;Id;INT(11);false;0;-
14;1534358217.sql;1542920876.sql;JobQueue;Deletion:DeleteTable;JobId;INT(11);false;0;-
14;1534358217.sql;1542920876.sql;JobQueue;Deletion:DeleteTable;Queue;NVARCHAR(50);false;0;-
14;1534358217.sql;1542920876.sql;JobState;Deletion:DeleteTable;CreatedAt;DATETIME(6);false;0;-
14;1534358217.sql;1542920876.sql;JobState;Deletion:DeleteTable;Data;LONGTEXT;false;0;-
14;1534358217.sql;1542920876.sql;JobState;Deletion:DeleteTable;Id;INT(11);false;0;-
14;1534358217.sql;1542920876.sql;JobState;Deletion:DeleteTable;JobId;INT(11);false;0;-
14;1534358217.sql;1542920876.sql;JobState;Deletion:DeleteTable;Name;NVARCHAR(20);false;0;-
14;1534358217.sql;1542920876.sql;JobState;Deletion:DeleteTable;Reason;NVARCHAR(100);false;0;-
14;1534358217.sql;1542920876.sql;List;Deletion:DeleteTable;ExpireAt;DATETIME(6);false;0;-
14;1534358217.sql;1542920876.sql;List;Deletion:DeleteTable;Id;INT(11);false;0;-
14;1534358217.sql;1542920876.sql;List;Deletion:DeleteTable;Key;NVARCHAR(100);false;0;-
14;1534358217.sql;1542920876.sql;List;Deletion:DeleteTable;Value;LONGTEXT;false;0;-
14;1534358217.sql;1542920876.sql;Server;Deletion:DeleteTable;Data;LONGTEXT;false;0;-
14;1534358217.sql;1542920876.sql;Server;Deletion:DeleteTable;Id;NVARCHAR(100);false;0;-
14;1534358217.sql;1542920876.sql;Server;Deletion:DeleteTable;LastHeartbeat;DATETIME(6);false;0;-
14;1534358217.sql;1542920876.sql;Set;Deletion:DeleteTable;ExpireAt;DATETIME;false;0;-
14;1534358217.sql;1542920876.sql;Set;Deletion:DeleteTable;Id;INT(11);false;0;-
14;1534358217.sql;1542920876.sql;Set;Deletion:DeleteTable;Key;NVARCHAR(100);false;0;-
14;1534358217.sql;1542920876.sql;Set;Deletion:DeleteTable;Score;FLOAT;false;0;-
14;1534358217.sql;1542920876.sql;Set;Deletion:DeleteTable;Value;NVARCHAR(256);false;0;-
14;1534358217.sql;1542920876.sql;State;Deletion:DeleteTable;CreatedAt;DATETIME(6);false;0;-
14;1534358217.sql;1542920876.sql;State;Deletion:DeleteTable;Data;LONGTEXT;false;0;-
14;1534358217.sql;1542920876.sql;State;Deletion:DeleteTable;Id;INT(11);false;0;-
14;1534358217.sql;1542920876.sql;State;Deletion:DeleteTable;JobId;INT(11);false;0;-
14;1534358217.sql;1542920876.sql;State;Deletion:DeleteTable;Name;NVARCHAR(20);false;0;-
14;1534358217.sql;1542920876.sql;State;Deletion:DeleteTable;Reason;NVARCHAR(100);false;0;-
14;1534358217.sql;1542920876.sql;[tablesPrefix]AggregatedCounter;Insertion:NewTable;ExpireAt;DATETIME;false;0;-
14;1534358217.sql;1542920876.sql;[tablesPrefix]AggregatedCounter;Insertion:NewTable;Id;INT(11);false;0;-
14;1534358217.sql;1542920876.sql;[tablesPrefix]AggregatedCounter;Insertion:NewTable;Key;NVARCHAR(100);false;0;-
14;1534358217.sql;1542920876.sql;[tablesPrefix]AggregatedCounter;Insertion:NewTable;Value;INT(11);false;0;-
14;1534358217.sql;1542920876.sql;[tablesPrefix]Counter;Insertion:NewTable;ExpireAt;DATETIME;false;0;-
14;1534358217.sql;1542920876.sql;[tablesPrefix]Counter;Insertion:NewTable;Id;INT(11);false;0;-
14;1534358217.sql;1542920876.sql;[tablesPrefix]Counter;Insertion:NewTable;Key;NVARCHAR(100);false;0;-
14;1534358217.sql;1542920876.sql;[tablesPrefix]Counter;Insertion:NewTable;Value;INT(11);false;0;-
14;1534358217.sql;1542920876.sql;[tablesPrefix]DistributedLock;Insertion:NewTable;CreatedAt;DATETIME(6);false;0;-
14;1534358217.sql;1542920876.sql;[tablesPrefix]DistributedLock;Insertion:NewTable;Resource;NVARCHAR(100);false;0;-
14;1534358217.sql;1542920876.sql;[tablesPrefix]Hash;Insertion:NewTable;ExpireAt;DATETIME(6);false;0;-
14;1534358217.sql;1542920876.sql;[tablesPrefix]Hash;Insertion:NewTable;Field;NVARCHAR(40);false;0;-
14;1534358217.sql;1542920876.sql;[tablesPrefix]Hash;Insertion:NewTable;Id;INT(11);false;0;-
14;1534358217.sql;1542920876.sql;[tablesPrefix]Hash;Insertion:NewTable;Key;NVARCHAR(100);false;0;-
14;1534358217.sql;1542920876.sql;[tablesPrefix]Hash;Insertion:NewTable;Value;LONGTEXT;false;0;-
14;1534358217.sql;1542920876.sql;[tablesPrefix]Job;Insertion:NewTable;Arguments;LONGTEXT;false;0;-
14;1534358217.sql;1542920876.sql;[tablesPrefix]Job;Insertion:NewTable;CreatedAt;DATETIME(6);false;0;-
14;1534358217.sql;1542920876.sql;[tablesPrefix]Job;Insertion:NewTable;ExpireAt;DATETIME(6);false;0;-
14;1534358217.sql;1542920876.sql;[tablesPrefix]Job;Insertion:NewTable;Id;INT(11);false;0;-
14;1534358217.sql;1542920876.sql;[tablesPrefix]Job;Insertion:NewTable;InvocationData;LONGTEXT;false;0;-
14;1534358217.sql;1542920876.sql;[tablesPrefix]Job;Insertion:NewTable;StateId;INT(11);false;0;-
14;1534358217.sql;1542920876.sql;[tablesPrefix]Job;Insertion:NewTable;StateName;NVARCHAR(20);false;0;-
14;1534358217.sql;1542920876.sql;[tablesPrefix]JobParameter;Insertion:NewTable;Id;INT(11);false;0;-
14;1534358217.sql;1542920876.sql;[tablesPrefix]JobParameter;Insertion:NewTable;JobId;INT(11);false;0;-
14;1534358217.sql;1542920876.sql;[tablesPrefix]JobParameter;Insertion:NewTable;Name;NVARCHAR(40);false;0;-
14;1534358217.sql;1542920876.sql;[tablesPrefix]JobParameter;Insertion:NewTable;Value;LONGTEXT;false;0;-
14;1534358217.sql;1542920876.sql;[tablesPrefix]JobQueue;Insertion:NewTable;FetchToken;NVARCHAR(36);false;0;-
14;1534358217.sql;1542920876.sql;[tablesPrefix]JobQueue;Insertion:NewTable;FetchedAt;DATETIME(6);false;0;-
14;1534358217.sql;1542920876.sql;[tablesPrefix]JobQueue;Insertion:NewTable;Id;INT(11);false;0;-
14;1534358217.sql;1542920876.sql;[tablesPrefix]JobQueue;Insertion:NewTable;JobId;INT(11);false;0;-
14;1534358217.sql;1542920876.sql;[tablesPrefix]JobQueue;Insertion:NewTable;Queue;NVARCHAR(50);false;0;-
14;1534358217.sql;1542920876.sql;[tablesPrefix]JobState;Insertion:NewTable;CreatedAt;DATETIME(6);false;0;-
14;1534358217.sql;1542920876.sql;[tablesPrefix]JobState;Insertion:NewTable;Data;LONGTEXT;false;0;-
14;1534358217.sql;1542920876.sql;[tablesPrefix]JobState;Insertion:NewTable;Id;INT(11);false;0;-
14;1534358217.sql;1542920876.sql;[tablesPrefix]JobState;Insertion:NewTable;JobId;INT(11);false;0;-
14;1534358217.sql;1542920876.sql;[tablesPrefix]JobState;Insertion:NewTable;Name;NVARCHAR(20);false;0;-
14;1534358217.sql;1542920876.sql;[tablesPrefix]JobState;Insertion:NewTable;Reason;NVARCHAR(100);false;0;-
14;1534358217.sql;1542920876.sql;[tablesPrefix]List;Insertion:NewTable;ExpireAt;DATETIME(6);false;0;-
14;1534358217.sql;1542920876.sql;[tablesPrefix]List;Insertion:NewTable;Id;INT(11);false;0;-
14;1534358217.sql;1542920876.sql;[tablesPrefix]List;Insertion:NewTable;Key;NVARCHAR(100);false;0;-
14;1534358217.sql;1542920876.sql;[tablesPrefix]List;Insertion:NewTable;Value;LONGTEXT;false;0;-
14;1534358217.sql;1542920876.sql;[tablesPrefix]Server;Insertion:NewTable;Data;LONGTEXT;false;0;-
14;1534358217.sql;1542920876.sql;[tablesPrefix]Server;Insertion:NewTable;Id;NVARCHAR(100);false;0;-
14;1534358217.sql;1542920876.sql;[tablesPrefix]Server;Insertion:NewTable;LastHeartbeat;DATETIME(6);false;0;-
14;1534358217.sql;1542920876.sql;[tablesPrefix]Set;Insertion:NewTable;ExpireAt;DATETIME;false;0;-
14;1534358217.sql;1542920876.sql;[tablesPrefix]Set;Insertion:NewTable;Id;INT(11);false;0;-
14;1534358217.sql;1542920876.sql;[tablesPrefix]Set;Insertion:NewTable;Key;NVARCHAR(100);false;0;-
14;1534358217.sql;1542920876.sql;[tablesPrefix]Set;Insertion:NewTable;Score;FLOAT;false;0;-
14;1534358217.sql;1542920876.sql;[tablesPrefix]Set;Insertion:NewTable;Value;NVARCHAR(256);false;0;-
14;1534358217.sql;1542920876.sql;[tablesPrefix]State;Insertion:NewTable;CreatedAt;DATETIME(6);false;0;-
14;1534358217.sql;1542920876.sql;[tablesPrefix]State;Insertion:NewTable;Data;LONGTEXT;false;0;-
14;1534358217.sql;1542920876.sql;[tablesPrefix]State;Insertion:NewTable;Id;INT(11);false;0;-
14;1534358217.sql;1542920876.sql;[tablesPrefix]State;Insertion:NewTable;JobId;INT(11);false;0;-
14;1534358217.sql;1542920876.sql;[tablesPrefix]State;Insertion:NewTable;Name;NVARCHAR(20);false;0;-
14;1534358217.sql;1542920876.sql;[tablesPrefix]State;Insertion:NewTable;Reason;NVARCHAR(100);false;0;-
