Date	Author	NumAffectedFiles	Contains .sql
2015-12	Arnoldas,arnoldasgudas	26	1
2016-01	Arnoldas,arnoldas_zest	81	6
2016-02	arnoldasgudas,Arnoldas	38	1
2016-03	O�?uzhan,arnoldasgudas	3	0
2016-10	Arnoldas,nickolsky	4	0
2016-11	arnoldasgudas	1	0
2017-03	Michael	23	0
2017-04	Alexey	2	0
2017-06	arnoldas_zest,arnoldasgudas,arnoldas@zestmoney.in	12	0
2017-10	Vladimir	29	4
2017-12	Marius	11	0
2018-03	Chaoyu,kinshines	5	3
2018-05	Pavel	1	0
2018-06	arnoldasgudas,Morten	2	0
2018-08	Arnoldas	0	1
2018-10	arnoldas@zestmoney.in	2	0
2018-11	Arnoldas	9	0
