Date	Author	NumAffectedFiles	Contains .sql
2009-02	blueyon	1640	1
2009-03	blueyon,vitaliytv	12394	16
2009-04	blueyon	261	1
2009-05	blueyon	4987	4
2009-06	blueyon	362	1
2009-07	blueyon	488	1
2009-11	blueyon	2327	3
2010-03	blueyon	6580	7
2010-04	qphoria	177	3
2010-06	qphoria	1002	7
2010-08	qphoria	122	2
2010-09	qphoria	71	0
2010-10	qphoria	18	2
2010-11	qphoria	13	2
2010-12	qphoria	44	0
2011-01	qphoria	5	0
2011-04	blueyon@gmail.com,qphoria	1508	6
2011-05	blueyon@gmail.com,qphoria	868	10
2011-06	blueyon@gmail.com	1139	1
2011-07	blueyon@gmail.com	399	10
2012-06	Daniel	1262	2
2012-07	Daniel,opencarthelp,John,Ruslan,aa100,Vadim,prof-web-coding,Andrejus	455	6
2012-08	devtsit,opencart,John,Daniel,Ekrem,Edgar,juliao,Jay,qphoria,Erdem,Asif-Mahmood,aa100,Vadim,Andreas,Chris,prof-web-coding,JohnnyVega	285	21
2012-09	Daniel,John,devtsit,rokdazone,opencart	128	9
2012-10	Pavel,ictinus,Daniel,Mr.,Kayo,Bob,JFox,John	19	1
2012-11	opencart,John,rph,Vineet	14	2
2012-12	Haydar,Daniel,opencartarab,Seyhun,rokdazone,rph,Andrejus,devtsit,John,rebdog	594	19
2013-01	Ekrem,Jano,Milow,Daniel,Simon,Haydar,mireks,Martynas,laan,Jimit,aa100,amdev,devtsit,opencartarab	1259	19
2013-02	Daniel,devtsit,Seyhun,jcsmithy,Haydar,Hafidz,Linus,Martynas,kenfai,Ekrem,rb2,Nikita,Zemistr	1436	18
2013-03	opencart,Hallvard,Andrew,valdeir2000,Vadim,J.G.,devtsit,Hass,Mohamad,Dirk-jan,Ekrem,Daniel	2144	5
2013-04	opencart,Maks,Daniel,valdeir2000,Craig,MarketInSG,Hrumpa,Rickard,Mohamad	1259	0
2013-05	Fábio,opencart,Shiro,Jeramy,Daniel	436	0
2013-06	Daniel,valdeir2000,opencart,Andre,MarketInSG,Ekrem,John,Haydar,Robin,CZechBoY,Jano,Sam,BeyondWEB,Diego	1580	7
2013-07	gob33,Daniel,opencarthelp,John,dvrbuntu	651	4
2013-08	Daniel,aikakira	2799	1
2013-09	Daniel,James,opencarthelp,helgvor-stoll,morae,Aleksandras	296	2
2013-10	Daniel,James,Sam,Erik,pixelcreativ,MarketInSG	1783	5
2013-11	Daniel,emnsen,Stan,devtsit,Ekrem,Aleksandr,CZechBoY,chimeraha,James,Massimo	2967	11
2013-12	Daniel,kabatza,James,Ekrem,Stan,Guntis,Wouter,emnsen	1691	8
2014-01	Daniel,James,OpenCartAddons,M,Jesse	1243	1
2014-02	Daniel,James,Marko,Matt,Justin,ball6847,chimeraha,CZechBoY,Martynas,Matthew	1093	11
2014-03	James,Daniel,maks,Madhur,Steven	875	6
2014-04	Daniel,James,opencarthelp,Ekrem,Turnerj,hellaslubo,Thorben,Marco	241	4
2014-05	M,James,Daniel,OpenCartAddons,Dvir,MarketInSG,Samuel,hellaslubo,opencarthelp,Martynas-P	1057	9
2014-06	James,Daniel,Urs,RamkumarPillai,Ekrem,M,Jacob,OSWorX	337	3
2014-07	Daniel,James,Ekrem,Jayin,David,leunggamciu,cornernote,Urs,Dvir,Artiom	1655	11
2014-08	Daniel,James,MostafaEs,maks,JAY6390,David,Brice,Steven,shadyyx,OpenCartAddons,Ekrem,Stan	3564	20
2014-09	Daniel,devtsit,James,Toni,opencarthelp,pcgamez,MMO,MostafaEs,Steven	4484	15
2014-10	TECHDEV,Steve,opencarthelp,Daniel,Simon,James,tomkoo,Alexandros,OpenCartAddons,latestthemes,Anton,Jay,opencart-russia,MMO,David,Martin,CoverUp,Chris,Ekrem,Nathan	980	14
2014-11	opencart-russia,Manoel,James,Daniel,Ngoc,TECHDEV,saifwebberoo,Jonas,若海,OC2PS,OpenCartAddons,David,Simon,websitedesignby,Ekrem,Chris,manakill,makeen,MarketInSG,Dreamvention	664	10
2014-12	Daniel,James,Ruben,若海,MarketInSG,opencarthelp,Dvir-Julius,OC,Ben,Alexandros,Jorrit,TECHDEV	202	3
2015-01	Daniel,tomkoo,James,Ruslan,JAY6390,David	360	0
2015-02	Daniel,James,Victor,OC2PS-2,Adam,reda,maks,Tomas,dragoncorpgit,saifwebberoo	178	1
2015-03	James,David,TomekWW,Daniel,Chris,veksen,OSWorX,haydenw,sabitertan	476	0
2015-04	valdeir2000,Syam,chrislim2888,Juan,OpenCartAddons,Daniel,Andrew,OSWorX,StockMaster,Chris,opencart-russia,James,maks,Maria	231	4
2015-05	Syam,James,Daniel,Manoel,Dvir-Julius,steefdw,Ekrem,newman101,Chris,Valdeir,Francesco,Quality,Manash,valdeir2000	172	3
2015-06	chrislim2888,James,Daniel,Stoyan,Aldo,John,Francesco,Talgat,Syam,opencart-russia,OpenCartAddons,Manoel	251	2
2015-07	Matt,James,Daniel,hydrowire,Tijme,detergen	315	8
2015-08	Daniel,maks,James,opencart-russia,tiborbesze86,Vivek,billynoah	1894	8
2015-09	Daniel,James,chrislim2888,David,OSWorX,OpenCartAddons,Danijel,Stan,Chris,Sergey	389	7
2015-10	Vivek,Daniel,David,OpenCartAddons,Mustapha,charleskwok,James,maks,Spellbinder,maxsharov,Moein,Sergii,billynoah,Manoel,tiborbesze86,Klaus,valdeir2000,newman101	854	5
2015-11	Daniel,James,maks,Valdeir,valdeir2000,savage4pro,Steven,toporchillo,Gil,StockMaster,newman101,Chien,Mustapha,Gursharanjit,David,GreenRobot	1169	2
2015-12	Daniel,James,Mustapha,Petr,OpenCartAddons,newman101,David,DaveMcW,maks,Euan	1653	7
2016-01	Daniel,Ekrem,bxmas13,David,James,A.,Robb,Zulfakar,Mike,Valdeir,Manoel,savage4pro,Danijel,devtsit,Chris,Steven,Robert,hisorange,maks,Robin,john,Mustapha,billynoah	1209	15
2016-02	Steven,James,David,opencart-russia,Chris,Daniel,Roberto,PhamToan,gob33,Ekrem,Zulfakar,Danijel,A.,Valdeir,chrislim2888,Hakan,givanz,Manoel,Mustapha	377	1
2016-03	Asif,Daniel,Qphoria,Newerton,Danijel,Felix-Ho,Stoyan,Rick,A.,Mustapha,Ekrem,James,djkmiles,Rpent001,Giuliano,Nguyen,opencart-russia,Zulfakar,OpenCartAddons,Waqas,Michal,cafeiklan.com,Alex,Chris,Steven,David	211	7
2016-04	Qphoria,maks,Daniel,David,TECHDEV,Spellbinder,Chris,Danijel,shoputils,Juha,Giuliano,James,Ekrem,appchecker,Lucas,Steven,Esmond	311	2
2016-05	Steven,Daniel,Chris,maks,bilal,opencarteli,florinsith,James,p0v1n0m,Jesse,Jonas,Ekrem,Robin,faisal,qphoria,Giuliano,Matias,JC,David	697	3
2016-06	p0v1n0m,Danijel,Daniel,David,James,Ekrem,Felix,ikarmanov,pavan,Jesse,Qphoria,Chris,kilida,Jan,opencarteli,Roland,baycik,Steven,OSWorX	3837	17
2016-07	Qphoria,Daniel,James,OpenCartAddons,Chris,David,Steven,TECHDEV,Danijel,EWake,Ryan,Mark,Bruno,newman101,florinsith,Alen	4691	13
2016-08	DariyGRAY,Rich,Daniel,tiago,OSWorX,Ryan,Teddy,Billy,pavan,Evgeniy,florinsith,David,Koray,andrei-bogdan,johnwongoc,Lucas,Danijel,Stefan,Matheus,root,Felix,evgenekorolev,Qphoria,James	237	1
2016-09	Felix,OpenCartAddons,Daniel,Danijel,fogma,maks,Muhammad,Tyler,ismailhkn,DariyGRAY,Bruno	66	1
2016-10	Rich,toporchillo,maks,Gunjan,chrislim2888,Lukáš	11	0
2016-11	James,Daniel,admin,Hendra,OSWorX,tblanchard,pavan,Tyler,David,Robin,Joey,vikhyat,OpenCartAddons,Felix	67	1
2016-12	Jorrit,Daniel,Jesse,ayhankuru,Bekir,Hendra,Samir	35	0
2017-01	Daniel,Danijel,James,Artyom,Sofyan	381	9
2017-02	James,howdu,Daniel,Jesse,Lispum,Simeon	1978	6
2017-03	James,Daniel,John,Danijel,Felix,amdev,OpenCartAddons,Billy,Roman,Jesse,lucasjkr	409	6
2017-04	Namhyeon,,James,Daniel,chrislim2888,Danijel,Eri,raxbg,DariyGRAY	532	19
2017-05	Daniel,James,OpenCartAddons,Danijel	485	7
2017-06	Daniel,Manoel,Danijel,PavanMehta,Simeon,howdu,OpenCartAddons,James,collm109,OSWorX,Jack,Dmitriy,devtsit,RaidoDev,Jesse,spacedog4,John	2244	15
2017-07	Danijel,Daniel,James,Anatoly,Petr,howdu,goofygoblin,OSWorX,Stefan,Jesse,Manoel,KOOPY,eivydas,mengwenbin,omar-dev,valdeirpsr,shyandsy,devtsit,OpenCartAddons,Simeon	2640	5
2017-08	Daniel,hardjob,amdev,Pham,James,Filip,howdu,Danijel,chrislim2888,gideon,Matthew,mengwenbin,Anatoly,Morgan,Billy,devtsit	431	2
2017-09	howdu,Daniel,Felix,James,Danijel,git,Shinrai,Egis0,Jesse,helgvor-stoll	926	10
2017-10	Anton,Sam,Dariy,Lucas,James,Ene,Daniel,Ekrem,Manoel,Danijel,fraudlabspro	630	6
2017-11	Daniel,Jonathan,Alex,Lucas,sumit,Anders,Ekrem,seanmacdomhnall,Felix,Danijel,OSWorX,Jesse,Manoel,devtsit,James,Peter	1091	9
2017-12	Manoel,Daniel,Jesse,Sam,Yevhen,Felix,Pham,howdu,John,James,Peter,Billy,PavanMehta	400	6
2018-01	Felix,Yevhen,Jesse,Daniel,hussam-m,Ekrem,James,Dariy,PavanMehta,Manoel	796	10
2018-02	Daniel,Felix,Anton,James	803	0
2018-03	Daniel,Jesse,James,Mustapha,Felix	2393	1
2018-04	Daniel,florinsith,Jesse,eivydas,fallax010,Michael,Simo	2208	0
2018-05	Daniel,Jesse,condor2	192	1
2018-06	Daniel,fraudlabspro,Nick	811	0
2018-07	James,Daniel	262	1
2018-08	gerard,James,fallax010,Daniel	35	0
2018-09	Daniel,James,Aldo,John,gerard	281	3
2018-10	Mangesh,Daniel,Vivek	728	5
2018-11	Daniel,Vivek,Shawn,ADDCreative,James	254	4
2018-12	Daniel,Aditya,florinsith,Boldizsár	66	0
2019-01	Falcon,Daniel	58	0
2019-02	Daniel,OSWorX,James,Falcon	1046	1
2019-03	Daniel,James,Jano	134	4
2019-04	Daniel,James,OSWorX,fallax010	162	1
2019-05	Daniel	23	0
