Date	Author	NumAffectedFiles	Contains .sql
2010-07	ben,Joshua,Marco	1915	0
2010-08	bwyss,Joshua,Roland,Damiano,Fabian,Aurea,Andrea,andy,kaestli,unknown,ben	9680	0
2010-09	Joshua,Roland,Aurea,bwyss,Andrea,Fabian,Damiano	4204	10
2010-10	Christopher,Damiano,Roland,Andrea,Joshua,bwyss,Fabian,Aurea	1680	0
2010-11	Andrea,Fabian,Joshua,Christopher,bwyss,Lars,Roland,Damiano	980	1
2010-12	bwyss,Lars,Andrea,Christopher,Damiano,Roland,Fabian,Joshua	349	0
2011-01	Fabian,Andrea,Muharem,bwyss,Lars,Christopher,ChristopherMacGown	459	0
2011-02	Damiano,Muharem,Lars,Andrea,Christopher,Marco,Fabian	459	5
2011-03	root,bwyss,Muharem,Lars,OpenQuake	270	0
2011-04	Marco,Lars,Muharem,root,Andrea	307	46
2011-05	Muharem,Andrea,Marco,Lars,damiano,Damiano	213	157
2011-06	Gabriele,Mattia,Lars,Muharem,Marco	343	53
2011-07	Mattia,Muharem,Gabriele,Lars,benwyss,bwyss,Andrea,Marco,Giuseppe	623	147
2011-08	Mattia,Lars,Anton,Marco,Gabriele,Muharem,Andrea,Giuseppe	1132	390
2011-09	Lars,Andrea,Anton,Marco,Muharem,monellid,Mattia,Gabriele	568	21
2011-10	Lars,Marco,Muharem,Anton,Andrea,Ben,Damiano	827	10
2011-11	Lars,Muharem,Anton,Marco	476	20
2011-12	Lars,Anton,Muharem,Marco	1902	49
2012-01	Marco,Anton,Lars,Andrea,Muharem	1317	11
2012-02	Muharem,Giuseppe,Lars,Anton,Andrea,Marco,bmw	1094	82
2012-03	Anton,Andrea,Lars,Muharem,Giuseppe	1086	72
2012-04	Anton,Lars,Andrea,Muharem	455	5
2012-05	Lars,Anton,Andrea,Giuseppe,Muharem	590	28
2012-06	Anton,Lars,Damiano,Andrea,Muharem	648	47
2012-07	Marco,Lars,Anton,Muharem	343	17
2012-08	Lars,Anton,Luigi,Muharem,Damiano	531	16
2012-09	Luis,Lars,Damiano,Luigi,Andrea	343	7
2012-10	Lars,Luigi,Damiano,Michele,Giuseppe,Andrea,Muharem	488	17
2012-11	Lars,Luigi,Matteo,Andrea,Michele,Giuseppe,Damiano	1190	28
2012-12	Lars,Andrea,Luigi,Damiano,Michele,Matteo,Giuseppe,g-weatherill,giuseppe,Marco	889	29
2013-01	Lars,Giuseppe,Luigi,Michele,Marco,Damiano,g-weatherill,Matteo	827	36
2013-02	Lars,Matteo,Luigi,Michele,Damiano,Marco,g-weatherill,Giuseppe	1698	63
2013-03	Luigi,Matteo,Lars,Michele,Damiano,g-weatherill,Paul,Giuseppe	903	26
2013-04	Luigi,Matteo,Lars,Damiano,Michele,Daniele	736	41
2013-05	Michele,Luigi,g-weatherill,Lars,Matteo,Damiano	1119	42
2013-06	Michele,Luigi,g-weatherill,Matteo,Lars,Damiano	664	25
2013-07	Luigi,Lars,Matteo,Marco,Michele,g-weatherill	456	8
2013-08	Michele,Luigi,Lars,Luis,Damiano,Matteo	367	9
2013-09	Luigi,Michele,Damiano,Lars,Luis,root,g-weatherill	1252	14
2013-10	Luigi,Damiano,Michele,g-weatherill,root,Matteo,Lars	563	15
2013-11	Michele,Luigi,Paolo,Matteo,Damiano,Daniele,g-weatherill,vup1120,root	718	58
2013-12	Daniele,Michele,Damiano,g-weatherill,Luigi	583	14
2014-01	Michele,Damiano,Paolo,Matteo,Marco,Daniele	403	6
2014-02	Michele,Damiano,Matteo,Daniele,g-weatherill,Marco,Paolo,root	520	18
2014-03	Michele,Daniele,Damiano,g-weatherill,jgarcia,Marco	1160	18
2014-04	jgarcia,Michele,Luis,Daniele,julgp,g-weatherill,Matteo	417	7
2014-05	Michele,Luis,g-weatherill,Matteo,Damiano,Marco,julgp,jgarcia	566	26
2014-06	Michele,Matteo,Daniele,g-weatherill	383	11
2014-07	Michele,Lars,g-weatherill	230	60
2014-08	ldanciul,Michele,Marco,Matteo,Lars,Damiano,Daniele	554	28
2014-09	ldanciul,Michele,nickhorspool,Damiano,g-weatherill,Matteo,Daniele	893	10
2014-10	Michele,vup1120@gmail.com,Marco,danciul,g-weatherill,Daniele,ldanciul,nickhorspool,yenshin.chen@globalquakemodel.org	1577	7
2014-11	Michele,g-weatherill,Luis,jgarcia,Daniele,Marco,Matteo,FrancescoIngv	2476	0
2014-12	Marco,g-weatherill,Michele,Matteo,Daniele	631	0
2015-01	Michele,g-weatherill,Anirudh,Daniele,Marco,danciul	959	3
2015-02	g-weatherill,Matteo,Michele,Daniele,Marco,Yen-Shin	761	0
2015-03	Matteo,Daniele,g-weatherill,Michele,Yen-Shin,Marco	958	3
2015-04	Daniele,g-weatherill,Michele,Matteo,Marco,Yen-Shin	1114	2
2015-05	Daniele,Michele,Yen-Shin,g-weatherill,Robin,Matteo	1110	2
2015-06	Michele,Daniele,Matteo,g-weatherill,Anirudh,Yen-Shin,Luis	1010	0
2015-07	Daniele,Michele,g-weatherill,Robin	1626	2
2015-08	Daniele,Michele,Anirudh,g-weatherill,Marco,Yen-Shin,C.	706	0
2015-09	Daniele,Michele,Robin,Anirudh,Matteo,Yen-Shin,g-weatherill	838	1
2015-10	Michele,g-weatherill,Marco,Daniele,Matteo	1182	0
2015-11	Michele,Matteo,silviacanessa,g-weatherill,Yen-Shin,Daniele,CatalinaYepes	1310	0
2015-12	ackerlen,Michele,Paolo,g-weatherill,Matteo,ChenYen,Daniele,Marco	1009	0
2016-01	ackerlen,Michele,g-weatherill,Marco,Daniele,Matteo,Anirudh	1820	20
2016-02	Michele,ackerlen,g-weatherill,Daniele,ChenYen,Anirudh,Matteo,Marco	3214	48
2016-03	Michele,Daniele,Matteo,g-weatherill,ChenYen,Marco,mm.pagani,Anirudh	1055	4
2016-04	Michele,g-weatherill,Daniele,Matteo	1737	0
2016-05	Michele,Daniele,Matteo,g-weatherill	2022	0
2016-06	Daniele,Paolo,Michele,treviallen,Matteo	1410	0
2016-07	treviallen,Allen,Trevor,Michele,g-weatherill,Daniele,ChenYen,Paolo	713	2
2016-08	Michele,Daniele,g-weatherill	1780	0
2016-09	g-weatherill,Michele,Daniele,griffij	1226	0
2016-10	g-weatherill,Michele,Daniele,Marco,Matteo,Anirudh,Paolo	812	0
2016-11	Michele,Daniele,Robin,g-weatherill,Anirudh	1133	0
2016-12	Daniele,g-weatherill,Michele,Robin	685	0
2017-01	Michele,Daniele,g-weatherill,Matteo,Marco,Robin,Anirudh	1703	0
2017-02	Michele,Daniele,Matteo,Anirudh,Robin,g-weatherill	1301	0
2017-03	Daniele,Michele,Paolo,klunk386,Matteo	1036	0
2017-04	Michele,Daniele,Anirudh	829	0
2017-05	Anirudh,Michele,Daniele,Matteo	1470	0
2017-06	Michele,Daniele,Paolo,Anirudh,hascar,Armando	1151	1
2017-07	Michele,g-weatherill,Daniele,klunk386	559	0
2017-08	Michele,Daniele,klunk386,Valerio,g-weatherill	533	0
2017-09	Michele,g-weatherill,Anirudh,Daniele,Matteo,klunk386,Paolo	1149	2
2017-10	Daniele,Michele,Anirudh,Armando,Matteo,g-weatherill,Marco,klunk386	4245	0
2017-11	Daniele,Michele,Matteo,Anirudh,klunk386	1259	0
2017-12	Michele,Daniele,g-weatherill,ackerlen,Anirudh	774	0
2018-01	Michele,Daniele,g-weatherill,Stéphane,Matteo,Marco,Paolo	893	2
2018-02	Michele,klunk386,Daniele,Matteo,Anirudh,g-weatherill,Marco,Stéphane	1285	0
2018-03	Michele,Daniele,Robin,Nick,Marco,Kendra,Paolo,Armando,Matteo,Anirudh,klunk386	1819	0
2018-04	Michele,Daniele,Matteo,CatalinaYepesE	1279	0
2018-05	Michele,Daniele,Matteo,Marco,Robin	1572	0
2018-06	Michele,Daniele,Marco,Anirudh,Matteo	923	1
2018-07	Daniele,Matteo,Michele,Pablo,g-weatherill,Robin,Paolo	792	3
2018-08	Michele,Marco,Daniele,Robin,Pablo,g-weatherill	681	0
2018-09	Michele,Marco,Daniele,Kendra,g-weatherill,Matteo,Anirudh	978	0
2018-10	Michele,Daniele,Robin,Marco,Kendra,klunk386,Chris,CatalinaYepesE,Anirudh,g-weatherill,Matteo	1428	0
2018-11	Michele,Marco,Daniele,Robin	1278	2
2018-12	klunk386,Daniele,Michele,g-weatherill,Marco,Matteo,Anirudh	922	0
2019-01	Daniele,Michele,Marco,klunk386,Kendra,Matteo,Robin,Anirudh	1077	0
2019-02	Michele,rodolfopuglia,Robin,Daniele,Chris,Marco,klunk386	1227	0
2019-03	Michele,Guillaume,Daniele,Matteo,giovannilanzanoINGV,Marco,Anirudh	2010	0
2019-04	Michele,Chris,g-weatherill,Marco,Daniele,Paolo	791	0
2019-05	Michele,Daniele,Matteo,Marco,g-weatherill,Paul,giovannilanzanoINGV,Kendra	1584	0
