Date	Author	NumAffectedFiles	Contains .sql
2009-03	mattlevine,seanschroeder	2905	2
2009-04	mattlevine,seanschroeder,andyford,eddieballisty	2329	0
2009-05	seanschroeder,mattlevine,santora,eddieballisty,andyford	489	22
2009-06	seanschroeder,mattlevine,santora,andyford,eddieballisty	313	0
2009-07	mattlevine,andyford	733	0
2009-08	mattlevine,santora	196	0
2009-09	mattlevine	179	0
2009-10	mattlevine	318	2
2009-11	mattlevine	156	0
2009-12	mattlevine,seanschroeder	202	1
2010-01	mattlevine	68	0
2010-02	mattlevine	887	8
2010-03	mattlevine	244	10
2010-04	mattlevine	257	1
2010-05	mattlevine	125	0
2010-06	mattlevine	192	0
2010-07	mattlevine	351	0
2010-08	mattlevine	85	0
2010-09	mattlevine	93	0
2010-10	mattlevine	2576	0
2010-11	mattlevine	1185	0
2010-12	mattlevine	33	0
2011-01	mattlevine	1885	4
2011-02	mattlevine	276	0
2011-03	mattlevine	226	1
2011-04	mattlevine	83	0
2011-05	mattlevine,Matt,Sean,sparky300,Jamie,Greg,Steve	933	12
2011-06	mattlevine,Matt,Sean	640	2
2011-07	Matt,Sean,mattlevine,grantshepert,Greg,nmische	476	0
2011-08	Matt,grantshepert,Sean,mattlevine,Daniel,Guust,Eddie	1328	0
2011-09	Sean,Matt,mattlevine,grantshepert,Greg	7918	0
2011-10	Matt,Jason,Andy,mattlevine,Sean,Greg,David,Steve	4745	3
2011-11	Matt,Sean,mattlevine,Daniel,Mike,Greg,Jason	294	0
2011-12	Matt,mattlevine,Sean	2768	6
2012-01	Eddie,Matt,Daniel,Sean,mattlevine	261	1
2012-02	Matt,Sumit,Sean,mattlevine,Eddie	389	1
2012-03	Steve,Matt,Sean,Sumit,Eddie,twelverobots,Tom,Jason	226	6
2012-04	mattlevine,Matt,grantshepert,Eddie,Nick,Steve,Azadi,Sean,Jason,Sumit	226	0
2012-05	Matt,mattlevine,Steve,Sean,Sumit,Eddie,grantshepert	1727	0
2012-06	Matt,mattlevine,Ronnie,grantshepert,Jason,Sean,Tom,Steve,Sumit,Eddie	2162	0
2012-07	mattlevine,Matt,Sean,Steve,grantshepert,Guust	563	0
2012-08	Sean,mattlevine,Matt,Tony,Sumit,Eddie	1011	3
2012-09	Sean,Matt,mattlevine,David,Steve,Eddie	2086	6
2012-10	Mat,Eddie,Sean,titiscan,Steve,mattlevine,Matt,grantshepert	784	4
2012-11	Mat,mattlevine,Greg,Sean,Steve,Eddie,Guust,Doug,titiscan,grantshepert,matthewfair	1925	0
2012-12	mattlevine,Mat,titiscan,Steve,Sean,Eddie,grantshepert	1725	0
2013-01	dhughes,Steve,mattlevine,Mat,Eddie,Ronnie	1912	0
2013-02	Mat,Sean,mattlevine,Steve,grantshepert,Cameron	412	0
2013-03	mattlevine,Mat,Eddie,Steve,Ronnie,evandunham,Sean,Tom,titiscan	189	0
2013-04	Tom,Eddie,Mat,Steve,Sean,marcel,mattlevine	105	0
2013-05	Eddie,Mat,Steve	53	0
2013-06	Mat,Steve,jsieber-aca,Greg	59	3
2013-07	Steve,Mat	8	0
2013-08	Steve,Mat	6	0
2013-09	Mat,Steve,Sean,Seb,Jason,grantshepert	3898	2
2013-10	Sean,Mat,Eddie,Steve,MarcAckermann,Ronnie,CF,Seb	801	0
2013-11	Ronnie,Mat,Sean,Steve,grantshepert,Eddie,Aurelien,fhgroup,gowestweb	623	0
2013-12	Steve,Mat,Ronnie,David	493	3
2014-01	Mat,Steve,grantshepert,Eddie,Sean,mattlevine	970	32
2014-02	Mat,Sean,Cameron,grantshepert,Greg,Steve,titiscan	148	0
2014-03	Mat,southofshasta,Eddie,Sean,Ronnie,Steve,Cameron	327	0
2014-04	Ronnie,Mat,grantshepert,Nick,Steve,Jamie,Aurelien,Robert,Joe	157	0
2014-05	Ronnie,AJD,Andrew,Mat,grantshepert,Greg,Nick,Steve,Sean,Cameron,Raja,Josh,Jason	196	0
2014-06	Mat,Steve,Sean,Nick,Ronnie,Evan,Seb	1085	1
2014-07	Mat,Nick,Edward,Sean,Ronnie,Steve,titiscan	1355	6
2014-08	Steve,Mat,Sean,Cameron,Jason,Ronnie,Nick	431	0
2014-09	Steve,Mat,Ronnie,Cameron	160	0
2014-10	Mat,Steve,grantshepert,Jason,titiscan,nsollecito,Cameron	450	0
2014-11	Mat,Steve,grantshepert,Nick,Ronnie	1650	7
2014-12	Mat,Ronnie,Steve,Eddie,grantshepert,Michael,gowestweb,Cameron,Raja	5975	0
2015-01	Mat,Steve,Michael,Ronnie,grantshepert,Jim,Guust,Cameron,Sean	1823	0
2015-02	Steve,Mat,Michael,Jason,Nick,Ronnie,James	131	1
2015-03	Mat,Steve,grantshepert,Jason,Jim,sihu,Nick,Matt	420	0
2015-04	Mat,Steve,Nick,Ronnie,Matt	138	2
2015-05	Mat,Michael,Guust,Eddie	148	0
2015-06	Mat,Steve,Nick,Ronnie,Michael	285	1
2015-07	Mat,Steve,Nick,Seth,John	1420	0
2015-08	Mat,Steve,Seb	386	0
2015-09	Mat,Nick,Ronnie,Steve,Miguel-F,Jonathan	567	0
2015-10	Mat,Nick,Steve,Ronnie,Jason	478	0
2015-11	Jon,Mat,Greg,Jonathan,Eddie,Nick,Raja,David	218	1
2015-12	Mat,Miguel-F,Jochem,reyjay,Steve,Nick,Eddie	672	1
2016-01	Mat,gowestweb,Nolan,Clinton,Jonathan,Guust,Steve	790	0
2016-02	Mat,gowestweb,grantshepert,Grant,Cameron,Matt,System,Nick	1652	0
2016-03	Mat,gowestweb,Sean,Seb,grantshepert,Steve	1753	6
2016-04	Mat,gowestweb,Steve,John,Raja,Seb,grantshepert	1611	0
2016-05	gowestweb,Mat,Sean,Clinton,Andrew,Matt,Steve	288	0
2016-06	Mat,gowestweb,Steve,Grant,Eddie,Raja	929	0
2016-07	Mat,CatherineMortali,gowestweb,Clinton,Steve,Andrew	947	0
2016-08	Mat,gowestweb,Evan,Eddie,Steve,Kyle	201	0
2016-09	gowestweb,Mat,Nolan	398	0
2016-10	Mat,gowestweb,Raja,Daniel,Steve	296	0
2016-11	Matt,gowestweb,Nick	314	0
2016-12	Matt,Nick,gowestweb,Nolan	252	0
2017-01	Matt,gowestweb,John,Nolan,Ronnie	716	6
2017-02	Matt,Tropicalista,Nolan,Steve,grantshepert,Raja,Andrew,gowestweb	310	0
2017-03	gowestweb,Matt,grantshepert,Nolan,Steve,Sumit,nick-cincinnati	394	0
2017-04	Matt,gowestweb,Steve,Nolan	289	0
2017-05	Matthew,gowestweb,Nick,Steve,Sumit,Daniel	24057	6
2017-06	gowestweb,Matthew,Eddie,Steve	493	0
2017-07	Matthew,Mylifefighter,grantshepert,Eddie,Nick,gowestweb	108	0
2017-08	Matt,Blueriver,gowestweb,Michael,Paul,grantshepert,Eddie,Matthew	535	0
2017-09	Blueriver,Matt,gowestweb,Grant,John,Raja	298	6
2017-10	Blueriver,Matt,Steve,Grant,gowestweb,Eddie	201	0
2017-11	Blueriver,Matt,Steve,Nick,Grant,gowestweb	232	0
2017-12	Matt,Blueriver,Steve,gowestweb,Grant,Michael	309	1
2018-01	Steve,Matt,Blueriver,Nick,Eddie,Raja,gowestweb	4447	3
2018-02	Matt,Blueriver,Nick,GoWestWeb,Raja,Eddie,Steve	220	0
2018-03	Blueriver,Matt,Steve,Eddie,gowestweb,Luke,CF,GoWestWeb	1809	0
2018-04	Blueriver,Matt,Steve,GoWestWeb,Eddie,John,gowestweb	838	0
2018-05	Matt,Blueriver,GoWestWeb,Eddie,CF,gowestweb,Raja	351	10
2018-06	GoWestWeb,Matt,Eddie,Blueriver,gowestweb	141	6
2018-07	Matt,Blueriver,Eddie	66	0
2018-08	Matt,Blueriver,gowestweb,JonnyHayes,Sean,Eddie	196	0
2018-09	Blueriver,Matt,Eddie	39	0
2018-10	Matt,Blueriver,Szabolcs	172	1
2018-11	Blueriver,Matt,gowestweb,John,Eddie,Szabolcs,GoWestWeb,Nurthin	117	0
2018-12	Blueriver,Matt,Eddie	180	0
2019-01	GoWestWeb,Blueriver,Matt,Eddie,knubew	350	0
2019-02	Matt,Blueriver,Eddie,GoWestWeb,Jonas	474	0
2019-03	Blueriver,Matt,Eddie	126	0
2019-04	Blueriver,Matt,GoWestWeb	62	0
2019-05	Blueriver,Matt,GoWestWeb,Todd	97	0
