<?xml version="1.0" encoding="UTF-8" standalone="yes"?>
<transitions>
    <transition oldVersion="1426614955.sql" newVersion="1426773023.sql"/>
    <transition oldVersion="1426773023.sql" newVersion="1427231952.sql"/>
    <transition oldVersion="1427231952.sql" newVersion="1429450306.sql"/>
    <transition oldVersion="1429450306.sql" newVersion="1429452484.sql"/>
    <transition oldVersion="1429452484.sql" newVersion="1429556843.sql"/>
    <transition oldVersion="1429556843.sql" newVersion="1429563205.sql"/>
    <transition oldVersion="1429563205.sql" newVersion="1429564731.sql"/>
    <transition oldVersion="1429564731.sql" newVersion="1429567259.sql"/>
    <transition oldVersion="1429567259.sql" newVersion="1429567918.sql"/>
    <transition oldVersion="1429567918.sql" newVersion="1429568627.sql"/>
    <transition oldVersion="1429568627.sql" newVersion="1429568772.sql"/>
    <transition oldVersion="1429568772.sql" newVersion="1429569086.sql"/>
    <transition oldVersion="1429569086.sql" newVersion="1429569411.sql"/>
    <transition oldVersion="1429569411.sql" newVersion="1433931000.sql"/>
    <transition oldVersion="1433931000.sql" newVersion="1433963590.sql"/>
    <transition oldVersion="1433963590.sql" newVersion="1435005659.sql"/>
    <transition oldVersion="1435005659.sql" newVersion="1440359654.sql">
        <insertion type="UpdateTable">
            <table>
                <name>parameters</name>
                <primaryKey>
                    <mode>0</mode>
                </primaryKey>
                <foreignKey/>
            </table>
            <attribute>
                <name>userID</name>
                <type>INT(11)</type>
                <isKey>false</isKey>
            </attribute>
        </insertion>
        <insertion type="NewTable">
            <table>
                <name>privileges</name>
                <primaryKey>
                    <mode>0</mode>
                </primaryKey>
                <foreignKey/>
            </table>
            <attribute>
                <name>privilege</name>
                <type>VARCHAR(255)</type>
                <isKey>false</isKey>
            </attribute>
            <attribute>
                <name>privilegeID</name>
                <type>INTEGER</type>
                <isKey>true</isKey>
            </attribute>
        </insertion>
        <insertion type="UpdateTable">
            <table>
                <name>projects</name>
                <primaryKey>
                    <mode>0</mode>
                </primaryKey>
                <foreignKey/>
            </table>
            <attribute>
                <name>userID</name>
                <type>INT(11)</type>
                <isKey>false</isKey>
            </attribute>
        </insertion>
        <insertion type="UpdateTable">
            <table>
                <name>questionlist</name>
                <primaryKey>
                    <mode>0</mode>
                </primaryKey>
                <foreignKey/>
            </table>
            <attribute>
                <name>userID</name>
                <type>INT(11)</type>
                <isKey>false</isKey>
            </attribute>
        </insertion>
        <insertion type="NewTable">
            <table>
                <name>users</name>
                <primaryKey>
                    <mode>0</mode>
                </primaryKey>
                <foreignKey/>
            </table>
            <attribute>
                <name>access</name>
                <type>VARCHAR(255)</type>
                <isKey>false</isKey>
            </attribute>
            <attribute>
                <name>password</name>
                <type>VARCHAR(255)</type>
                <isKey>false</isKey>
            </attribute>
            <attribute>
                <name>privilegeID</name>
                <type>INT(11)</type>
                <isKey>false</isKey>
            </attribute>
            <attribute>
                <name>userID</name>
                <type>INTEGER</type>
                <isKey>true</isKey>
            </attribute>
            <attribute>
                <name>userName</name>
                <type>VARCHAR(255)</type>
                <isKey>false</isKey>
            </attribute>
        </insertion>
    </transition>
    <transition oldVersion="1440359654.sql" newVersion="1443878705.sql">
        <insertion type="NewTable">
            <table>
                <name>counter</name>
                <primaryKey>
                    <mode>0</mode>
                </primaryKey>
                <foreignKey/>
            </table>
            <attribute>
                <name>block</name>
                <type>INT(11)</type>
                <isKey>false</isKey>
            </attribute>
            <attribute>
                <name>countEvil</name>
                <type>INT(11)</type>
                <isKey>false</isKey>
            </attribute>
            <attribute>
                <name>counterID</name>
                <type>INTEGER</type>
                <isKey>true</isKey>
            </attribute>
            <attribute>
                <name>userID</name>
                <type>INT(11)</type>
                <isKey>false</isKey>
            </attribute>
        </insertion>
        <insertion type="NewTable">
            <table>
                <name>groupMembers</name>
                <primaryKey>
                    <mode>0</mode>
                </primaryKey>
                <foreignKey/>
            </table>
            <attribute>
                <name>groupID</name>
                <type>INT(11)</type>
                <isKey>false</isKey>
            </attribute>
            <attribute>
                <name>memberID</name>
                <type>INTEGER</type>
                <isKey>true</isKey>
            </attribute>
            <attribute>
                <name>ownerID</name>
                <type>INT(11)</type>
                <isKey>false</isKey>
            </attribute>
            <attribute>
                <name>timestamp</name>
                <type>TIMESTAMP</type>
                <isKey>false</isKey>
            </attribute>
            <attribute>
                <name>userID</name>
                <type>INT(11)</type>
                <isKey>false</isKey>
            </attribute>
        </insertion>
        <insertion type="NewTable">
            <table>
                <name>groups</name>
                <primaryKey>
                    <mode>0</mode>
                </primaryKey>
                <foreignKey/>
            </table>
            <attribute>
                <name>groupID</name>
                <type>INTEGER</type>
                <isKey>true</isKey>
            </attribute>
            <attribute>
                <name>groupName</name>
                <type>VARCHAR(250)</type>
                <isKey>false</isKey>
            </attribute>
            <attribute>
                <name>ownerID</name>
                <type>INT(11)</type>
                <isKey>false</isKey>
            </attribute>
            <attribute>
                <name>timestamp</name>
                <type>TIMESTAMP</type>
                <isKey>false</isKey>
            </attribute>
        </insertion>
        <insertion type="UpdateTable">
            <table>
                <name>projects</name>
                <primaryKey>
                    <mode>0</mode>
                </primaryKey>
                <foreignKey/>
            </table>
            <attribute>
                <name>groupID</name>
                <type>INT(11)</type>
                <isKey>false</isKey>
            </attribute>
            <attribute>
                <name>ownerID</name>
                <type>INT(11)</type>
                <isKey>false</isKey>
            </attribute>
        </insertion>
        <insertion type="UpdateTable">
            <table>
                <name>users</name>
                <primaryKey>
                    <mode>0</mode>
                </primaryKey>
                <foreignKey/>
            </table>
            <attribute>
                <name>accessToken</name>
                <type>VARCHAR(255)</type>
                <isKey>false</isKey>
            </attribute>
            <attribute>
                <name>email</name>
                <type>VARCHAR(255)</type>
                <isKey>false</isKey>
            </attribute>
        </insertion>
    </transition>
    <transition oldVersion="1443878705.sql" newVersion="1447595492.sql"/>
    <transition oldVersion="1447595492.sql" newVersion="1449007429.sql">
        <insertion type="UpdateTable">
            <table>
                <name>users</name>
                <primaryKey>
                    <mode>0</mode>
                </primaryKey>
                <foreignKey/>
            </table>
            <attribute>
                <name>activated</name>
                <type>VARCHAR(255)</type>
                <isKey>false</isKey>
            </attribute>
        </insertion>
    </transition>
    <transition oldVersion="1449007429.sql" newVersion="1449456075.sql"/>
    <transition oldVersion="1449456075.sql" newVersion="1449955589.sql"/>
    <transition oldVersion="1449955589.sql" newVersion="1499723418.sql">
        <insertion type="NewTable">
            <table>
                <name>checklists</name>
                <primaryKey>
                    <mode>0</mode>
                </primaryKey>
                <foreignKey/>
            </table>
            <attribute>
                <name>checklistID</name>
                <type>VARCHAR(255)</type>
                <isKey>false</isKey>
            </attribute>
            <attribute>
                <name>content</name>
                <type>VARCHAR(255)</type>
                <isKey>false</isKey>
            </attribute>
            <attribute>
                <name>id</name>
                <type>INTEGER</type>
                <isKey>true</isKey>
            </attribute>
            <attribute>
                <name>kbID</name>
                <type>INT(11)</type>
                <isKey>false</isKey>
            </attribute>
            <attribute>
                <name>level</name>
                <type>INT(11)</type>
                <isKey>false</isKey>
            </attribute>
        </insertion>
        <insertion type="NewTable">
            <table>
                <name>checklists_kb</name>
                <primaryKey>
                    <mode>0</mode>
                </primaryKey>
                <foreignKey/>
            </table>
            <attribute>
                <name>checklistID</name>
                <type>VARCHAR(255)</type>
                <isKey>false</isKey>
            </attribute>
            <attribute>
                <name>codeID_asp</name>
                <type>INT(11)</type>
                <isKey>false</isKey>
            </attribute>
            <attribute>
                <name>codeID_java</name>
                <type>INT(11)</type>
                <isKey>false</isKey>
            </attribute>
            <attribute>
                <name>codeID_php</name>
                <type>INT(11)</type>
                <isKey>false</isKey>
            </attribute>
            <attribute>
                <name>codeID_python</name>
                <type>INT(11)</type>
                <isKey>false</isKey>
            </attribute>
            <attribute>
                <name>id</name>
                <type>INTEGER</type>
                <isKey>true</isKey>
            </attribute>
            <attribute>
                <name>include_always</name>
                <type>BOOLEAN</type>
                <isKey>false</isKey>
            </attribute>
            <attribute>
                <name>include_first</name>
                <type>BOOLEAN</type>
                <isKey>false</isKey>
            </attribute>
            <attribute>
                <name>kbID</name>
                <type>INT(11)</type>
                <isKey>false</isKey>
            </attribute>
            <attribute>
                <name>question_pre_ID</name>
                <type>INT(11)</type>
                <isKey>false</isKey>
            </attribute>
            <attribute>
                <name>question_sprint_ID</name>
                <type>INT(11)</type>
                <isKey>false</isKey>
            </attribute>
        </insertion>
        <insertion type="NewTable">
            <table>
                <name>checklists_post</name>
                <primaryKey>
                    <mode>0</mode>
                </primaryKey>
                <foreignKey/>
            </table>
            <attribute>
                <name>checklistID</name>
                <type>VARCHAR(255)</type>
                <isKey>false</isKey>
            </attribute>
            <attribute>
                <name>id</name>
                <type>INTEGER</type>
                <isKey>true</isKey>
            </attribute>
            <attribute>
                <name>kbID</name>
                <type>INT(11)</type>
                <isKey>false</isKey>
            </attribute>
            <attribute>
                <name>projectID</name>
                <type>INT(11)</type>
                <isKey>false</isKey>
            </attribute>
            <attribute>
                <name>sprintID</name>
                <type>INT(11)</type>
                <isKey>false</isKey>
            </attribute>
            <attribute>
                <name>status</name>
                <type>INT(11)</type>
                <isKey>false</isKey>
            </attribute>
        </insertion>
        <insertion type="NewTable">
            <table>
                <name>checklists_results</name>
                <primaryKey>
                    <mode>0</mode>
                </primaryKey>
                <foreignKey/>
            </table>
            <attribute>
                <name>checklistID</name>
                <type>VARCHAR(255)</type>
                <isKey>false</isKey>
            </attribute>
            <attribute>
                <name>id</name>
                <type>INTEGER</type>
                <isKey>true</isKey>
            </attribute>
            <attribute>
                <name>kbID</name>
                <type>INT(11)</type>
                <isKey>false</isKey>
            </attribute>
            <attribute>
                <name>preItem</name>
                <type>INT(11)</type>
                <isKey>false</isKey>
            </attribute>
            <attribute>
                <name>projectID</name>
                <type>INT(11)</type>
                <isKey>false</isKey>
            </attribute>
            <attribute>
                <name>sprintID</name>
                <type>INT(11)</type>
                <isKey>false</isKey>
            </attribute>
            <attribute>
                <name>status</name>
                <type>INT(11)</type>
                <isKey>false</isKey>
            </attribute>
        </insertion>
        <insertion type="NewTable">
            <table>
                <name>code_items</name>
                <primaryKey>
                    <mode>0</mode>
                </primaryKey>
                <foreignKey/>
            </table>
            <attribute>
                <name>codeID</name>
                <type>INTEGER</type>
                <isKey>true</isKey>
            </attribute>
            <attribute>
                <name>code_lang</name>
                <type>VARCHAR(250)</type>
                <isKey>false</isKey>
            </attribute>
            <attribute>
                <name>content</name>
                <type>VARCHAR(250)</type>
                <isKey>false</isKey>
            </attribute>
            <attribute>
                <name>title</name>
                <type>VARCHAR(250)</type>
                <isKey>false</isKey>
            </attribute>
        </insertion>
        <insertion type="NewTable">
            <table>
                <name>comments</name>
                <primaryKey>
                    <mode>0</mode>
                </primaryKey>
                <foreignKey/>
            </table>
            <attribute>
                <name>checklistID</name>
                <type>VARCHAR(255)</type>
                <isKey>false</isKey>
            </attribute>
            <attribute>
                <name>comment</name>
                <type>VARCHAR(255)</type>
                <isKey>false</isKey>
            </attribute>
            <attribute>
                <name>date</name>
                <type>VARCHAR(255)</type>
                <isKey>false</isKey>
            </attribute>
            <attribute>
                <name>id</name>
                <type>INTEGER</type>
                <isKey>true</isKey>
            </attribute>
            <attribute>
                <name>sprintID</name>
                <type>INT(11)</type>
                <isKey>false</isKey>
            </attribute>
            <attribute>
                <name>status</name>
                <type>INT(11)</type>
                <isKey>false</isKey>
            </attribute>
            <attribute>
                <name>userID</name>
                <type>INT(11)</type>
                <isKey>false</isKey>
            </attribute>
        </insertion>
        <deletion type="DeleteTable">
            <table>
                <name>counter</name>
                <primaryKey>
                    <mode>0</mode>
                </primaryKey>
                <foreignKey/>
            </table>
            <attribute>
                <name>block</name>
                <type>INT(11)</type>
                <isKey>false</isKey>
            </attribute>
            <attribute>
                <name>countEvil</name>
                <type>INT(11)</type>
                <isKey>false</isKey>
            </attribute>
            <attribute>
                <name>counterID</name>
                <type>INTEGER</type>
                <isKey>true</isKey>
            </attribute>
            <attribute>
                <name>userID</name>
                <type>INT(11)</type>
                <isKey>false</isKey>
            </attribute>
        </deletion>
        <deletion type="DeleteTable">
            <table>
                <name>groupMembers</name>
                <primaryKey>
                    <mode>0</mode>
                </primaryKey>
                <foreignKey/>
            </table>
            <attribute>
                <name>groupID</name>
                <type>INT(11)</type>
                <isKey>false</isKey>
            </attribute>
            <attribute>
                <name>memberID</name>
                <type>INTEGER</type>
                <isKey>true</isKey>
            </attribute>
            <attribute>
                <name>ownerID</name>
                <type>INT(11)</type>
                <isKey>false</isKey>
            </attribute>
            <attribute>
                <name>timestamp</name>
                <type>TIMESTAMP</type>
                <isKey>false</isKey>
            </attribute>
            <attribute>
                <name>userID</name>
                <type>INT(11)</type>
                <isKey>false</isKey>
            </attribute>
        </deletion>
        <insertion type="NewTable">
            <table>
                <name>groupmembers</name>
                <primaryKey>
                    <mode>0</mode>
                </primaryKey>
                <foreignKey/>
            </table>
            <attribute>
                <name>groupID</name>
                <type>INT(11)</type>
                <isKey>false</isKey>
            </attribute>
            <attribute>
                <name>memberID</name>
                <type>INTEGER</type>
                <isKey>true</isKey>
            </attribute>
            <attribute>
                <name>ownerID</name>
                <type>INT(11)</type>
                <isKey>false</isKey>
            </attribute>
            <attribute>
                <name>timestamp</name>
                <type>TIMESTAMP</type>
                <isKey>false</isKey>
            </attribute>
            <attribute>
                <name>userID</name>
                <type>INT(11)</type>
                <isKey>false</isKey>
            </attribute>
        </insertion>
        <insertion type="NewTable">
            <table>
                <name>kb_items</name>
                <primaryKey>
                    <mode>0</mode>
                </primaryKey>
                <foreignKey/>
            </table>
            <attribute>
                <name>content</name>
                <type>VARCHAR(250)</type>
                <isKey>false</isKey>
            </attribute>
            <attribute>
                <name>kbID</name>
                <type>INTEGER</type>
                <isKey>true</isKey>
            </attribute>
            <attribute>
                <name>title</name>
                <type>VARCHAR(250)</type>
                <isKey>false</isKey>
            </attribute>
        </insertion>
        <insertion type="NewTable">
            <table>
                <name>logs</name>
                <primaryKey>
                    <mode>0</mode>
                </primaryKey>
                <foreignKey/>
            </table>
            <attribute>
                <name>date</name>
                <type>VARCHAR(255)</type>
                <isKey>false</isKey>
            </attribute>
            <attribute>
                <name>id</name>
                <type>INTEGER</type>
                <isKey>true</isKey>
            </attribute>
            <attribute>
                <name>ip</name>
                <type>VARCHAR(255)</type>
                <isKey>false</isKey>
            </attribute>
            <attribute>
                <name>message</name>
                <type>VARCHAR(255)</type>
                <isKey>false</isKey>
            </attribute>
            <attribute>
                <name>status</name>
                <type>VARCHAR(255)</type>
                <isKey>false</isKey>
            </attribute>
            <attribute>
                <name>threat</name>
                <type>VARCHAR(255)</type>
                <isKey>false</isKey>
            </attribute>
            <attribute>
                <name>time</name>
                <type>VARCHAR(255)</type>
                <isKey>false</isKey>
            </attribute>
            <attribute>
                <name>userID</name>
                <type>VARCHAR(255)</type>
                <isKey>false</isKey>
            </attribute>
        </insertion>
        <deletion type="DeleteTable">
            <table>
                <name>parameters</name>
                <primaryKey>
                    <mode>0</mode>
                </primaryKey>
                <foreignKey/>
            </table>
            <attribute>
                <name>entryDate</name>
                <type>TIMESTAMP</type>
                <isKey>false</isKey>
            </attribute>
            <attribute>
                <name>functionDesc</name>
                <type>TEXTCHARACTER</type>
                <isKey>false</isKey>
            </attribute>
            <attribute>
                <name>functionName</name>
                <type>VARCHAR(250)</type>
                <isKey>false</isKey>
            </attribute>
            <attribute>
                <name>paramID</name>
                <type>INTEGER</type>
                <isKey>true</isKey>
            </attribute>
            <attribute>
                <name>projectID</name>
                <type>VARCHAR(11)</type>
                <isKey>false</isKey>
            </attribute>
            <attribute>
                <name>tech</name>
                <type>VARCHAR(250)</type>
                <isKey>false</isKey>
            </attribute>
            <attribute>
                <name>techVuln</name>
                <type>VARCHAR(11)</type>
                <isKey>false</isKey>
            </attribute>
            <attribute>
                <name>userID</name>
                <type>INT(11)</type>
                <isKey>false</isKey>
            </attribute>
        </deletion>
        <insertion type="NewTable">
            <table>
                <name>project_sprints</name>
                <primaryKey>
                    <mode>0</mode>
                </primaryKey>
                <foreignKey/>
            </table>
            <attribute>
                <name>groupID</name>
                <type>INT(11)</type>
                <isKey>false</isKey>
            </attribute>
            <attribute>
                <name>projectID</name>
                <type>INT(11)</type>
                <isKey>false</isKey>
            </attribute>
            <attribute>
                <name>sprintDesc</name>
                <type>VARCHAR(250)</type>
                <isKey>false</isKey>
            </attribute>
            <attribute>
                <name>sprintID</name>
                <type>INTEGER</type>
                <isKey>true</isKey>
            </attribute>
            <attribute>
                <name>sprintName</name>
                <type>VARCHAR(250)</type>
                <isKey>false</isKey>
            </attribute>
        </insertion>
        <insertion type="UpdateTable">
            <table>
                <name>projects</name>
                <primaryKey>
                    <mode>0</mode>
                </primaryKey>
                <foreignKey/>
            </table>
            <attribute>
                <name>level</name>
                <type>INT(11)</type>
                <isKey>false</isKey>
            </attribute>
        </insertion>
        <insertion type="NewTable">
            <table>
                <name>question_pre_results</name>
                <primaryKey>
                    <mode>0</mode>
                </primaryKey>
                <foreignKey/>
            </table>
            <attribute>
                <name>id</name>
                <type>INTEGER</type>
                <isKey>true</isKey>
            </attribute>
            <attribute>
                <name>projectID</name>
                <type>INT(11)</type>
                <isKey>false</isKey>
            </attribute>
            <attribute>
                <name>question_pre_ID</name>
                <type>INT(11)</type>
                <isKey>false</isKey>
            </attribute>
            <attribute>
                <name>result</name>
                <type>BOOLEAN</type>
                <isKey>false</isKey>
            </attribute>
        </insertion>
        <insertion type="NewTable">
            <table>
                <name>question_sprint_results</name>
                <primaryKey>
                    <mode>0</mode>
                </primaryKey>
                <foreignKey/>
            </table>
            <attribute>
                <name>id</name>
                <type>INTEGER</type>
                <isKey>true</isKey>
            </attribute>
            <attribute>
                <name>projectID</name>
                <type>INT(11)</type>
                <isKey>false</isKey>
            </attribute>
            <attribute>
                <name>question_sprint_ID</name>
                <type>INT(11)</type>
                <isKey>false</isKey>
            </attribute>
            <attribute>
                <name>result</name>
                <type>BOOLEAN</type>
                <isKey>false</isKey>
            </attribute>
            <attribute>
                <name>sprintID</name>
                <type>INT(11)</type>
                <isKey>false</isKey>
            </attribute>
        </insertion>
        <deletion type="DeleteTable">
            <table>
                <name>questionlist</name>
                <primaryKey>
                    <mode>0</mode>
                </primaryKey>
                <foreignKey/>
            </table>
            <attribute>
                <name>answer</name>
                <type>VARCHAR(255)</type>
                <isKey>false</isKey>
            </attribute>
            <attribute>
                <name>entryDate</name>
                <type>TIMESTAMP</type>
                <isKey>false</isKey>
            </attribute>
            <attribute>
                <name>listID</name>
                <type>INTEGER</type>
                <isKey>true</isKey>
            </attribute>
            <attribute>
                <name>listName</name>
                <type>VARCHAR(255)</type>
                <isKey>false</isKey>
            </attribute>
            <attribute>
                <name>projectID</name>
                <type>VARCHAR(255)</type>
                <isKey>false</isKey>
            </attribute>
            <attribute>
                <name>projectName</name>
                <type>VARCHAR(255)</type>
                <isKey>false</isKey>
            </attribute>
            <attribute>
                <name>questionID</name>
                <type>VARCHAR(255)</type>
                <isKey>false</isKey>
            </attribute>
            <attribute>
                <name>userID</name>
                <type>INT(11)</type>
                <isKey>false</isKey>
            </attribute>
            <attribute>
                <name>vulnID</name>
                <type>VARCHAR(255)</type>
                <isKey>false</isKey>
            </attribute>
        </deletion>
        <insertion type="NewTable">
            <table>
                <name>questions_pre</name>
                <primaryKey>
                    <mode>0</mode>
                </primaryKey>
                <foreignKey/>
            </table>
            <attribute>
                <name>id</name>
                <type>INTEGER</type>
                <isKey>true</isKey>
            </attribute>
            <attribute>
                <name>question</name>
                <type>VARCHAR(255)</type>
                <isKey>false</isKey>
            </attribute>
        </insertion>
        <insertion type="NewTable">
            <table>
                <name>questions_sprint</name>
                <primaryKey>
                    <mode>0</mode>
                </primaryKey>
                <foreignKey/>
            </table>
            <attribute>
                <name>id</name>
                <type>INTEGER</type>
                <isKey>true</isKey>
            </attribute>
            <attribute>
                <name>question</name>
                <type>VARCHAR(255)</type>
                <isKey>false</isKey>
            </attribute>
        </insertion>
        <deletion type="DeleteTable">
            <table>
                <name>techhacks</name>
                <primaryKey>
                    <mode>0</mode>
                </primaryKey>
                <foreignKey/>
            </table>
            <attribute>
                <name>techID</name>
                <type>INT(11)</type>
                <isKey>false</isKey>
            </attribute>
            <attribute>
                <name>techName</name>
                <type>VARCHAR(255)</type>
                <isKey>false</isKey>
            </attribute>
            <attribute>
                <name>vulnID</name>
                <type>INT(11)</type>
                <isKey>false</isKey>
            </attribute>
        </deletion>
        <update type="TypeChange">
            <table>
                <name>users</name>
                <primaryKey>
                    <mode>0</mode>
                </primaryKey>
                <foreignKey/>
            </table>
            <attribute>
                <name>accessToken</name>
                <type>INT(11)</type>
                <isKey>false</isKey>
            </attribute>
        </update>
    </transition>
    <transition oldVersion="1499723418.sql" newVersion="1519849553.sql"/>
    <transition oldVersion="1519849553.sql" newVersion="1533498328.sql">
        <insertion type="NewTable">
            <table>
                <name>chatbot_log</name>
                <primaryKey>
                    <mode>0</mode>
                </primaryKey>
                <foreignKey/>
            </table>
            <attribute>
                <name>id</name>
                <type>INTEGER</type>
                <isKey>true</isKey>
            </attribute>
            <attribute>
                <name>question</name>
                <type>VARCHAR(255)</type>
                <isKey>false</isKey>
            </attribute>
        </insertion>
    </transition>
    <transition oldVersion="1533498328.sql" newVersion="1534505404.sql">
        <insertion type="UpdateTable">
            <table>
                <name>checklists</name>
                <primaryKey>
                    <mode>0</mode>
                </primaryKey>
                <foreignKey/>
            </table>
            <attribute>
                <name>checklist_type</name>
                <type>INT(11)</type>
                <isKey>false</isKey>
            </attribute>
        </insertion>
        <insertion type="UpdateTable">
            <table>
                <name>checklists_kb</name>
                <primaryKey>
                    <mode>0</mode>
                </primaryKey>
                <foreignKey/>
            </table>
            <attribute>
                <name>checklist_type</name>
                <type>INT(11)</type>
                <isKey>false</isKey>
            </attribute>
        </insertion>
        <insertion type="UpdateTable">
            <table>
                <name>questions_pre</name>
                <primaryKey>
                    <mode>0</mode>
                </primaryKey>
                <foreignKey/>
            </table>
            <attribute>
                <name>checklist_type</name>
                <type>INT(11)</type>
                <isKey>false</isKey>
            </attribute>
        </insertion>
        <insertion type="UpdateTable">
            <table>
                <name>questions_sprint</name>
                <primaryKey>
                    <mode>0</mode>
                </primaryKey>
                <foreignKey/>
            </table>
            <attribute>
                <name>checklist_type</name>
                <type>INT(11)</type>
                <isKey>false</isKey>
            </attribute>
        </insertion>
    </transition>
    <transition oldVersion="1534505404.sql" newVersion="1534675592.sql">
        <insertion type="UpdateTable">
            <table>
                <name>questions_pre</name>
                <primaryKey>
                    <mode>0</mode>
                </primaryKey>
                <foreignKey/>
            </table>
            <attribute>
                <name>checklist_level</name>
                <type>INT(11)</type>
                <isKey>false</isKey>
            </attribute>
        </insertion>
        <insertion type="UpdateTable">
            <table>
                <name>questions_sprint</name>
                <primaryKey>
                    <mode>0</mode>
                </primaryKey>
                <foreignKey/>
            </table>
            <attribute>
                <name>checklist_level</name>
                <type>INT(11)</type>
                <isKey>false</isKey>
            </attribute>
        </insertion>
    </transition>
    <transition oldVersion="1534675592.sql" newVersion="1535541503.sql"/>
    <transition oldVersion="1535541503.sql" newVersion="1535760050.sql">
        <deletion type="UpdateTable">
            <table>
                <name>checklists</name>
                <primaryKey>
                    <mode>0</mode>
                </primaryKey>
                <foreignKey/>
            </table>
            <attribute>
                <name>checklist_type</name>
                <type>INT(11)</type>
                <isKey>false</isKey>
            </attribute>
        </deletion>
        <deletion type="UpdateTable">
            <table>
                <name>checklists_kb</name>
                <primaryKey>
                    <mode>0</mode>
                </primaryKey>
                <foreignKey/>
            </table>
            <attribute>
                <name>checklist_type</name>
                <type>INT(11)</type>
                <isKey>false</isKey>
            </attribute>
        </deletion>
        <deletion type="UpdateTable">
            <table>
                <name>questions_pre</name>
                <primaryKey>
                    <mode>0</mode>
                </primaryKey>
                <foreignKey/>
            </table>
            <attribute>
                <name>checklist_level</name>
                <type>INT(11)</type>
                <isKey>false</isKey>
            </attribute>
            <attribute>
                <name>checklist_type</name>
                <type>INT(11)</type>
                <isKey>false</isKey>
            </attribute>
        </deletion>
        <deletion type="UpdateTable">
            <table>
                <name>questions_sprint</name>
                <primaryKey>
                    <mode>0</mode>
                </primaryKey>
                <foreignKey/>
            </table>
            <attribute>
                <name>checklist_level</name>
                <type>INT(11)</type>
                <isKey>false</isKey>
            </attribute>
            <attribute>
                <name>checklist_type</name>
                <type>INT(11)</type>
                <isKey>false</isKey>
            </attribute>
        </deletion>
    </transition>
    <transition oldVersion="1535760050.sql" newVersion="1535833454.sql">
        <insertion type="UpdateTable">
            <table>
                <name>checklists</name>
                <primaryKey>
                    <mode>0</mode>
                </primaryKey>
                <foreignKey/>
            </table>
            <attribute>
                <name>checklist_type</name>
                <type>INT(11)</type>
                <isKey>false</isKey>
            </attribute>
        </insertion>
        <insertion type="UpdateTable">
            <table>
                <name>checklists_kb</name>
                <primaryKey>
                    <mode>0</mode>
                </primaryKey>
                <foreignKey/>
            </table>
            <attribute>
                <name>checklist_type</name>
                <type>INT(11)</type>
                <isKey>false</isKey>
            </attribute>
        </insertion>
        <insertion type="UpdateTable">
            <table>
                <name>questions_pre</name>
                <primaryKey>
                    <mode>0</mode>
                </primaryKey>
                <foreignKey/>
            </table>
            <attribute>
                <name>checklist_level</name>
                <type>INT(11)</type>
                <isKey>false</isKey>
            </attribute>
            <attribute>
                <name>checklist_type</name>
                <type>INT(11)</type>
                <isKey>false</isKey>
            </attribute>
        </insertion>
        <insertion type="UpdateTable">
            <table>
                <name>questions_sprint</name>
                <primaryKey>
                    <mode>0</mode>
                </primaryKey>
                <foreignKey/>
            </table>
            <attribute>
                <name>checklist_level</name>
                <type>INT(11)</type>
                <isKey>false</isKey>
            </attribute>
            <attribute>
                <name>checklist_type</name>
                <type>INT(11)</type>
                <isKey>false</isKey>
            </attribute>
        </insertion>
    </transition>
    <transition oldVersion="1535833454.sql" newVersion="1538421380.sql">
        <insertion type="NewTable">
            <table>
                <name>checklist_types</name>
                <primaryKey>
                    <mode>0</mode>
                </primaryKey>
                <foreignKey/>
            </table>
            <attribute>
                <name>checklist_name</name>
                <type>VARCHAR(255)</type>
                <isKey>false</isKey>
            </attribute>
            <attribute>
                <name>checklist_type</name>
                <type>INTEGER</type>
                <isKey>true</isKey>
            </attribute>
        </insertion>
    </transition>
    <transition oldVersion="1538421380.sql" newVersion="1538576528.sql">
        <deletion type="DeleteTable">
            <table>
                <name>checklists</name>
                <primaryKey>
                    <mode>0</mode>
                </primaryKey>
                <foreignKey/>
            </table>
            <attribute>
                <name>checklistID</name>
                <type>VARCHAR(255)</type>
                <isKey>false</isKey>
            </attribute>
            <attribute>
                <name>checklist_type</name>
                <type>INT(11)</type>
                <isKey>false</isKey>
            </attribute>
            <attribute>
                <name>content</name>
                <type>VARCHAR(255)</type>
                <isKey>false</isKey>
            </attribute>
            <attribute>
                <name>id</name>
                <type>INTEGER</type>
                <isKey>true</isKey>
            </attribute>
            <attribute>
                <name>kbID</name>
                <type>INT(11)</type>
                <isKey>false</isKey>
            </attribute>
            <attribute>
                <name>level</name>
                <type>INT(11)</type>
                <isKey>false</isKey>
            </attribute>
        </deletion>
        <insertion type="UpdateTable">
            <table>
                <name>checklists_kb</name>
                <primaryKey>
                    <mode>0</mode>
                </primaryKey>
                <foreignKey/>
            </table>
            <attribute>
                <name>content</name>
                <type>VARCHAR(255)</type>
                <isKey>false</isKey>
            </attribute>
        </insertion>
    </transition>
    <transition oldVersion="1538576528.sql" newVersion="1538663378.sql">
        <insertion type="UpdateTable">
            <table>
                <name>checklist_types</name>
                <primaryKey>
                    <mode>0</mode>
                </primaryKey>
                <foreignKey/>
            </table>
            <attribute>
                <name>checklist_description</name>
                <type>VARCHAR(255)</type>
                <isKey>false</isKey>
            </attribute>
        </insertion>
    </transition>
    <transition oldVersion="1538663378.sql" newVersion="1538682075.sql"/>
    <transition oldVersion="1538682075.sql" newVersion="1538686422.sql">
        <insertion type="UpdateTable">
            <table>
                <name>projects</name>
                <primaryKey>
                    <mode>0</mode>
                </primaryKey>
                <foreignKey/>
            </table>
            <attribute>
                <name>checklist_type</name>
                <type>INT(11)</type>
                <isKey>false</isKey>
            </attribute>
        </insertion>
        <deletion type="UpdateTable">
            <table>
                <name>projects</name>
                <primaryKey>
                    <mode>0</mode>
                </primaryKey>
                <foreignKey/>
            </table>
            <attribute>
                <name>level</name>
                <type>INT(11)</type>
                <isKey>false</isKey>
            </attribute>
        </deletion>
    </transition>
    <transition oldVersion="1538686422.sql" newVersion="1539026167.sql">
        <deletion type="UpdateTable">
            <table>
                <name>questions_pre</name>
                <primaryKey>
                    <mode>0</mode>
                </primaryKey>
                <foreignKey/>
            </table>
            <attribute>
                <name>checklist_level</name>
                <type>INT(11)</type>
                <isKey>false</isKey>
            </attribute>
        </deletion>
    </transition>
    <transition oldVersion="1539026167.sql" newVersion="1539026198.sql">
        <deletion type="UpdateTable">
            <table>
                <name>questions_sprint</name>
                <primaryKey>
                    <mode>0</mode>
                </primaryKey>
                <foreignKey/>
            </table>
            <attribute>
                <name>checklist_level</name>
                <type>INT(11)</type>
                <isKey>false</isKey>
            </attribute>
        </deletion>
    </transition>
    <transition oldVersion="1539026198.sql" newVersion="1540218342.sql">
        <update type="TypeChange">
            <table>
                <name>checklists_kb</name>
                <primaryKey>
                    <mode>0</mode>
                </primaryKey>
                <foreignKey/>
            </table>
            <attribute>
                <name>include_always</name>
                <type>VARCHAR(5)</type>
                <isKey>false</isKey>
            </attribute>
            <attribute>
                <name>include_first</name>
                <type>VARCHAR(5)</type>
                <isKey>false</isKey>
            </attribute>
        </update>
    </transition>
    <transition oldVersion="1540218342.sql" newVersion="1542737387.sql">
        <deletion type="DeleteTable">
            <table>
                <name>code_items</name>
                <primaryKey>
                    <mode>0</mode>
                </primaryKey>
                <foreignKey/>
            </table>
            <attribute>
                <name>codeID</name>
                <type>INTEGER</type>
                <isKey>true</isKey>
            </attribute>
            <attribute>
                <name>code_lang</name>
                <type>VARCHAR(250)</type>
                <isKey>false</isKey>
            </attribute>
            <attribute>
                <name>content</name>
                <type>VARCHAR(250)</type>
                <isKey>false</isKey>
            </attribute>
            <attribute>
                <name>title</name>
                <type>VARCHAR(250)</type>
                <isKey>false</isKey>
            </attribute>
        </deletion>
        <deletion type="DeleteTable">
            <table>
                <name>kb_items</name>
                <primaryKey>
                    <mode>0</mode>
                </primaryKey>
                <foreignKey/>
            </table>
            <attribute>
                <name>content</name>
                <type>VARCHAR(250)</type>
                <isKey>false</isKey>
            </attribute>
            <attribute>
                <name>kbID</name>
                <type>INTEGER</type>
                <isKey>true</isKey>
            </attribute>
            <attribute>
                <name>title</name>
                <type>VARCHAR(250)</type>
                <isKey>false</isKey>
            </attribute>
        </deletion>
    </transition>
    <transition oldVersion="1542737387.sql" newVersion="1542812499.sql">
        <deletion type="UpdateTable">
            <table>
                <name>checklists_kb</name>
                <primaryKey>
                    <mode>0</mode>
                </primaryKey>
                <foreignKey/>
            </table>
            <attribute>
                <name>codeID_asp</name>
                <type>INT(11)</type>
                <isKey>false</isKey>
            </attribute>
            <attribute>
                <name>codeID_java</name>
                <type>INT(11)</type>
                <isKey>false</isKey>
            </attribute>
            <attribute>
                <name>codeID_php</name>
                <type>INT(11)</type>
                <isKey>false</isKey>
            </attribute>
            <attribute>
                <name>codeID_python</name>
                <type>INT(11)</type>
                <isKey>false</isKey>
            </attribute>
        </deletion>
    </transition>
    <transition oldVersion="1542812499.sql" newVersion="1545057083.sql">
        <insertion type="NewTable">
            <table>
                <name>code_items</name>
                <primaryKey>
                    <mode>0</mode>
                </primaryKey>
                <foreignKey/>
            </table>
            <attribute>
                <name>codeID</name>
                <type>INTEGER</type>
                <isKey>true</isKey>
            </attribute>
            <attribute>
                <name>code_lang</name>
                <type>VARCHAR(250)</type>
                <isKey>false</isKey>
            </attribute>
            <attribute>
                <name>content</name>
                <type>VARCHAR(250)</type>
                <isKey>false</isKey>
            </attribute>
            <attribute>
                <name>title</name>
                <type>VARCHAR(250)</type>
                <isKey>false</isKey>
            </attribute>
        </insertion>
        <insertion type="NewTable">
            <table>
                <name>kb_items</name>
                <primaryKey>
                    <mode>0</mode>
                </primaryKey>
                <foreignKey/>
            </table>
            <attribute>
                <name>content</name>
                <type>VARCHAR(250)</type>
                <isKey>false</isKey>
            </attribute>
            <attribute>
                <name>kbID</name>
                <type>INTEGER</type>
                <isKey>true</isKey>
            </attribute>
            <attribute>
                <name>title</name>
                <type>VARCHAR(250)</type>
                <isKey>false</isKey>
            </attribute>
        </insertion>
    </transition>
    <transition oldVersion="1545057083.sql" newVersion="1545993531.sql"/>
    <transition oldVersion="1545993531.sql" newVersion="1546425249.sql">
        <deletion type="DeleteTable">
            <table>
                <name>checklists_post</name>
                <primaryKey>
                    <mode>0</mode>
                </primaryKey>
                <foreignKey/>
            </table>
            <attribute>
                <name>checklistID</name>
                <type>VARCHAR(255)</type>
                <isKey>false</isKey>
            </attribute>
            <attribute>
                <name>id</name>
                <type>INTEGER</type>
                <isKey>true</isKey>
            </attribute>
            <attribute>
                <name>kbID</name>
                <type>INT(11)</type>
                <isKey>false</isKey>
            </attribute>
            <attribute>
                <name>projectID</name>
                <type>INT(11)</type>
                <isKey>false</isKey>
            </attribute>
            <attribute>
                <name>sprintID</name>
                <type>INT(11)</type>
                <isKey>false</isKey>
            </attribute>
            <attribute>
                <name>status</name>
                <type>INT(11)</type>
                <isKey>false</isKey>
            </attribute>
        </deletion>
    </transition>
    <transition oldVersion="1546425249.sql" newVersion="1549369075.sql">
        <deletion type="DeleteTable">
            <table>
                <name>checklist_types</name>
                <primaryKey>
                    <mode>0</mode>
                </primaryKey>
                <foreignKey/>
            </table>
            <attribute>
                <name>checklist_description</name>
                <type>VARCHAR(255)</type>
                <isKey>false</isKey>
            </attribute>
            <attribute>
                <name>checklist_name</name>
                <type>VARCHAR(255)</type>
                <isKey>false</isKey>
            </attribute>
            <attribute>
                <name>checklist_type</name>
                <type>INTEGER</type>
                <isKey>true</isKey>
            </attribute>
        </deletion>
        <insertion type="NewTable">
            <table>
                <name>checklists</name>
                <primaryKey>
                    <mode>0</mode>
                </primaryKey>
                <foreignKey/>
            </table>
            <attribute>
                <name>checklistID</name>
                <type>VARCHAR(255)</type>
                <isKey>false</isKey>
            </attribute>
            <attribute>
                <name>checklist_type</name>
                <type>INT(11)</type>
                <isKey>false</isKey>
            </attribute>
            <attribute>
                <name>content</name>
                <type>VARCHAR(255)</type>
                <isKey>false</isKey>
            </attribute>
            <attribute>
                <name>id</name>
                <type>INTEGER</type>
                <isKey>true</isKey>
            </attribute>
            <attribute>
                <name>kbID</name>
                <type>INT(11)</type>
                <isKey>false</isKey>
            </attribute>
            <attribute>
                <name>level</name>
                <type>INT(11)</type>
                <isKey>false</isKey>
            </attribute>
        </insertion>
        <insertion type="UpdateTable">
            <table>
                <name>checklists_kb</name>
                <primaryKey>
                    <mode>0</mode>
                </primaryKey>
                <foreignKey/>
            </table>
            <attribute>
                <name>codeID_asp</name>
                <type>INT(11)</type>
                <isKey>false</isKey>
            </attribute>
            <attribute>
                <name>codeID_java</name>
                <type>INT(11)</type>
                <isKey>false</isKey>
            </attribute>
            <attribute>
                <name>codeID_php</name>
                <type>INT(11)</type>
                <isKey>false</isKey>
            </attribute>
            <attribute>
                <name>codeID_python</name>
                <type>INT(11)</type>
                <isKey>false</isKey>
            </attribute>
        </insertion>
        <deletion type="UpdateTable">
            <table>
                <name>checklists_kb</name>
                <primaryKey>
                    <mode>0</mode>
                </primaryKey>
                <foreignKey/>
            </table>
            <attribute>
                <name>content</name>
                <type>VARCHAR(255)</type>
                <isKey>false</isKey>
            </attribute>
        </deletion>
        <update type="TypeChange">
            <table>
                <name>checklists_kb</name>
                <primaryKey>
                    <mode>0</mode>
                </primaryKey>
                <foreignKey/>
            </table>
            <attribute>
                <name>include_always</name>
                <type>BOOLEAN</type>
                <isKey>false</isKey>
            </attribute>
            <attribute>
                <name>include_first</name>
                <type>BOOLEAN</type>
                <isKey>false</isKey>
            </attribute>
        </update>
        <insertion type="NewTable">
            <table>
                <name>checklists_post</name>
                <primaryKey>
                    <mode>0</mode>
                </primaryKey>
                <foreignKey/>
            </table>
            <attribute>
                <name>checklistID</name>
                <type>VARCHAR(255)</type>
                <isKey>false</isKey>
            </attribute>
            <attribute>
                <name>id</name>
                <type>INTEGER</type>
                <isKey>true</isKey>
            </attribute>
            <attribute>
                <name>kbID</name>
                <type>INT(11)</type>
                <isKey>false</isKey>
            </attribute>
            <attribute>
                <name>projectID</name>
                <type>INT(11)</type>
                <isKey>false</isKey>
            </attribute>
            <attribute>
                <name>sprintID</name>
                <type>INT(11)</type>
                <isKey>false</isKey>
            </attribute>
            <attribute>
                <name>status</name>
                <type>INT(11)</type>
                <isKey>false</isKey>
            </attribute>
        </insertion>
        <deletion type="UpdateTable">
            <table>
                <name>projects</name>
                <primaryKey>
                    <mode>0</mode>
                </primaryKey>
                <foreignKey/>
            </table>
            <attribute>
                <name>checklist_type</name>
                <type>INT(11)</type>
                <isKey>false</isKey>
            </attribute>
        </deletion>
        <insertion type="UpdateTable">
            <table>
                <name>projects</name>
                <primaryKey>
                    <mode>0</mode>
                </primaryKey>
                <foreignKey/>
            </table>
            <attribute>
                <name>level</name>
                <type>INT(11)</type>
                <isKey>false</isKey>
            </attribute>
        </insertion>
    </transition>
</transitions>
